{
 "T_vmark_to_body": [],
 "T_vmark_to_anchor": [],
 "T_vmark_to_tag": [],
 "T_world_to_anchor": [
  [
   1.0,
   0.0,
   0.0,
   1.27605127
  ],
  [
   0.0,
   1.0,
   0.0,
   2.2246657709999997
  ],
  [
   0.0,
   0.0,
   1.0,
   1.309490112
  ],
  [
   0.0,
   0.0,
   0.0,
   1.0
  ]
 ],
 "T_body_to_imu": [
  [
   1,
   0,
   0,
   0
  ],
  [
   0,
   0,
   1,
   0
  ],
  [
   0,
   -1,
   0,
   0
  ],
  [
   0,
   0,
   0,
   1
  ]
 ],
 "T_body_to_decawave": [
  [
   1.0,
   0.0,
   0.0,
   -0.12
  ],
  [
   0.0,
   1.0,
   0.0,
   0.015
  ],
  [
   0.0,
   0.0,
   1.0,
   -0.1
  ],
  [
   0.0,
   0.0,
   0.0,
   1.0
  ]
 ]
}