{
 "T_tag_april": [
  [
   0.8916886012457284,
   0.06648689962917631,
   0.4477398023251187,
   1.1555586122039943
  ],
  [
   -0.0343713432578415,
   0.9962433171013397,
   -0.07948499162464667,
   0.008956054116248762
  ],
  [
   -0.45134249652684844,
   0.05548644256589486,
   0.8906240539758027,
   1.5109173111916698
  ],
  [
   0.0,
   0.0,
   0.0,
   1.0
  ]
 ],
 "T_april_cam1": [
  [
   0,
   0,
   1,
   0
  ],
  [
   -1,
   0,
   0,
   0
  ],
  [
   0,
   -1,
   0,
   0
  ],
  [
   0,
   0,
   0,
   1
  ]
 ],
 "T_cam1_imu": [
  [
   0.9999890494210157,
   0.0020742962439658824,
   -0.004195036727409601,
   0.005531106719687354
  ],
  [
   -0.0020974012604044003,
   0.9999826157125995,
   -0.00551082394377236,
   -0.005254894478980169
  ],
  [
   0.004183532718277754,
   0.00551956227237901,
   0.9999760159555404,
   -0.017419032258300406
  ],
  [
   0.0,
   0.0,
   0.0,
   1.0
  ]
 ],
 "T_apriltag_world": [
  [
   0.0,
   -1.0,
   0.0,
   -4.93
  ],
  [
   1.0,
   0.0,
   0.0,
   5.0
  ],
  [
   0.0,
   0.0,
   1.0,
   1.745
  ],
  [
   0.0,
   0.0,
   0.0,
   1.0
  ]
 ],
 "T_slam_world": [
  [
   -0.9965429132209176,
   0.06181667309557388,
   -0.05550604504523698,
   -4.61606268546115
  ],
  [
   0.07722739129447194,
   0.4429482014517424,
   -0.89321487944644,
   2.877285880622924
  ],
  [
   -0.03062926938435586,
   -0.8944135451557422,
   -0.446190831482359,
   -5.682910772800108
  ],
  [
   0.0,
   0.0,
   0.0,
   1.0
  ]
 ]
}