{
 "H_world_to_sorigin": [
  [
   0.9989617257841745,
   -0.010495893279881234,
   0.04433177914951042,
   -6.628780985932437
  ],
  [
   0.044490126703508506,
   0.015367033168348044,
   -0.9988916272136377,
   9.633123994685459
  ],
  [
   0.009803011996798889,
   0.999826830264052,
   0.01581804159592394,
   -10.019803534917568
  ],
  [
   0.0,
   0.0,
   0.0,
   1.0
  ]
 ],
 "H_world_to_tag": [
  [
   1.0,
   0.0,
   0.0,
   -3.365
  ],
  [
   0.0,
   0.0,
   -1.0,
   1.315
  ],
  [
   0.0,
   1.0,
   0.0,
   -10.01
  ],
  [
   0.0,
   0.0,
   0.0,
   1.0
  ]
 ],
 "origin": [
  [
   1.0,
   0.0,
   0.0,
   0.0
  ],
  [
   0.0,
   1.0,
   0.0,
   0.0
  ],
  [
   0.0,
   0.0,
   1.0,
   0.0
  ],
  [
   0.0,
   0.0,
   0.0,
   1.0
  ]
 ],
 "origin_to_aprilframe": [
  [
   0.9713473183890351,
   -0.026099314485686587,
   0.23622703664442857,
   0.0
  ],
  [
   0.10459371824605512,
   0.9394669369734692,
   -0.32628519494018077,
   0.0
  ],
  [
   -0.21341167063189354,
   0.341644113248076,
   0.9152785142900712,
   0.0
  ],
  [
   0.0,
   0.0,
   0.0,
   1.0
  ]
 ]
}