1756240790165232384.000000 0.005016784 -0.017314104 0.005818750 -0.721608579 0.029580433 -0.002589046 0.691664219
1756240790431899392.000000 0.006669141 0.020153312 0.005019125 -0.729015946 0.031357557 -0.004965942 0.683760047
1756240790965221888.000000 0.006846464 0.077377692 0.005600835 -0.723431826 0.027287630 -0.001382048 0.689854980
1756240791231883008.000000 0.007437760 0.107904315 0.006058983 -0.722896218 0.027453220 -0.000324895 0.690410972
1756240791498552320.000000 0.007532133 0.140301287 0.006052604 -0.724194646 0.026572270 -0.001104528 0.689082623
1756240791765216256.000000 0.007638427 0.169999525 0.005999526 -0.724013090 0.026123565 -0.001725631 0.689289272
1756240792331868672.000000 0.007753367 0.233607724 0.006940017 -0.721980095 0.024431776 0.001638528 0.691480517
1756240792598524416.000000 0.007506259 0.260099649 0.007668511 -0.719005048 0.023972981 0.001445856 0.694589794
1756240792798513664.000000 0.007500831 0.283597291 0.007550946 -0.719043374 0.023431074 0.000792702 0.694569647
1756240792965168384.000000 0.007252357 0.301570237 0.007470622 -0.720556319 0.021174094 0.002775901 0.693067551
1756240793231964160.000000 0.005936871 0.331216931 0.008158036 -0.718770385 0.019718345 0.002545408 0.694963217
1756240793398900480.000000 0.006251680 0.348724186 0.008643880 -0.715818584 0.019576663 0.005045628 0.697993636
1756240793532454912.000000 0.005956361 0.366450578 0.008180814 -0.718531430 0.019328013 0.004239921 0.695213020
1756240793899751680.000000 0.005762544 0.410223275 0.008456128 -0.721703291 0.017630709 0.006468933 0.691947818
1756240794333495040.000000 0.005227637 0.459623605 0.009685952 -0.720285952 0.018276770 0.006446517 0.693406463
1756240794633438464.000000 0.004856241 0.495088816 0.009293137 -0.722124696 0.017710861 0.006123314 0.691509068
1756240794933371392.000000 0.004177011 0.529564619 0.008916805 -0.721530616 0.014912828 0.008215469 0.692173243
1756240795199974400.000000 0.004216950 0.559238374 0.009160795 -0.721002817 0.014308802 0.009443033 0.692720056
1756240795399933440.000000 0.003963633 0.582360983 0.009213405 -0.721397936 0.013657741 0.010485475 0.692306697
1756240796233065984.000000 0.008172164 0.679399967 0.010608315 -0.720864415 0.026331723 0.000909292 0.692575157
1756240796633004544.000000 0.009663571 0.727076530 0.010340205 -0.723191381 0.024442948 0.003344986 0.690206945
1756240797066253312.000000 0.010205533 0.774713933 0.010993889 -0.721476376 0.024336256 0.002449534 0.692007005
1756240797466183424.000000 0.018582262 0.821540296 0.011112258 -0.720684528 0.047634359 -0.021335874 0.691295564
1756240797866102528.000000 0.021126691 0.863865435 0.011407421 -0.719213963 0.045861952 -0.020576017 0.692967951
1756240798199363328.000000 0.024146020 0.902847469 0.011188720 -0.719051480 0.045838892 -0.020232268 0.693148255
1756240798532644352.000000 0.026814280 0.939976573 0.011589209 -0.717937708 0.044772364 -0.019249937 0.694399357
1756240799099196672.000000 0.031138478 1.002874970 0.012637000 -0.716421843 0.042761490 -0.016604504 0.696157694
1756240799532471808.000000 0.034580417 1.053985715 0.012695546 -0.718692541 0.043300714 -0.017113604 0.693767428
1756240799832424448.000000 0.036491085 1.089383483 0.012426023 -0.719353199 0.041938677 -0.015433013 0.693205535
1756240800165697280.000000 0.038988173 1.126829863 0.013532802 -0.716722190 0.043485288 -0.018496044 0.695755959
1756240800399004416.000000 0.042189337 1.156590104 0.012706779 -0.719213724 0.043895688 -0.016190382 0.693211913
1756240800765618688.000000 0.043758467 1.197281718 0.012477880 -0.719685495 0.041503392 -0.014382747 0.692909360
1756240800998911744.000000 0.045492627 1.223022342 0.012944761 -0.718821108 0.041406903 -0.015409098 0.693789780
1756240801232205824.000000 0.047769669 1.252476692 0.013298914 -0.720363021 0.042386636 -0.015004719 0.692138255
1756240801532157184.000000 0.050527863 1.287380934 0.012742141 -0.720244825 0.043078031 -0.014516818 0.692228913
1756240801798773248.000000 0.052128468 1.317599654 0.012336715 -0.720574856 0.041080005 -0.012033206 0.692054570
1756240802032056832.000000 0.054185674 1.344311237 0.013439679 -0.719969571 0.043504085 -0.014934368 0.692479730
1756240802398666240.000000 0.056391980 1.386235595 0.013499982 -0.719588339 0.044006605 -0.014974316 0.692843318
1756240802631965696.000000 0.058529902 1.413490772 0.013959497 -0.720772564 0.043539487 -0.015003297 0.691640198
1756240802865258752.000000 0.059932835 1.440275192 0.013620071 -0.720085323 0.044399042 -0.016253142 0.692272842
1756240803198531584.000000 0.062633440 1.479835868 0.014256204 -0.721521258 0.044627264 -0.016443554 0.690756977
1756240803765119488.000000 0.066136189 1.543538094 0.014805699 -0.719696760 0.043601945 -0.016521884 0.692721069
1756240804165073408.000000 0.068196110 1.587906837 0.014917291 -0.718100309 0.042565014 -0.016668824 0.694436729
1756240804632325888.000000 0.071763538 1.643019795 0.014767461 -0.718844533 0.043589432 -0.017716035 0.693576753
1756240805032898560.000000 0.074521691 1.689751267 0.015403905 -0.718851030 0.044588204 -0.019240966 0.693465889
1756240805233081088.000000 0.075982712 1.711973190 0.015679678 -0.720423937 0.042363193 -0.016810104 0.692034781
1756240805499770368.000000 0.077316560 1.742055416 0.015875850 -0.718542099 0.043160502 -0.019517636 0.693868577
1756240805866464768.000000 0.078662805 1.781330943 0.016788427 -0.717639208 0.038185831 -0.016055655 0.695182085
1756240806066478336.000000 0.077601179 1.798543692 0.017290168 -0.717526853 0.026592415 -0.005768323 0.695999205
1756240806399837184.000000 0.079589926 1.835191250 0.017797131 -0.716668248 0.023752650 -0.002275426 0.697005928
1756240806766529792.000000 0.079970688 1.875792146 0.019114427 -0.714223623 0.024853216 -0.004449577 0.699462116
1756240807166552576.000000 0.081637613 1.925886154 0.018693522 -0.718040407 0.024693994 -0.001699101 0.695561230
1756240807466578432.000000 0.083405197 1.963102818 0.019613234 -0.720517755 0.026417589 -0.002088293 0.692929924
1756240807966612480.000000 0.085252613 2.024411678 0.019642107 -0.724558055 0.026622891 -0.000042029 0.688699484
1756240808366638592.000000 0.086196497 2.071095467 0.020169731 -0.724516928 0.026165571 -0.000628019 0.688759863
1756240808833333248.000000 0.085793488 2.122002363 0.019944981 -0.721242845 0.024519976 -0.002484705 0.692243755
1756240809233424128.000000 0.086567663 2.166574717 0.019882748 -0.719245672 0.023980830 -0.001336094 0.694340587
1756240809533723648.000000 0.086938411 2.199512005 0.021305891 -0.718164563 0.024649626 -0.003171372 0.695429385
1756240809800679168.000000 0.087750465 2.232164145 0.020529648 -0.719973028 0.024231926 -0.004534329 0.693564057
1756240810034283520.000000 0.087882496 2.258340597 0.021231527 -0.718442738 0.023918116 -0.004680653 0.695159018
1756240810334470144.000000 0.087914072 2.293715000 0.021840837 -0.719507873 0.024771236 -0.006354330 0.694013357
1756240810667885312.000000 0.089923434 2.333278418 0.020940740 -0.719375372 0.026262296 -0.008130009 0.694077373
1756240810967957760.000000 0.090942591 2.367215633 0.021116925 -0.719798446 0.025813980 -0.007542119 0.693662107
1756240811401392896.000000 0.092125267 2.413568497 0.022629611 -0.717072666 0.026347253 -0.007057733 0.696464479
1756240811601438208.000000 0.092977628 2.434858084 0.023772523 -0.716531634 0.025478970 -0.007056613 0.697053492
1756240811934848000.000000 0.094164036 2.472127199 0.024544124 -0.716466010 0.025424205 -0.007076316 0.697122693
1756240812234917632.000000 0.096140787 2.506124258 0.025024675 -0.714369595 0.027504148 -0.007552779 0.699187160
1756240812434967808.000000 0.097667702 2.528326035 0.025543315 -0.714927673 0.027194623 -0.006395173 0.698640108
1756240812701700352.000000 0.099066272 2.559864759 0.025969621 -0.716369331 0.028216461 -0.007551077 0.697109640
1756240812935091456.000000 0.100757919 2.589079618 0.026486870 -0.718372226 0.029045774 -0.008421995 0.695001304
1756240813368529152.000000 0.103821427 2.642249107 0.026878899 -0.722308338 0.030289162 -0.008969299 0.690849304
1756240813768621824.000000 0.101942033 2.687671423 0.027535714 -0.725867450 0.010595237 0.011343810 0.687659442
1756240815769063424.000000 0.061577559 2.897492409 0.032633364 -0.714638770 -0.039394025 0.061939884 0.695631385
1756240816235846656.000000 0.052894689 2.951226234 0.033875789 -0.714997828 -0.040362731 0.061072744 0.695283473
1756240818703120128.000000 -0.111593261 3.139624596 0.039725382 -0.657381773 -0.298022449 0.300840318 0.623319328
1756240821370466304.000000 -0.394425005 3.165194273 0.042201214 -0.515645504 -0.506478310 0.492520928 0.484780997
1756240823604324096.000000 -0.638986349 3.098977089 0.043686643 -0.450754195 -0.565141618 0.549928069 0.418347806
1756240826171592448.000000 -0.850199103 2.922138691 0.043516248 -0.267283440 -0.675649583 0.644988060 0.236743912
1756240827905342464.000000 -0.922410727 2.742906809 0.041428670 -0.148072004 -0.711812675 0.675877869 0.120775200
1756240829572394496.000000 -0.893320322 2.563635349 0.039176501 0.034249585 -0.725596905 0.685224771 -0.052944560
1756240829872470784.000000 -0.888282120 2.528397799 0.039538808 0.033729084 -0.725196838 0.685763359 -0.051774178
1756240830372596480.000000 -0.879606724 2.470773935 0.039928786 0.036283359 -0.724592447 0.686187088 -0.052883048
1756240830906059008.000000 -0.882976890 2.401040316 0.038779311 -0.003874303 -0.726604819 0.686810076 -0.017953003
1756240831406180864.000000 -0.880483210 2.343695641 0.038902573 -0.001034436 -0.723660290 0.689914703 -0.018232644
1756240831906304000.000000 -0.881072283 2.283183813 0.039299801 -0.013480409 -0.725130975 0.688468277 -0.003841619
1756240834506940672.000000 -0.943691730 1.978498340 0.042277072 -0.118651636 -0.711671114 0.685949385 0.094443604
1756240837340889600.000000 -1.086401701 1.669056058 0.042756766 -0.188454211 -0.701912105 0.667621851 0.161509901
1756240839574700032.000000 -1.260827303 1.462710977 0.042743038 -0.276838750 -0.668909311 0.643264651 0.249261320
1756240842508722432.000000 -1.529949427 1.236831665 0.044729196 -0.321498811 -0.645327210 0.626018345 0.297140241
1756240845176059904.000000 -1.725122929 1.014194131 0.044765599 -0.186767101 -0.698871315 0.671837330 0.159159064
1756240847176505088.000000 -1.703501105 0.811403871 0.048455790 0.041198913 -0.720293462 0.690178871 -0.055975568
1756240847409894912.000000 -1.699939966 0.783199608 0.048068557 0.040075485 -0.721855342 0.688834548 -0.053159427
1756240847809991680.000000 -1.694317341 0.737343192 0.047247924 0.040298164 -0.720914900 0.689726710 -0.054173790
1756240848043381248.000000 -1.683264256 0.715604186 0.048292495 0.068443902 -0.719225168 0.686729133 -0.080210589
1756240848310111232.000000 -1.669261456 0.691979229 0.047060616 0.099514470 -0.714663267 0.683588624 -0.109818228
1756240848576838912.000000 -1.652494788 0.670094132 0.047576316 0.131615683 -0.710196495 0.677293718 -0.139898285
1756240848810226176.000000 -1.638025045 0.652606308 0.047497198 0.157785237 -0.704273164 0.672004700 -0.165869966
1756240849010271744.000000 -1.623319030 0.636894047 0.047409192 0.181282997 -0.699258387 0.665770173 -0.186880693
1756240849477058048.000000 -1.597253203 0.590081453 0.047661576 0.180400789 -0.699885964 0.666065991 -0.184313297
1756240849877167104.000000 -1.572378039 0.551157475 0.047378756 0.188152179 -0.699408948 0.663205147 -0.188639507
1756240850043880192.000000 -1.559245586 0.540701449 0.046429761 0.209062517 -0.692757130 0.658370495 -0.207192808
1756240850243933440.000000 -1.541963816 0.527006865 0.045937687 0.231413618 -0.687442243 0.649870634 -0.227022320
1756240850544009984.000000 -1.520722747 0.502061009 0.046438575 0.236149088 -0.684642851 0.649861455 -0.230603471
1756240850944111616.000000 -1.492663026 0.464441717 0.045120917 0.234540313 -0.685712457 0.649218917 -0.230876893
1756240851244188672.000000 -1.472911835 0.437091142 0.045721240 0.233804464 -0.684354365 0.650095522 -0.233174667
1756240851610952704.000000 -1.447077036 0.402488261 0.046408907 0.231965452 -0.684436977 0.650600195 -0.233361378
1756240851844348928.000000 -1.428332806 0.387704968 0.046275675 0.250941068 -0.677905738 0.643264234 -0.252355993
1756240852077744384.000000 -1.407826543 0.374766856 0.045930684 0.275325418 -0.667530775 0.633876085 -0.277127683
1756240852277795584.000000 -1.388969183 0.365688473 0.045607746 0.297867775 -0.656313598 0.625259459 -0.299295634
1756240852777914624.000000 -1.345999002 0.327535003 0.046091765 0.295848966 -0.656686008 0.626056731 -0.298814088
1756240853211350272.000000 -1.308453083 0.294465989 0.046423450 0.296506137 -0.656682551 0.625054300 -0.300265580
1756240853544756480.000000 -1.279424667 0.268585801 0.046567813 0.295252472 -0.656626403 0.625421166 -0.300859153
1756240853811480832.000000 -1.253774643 0.246895239 0.046578929 0.296582907 -0.660156488 0.621693611 -0.299548060
1756240854211568384.000000 -1.218320847 0.214632347 0.046690978 0.297573596 -0.661758959 0.618687987 -0.301247805
1756240854444953344.000000 -1.195881486 0.205971599 0.046599172 0.323892027 -0.648593605 0.606432319 -0.326588720
1756240854644998656.000000 -1.177254915 0.200480551 0.046722405 0.344709396 -0.636294544 0.596561968 -0.347013801
1756240854811701760.000000 -1.159842968 0.195400566 0.046650313 0.362937987 -0.627690554 0.585318267 -0.362881601
1756240855078427904.000000 -1.130784035 0.182398915 0.046014115 0.370310217 -0.624808311 0.580670834 -0.367840230
1756240855245129472.000000 -1.114607811 0.173812479 0.046926491 0.369331360 -0.624538660 0.581441402 -0.368064761
1756240855511850752.000000 -1.087250710 0.159196511 0.046591543 0.369855314 -0.623887658 0.581959009 -0.367824674
1756240855811910656.000000 -1.056205750 0.142520443 0.046458296 0.369963348 -0.624949694 0.581282616 -0.366981655
1756240856111969536.000000 -1.023006320 0.129465684 0.045425601 0.383586049 -0.619788468 0.572579920 -0.375334769
1756240856312012288.000000 -1.003265023 0.128169760 0.044545583 0.403620034 -0.603666425 0.562062204 -0.395934194
1756240856678758656.000000 -0.964359939 0.112697922 0.044632196 0.402325332 -0.604245067 0.564607263 -0.392735183
1756240857045504000.000000 -0.927051902 0.097489633 0.045662180 0.401204228 -0.602514684 0.566715360 -0.393503547
1756240857378907904.000000 -0.891265333 0.083254933 0.045660414 0.401007116 -0.602874637 0.567079544 -0.392627507
1756240857712311808.000000 -0.855699241 0.069046192 0.045103654 0.400162935 -0.602473855 0.568089247 -0.392644167
1756240858012373504.000000 -0.823312759 0.056386091 0.045336761 0.401030332 -0.601791620 0.568455994 -0.392274588
1756240858512497152.000000 -0.770259380 0.040326338 0.045311108 0.411584437 -0.594085038 0.563015461 -0.400842667
1756240858845920000.000000 -0.737532854 0.039205842 0.045707963 0.440465510 -0.570987999 0.542748749 -0.430565625
1756240859346053888.000000 -0.680147409 0.023638055 0.044919547 0.438358843 -0.573682368 0.544089615 -0.427430332
1756240859779498752.000000 -0.635687053 0.021184539 0.043664150 0.465267539 -0.551965594 0.523225188 -0.452874631
1756240860046234112.000000 -0.606261790 0.021715235 0.043153830 0.475886941 -0.543639958 0.514769435 -0.461518973
1756240860312970752.000000 -0.576812625 0.018568404 0.043176889 0.475301176 -0.542984962 0.515730619 -0.461820424
1756240860746417152.000000 -0.524478972 0.000281905 0.044270039 0.444561005 -0.568477392 0.538975060 -0.434401661
1756240861046495744.000000 -0.491053253 -0.006097244 0.044416226 0.447669566 -0.566022754 0.537201285 -0.436606199
1756240861279888640.000000 -0.465104789 -0.012323570 0.044813879 0.447153240 -0.566243172 0.537009299 -0.437085479
1756240861780008192.000000 -0.408039093 -0.024486981 0.044834659 0.447678953 -0.567858338 0.536027014 -0.435655266
1756240862146761984.000000 -0.367643893 -0.032100648 0.045669079 0.448578715 -0.566661179 0.534991622 -0.437557250
1756240862480176896.000000 -0.331093878 -0.039294817 0.046106160 0.446746916 -0.565891981 0.536859155 -0.438138932
1756240862880275968.000000 -0.286043316 -0.048973724 0.046309672 0.446093887 -0.567241371 0.537644148 -0.436092168
1756240863147008512.000000 -0.254949421 -0.060442038 0.046646997 0.432666957 -0.578524232 0.547968507 -0.421710372
1756240863547109632.000000 -0.214165002 -0.073397093 0.047662422 0.427182406 -0.577439129 0.553182185 -0.421982050
1756240863913868800.000000 -0.174897209 -0.084118962 0.048532210 0.427164018 -0.576756895 0.554626465 -0.421036720
1756240864247285248.000000 -0.138304114 -0.094448872 0.049001127 0.427940369 -0.576671422 0.553528786 -0.421809196
1756240864514014464.000000 -0.107615940 -0.098946229 0.049085945 0.439661235 -0.570120394 0.545121670 -0.429538190
1756240864814085888.000000 -0.075588837 -0.099883512 0.049253155 0.458422095 -0.556343853 0.530553460 -0.445919037
1756240865114156032.000000 -0.041726910 -0.106020078 0.049439564 0.457676083 -0.557041883 0.531468093 -0.444723040
1756240865347552768.000000 -0.015945671 -0.109660521 0.049264304 0.461758256 -0.553833008 0.528959334 -0.447493553
1756240865580952064.000000 0.008672910 -0.105920486 0.048661035 0.487580508 -0.535154343 0.507018983 -0.467767805
1756240865814352128.000000 0.033358529 -0.107668176 0.048204072 0.488115996 -0.531513691 0.507230997 -0.471118689
1756240866014410496.000000 0.055655565 -0.108660907 0.048223473 0.488025457 -0.531595707 0.506598353 -0.471800089
1756240866481198848.000000 0.107990935 -0.112060785 0.047475733 0.494188875 -0.535064638 0.501539767 -0.466841638
1756240866981320448.000000 0.103261344 -0.109728165 0.048311576 0.502123475 -0.520308912 0.493950069 -0.482870638
1756240867481436928.000000 0.095766537 -0.096593797 0.047977213 -0.544910908 0.478234798 -0.449943006 0.521454692
1756240867814845440.000000 0.088167220 -0.086574517 0.047987729 -0.567962229 0.450438231 -0.423123449 0.543590784
1756240868048231168.000000 0.082313649 -0.079602256 0.047461711 -0.585767269 0.428686082 -0.401892632 0.558200002
1756240868248279808.000000 0.075750440 -0.071963705 0.045515843 -0.600161314 0.409393847 -0.382862151 0.570630968
1756240868381649408.000000 0.071469270 -0.066918828 0.044145018 -0.610360682 0.395516992 -0.369114131 0.578602552
1756240868481675776.000000 0.067856178 -0.062981308 0.043084808 -0.617995679 0.384941995 -0.357799709 0.584705353
1756240868581703424.000000 0.063678168 -0.059281524 0.041909121 -0.624545574 0.374367476 -0.347400635 0.590850770
1756240868681731072.000000 0.059407517 -0.056037292 0.040917136 -0.630865216 0.363974035 -0.336769849 0.596756339
1756240868781758208.000000 0.054369584 -0.052382614 0.039758112 -0.636910498 0.352477223 -0.326459110 0.602933943
1756240868848443392.000000 0.051041447 -0.049041074 0.038147680 -0.641345978 0.344475180 -0.318897218 0.606891036
1756240868915127808.000000 0.048243105 -0.045475233 0.036395758 -0.646345913 0.337117314 -0.311283380 0.609665155
1756240868981812736.000000 0.045809783 -0.042508259 0.034807861 -0.650195599 0.330132306 -0.303946763 0.613086224
1756240869048498176.000000 0.042694084 -0.039642282 0.033372290 -0.654248536 0.322560221 -0.296842366 0.616277874
1756240869115183104.000000 0.040629685 -0.038025789 0.032510225 -0.657745838 0.315712810 -0.289663970 0.619508505
1756240869181868288.000000 0.038691025 -0.037152387 0.032243811 -0.661217213 0.308339655 -0.282808036 0.622686267
1756240869248549376.000000 0.036656462 -0.036400773 0.032157961 -0.664611101 0.300633907 -0.275517523 0.626100183
1756240869348571392.000000 0.034322634 -0.035023309 0.031761158 -0.670389235 0.289186120 -0.263712883 0.630400836
1756240869448591872.000000 0.031141378 -0.034192096 0.031895418 -0.675534368 0.277875870 -0.252400815 0.634611845
1756240869515273216.000000 0.029230483 -0.033358686 0.031816281 -0.679111421 0.270198852 -0.244859174 0.637059093
1756240869615294976.000000 0.025566738 -0.033068120 0.031778358 -0.683007479 0.259094507 -0.234670818 0.641327202
1756240869681975808.000000 0.023445085 -0.032834366 0.031491585 -0.685579658 0.251413971 -0.227297962 0.644288242
1756240870082060800.000000 0.010396151 -0.031506173 0.031833816 -0.700640321 0.205454513 -0.182777539 0.658394992
1756240870215457280.000000 0.005705941 -0.030978220 0.031407706 -0.705721080 0.189667895 -0.167210966 0.661834121
1756240870349134336.000000 0.001020511 -0.030651670 0.030898537 -0.709773004 0.174301907 -0.153134331 0.665124834
1756240870449398528.000000 -0.002453171 -0.031517871 0.031226881 -0.712065518 0.162898451 -0.142012075 0.668026507
1756240870549666560.000000 -0.006232728 -0.031971678 0.031406477 -0.714950323 0.150490090 -0.130115852 0.670275092
1756240870683364608.000000 -0.010571603 -0.032101780 0.031030279 -0.718780756 0.134449199 -0.114856012 0.672373235
1756240870783642624.000000 -0.013940088 -0.032593116 0.030952938 -0.720464766 0.123359911 -0.104393810 0.674399614
1756240870917354496.000000 -0.018278230 -0.033009943 0.031332102 -0.723613381 0.107431360 -0.089222640 0.675930142
1756240871017643776.000000 -0.021170970 -0.034030631 0.031309851 -0.724738717 0.096361421 -0.078314781 0.677742720
1756240871117937408.000000 -0.024704788 -0.035054598 0.031500600 -0.726471663 0.084433518 -0.067127265 0.678678036
1756240871251522816.000000 -0.028607987 -0.035594035 0.031394798 -0.729125738 0.069051951 -0.051711876 0.678920746
1756240871351521280.000000 -0.031815581 -0.036906801 0.031578597 -0.730219901 0.057072446 -0.039747335 0.679663062
1756240871484851712.000000 -0.036435284 -0.039809588 0.031489663 -0.730015874 0.039789516 -0.022842959 0.681888461
1756240871551516416.000000 -0.037762634 -0.040716998 0.031703610 -0.729505956 0.034758665 -0.018092033 0.682851136
1756240871618179840.000000 -0.037407137 -0.040156811 0.031746563 -0.729975462 0.037096348 -0.020338342 0.682162821
1756240871718176000.000000 -0.037331000 -0.039955325 0.031781856 -0.730400324 0.037390992 -0.020255560 0.681694269
1756240871851502592.000000 -0.037396204 -0.039859805 0.031753179 -0.730460882 0.037271004 -0.020411415 0.681631267
1756240871951497216.000000 -0.037343301 -0.040141542 0.031703539 -0.730246663 0.037232094 -0.020337628 0.681865215
1756240872051490048.000000 -0.037898060 -0.040113401 0.031499278 -0.731089115 0.035599932 -0.017632684 0.681124389
1756240872151483136.000000 -0.041347798 -0.042109143 0.031409938 -0.730498075 0.022039680 -0.005558598 0.682536483
1756240872284812800.000000 -0.045081384 -0.043778740 0.031375296 -0.730458379 0.007276706 0.009430016 0.682853341
1756240872884798464.000000 -0.045601994 -0.043846231 0.031496692 -0.730600238 0.004800461 0.012302981 0.682677746
1756240875618035200.000000 -0.047807232 -0.031707168 0.030812539 -0.730153561 -0.001337990 0.019082339 0.683015287
1756240877817968896.000000 -0.048110578 -0.032016091 0.031253174 -0.729727268 -0.001529785 0.019184887 0.683467448
1756240880517897472.000000 -0.048157796 -0.032018207 0.031299166 -0.729732394 -0.001512026 0.019132966 0.683463454
1756240883117903872.000000 -0.048166167 -0.032015860 0.031285550 -0.729739487 -0.001494772 0.019150263 0.683455467
1756240885817909504.000000 -0.048156146 -0.031949244 0.031548887 -0.729829073 -0.001500462 0.019154636 0.683359623
1756240888386332160.000000 -0.048190519 -0.031972565 0.031603962 -0.729845464 -0.001502187 0.019112026 0.683343351
1756240890920310016.000000 -0.048219420 -0.031893864 0.031430688 -0.729794443 -0.001493444 0.019096689 0.683398306
1756240893454242816.000000 -0.048221558 -0.031864613 0.031504661 -0.729837298 -0.001466800 0.019096531 0.683352590
1756240894987945472.000000 -0.048132531 -0.031937256 0.031569120 -0.729831100 -0.001471631 0.019171558 0.683357060
1756240897055074816.000000 -0.048162125 -0.031918891 0.031504922 -0.729823470 -0.001468033 0.019147102 0.683365881
1756240899555678208.000000 -0.048089482 -0.031863704 0.031571716 -0.729849398 -0.001477046 0.019191517 0.683336914
1756240902122955264.000000 -0.048137896 -0.031925552 0.031556532 -0.729817629 -0.001503338 0.019157536 0.683371782
1756240904723495168.000000 -0.048175577 -0.031805329 0.031494897 -0.729821742 -0.001512252 0.019126292 0.683368325
1756240907290737920.000000 -0.048114598 -0.031845450 0.031389568 -0.729782939 -0.001501702 0.019166021 0.683408618
1756240909357875968.000000 -0.033871632 0.104926072 0.030251548 -0.726988375 0.058635209 -0.038464807 0.683059573
1756240909891332608.000000 -0.028388783 0.165539652 0.029473063 -0.726815343 0.055566430 -0.038844451 0.683478594
1756240910391448064.000000 -0.022216052 0.220776007 0.029105607 -0.723805368 0.055423606 -0.038353752 0.686704516
1756240910891560192.000000 -0.017990986 0.275238395 0.028606705 -0.721324146 0.053220607 -0.037722420 0.689518809
1756240911391672320.000000 -0.013106249 0.331151128 0.028310735 -0.721506059 0.050368194 -0.035361107 0.689667821
1756240911925125632.000000 -0.000915721 0.394273698 0.028900862 -0.720542312 0.068613186 -0.051941045 0.688050270
1756240912391899648.000000 0.011377754 0.450050235 0.028126646 -0.721148312 0.076411247 -0.058515422 0.686062992
1756240912925362688.000000 0.020844968 0.511183143 0.027362593 -0.721651971 0.076005571 -0.058964118 0.685539901
1756240913458856704.000000 0.031435683 0.572720528 0.026748534 -0.722561657 0.074527666 -0.058196180 0.684809148
1756240913992409856.000000 0.045767445 0.635492623 0.025342997 -0.719964325 0.086196490 -0.069831789 0.685087681
1756240914492576000.000000 0.063886337 0.692898512 0.024848349 -0.720368505 0.100128077 -0.080736578 0.681560934
1756240914992689920.000000 0.078577854 0.746526539 0.025192142 -0.718521953 0.099528410 -0.078120671 0.683898747
1756240915459464448.000000 0.090366960 0.799389243 0.023709068 -0.720379710 0.098353587 -0.079414472 0.681962609
1756240915892901120.000000 0.097813025 0.846000254 0.023610558 -0.719563067 0.085303128 -0.067004167 0.685903013
1756240916292997120.000000 0.100825861 0.890872598 0.022646658 -0.722986221 0.069204666 -0.051611334 0.685447216
1756240916759785984.000000 0.108021267 0.942458391 0.022842908 -0.721205115 0.067270540 -0.050104689 0.687624454
1756240917259917824.000000 0.115360558 0.994774103 0.023685776 -0.716699302 0.066054292 -0.049672585 0.692467749
1756240917626681856.000000 0.122374915 1.039803386 0.023850465 -0.719982147 0.065158926 -0.046903323 0.689333081
1756240918126817280.000000 0.129920676 1.099201918 0.023241460 -0.722682893 0.064699844 -0.048681486 0.686420858
1756240918560262400.000000 0.138279974 1.147407770 0.024217352 -0.720182061 0.064057447 -0.046211641 0.689274251
1756240919027046656.000000 0.138441861 1.202530026 0.022615906 -0.725892603 0.041962646 -0.026259586 0.686024487
1756240919527166208.000000 0.142185271 1.258978128 0.023180347 -0.724856675 0.041645147 -0.026060985 0.687145889
1756240919927255296.000000 0.147434205 1.308409095 0.021576695 -0.726654053 0.042357851 -0.025655247 0.685216427
1756240920427365888.000000 0.149676219 1.362736344 0.021822875 -0.724529684 0.040193278 -0.023545297 0.687667727
1756240920927473152.000000 0.153677970 1.419887781 0.021393519 -0.724021733 0.041173514 -0.024839472 0.688099027
1756240921260878848.000000 0.161316365 1.460164070 0.021942608 -0.724099398 0.057344984 -0.039873507 0.686150014
1756240921660970496.000000 0.165899679 1.505697250 0.021820802 -0.723853946 0.055117555 -0.038747516 0.686655760
1756240921961038592.000000 0.172945663 1.538411856 0.022516154 -0.720310211 0.065610617 -0.050312273 0.688706815
1756240922461149440.000000 0.181821674 1.595205665 0.022835776 -0.721985221 0.067378536 -0.051521007 0.686689973
1756240922827892992.000000 0.186757028 1.634479880 0.023651008 -0.719268084 0.066677675 -0.051319115 0.689618707
1756240923127956736.000000 0.190416843 1.668263197 0.024055026 -0.717945933 0.066589333 -0.052605782 0.690906763
1756240923661399296.000000 0.195368052 1.726683140 0.023507619 -0.718129575 0.057268616 -0.046601113 0.691981673
1756240923994801408.000000 0.200838357 1.769182205 0.021427400 -0.724082172 0.059142474 -0.049615778 0.685379803
1756240924394881536.000000 0.204964355 1.814046860 0.021352669 -0.724438727 0.052500673 -0.041522630 0.686081767
1756240924928320256.000000 0.205990762 1.872114778 0.021898974 -0.722042441 0.038436931 -0.026085388 0.690287530
1756240925461758976.000000 0.208862036 1.935114861 0.021359654 -0.724807739 0.030918360 -0.017614981 0.688031614
1756240925761819392.000000 0.204698786 1.969766259 0.021539062 -0.727972388 0.012521324 -0.002002347 0.685489178
1756240926128558080.000000 0.204967991 2.013346910 0.020550977 -0.728430510 0.012969607 -0.002750459 0.684991479
1756240926428615168.000000 0.200620249 2.045865536 0.019757817 -0.728749692 -0.003406263 0.011193393 0.684680223
1756240928562351104.000000 0.182521164 2.289566755 0.018116446 -0.725390255 -0.015084911 0.024184171 0.687747538
1756240930862943232.000000 0.166045025 2.549103975 0.019326992 -0.721165776 -0.015057218 0.023964761 0.692184210
1756240933363536384.000000 0.150209025 2.838735819 0.016195808 -0.724532366 -0.012404538 0.024950376 0.688677371
1756240935864153088.000000 0.102567449 2.776798487 0.011407983 -0.662075937 -0.292548627 0.291320920 0.625462115
1756240937264467456.000000 0.099082962 2.730416536 0.008446927 -0.577560246 -0.438793063 0.427180588 0.539816201
1756240937731260416.000000 0.101256818 2.714906216 0.006833653 -0.542964697 -0.482920647 0.466641188 0.504205346
1756240939231641344.000000 0.050233074 2.704375029 0.007404956 -0.517117023 -0.510796487 0.491406530 0.479788125
1756240942065640448.000000 0.126563087 2.646675825 0.001567623 -0.226261199 -0.687190533 0.658802271 0.206287727
1756240942465742848.000000 0.140055209 2.646060467 0.001307581 -0.179945201 -0.699547768 0.672320783 0.161979854
1756240942999210240.000000 0.157284275 2.647292137 0.000836493 -0.118180379 -0.713230491 0.683148742 0.103167363
1756240943532669696.000000 0.174222335 2.652091503 0.000654839 -0.054073524 -0.721706510 0.688865840 0.040982850
1756240944066118656.000000 0.179287791 2.646514416 0.001659129 -0.031347521 -0.716772974 0.696390569 0.017147528
1756240946500507136.000000 0.161873013 2.348218918 -0.003028773 -0.035594769 -0.727248847 0.685210288 0.018139873
1756240947869438208.000000 0.151154503 2.188334942 -0.004651757 -0.038232554 -0.723924458 0.688552320 0.019171260
1756240948802779392.000000 0.143848136 2.078499079 -0.004560623 -0.039613552 -0.723682821 0.688693285 0.020383902
1756240951536089088.000000 0.120466150 1.755777478 -0.005416017 -0.041592974 -0.727450669 0.684369683 0.026902266
1756240953936036864.000000 0.097359315 1.476959586 -0.006120844 -0.039679833 -0.724227071 0.687962174 0.025075123
1756240954269364992.000000 0.094744012 1.439347029 -0.005728770 -0.039590668 -0.723261952 0.688887477 0.027546672
1756240957102627584.000000 0.066100031 1.116264343 -0.004135171 -0.041434102 -0.720399797 0.691646457 0.030538479
1756240957802622208.000000 0.058657724 1.031322956 -0.006090423 -0.042822152 -0.724410772 0.687271833 0.032448199
1756240958102616832.000000 0.056128230 0.997008979 -0.005838297 -0.041561607 -0.724356472 0.687418640 0.032187834
1756240960835892992.000000 0.028634148 0.683159351 -0.009920085 -0.038325645 -0.722409546 0.689976156 0.024259668
1756240961135886336.000000 0.027023308 0.650247514 -0.009089101 -0.037094112 -0.721600056 0.690878689 0.024578255
1756240962004276224.000000 0.021854199 0.547535837 -0.009867467 -0.035303265 -0.722685337 0.689757049 0.026735099
1756240962872454144.000000 0.015543412 0.444794118 -0.009028710 -0.034525067 -0.722928703 0.689684153 0.022760509
1756240963172869632.000000 0.013160264 0.409787834 -0.009188782 -0.035080317 -0.722577572 0.690017343 0.022960968
1756240963506418176.000000 0.010093935 0.371274829 -0.008322619 -0.035920024 -0.722820699 0.689708948 0.023272211
1756240963806420736.000000 0.008257790 0.334128916 -0.008807851 -0.034659095 -0.724268973 0.688318133 0.021247704
1756240966139687168.000000 -0.015602790 0.114034429 -0.010727894 -0.080629930 -0.718801737 0.687319279 0.066446505
1756240966373006592.000000 -0.022198748 0.111920178 -0.010187168 -0.107588924 -0.715365887 0.684187770 0.092538580
1756240966673016064.000000 -0.031739898 0.109880954 -0.009009778 -0.144159541 -0.709173679 0.678146362 0.128095254
1756240967039686656.000000 -0.044011645 0.108819373 -0.007796559 -0.187770560 -0.699578583 0.668287396 0.169481814
1756240967539680000.000000 -0.058414783 0.110324606 -0.006929234 -0.245108381 -0.680595517 0.652411461 0.225988850
1756240967839666944.000000 -0.068316109 0.110578790 -0.008613485 -0.277633786 -0.667736292 0.640855491 0.257588834
1756240968072985344.000000 -0.075525507 0.112949438 -0.006699233 -0.303583682 -0.655640185 0.631141365 0.282193989
1756240970539560704.000000 -0.123174980 0.169752315 0.005761917 -0.532259285 -0.494674325 0.474096030 0.497222662
1756240973139465728.000000 -0.146535471 0.241024494 0.025720570 -0.659286201 -0.308088958 0.301693797 0.615957558
1756240975906024448.000000 -0.082074791 0.308049589 0.027928840 -0.723654211 0.011459230 0.001516033 0.690065920
1756240976506007552.000000 -0.074896574 0.338964164 0.027792536 -0.722407997 0.033957694 -0.020629784 0.690324605
1756240977006004224.000000 -0.071618848 0.396636426 0.028158581 -0.721639514 0.034494463 -0.020749414 0.691097736
1756240977539628800.000000 -0.069461130 0.461966604 0.026281741 -0.727029800 0.031541307 -0.018547526 0.685630202
1756240978040381952.000000 -0.066944115 0.519463718 0.026611941 -0.726416767 0.031194700 -0.017510483 0.686322808
1756240978541409536.000000 -0.062913403 0.575863004 0.026643863 -0.726925194 0.032829024 -0.018036822 0.685694337
1756240979076265472.000000 -0.051249374 0.637196541 0.026687030 -0.723298013 0.054066986 -0.036517464 0.687446892
1756240979610386176.000000 -0.044874389 0.700510144 0.025003284 -0.725822508 0.052755650 -0.034704842 0.684977531
1756240980177049344.000000 -0.037866086 0.765015423 0.025164992 -0.724823415 0.051318798 -0.033676807 0.686194777
1756240980710394368.000000 -0.035893232 0.822772503 0.024556346 -0.724821210 0.040315002 -0.023182413 0.687365711
1756240981243737600.000000 -0.034325745 0.881282091 0.024324212 -0.724154770 0.035933293 -0.022294905 0.688339829
1756240981743743744.000000 -0.030704200 0.937652588 0.024252560 -0.721925616 0.033959102 -0.019960480 0.690848708
1756240982277067776.000000 -0.028229380 0.996020198 0.024151567 -0.720752418 0.031977411 -0.016181968 0.692265570
1756240982777076992.000000 -0.025502076 1.056542873 0.022962043 -0.723336756 0.031288687 -0.016764607 0.689582467
1756240983310409984.000000 -0.020949923 1.118982315 0.022225484 -0.722699642 0.032755744 -0.017413948 0.690165997
1756240983843747328.000000 -0.018722687 1.176767707 0.023316463 -0.721711278 0.030296611 -0.014215305 0.691384792
1756240984410406144.000000 -0.008174470 1.247127175 0.022886794 -0.723219573 0.055086236 -0.037214160 0.687411129
1756240984943748608.000000 -0.002731608 1.307349801 0.021698110 -0.722864270 0.054191221 -0.038145855 0.687804878
1756240985443748608.000000 0.000686854 1.366099954 0.021887783 -0.725795984 0.038276404 -0.020382170 0.686541915
1756240985977084160.000000 0.006493225 1.425174117 0.023270324 -0.723906338 0.042770933 -0.023923384 0.688155532
1756240986510409472.000000 0.010924071 1.487496018 0.022261921 -0.723666489 0.042663954 -0.024894513 0.688380003
1756240987077062912.000000 0.017608713 1.552281380 0.022228256 -0.723602831 0.052491531 -0.036395695 0.687254667
1756240987610387456.000000 0.030711362 1.612805843 0.022297276 -0.720001459 0.076422535 -0.056767441 0.687411845
1756240988143718912.000000 0.041516449 1.674257636 0.020953663 -0.719367266 0.077933885 -0.058383018 0.687770784
1756240988677049600.000000 0.051404610 1.735981941 0.019585915 -0.720508873 0.076439530 -0.059954252 0.686607182
1756240989210371328.000000 0.059593327 1.790597200 0.020614736 -0.719801962 0.069804579 -0.054327175 0.688520968
1756240989777028352.000000 0.067635097 1.853516698 0.020448415 -0.718070388 0.066042110 -0.052347474 0.690849543
1756240990310338816.000000 0.079551160 1.916002631 0.020966388 -0.720318437 0.068484686 -0.051011067 0.688367069
1756240990876994304.000000 0.090042189 1.984079599 0.019875947 -0.723009229 0.071122147 -0.050731622 0.685292482
1756240991410305280.000000 0.098709188 2.046038389 0.018999504 -0.722582638 0.070862763 -0.053546652 0.685554981
1756240991943632384.000000 0.108353987 2.107917786 0.018554347 -0.723593712 0.069662720 -0.053432308 0.684619784
1756240992476947456.000000 0.109254882 2.164933205 0.016151894 -0.721913159 0.042501118 -0.029531516 0.690045595
1756240993043590656.000000 0.114409909 2.229850054 0.015851783 -0.722527444 0.042984869 -0.031455789 0.689287364
1756240993576896512.000000 0.120658323 2.291720390 0.016543634 -0.723268032 0.042672861 -0.031664953 0.688520014
1756240994110198784.000000 0.136585742 2.354551554 0.015755147 -0.720362425 0.067923799 -0.055065937 0.688063979
1756240994610543104.000000 0.145885706 2.410442591 0.014281648 -0.720383227 0.066722967 -0.053686857 0.688268661
1756240995111304960.000000 0.155765265 2.464241982 0.014864421 -0.717230320 0.067125708 -0.051312722 0.691694975
1756240995611755008.000000 0.163485587 2.518939495 0.015859596 -0.714698851 0.066989787 -0.052666996 0.694221973
1756240996111870464.000000 0.173900992 2.580068827 0.014801580 -0.720253944 0.067667410 -0.051530678 0.688476622
1756240996645336064.000000 0.183676764 2.641755581 0.014711952 -0.721839070 0.067386165 -0.050902087 0.686889052
1756240997178810368.000000 0.193521261 2.704466343 0.013308658 -0.724998116 0.066268556 -0.051021159 0.683654249
1756240997678934272.000000 0.183820218 2.755074501 0.010686877 -0.726150095 0.006073095 0.006602278 0.687477767
1756240999579365376.000000 0.163120970 2.961295605 0.009729977 -0.714169025 -0.016389893 0.029517351 0.699158609
1756240999946118144.000000 0.160826325 3.003106117 0.010921313 -0.714586914 -0.016351942 0.030697783 0.698681474
1756241001846587136.000000 0.113814920 3.074351788 0.033185966 -0.686992824 -0.228986979 0.234974638 0.648377120
1756241004714133504.000000 0.067559883 2.988455534 0.040792760 -0.535560071 -0.484864384 0.475394040 0.502078176
1756241006214467328.000000 -0.112175092 3.000941038 0.041142106 -0.538793027 -0.488181919 0.472287148 0.498322457
1756241009148417536.000000 -0.453575224 3.019191980 0.043146770 -0.532923698 -0.488640815 0.476694763 0.499984533
1756241010115288064.000000 -0.471223354 3.001879692 0.041575465 -0.474524945 -0.547195673 0.529654622 0.441439778
1756241012815857920.000000 -0.395668894 2.956607342 0.041911278 -0.190642178 -0.700818658 0.666607141 0.167761192
1756241013816064256.000000 -0.372697145 2.957550049 0.042663880 -0.105759576 -0.708312571 0.692166805 0.089517422
1756241016752450816.000000 -0.435244322 2.616969109 0.040774792 -0.074588820 -0.719215870 0.688638628 0.054239899
1756241017819056128.000000 -0.448468029 2.494861126 0.040927522 -0.050588954 -0.722634673 0.688627422 0.032128178
1756241020319102720.000000 -0.478839159 2.203914404 0.039975807 -0.052353829 -0.722304463 0.688899755 0.030863198
1756241022885725696.000000 -0.489210606 1.913045049 0.042405266 -0.010209658 -0.719765007 0.694125235 -0.004930698
1756241024852343040.000000 -0.485929459 1.679234505 0.044443790 -0.008156803 -0.722040057 0.691739917 -0.009356767
1756241025318986752.000000 -0.485585690 1.626123905 0.044505920 -0.008617807 -0.719535887 0.694324732 -0.010350130
1756241027885616896.000000 -0.499497414 1.331025481 0.050132044 -0.028120641 -0.719837010 0.693479538 0.011406496
1756241029818949632.000000 -0.496606797 1.110601544 0.049268421 0.010082459 -0.726322055 0.686990559 -0.019964244
1756241030285625088.000000 -0.491779119 1.057093143 0.047795575 0.020087769 -0.726297081 0.686397791 -0.030777408
1756241030818959872.000000 -0.485153973 0.993165016 0.047246568 0.022361267 -0.727244675 0.685349643 -0.030184479
1756241031252283136.000000 -0.479910731 0.942162454 0.045696117 0.021715099 -0.728812993 0.683708489 -0.030046079
1756241031719362560.000000 -0.475057185 0.892634034 0.046573807 0.021342900 -0.726745307 0.685839653 -0.031777341
1756241032220131328.000000 -0.470277280 0.840500355 0.048979722 0.023394633 -0.723692834 0.688781500 -0.036075987
1756241032720522240.000000 -0.463075042 0.795326710 0.050239846 0.027909361 -0.717558324 0.694677591 -0.041884016
1756241033253972736.000000 -0.455020249 0.738941491 0.049821023 0.032488961 -0.716136336 0.695639908 -0.046672992
1756241033687404800.000000 -0.454250157 0.683719039 0.049624413 0.022224903 -0.720027328 0.692508757 -0.038708430
1756241034120839424.000000 -0.455543071 0.628385186 0.048776139 0.004721372 -0.723661840 0.689739764 -0.023458913
1756241034620955392.000000 -0.452084810 0.568643689 0.048924614 0.002984473 -0.726360202 0.686927080 -0.022874262
1756241035121070592.000000 -0.452225178 0.508571923 0.050386056 -0.012982530 -0.726039052 0.687483430 -0.008079943
1756241036788163584.000000 -0.454836130 0.304756373 0.046909228 -0.023541968 -0.727905452 0.685238838 0.006868991
1756241037221614336.000000 -0.455881029 0.256468147 0.047406219 -0.021719333 -0.723718166 0.689722478 0.006572106
1756241037621721856.000000 -0.456822842 0.212165967 0.048413984 -0.021766724 -0.719888985 0.693702102 0.007970977
1756241038788688640.000000 -0.463859081 0.080436178 0.046316758 -0.031472072 -0.725635827 0.687221527 0.013740861
1756241039222124544.000000 -0.477203429 0.080310747 0.047668234 -0.080796368 -0.716778338 0.690308869 0.056343306
1756241039588885760.000000 -0.489883453 0.074820384 0.049141869 -0.127269581 -0.712492108 0.682881176 0.099150501
1756241041522735616.000000 -0.557742894 0.081806585 0.043952435 -0.349653244 -0.636851490 0.614606321 0.307281524
1756241044056647168.000000 -0.608395278 0.118913285 0.039460510 -0.513194978 -0.507790267 0.506987989 0.470896274
1756241046757319936.000000 -0.724021494 0.171165735 0.032109641 -0.643828511 -0.332543403 0.333203018 0.603220880
1756241049257931264.000000 -0.690039694 0.241748929 0.026879355 -0.721370697 -0.048091266 0.058811016 0.688369751
1756241049791388672.000000 -0.690881312 0.254799038 0.027900495 -0.717476308 -0.043101739 0.057475861 0.692868352
1756241050791624192.000000 -0.695778966 0.376981318 0.027030686 -0.724136710 -0.005288770 0.024267202 0.689209104
1756241052825395712.000000 -0.704803467 0.614311159 0.025343634 -0.727038085 0.007918598 0.011257338 0.686459184
1756241055459328512.000000 -0.724065959 0.911150157 0.021261964 -0.723948300 -0.001270619 0.012068508 0.689747512
1756241057559928320.000000 -0.729571700 1.149216294 0.021444041 -0.720555246 0.024961116 -0.012121505 0.692842126
1756241057726633984.000000 -0.727840841 1.169284225 0.021141700 -0.719954252 0.029573539 -0.017598145 0.693167865
1756241058226748928.000000 -0.726842165 1.226801872 0.020989377 -0.721831560 0.027289812 -0.016732560 0.691328168
1756241058760207616.000000 -0.725495756 1.287940860 0.020783158 -0.722199559 0.025646824 -0.015781622 0.691028953
1756241059260328704.000000 -0.725191951 1.345923781 0.019899797 -0.723965347 0.024397293 -0.015866524 0.689222157
1756241059793806848.000000 -0.724717081 1.409249783 0.019227531 -0.724818826 0.023243835 -0.015242765 0.688378572
1756241060293951232.000000 -0.723340273 1.467410803 0.019144829 -0.725162804 0.022602063 -0.013046482 0.688082755
1756241060794920960.000000 -0.721247256 1.525144815 0.019274550 -0.723733366 0.021345608 -0.006185179 0.689721763
1756241061329754112.000000 -0.718773842 1.587194562 0.018617686 -0.722206354 0.022573393 -0.005604025 0.691286504
1756241061830068224.000000 -0.712791383 1.649225950 0.017800994 -0.726234734 0.033352915 -0.013499436 0.686504602
1756241062363358976.000000 -0.711602211 1.710165262 0.017991055 -0.725314736 0.031934965 -0.015660198 0.687498033
1756241062929998592.000000 -0.708142698 1.772939682 0.017400490 -0.723862112 0.029329140 -0.012358137 0.689210296
1756241063496627200.000000 -0.706257284 1.832700968 0.018095529 -0.720216155 0.027023528 -0.009401795 0.693159521
1756241064029940480.000000 -0.704383433 1.892327428 0.017666169 -0.719481528 0.025398670 -0.006534156 0.694016337
1756241064563242240.000000 -0.700995505 1.957765937 0.015990708 -0.725057721 0.026890563 -0.008145712 0.688114762
1756241065096551936.000000 -0.689792216 2.021228552 0.016493946 -0.723835766 0.053787157 -0.031116564 0.687168539
1756241065629859072.000000 -0.692379892 2.076502800 0.015702188 -0.724335015 0.022665830 -0.003452388 0.689066887
1756241066163177728.000000 -0.690623701 2.136735916 0.013700483 -0.723523915 0.023503866 -0.005827281 0.689874470
1756241066696495104.000000 -0.687406540 2.196056366 0.013768592 -0.719465494 0.025703356 -0.005617116 0.694029689
1756241067263144448.000000 -0.685694158 2.261302471 0.013718071 -0.721267760 0.024734631 -0.004914810 0.692197144
1756241067829794560.000000 -0.683822155 2.323827028 0.016376764 -0.720572233 0.024258513 -0.005147397 0.692936361
1756241068363100928.000000 -0.681214213 2.381303549 0.016559802 -0.717259288 0.024092188 -0.004954684 0.696372151
1756241068929757952.000000 -0.679916322 2.442084789 0.019532099 -0.714520276 0.023126965 -0.004707165 0.699216604
1756241069463069696.000000 -0.679328799 2.503116369 0.020464433 -0.714438200 0.023525102 -0.008523601 0.699251056
1756241070029732352.000000 -0.676593184 2.572226286 0.024423145 -0.721687496 0.023572458 -0.008242720 0.691768467
1756241070563049728.000000 -0.675777197 2.635102749 0.025052955 -0.722732961 0.024737701 -0.012740152 0.690567017
1756241071129702912.000000 -0.663289011 2.701870918 0.027337976 -0.720420718 0.050123796 -0.033779465 0.690898359
1756241071696353792.000000 -0.657371581 2.766222954 0.028712489 -0.719198227 0.050586611 -0.033810899 0.692135632
1756241072263011584.000000 -0.650755584 2.830574274 0.030234102 -0.720660925 0.050539285 -0.033800941 0.690616429
1756241072763019776.000000 -0.644498944 2.890476704 0.031268563 -0.725116670 0.050856061 -0.036146719 0.685793638
1756241073296367360.000000 -0.636891186 2.947066069 0.034515407 -0.720058262 0.050467897 -0.034049854 0.691237867
1756241073796377344.000000 -0.630416691 3.003021955 0.036726147 -0.718697429 0.050941676 -0.032951545 0.692671001
1756241074263044864.000000 -0.624148250 3.056222916 0.038729124 -0.719579816 0.051740218 -0.033906471 0.691648901
1756241074763046912.000000 -0.617534637 3.114270449 0.041917097 -0.720115006 0.052303892 -0.034783646 0.691005647
1756241075263045120.000000 -0.610597312 3.174968243 0.040397726 -0.723494947 0.052740291 -0.032911077 0.687524855
1756241075763057152.000000 -0.604317486 3.235590935 0.038221613 -0.728170335 0.052675195 -0.036263704 0.682406187
1756241076263073536.000000 -0.615734518 3.232100010 0.038241204 -0.727324188 0.001729423 0.012902042 0.686170578
1756241079198350080.000000 -0.685430884 3.176553965 0.042660169 -0.642708957 -0.338553518 0.337737173 0.598531783
1756241081865563648.000000 -0.660378158 3.103460073 0.040727630 -0.431579649 -0.580383897 0.565824032 0.395899862
1756241084366131456.000000 -0.588681221 3.073890448 0.042875819 -0.158590138 -0.706432760 0.676598251 0.134226859
1756241084899582720.000000 -0.571366191 3.074831963 0.042057615 -0.094916217 -0.718616843 0.684968591 0.073476635
1756241085399689984.000000 -0.577084363 3.022454500 0.040944226 -0.081441067 -0.722943604 0.683295131 0.061868992
1756241085933145344.000000 -0.589277983 2.962880135 0.040651470 -0.082843252 -0.721603155 0.684347093 0.063992597
1756241087033400320.000000 -0.603142917 2.841304302 0.041037727 -0.058408219 -0.721835077 0.688494742 0.038957868
1756241087533516032.000000 -0.615997076 2.782154083 0.041309789 -0.071827374 -0.721433580 0.686870277 0.050830491
1756241089567301888.000000 -0.642129183 2.550874710 0.042871125 -0.047893625 -0.720652938 0.691107750 0.027123298
1756241092167928832.000000 -0.678682566 2.246693611 0.040736206 -0.056891903 -0.721940756 0.688541651 0.038410548
1756241094868588544.000000 -0.702714801 1.940965295 0.043310881 -0.030621102 -0.719833672 0.693381011 0.011163281
1756241097469185024.000000 -0.736724317 1.637307644 0.044099212 -0.051628459 -0.719769001 0.691557348 0.031866260
1756241100103152384.000000 -0.766705573 1.332193017 0.046219688 -0.046846926 -0.725691915 0.686070561 0.021996295
1756241102703791616.000000 -0.790410817 1.035802364 0.047518607 -0.041452482 -0.722659469 0.689798832 0.014923119
1756241105404465664.000000 -0.816574931 0.723638713 0.047265209 -0.039893366 -0.721524417 0.691083848 0.014636326
1756241107438356480.000000 -0.833791614 0.489603311 0.051143236 -0.042427797 -0.718082726 0.694477081 0.016086236
1756241110005703168.000000 -0.854425132 0.179941207 0.046577260 -0.048102710 -0.733638167 0.677381575 0.024806108
1756241110539166976.000000 -0.871572316 0.177028492 0.045708142 -0.104632869 -0.722605169 0.678874493 0.077609457
1756241111072621056.000000 -0.890704036 0.173492745 0.044529900 -0.169111475 -0.710945427 0.668579459 0.137693495
1756241113940036608.000000 -0.982631803 0.209288388 0.037264299 -0.472631544 -0.553467631 0.531605244 0.433230788
1756241115940527104.000000 -1.085707545 0.236834466 0.033436142 -0.549961030 -0.469518393 0.459481537 0.515724838
1756241118007650304.000000 -1.095610380 0.305451512 0.028478049 -0.678805768 -0.256556928 0.253141075 0.639781952
1756241120108069376.000000 -1.054192185 0.362375796 0.024809357 -0.726006031 -0.007873051 0.021872360 0.687295437
1756241121174970624.000000 -1.055109262 0.486140996 0.022741202 -0.731277943 0.022789292 -0.013772718 0.681559622
1756241121708424448.000000 -1.054389954 0.548607051 0.021830596 -0.731701314 0.023187684 -0.016762333 0.681024671
1756241122241875968.000000 -1.053133249 0.608302534 0.019932084 -0.728230000 0.022011515 -0.012182328 0.684871018
1756241122775331840.000000 -1.052359939 0.672358155 0.019007936 -0.730373502 0.023128148 -0.013621527 0.682520449
1756241123275452928.000000 -1.052569389 0.728462636 0.018144101 -0.728533685 0.021954106 -0.013359559 0.684527814
1756241123775568128.000000 -1.051978230 0.786032438 0.017527234 -0.727649570 0.021716939 -0.012645454 0.685488582
1756241124309017600.000000 -1.051491261 0.844517291 0.016873261 -0.724341512 0.022186182 -0.011390905 0.688990176
1756241124809117696.000000 -1.051061749 0.900501192 0.017217165 -0.722737730 0.022365427 -0.010830488 0.690675616
1756241125309210112.000000 -1.050521970 0.956245542 0.017164892 -0.722115517 0.022835681 -0.010855393 0.691310287
1756241125809308672.000000 -1.042944074 1.013634086 0.019272760 -0.717699051 0.047346570 -0.033321567 0.693942428
1756241126309411584.000000 -1.037743330 1.075311899 0.017927203 -0.724103808 0.047331836 -0.033008412 0.687272787
1756241126842850816.000000 -1.033047915 1.138627887 0.017676251 -0.724595666 0.048769165 -0.037575033 0.686418951
1756241127342945536.000000 -1.029998541 1.195598125 0.016667776 -0.724812806 0.045526940 -0.037109409 0.686437726
1756241127909729280.000000 -1.025514483 1.260848522 0.015435137 -0.724106431 0.044971697 -0.036793470 0.687236249
1756241128443176960.000000 -1.020097136 1.321846962 0.015593977 -0.723564208 0.044268522 -0.033712242 0.688010633
1756241128943293696.000000 -1.016793251 1.379593253 0.015927378 -0.722955167 0.044014998 -0.035423610 0.688580930
1756241129443411712.000000 -1.013478160 1.435182095 0.015879761 -0.720233679 0.043133639 -0.034608882 0.691523910
1756241129943532800.000000 -1.008804560 1.494231939 0.016325196 -0.721463561 0.042549148 -0.034229238 0.690295815
1756241130476997376.000000 -1.003614306 1.554771304 0.017631445 -0.722102761 0.042585406 -0.033193849 0.689675510
1756241130977104384.000000 -0.998244643 1.615743279 0.015977060 -0.723415434 0.042777598 -0.033609953 0.688266337
1756241131510549248.000000 -0.994021714 1.678500533 0.015033284 -0.724867225 0.042271473 -0.033630013 0.686767519
1756241132010682368.000000 -0.988036931 1.736953974 0.015914354 -0.726236641 0.043459114 -0.031404119 0.685350537
1756241132544159232.000000 -0.982561290 1.794552922 0.015782652 -0.721972942 0.043623213 -0.030144200 0.689886570
1756241133044280320.000000 -0.977877736 1.851672530 0.015638929 -0.722497582 0.041990027 -0.028043762 0.689527214
1756241133577743872.000000 -0.973674119 1.910374999 0.015732571 -0.719071627 0.042044729 -0.028127307 0.693092525
1756241134111202560.000000 -0.968136191 1.975805640 0.015162789 -0.724078536 0.043491814 -0.030561123 0.687666237
1756241134644664320.000000 -0.963016510 2.035075903 0.015536362 -0.723638535 0.044208545 -0.031769775 0.688028812
1756241135211478528.000000 -0.956825852 2.101758480 0.014016653 -0.724444509 0.044346020 -0.031351138 0.687190533
1756241135744952832.000000 -0.952107310 2.159027338 0.014591978 -0.720250249 0.044741526 -0.029781515 0.691629171
1756241136245085952.000000 -0.947181821 2.218748569 0.014822365 -0.723101974 0.045048483 -0.031263802 0.688561380
1756241136745219584.000000 -0.942137182 2.274241686 0.015209364 -0.721153677 0.045554485 -0.032153923 0.690527558
1756241137245354240.000000 -0.936638653 2.330988884 0.016055293 -0.722644329 0.046288602 -0.032225974 0.688915133
1756241137745487872.000000 -0.930775166 2.386133432 0.017782943 -0.720395088 0.046122525 -0.031280644 0.691321433
1756241138278963200.000000 -0.925254583 2.447328806 0.017715417 -0.721011162 0.046970397 -0.031912792 0.690592766
1756241138779097344.000000 -0.919209421 2.502923250 0.019538894 -0.720190406 0.047025237 -0.033272535 0.691380799
1756241139345921280.000000 -0.913299918 2.569109201 0.020684412 -0.721539974 0.046686456 -0.034422934 0.689938784
1756241139879387904.000000 -0.909225345 2.627689362 0.025167787 -0.720755398 0.045191389 -0.035755053 0.690790236
1756241140379504640.000000 -0.903424680 2.687194586 0.025631055 -0.723259151 0.044615325 -0.034804221 0.688254595
1756241140879624192.000000 -0.898379862 2.740310669 0.028494405 -0.720108569 0.043464843 -0.032580927 0.691731870
1756241141379743488.000000 -0.892461777 2.798519135 0.029046275 -0.720607758 0.044517078 -0.031705115 0.691185653
1756241141913199616.000000 -0.885724962 2.858886957 0.029871102 -0.721237004 0.045638036 -0.032887705 0.690400481
1756241142413314048.000000 -0.879041016 2.917948484 0.031006727 -0.724269986 0.043851245 -0.030700093 0.687435508
1756241142946764032.000000 -0.873313308 2.976610899 0.031906813 -0.720059335 0.044181064 -0.029342331 0.691882730
1756241143480210432.000000 -0.868179381 3.039806366 0.032658547 -0.722485423 0.042042580 -0.029408315 0.689479828
1756241144013670912.000000 -0.862940252 3.098336935 0.033231869 -0.718882263 0.041837744 -0.028742531 0.693276227
1756241144513791232.000000 -0.857630432 3.154915333 0.034850352 -0.719110847 0.040083408 -0.028548241 0.693150699
1756241145013917952.000000 -0.852010846 3.216151476 0.036085524 -0.723709226 0.039416097 -0.028102349 0.688405097
1756241145547388672.000000 -0.847195387 3.279505968 0.035675496 -0.725754857 0.040003262 -0.027707124 0.686230302
1756241146047507968.000000 -0.842539132 3.336772680 0.036624022 -0.725233734 0.039933544 -0.025352206 0.686876059
1756241146580967168.000000 -0.837799191 3.399272442 0.036363501 -0.728251278 0.038137224 -0.024288135 0.683817029
1756241147081073408.000000 -0.849290073 3.392128468 0.038064178 -0.724780381 -0.012025640 0.024541443 0.688437819
1756241149149718016.000000 -0.893807054 3.339045048 0.036792740 -0.681251287 -0.254615843 0.255647182 0.636955261
1756241151184212736.000000 -0.976195097 3.293208361 0.039018251 -0.555306613 -0.472052366 0.457997382 0.508959293
1756241151550881792.000000 -1.014001250 3.286785126 0.038282502 -0.524282515 -0.505913317 0.488419265 0.480235636
1756241151917557248.000000 -1.052882910 3.275053263 0.038697336 -0.492182404 -0.537624419 0.517071486 0.448724508
1756241152150891776.000000 -1.075213075 3.264658213 0.040367611 -0.469782472 -0.555708647 0.535063744 0.429184258
1756241154117566464.000000 -1.217884183 3.117396832 0.039082095 -0.262665302 -0.676050067 0.647137761 0.234895766
1756241154950898432.000000 -1.242029071 3.034882784 0.040396068 -0.166673481 -0.704348624 0.675099432 0.142666623
1756241155517550592.000000 -1.245151043 2.974429846 0.039604288 -0.097743675 -0.718569934 0.684055805 0.078556933
1756241156050871552.000000 -1.238179564 2.918375015 0.039172918 -0.033577006 -0.725491643 0.687217891 0.016312484
1756241156584176128.000000 -1.222807527 2.865613699 0.038623065 0.030965870 -0.724778295 0.686703086 -0.046651930
1756241157050836992.000000 -1.202753186 2.821878672 0.038510170 0.086860374 -0.721108437 0.680020809 -0.100147970
1756241157617482752.000000 -1.167629838 2.771482706 0.036122821 0.153964013 -0.707559228 0.669905365 -0.163957104
1756241158117465600.000000 -1.130205750 2.734926224 0.035474978 0.214002505 -0.694708228 0.651588202 -0.216832235
1756241158650766848.000000 -1.094507575 2.684250116 0.035195090 0.211468875 -0.693813384 0.654214323 -0.214260548
1756241159217395200.000000 -1.061426878 2.623329639 0.037345495 0.185096622 -0.701028049 0.662298024 -0.188839540
1756241159750693120.000000 -1.036744356 2.559905291 0.038434751 0.151508793 -0.710658312 0.668981969 -0.156438872
1756241160350667776.000000 -1.009758115 2.491438150 0.037077740 0.134334117 -0.715270936 0.671271801 -0.140485302
1756241160917322496.000000 -1.003853917 2.415344238 0.037551887 0.062613517 -0.722008705 0.684967458 -0.074850030
1756241161450641920.000000 -0.993746877 2.353440762 0.038429372 0.054277603 -0.723086655 0.685377061 -0.066767745
1756241162017307904.000000 -0.992891192 2.282768965 0.039309863 0.011299103 -0.724235952 0.688922346 -0.027216878
1756241162550629888.000000 -0.991929233 2.218155146 0.039272718 0.003110928 -0.725475848 0.687978685 -0.018988367
1756241163050628864.000000 -1.000132680 2.155348778 0.040412284 -0.041462399 -0.725392997 0.686626434 0.025101149
1756241165654422528.000000 -1.071241736 1.851308584 0.043178838 -0.083391294 -0.722318649 0.683646023 0.062689081
1756241168454324224.000000 -1.111644626 1.532011986 0.043065328 -0.047639899 -0.725053072 0.686598361 0.024723979
1756241170620938240.000000 -1.138587594 1.281701565 0.044510700 -0.047551814 -0.725906312 0.685711205 0.024476962
1756241173420812800.000000 -1.168487072 0.957245588 0.050700478 -0.048137687 -0.724428773 0.687221527 0.024747198
1756241176187418112.000000 -1.202387214 0.634265602 0.049384288 -0.045942176 -0.723703742 0.688088715 0.026005153
1756241178920733952.000000 -1.222362995 0.317886710 0.046410531 -0.035436694 -0.719566464 0.693403244 0.012662761
1756241180021375232.000000 -1.256637692 0.301369518 0.044896603 -0.156813622 -0.705821037 0.679803610 0.122854300
1756241180522197248.000000 -1.274093628 0.300532699 0.044803910 -0.215814501 -0.691717446 0.665915370 0.177504450
1756241183056222976.000000 -1.352773786 0.339998096 0.038289420 -0.482261509 -0.544662952 0.534879744 0.429732323
1756241185956889856.000000 -1.518422365 0.361231267 0.034187473 -0.590348721 -0.426970333 0.420936704 0.540367544
1756241188459741440.000000 -1.515419245 0.437553585 0.020537168 -0.710449278 -0.153481379 0.157927930 0.668404102
1756241190060108544.000000 -1.478815556 0.472674578 0.022683319 -0.717828155 0.027003260 -0.015092079 0.695532858
1756241190626767104.000000 -1.476612329 0.548069239 0.019445386 -0.728371084 0.026657697 -0.013035385 0.684539974
1756241191160108288.000000 -1.466550589 0.613364577 0.018223198 -0.727882564 0.052394394 -0.034985933 0.682801425
1756241191693440256.000000 -1.460853219 0.673919499 0.017692279 -0.725982368 0.052210141 -0.034170508 0.684876740
1756241192226790400.000000 -1.456249714 0.732777297 0.016876724 -0.724342525 0.050403256 -0.031837836 0.686857998
1756241192793465856.000000 -1.450553894 0.797622263 0.016205635 -0.724310637 0.050999962 -0.031133438 0.686879814
1756241193326801920.000000 -1.446235180 0.855231464 0.015602116 -0.720004380 0.050075773 -0.032679435 0.691388667
1756241193860134912.000000 -1.442734957 0.913865864 0.017556192 -0.719065726 0.047014330 -0.030071609 0.692697525
1756241194393461504.000000 -1.438363194 0.979544342 0.016278548 -0.725836873 0.045720369 -0.028413801 0.685757458
1756241194960130816.000000 -1.433512926 1.045863748 0.016458236 -0.727467656 0.047728617 -0.030057011 0.683819711
1756241195526795008.000000 -1.429079413 1.111549973 0.015705265 -0.727474213 0.046454299 -0.030261818 0.683891475
1756241196027853568.000000 -1.424600840 1.169115543 0.014997267 -0.726113439 0.046576686 -0.028643869 0.685397327
1756241196562601728.000000 -1.420915127 1.230659604 0.014398066 -0.727257609 0.046302047 -0.027856002 0.684234321
1756241197095906048.000000 -1.416342020 1.289130926 0.015012066 -0.723946273 0.046845216 -0.027709559 0.687706053
1756241199730438656.000000 -1.467608571 1.239029527 0.017248930 -0.681847751 -0.249888808 0.256773233 0.637735665
1756241202495681280.000000 -1.520060897 1.176957488 0.021449801 -0.535899222 -0.481423974 0.483761698 0.497008711
1756241203028756736.000000 -1.586063862 1.180529118 0.019483570 -0.537880063 -0.483042449 0.481198221 0.495785594
1756241203595123712.000000 -1.584511876 1.166992307 0.021731040 -0.499245048 -0.522140324 0.517664313 0.458418548
1756241206295750656.000000 -1.516505957 1.111763239 0.045081645 -0.220673993 -0.688560784 0.664002538 0.190493330
1756241207395483136.000000 -1.475025773 1.114884496 0.046042807 -0.088540487 -0.717354774 0.687523305 0.069817431
1756241207928695552.000000 -1.469177842 1.086041927 0.045402870 -0.052491400 -0.723701179 0.687101781 0.037315987
1756241210228165888.000000 -1.508078933 0.815977812 0.050070018 -0.053760521 -0.726620793 0.684190035 0.031877119
1756241212428839168.000000 -1.524039268 0.563274860 0.049874417 -0.031213066 -0.725598931 0.687198520 0.017034369
1756241214029632512.000000 -1.525403976 0.379912883 0.046702400 -0.013799081 -0.724834979 0.688769341 -0.004559396
1756241215566343680.000000 -1.555179477 0.305941582 0.045784712 -0.124150828 -0.715102255 0.680812776 0.098536141
1756241216066628608.000000 -1.571942925 0.305391937 0.045003090 -0.180448294 -0.700660706 0.673282206 0.152329087
1756241216533266176.000000 -1.588587761 0.306361765 0.044375900 -0.235103399 -0.684272051 0.659521282 0.203788832
1756241219066577408.000000 -1.647626042 0.353884697 0.036654089 -0.490441740 -0.530107439 0.521636128 0.454256296
1756241219599937536.000000 -1.651692510 0.356644839 0.037244253 0.499653697 0.513433635 -0.515698671 -0.469879925
1756241220133257472.000000 -1.721335292 0.352085024 0.036623292 -0.501156271 -0.516268671 0.514361978 0.466627032
1756241220699888896.000000 -1.762811065 0.354178548 0.037367776 -0.513197601 -0.503521740 0.504650533 0.477934986
1756241221766521088.000000 -1.780611753 0.388144433 0.036192268 -0.599054635 -0.407048345 0.408928275 0.555178165
1756241223699788800.000000 -1.792681813 0.445741057 0.025381567 -0.699232996 -0.197435498 0.209268406 0.654445708
1756241225933078784.000000 -1.754995704 0.521598101 0.021073766 -0.728464305 0.017925287 0.003245804 0.684841454
1756241226499737344.000000 -1.757555485 0.584715188 0.021208074 -0.727351069 0.015716858 0.002915308 0.686079443
1756241227099734272.000000 -1.760219455 0.652759314 0.020477384 -0.726242363 0.014229155 0.001685536 0.687289417
1756241227666387200.000000 -1.762423277 0.714799523 0.019787960 -0.725655079 0.011761851 0.004739648 0.687941909
1756241228199708160.000000 -1.761693835 0.775953710 0.019086346 -0.723873436 0.022065768 -0.005558671 0.689557493
1756241228766349056.000000 -1.761312604 0.840099156 0.019350745 -0.724426329 0.022678891 -0.005680922 0.688955784
1756241229299669248.000000 -1.762145281 0.902707934 0.018247163 -0.726783752 0.022201139 -0.004309745 0.686493993
1756241229866315264.000000 -1.762637854 0.963767529 0.018109903 -0.723151147 0.022706762 -0.003704984 0.690306544
1756241230399631872.000000 -1.764270067 1.026216388 0.017010991 -0.724929988 0.020455848 -0.005854006 0.688493907
1756241230899932672.000000 -1.765474319 1.084032059 0.016452074 -0.724735796 0.020315588 -0.007264316 0.688689053
1756241231434078208.000000 -1.764992714 1.145016074 0.016513553 -0.725004792 0.020702947 -0.006366589 0.688403189
1756241233434843136.000000 -1.802109599 1.140113473 0.018542994 -0.703989625 -0.174288526 0.183711648 0.663530111
1756241234968565248.000000 -1.880479336 1.170645237 0.019806579 -0.634879053 -0.350226372 0.349475682 0.593411148
1756241235502056704.000000 -1.879580259 1.154501438 0.021267295 -0.602387309 -0.403227985 0.400830895 0.560242176
1756241236002187520.000000 -1.922039390 1.146644473 0.022609513 -0.561196446 -0.454969406 0.452554137 0.522739053
1756241236468966400.000000 -1.971977472 1.136046290 0.022385234 -0.524832129 -0.498167396 0.491234839 0.484838843
1756241236802379008.000000 -2.001728058 1.125488400 0.022742245 -0.502274513 -0.527332067 0.511206865 0.456408650
1756241237202473472.000000 -1.991557837 1.117923141 0.026385244 -0.468907773 -0.552655101 0.541402102 0.426123947
1756241237535885056.000000 -1.982650161 1.107250571 0.028226797 -0.438620687 -0.578471541 0.562221408 0.396093100
1756241240069804032.000000 -2.004380941 0.945013225 0.033246927 -0.155828103 -0.702578664 0.682599306 0.127118707
1756241240603270912.000000 -2.005473614 0.890355408 0.034642305 -0.092534997 -0.713468432 0.690838575 0.071709119
1756241241136741888.000000 -2.019265413 0.830564976 0.036168002 -0.091150299 -0.713199198 0.691378951 0.070948936
1756241241603529984.000000 -2.015595675 0.780531168 0.037795424 -0.042588089 -0.720281124 0.691831112 0.027405832
1756241242537070848.000000 -2.020272732 0.672897458 0.039400667 -0.029436028 -0.722156286 0.690891325 0.017120095
1756241243003854592.000000 -2.023732424 0.619161904 0.039686240 -0.019124260 -0.722667336 0.690910578 0.005363521
1756241243537330432.000000 -2.006146431 0.571361780 0.040628731 0.046236187 -0.717828274 0.692347527 -0.056919415
1756241244037450496.000000 -1.981047273 0.528057754 0.042741358 0.107877001 -0.714039981 0.682375491 -0.113460548
1756241244470882816.000000 -1.952382803 0.492904723 0.045098521 0.159719020 -0.705897629 0.670378268 -0.163680971
1756241244904316416.000000 -1.919194341 0.462569892 0.045003191 0.209761426 -0.692518473 0.657604456 -0.209701672
1756241245371091968.000000 -1.886204362 0.427513242 0.046714589 0.231378451 -0.683837056 0.651312649 -0.233715162
1756241245871208704.000000 -1.851901293 0.382133424 0.046623383 0.230874568 -0.684512496 0.650197208 -0.235336363
1756241246371324416.000000 -1.813793540 0.347895294 0.047434736 0.261123478 -0.672553539 0.639249384 -0.266170204
1756241246904783360.000000 -1.769549489 0.313015699 0.047576357 0.283533156 -0.663008034 0.629595995 -0.289202839
1756241247404901632.000000 -1.727189541 0.274210989 0.047201738 0.283313304 -0.664290011 0.628570139 -0.288707525
1756241247938364160.000000 -1.680364847 0.241119146 0.046858989 0.306317747 -0.655275226 0.618074417 -0.307843983
1756241248438486784.000000 -1.631666780 0.214087561 0.045493394 0.336387426 -0.643052816 0.603095353 -0.331062943
1756241248971946752.000000 -1.576421022 0.191569820 0.043480329 0.366865218 -0.627847135 0.587446332 -0.355140418
1756241249505401856.000000 -1.523904085 0.163364515 0.042245865 0.365938932 -0.627475619 0.589058280 -0.354081094
1756241250006276096.000000 -1.473959804 0.137976840 0.040183634 0.364740074 -0.623827577 0.592254698 -0.356424361
1756241250574563072.000000 -1.413275838 0.124913074 0.039352767 0.401571721 -0.599604785 0.571718037 -0.390323818
1756241251074930688.000000 -1.346698642 0.125568554 0.035264172 0.421616495 -0.582973599 0.560213983 -0.410538316
1756241251608256512.000000 -1.259567976 0.145040885 0.026149303 0.414517343 -0.586432576 0.566363513 -0.404357016
1756241252208252160.000000 -1.161099792 0.211623132 0.015784316 0.411687613 -0.586377263 0.570531785 -0.401458144
1756241252541577216.000000 -1.127106071 0.271714389 0.014670460 0.411574155 -0.584908664 0.572871804 -0.400382936
1756241252808237312.000000 -1.117783666 0.350782543 0.020248478 0.421037167 -0.578697622 0.567834079 -0.406695455
1756241253041568256.000000 -1.152957797 0.459905684 0.032573000 0.422500819 -0.576536179 0.569157064 -0.406398147
1756241253374894080.000000 -1.385371685 0.676847041 0.076798044 0.419983417 -0.575098217 0.572454512 -0.406413317
1756241253741545728.000000 -1.535660982 0.847202837 0.107450761 0.421859562 -0.575491369 0.571917474 -0.404666066
1756241254041540352.000000 -1.713502407 0.982702971 0.149785459 0.421387732 -0.574295282 0.573460221 -0.404673696
1756241254341528832.000000 -1.925529718 1.153058648 0.202410296 0.418993622 -0.572342753 0.576245368 -0.405967355
1756241254674843648.000000 -2.166769028 1.396361113 0.250678718 -0.422128618 0.568053186 -0.573782921 0.412184596
1756241254908174336.000000 -2.364228010 1.591450691 0.275890321 -0.438877821 0.554914892 -0.564044595 0.425804377
1756241255041506048.000000 -2.482827187 1.699884653 0.293486834 -0.437323600 0.554311633 -0.564368367 0.427755922
1756241255208169216.000000 -2.636856794 1.845708013 0.315535426 -0.435531974 0.553524613 -0.567016900 0.427099973
1756241255374829568.000000 -2.779607058 1.999057174 0.347227871 -0.433562130 0.554948926 -0.566670835 0.427714586
1756241255541489408.000000 -2.941636086 2.145542383 0.380806714 -0.433064461 0.553903461 -0.567997813 0.427813798
1756241255708147200.000000 -3.116221666 2.303927898 0.413142234 -0.432851583 0.552899420 -0.569744170 0.427005023
1756241255874814976.000000 -3.302639246 2.473839521 0.448376268 -0.432145685 0.551472127 -0.570835292 0.428106993
1756241256041481216.000000 -3.488369703 2.644080639 0.485011816 -0.430724323 0.550624669 -0.571957052 0.429131925
1756241256174812160.000000 -3.626140594 2.768436432 0.517139137 -0.430213243 0.550507545 -0.572162449 0.429520816
1756241256308142848.000000 -3.772227764 2.902993202 0.549023032 -0.430048853 0.549681127 -0.572772920 0.429930091
1756241256408140288.000000 -3.891935825 3.018046618 0.574901104 -0.431116432 0.550306797 -0.571572363 0.429658294
1756241256541469184.000000 -4.057205200 3.172517061 0.610120177 -0.429006875 0.549309731 -0.573387086 0.430626661
1756241256641463808.000000 -4.181224823 3.288621664 0.637844324 -0.430171758 0.547387958 -0.573864460 0.431275338
1756241256808130560.000000 -4.402164459 3.481727362 0.681005001 -0.429359943 0.547320545 -0.573949158 0.432056248
1756241256908131840.000000 -4.543527603 3.610876799 0.711755931 -0.430375904 0.547155857 -0.573439181 0.431931198
1756241257008131584.000000 -4.698978424 3.752905607 0.747030079 -0.429930061 0.546245635 -0.573454201 0.433504641
1756241257108131584.000000 -4.863965511 3.903483152 0.784046113 -0.426858991 0.544955492 -0.575113654 0.435957938
1756241257241464320.000000 -5.097779751 4.115694523 0.834161699 -0.425965458 0.544712901 -0.575559258 0.436546475
1756241257374796032.000000 -5.350220203 4.341826916 0.886248529 -0.425486445 0.544668198 -0.575138748 0.437622428
1756241257541457920.000000 -5.690306664 4.650739670 0.955675721 -0.424744576 0.544621825 -0.575585127 0.437813640
1756241257674787584.000000 -5.992177963 4.926289082 1.019749999 -0.423596770 0.544299185 -0.576328814 0.438348472
1756241257841452544.000000 -6.407157898 5.308572292 1.114615083 -0.427111030 0.540862858 -0.574367762 0.441752434
1756241258074780672.000000 -7.040813923 5.906410694 1.263771415 -0.445299625 0.523911059 -0.560277581 0.461859912
1756241258308106240.000000 -7.715122223 6.568760395 1.441373467 -0.444117904 0.525037766 -0.563121796 0.458245069
1756241258441432832.000000 -8.106654167 6.985304356 1.551672220 -0.446406215 0.523468792 -0.564467967 0.456155419
1756241258541427200.000000 -8.395521164 7.313336849 1.640226364 -0.448626190 0.521932900 -0.565735340 0.454163283
1756241258774752768.000000 -9.066077232 8.113413811 1.858048916 -0.455268890 0.519086540 -0.561467111 0.456107527
1756241258908087808.000000 -9.449024200 8.604987144 1.990255952 -0.471259326 0.505779266 -0.550512731 0.468014568
1756241259008088832.000000 -9.730946541 8.989128113 2.093441010 -0.472542435 0.505765080 -0.551211715 0.465908825
1756241259274755072.000000 -10.492467880 10.050446510 2.370739222 -0.473643631 0.505302012 -0.553295434 0.462812990
1756241259474752512.000000 -11.073312759 10.886634827 2.579449415 -0.474805593 0.505070090 -0.554239213 0.460741490
1756241259674746624.000000 -11.660171509 11.772304535 2.800120354 -0.473377496 0.502914310 -0.555896878 0.462568492
1756241259808078848.000000 -12.059403419 12.392207146 2.956178427 -0.484750628 0.494466811 -0.547096312 0.470324278
1756241260141404160.000000 -13.114073753 14.005867958 3.343651533 -0.483428746 0.493301928 -0.548067808 0.471774906
1756241260341396224.000000 -13.786903381 15.022815704 3.573464155 -0.484717071 0.491690785 -0.548253417 0.471919090
1756241260408059904.000000 -14.019291878 15.369777679 3.650045872 -0.483819306 0.490553290 -0.548599720 0.473618656
1756241260741376256.000000 -15.228968620 17.167655945 4.027614117 -0.485567510 0.489221603 -0.549291968 0.472403258
1756241260841377280.000000 -15.610593796 17.727952957 4.139631748 -0.485671103 0.487675548 -0.549389660 0.473779649
1756241261008043264.000000 -16.262834549 18.683261871 4.324463844 -0.487475693 0.485817134 -0.549711287 0.473462552
1756241261074709504.000000 -16.530790329 19.072671890 4.398209572 -0.487198651 0.484012306 -0.549943984 0.475322247
1756241261274706944.000000 -17.358627319 20.266628265 4.616685390 -0.487772614 0.481757551 -0.550532460 0.476341903
1756241300317699072.000000 -0.026526947 0.148645058 0.121100359 -0.636623442 -0.350410014 0.359038234 0.585674882
1756241300584355072.000000 -0.026604047 0.138674363 0.121326730 -0.619342744 -0.377966940 0.385654360 0.569935441
1756241300851107584.000000 -0.026019968 0.129420832 0.121252127 -0.601483822 -0.405256629 0.410279959 0.552860379
1756241301118021632.000000 -0.025402563 0.120729007 0.121509247 -0.582784772 -0.431072295 0.433490098 0.535373688
1756241301384944896.000000 -0.049288854 0.115660034 0.121673927 -0.559782207 -0.462415159 0.461509049 0.509730816
1756241301651874816.000000 -0.079895288 0.118911065 0.121795803 -0.558023334 -0.461428195 0.462974787 0.511222363
1756241301918628096.000000 -0.113633901 0.123568371 0.121313058 -0.559758961 -0.462918848 0.462007463 0.508847058
1756241302185262592.000000 -0.148281217 0.127140716 0.120667674 -0.562120318 -0.467077911 0.458559096 0.505551636
1756241302451889664.000000 -0.181045607 0.131391481 0.120280698 -0.562738895 -0.466674209 0.456890970 0.506745398
1756241302718511104.000000 -0.212039188 0.135215893 0.119767621 -0.562140346 -0.466184229 0.456676930 0.508051872
1756241305284850432.000000 -0.508248806 0.170501307 0.118425854 -0.564050853 -0.461752594 0.449358791 0.516437769
1756241307886278912.000000 -0.812540531 0.222980574 0.113452360 -0.576863885 -0.448507994 0.434464365 0.526601851
1756241310653329152.000000 -1.105669618 0.267139941 0.111713089 -0.568869531 -0.448063970 0.441271842 0.530005097
1756241311920185856.000000 -1.252870440 0.291151643 0.111971550 -0.569051743 -0.449343652 0.439160973 0.530479074
1756241312386918656.000000 -1.309126735 0.298610240 0.111589916 -0.565307379 -0.455802590 0.444425613 0.524554491
1756241312686958592.000000 -1.343347430 0.298188061 0.110869303 -0.554571092 -0.469474971 0.455756336 0.514130771
1756241313553748480.000000 -1.446154714 0.309603184 0.110613540 -0.555593729 -0.468825430 0.457054108 0.512464643
1756241314353858816.000000 -1.539715052 0.318473220 0.110836007 -0.554603934 -0.468053132 0.459007949 0.512496293
1756241316454153472.000000 -1.788462996 0.340686262 0.113026157 -0.554378390 -0.466153026 0.460804224 0.512860000
1756241316954321408.000000 -1.849422574 0.345473021 0.111981146 -0.555157423 -0.469588310 0.458974808 0.510518610
1756241317387963136.000000 -1.901599526 0.350160480 0.110674530 -0.556123793 -0.468249768 0.457325369 0.512173712
1756241317888292352.000000 -1.918430328 0.359926105 0.109289020 -0.583879232 -0.432718933 0.425385714 0.539338768
1756241318288398080.000000 -1.920901418 0.374754339 0.108062319 -0.611350238 -0.391726106 0.388978451 0.567007244
1756241319588727040.000000 -1.916721463 0.419729859 0.105308399 -0.681842327 -0.250395805 0.256604314 0.637610614
1756241320655659008.000000 -1.899327755 0.454325080 0.103883006 -0.717055023 -0.124733523 0.138993710 0.671531439
1756241321222472192.000000 -1.886636376 0.469745368 0.102588058 -0.726607025 -0.057344269 0.073828734 0.680663884
1756241321722603520.000000 -1.872887731 0.478652716 0.103220955 -0.728351533 0.003362962 0.016603431 0.684994221
1756241322222714624.000000 -1.858140469 0.486585945 0.103328772 -0.726264238 0.062656932 -0.040901661 0.683331192
1756241322722821632.000000 -1.844354033 0.495221853 0.100359067 -0.718242109 0.122014485 -0.100508898 0.677597761
1756241323256267264.000000 -1.827541232 0.508871496 0.093248472 -0.704216540 0.185908735 -0.159111395 0.666483819
1756241323789712896.000000 -1.804048777 0.543244541 0.075331368 -0.682352066 0.250417233 -0.217679694 0.651385069
1756241324256496896.000000 -1.793913603 0.567222118 0.068177320 -0.660041511 0.303458571 -0.270728260 0.631636322
1756241324723280896.000000 -1.782883286 0.573166370 0.055772103 -0.632433355 0.355060905 -0.321230948 0.608909369
1756241325123383296.000000 -1.772319317 0.570601940 0.048488323 -0.606953323 0.397318423 -0.360535085 0.586310685
1756241325623512576.000000 -1.756757021 0.573311985 0.046817005 -0.568535268 0.447988987 -0.409073770 0.555636644
1756241326156982784.000000 -1.749611855 0.560924232 0.044257168 -0.525612056 0.497364253 -0.457501769 0.516771734
1756241326423717888.000000 -1.745538712 0.552186251 0.041135002 0.502674162 -0.521170497 0.479531407 -0.495731473
1756241326623770112.000000 -1.742342472 0.546633840 0.042050965 0.483913660 -0.531206369 0.496389151 -0.487078190
1756241326823820800.000000 -1.711422443 0.546189368 0.039113250 0.490607649 -0.536613584 0.491425008 -0.479428381
1756241327057213184.000000 -1.684211135 0.546256244 0.039067492 0.489568204 -0.535086513 0.492126763 -0.481473505
1756241327257263104.000000 -1.657633305 0.545603514 0.037969209 0.490242273 -0.537148416 0.491434216 -0.479193509
1756241327523997696.000000 -1.624952912 0.549038291 0.037141986 0.504300237 -0.528643310 0.479168892 -0.486430436
1756241328024118272.000000 -1.566694975 0.553587675 0.035986312 0.509803414 -0.521089375 0.474733502 -0.493147522
1756241328357526784.000000 -1.528006196 0.554057121 0.035228472 0.510446131 -0.521313548 0.473773688 -0.493168861
1756241328857640704.000000 -1.473713279 0.554781377 0.035753667 0.507680416 -0.518368244 0.475356162 -0.497585654
1756241329291075840.000000 -1.424794197 0.554390430 0.035850231 -0.505752921 0.517350197 -0.475842416 0.500136852
1756241329791193088.000000 -1.368282914 0.555164039 0.035674691 -0.504872024 0.515354276 -0.476447821 0.502505362
1756241330124600832.000000 -1.329062343 0.554334223 0.035645936 -0.504088998 0.514903009 -0.476723135 0.503492117
1756241330491348992.000000 -1.286893249 0.555075049 0.036023721 -0.503916681 0.516254425 -0.476490736 0.502499759
1756241330958117120.000000 -1.231631994 0.555662572 0.035884067 -0.504761755 0.515446961 -0.476697743 0.502284050
1756241331324860672.000000 -1.189223647 0.556327045 0.035098389 -0.504481316 0.514914930 -0.476606786 0.503197074
1756241331691603200.000000 -1.146806240 0.557508051 0.035363525 -0.507243991 0.513939738 -0.473903745 0.503969014
1756241332058358784.000000 -1.105845332 0.558445573 0.035648376 -0.505818486 0.511821449 -0.475352377 0.506188393
1756241332558484992.000000 -1.047661901 0.560778379 0.034588225 -0.510530412 0.513715267 -0.471643031 0.502999246
1756241332991922688.000000 -0.998389602 0.562221050 0.034499846 -0.512697577 0.512231350 -0.468338698 0.505390167
1756241333458695424.000000 -0.947056830 0.564212859 0.034437098 -0.514626443 0.511949062 -0.466173768 0.505717158
1756241333892131072.000000 -0.898192525 0.565853953 0.034068711 -0.513219655 0.511519194 -0.464973569 0.508678138
1756241334292238592.000000 -0.856107652 0.568544686 0.033728428 -0.514739394 0.509114265 -0.463239163 0.511131704
1756241334692346880.000000 -0.811156631 0.570626676 0.033622798 -0.513619006 0.509273648 -0.463531524 0.511834443
1756241335059102208.000000 -0.767057538 0.575105071 0.033393398 -0.513048410 0.509117126 -0.465620071 0.510665417
1756241335459195136.000000 -0.721668780 0.577587068 0.034508936 -0.511664808 0.508275330 -0.466747016 0.511861920
1756241335859288832.000000 -0.668782413 0.572333455 0.034665376 0.492439240 -0.529063940 0.485168159 -0.492145032
1756241336326070016.000000 -0.612499654 0.570951581 0.033816494 0.496663570 -0.527531862 0.481113344 -0.493523568
1756241336726168320.000000 -0.563345432 0.572737515 0.033742890 0.498586357 -0.530218124 0.480542839 -0.489243209
1756241337126270208.000000 -0.515292704 0.572959721 0.033043459 0.499794722 -0.531160593 0.480617493 -0.486909121
1756241337493031168.000000 -0.473345071 0.573947072 0.033011861 0.499041557 -0.530659258 0.482499629 -0.486366510
1756241338026495488.000000 -0.413149446 0.574528277 0.031950839 0.499637753 -0.529179931 0.485368043 -0.484508634
1756241338426586368.000000 -0.368980914 0.576186061 0.033432275 0.499344051 -0.528374851 0.488045692 -0.482997805
1756241338860019200.000000 -0.321696907 0.576926947 0.034041673 0.499113947 -0.529381454 0.487943560 -0.482236117
1756241339360140288.000000 -0.269949675 0.576141775 0.035097718 0.498549044 -0.530457497 0.488618106 -0.480953366
1756241339860262400.000000 -0.264145821 0.583652794 0.035397641 -0.527135313 0.502175927 -0.460747361 0.507601798
1756241340227023360.000000 -0.269562364 0.591922700 0.036806874 -0.556426227 0.469929248 -0.428725749 0.534556448
1756241340593785088.000000 -0.279147744 0.600490570 0.037305061 -0.583905876 0.435560763 -0.396044910 0.559007406
1756241340960547584.000000 -0.288900793 0.606724441 0.037791237 -0.608746827 0.397488594 -0.363079131 0.582755268
1756241341293967104.000000 -0.296325237 0.609732330 0.037495591 -0.628939748 0.362515122 -0.330312997 0.603250265
1756241341594044928.000000 -0.296475589 0.618048310 0.039129488 -0.640792608 0.324513823 -0.297663361 0.628865778
1756241341994148608.000000 -0.276599139 0.645748019 0.039052017 -0.663592279 0.282628894 -0.252588242 0.644953847
1756241342360910848.000000 -0.263321370 0.674202323 0.041088730 -0.679834843 0.242159277 -0.210214883 0.659540176
1756241342861039872.000000 -0.261784196 0.697170615 0.040692762 -0.693377674 0.190642282 -0.161291599 0.675920129
1756241343394499072.000000 -0.276511014 0.699751019 0.040594585 -0.710049152 0.126596406 -0.101964168 0.685132802
1756241343927958272.000000 -0.289949507 0.694323540 0.039757386 -0.717192709 0.061362658 -0.040890224 0.692962706
1756241344428077568.000000 -0.305591285 0.683636963 0.042573452 -0.720383346 0.000798423 0.016051529 0.693389952
1756241344994881280.000000 -0.311544120 0.629079878 0.047583714 -0.718115568 -0.068801776 0.078996964 0.687994063
1756241345528346880.000000 -0.324372798 0.613913596 0.048507549 -0.708868563 -0.131834432 0.138104767 0.679008245
1756241346061808896.000000 -0.334894925 0.598392189 0.047838934 -0.694396079 -0.195298389 0.197443441 0.663843989
1756241348495699456.000000 -0.336420834 0.528069496 0.047152810 -0.566177785 -0.452796280 0.440012395 0.529912531
1756241351029636096.000000 -0.609977365 0.553484261 0.044195443 -0.538342834 -0.473682821 0.475966603 0.509183168
1756241353896981504.000000 -0.951543570 0.567296803 0.045066141 -0.527467012 -0.497477621 0.487625808 0.486328810
1756241356430931200.000000 -1.260010600 0.582993269 0.050261762 -0.538110435 -0.488647819 0.481781840 0.489435256
1756241356864368896.000000 -1.309762120 0.585016072 0.050636794 -0.537143230 -0.486858755 0.483634263 0.490452468
1756241357397815808.000000 -1.373922348 0.585277617 0.050278619 -0.536080241 -0.488786787 0.482917428 0.490404218
1756241357931265792.000000 -1.438117623 0.587226331 0.049298454 -0.535399199 -0.490353763 0.482426524 0.490066946
1756241358431390976.000000 -1.498376131 0.587319314 0.047944061 -0.533687890 -0.490608662 0.482077986 0.492017478
1756241358864831232.000000 -1.549601912 0.588210762 0.048066352 -0.532728553 -0.491580933 0.481792837 0.492365956
1756241359331601920.000000 -1.603778720 0.588543713 0.049855128 -0.531130672 -0.490632981 0.483077079 0.493777364
1756241359831713536.000000 -1.663316965 0.589768887 0.049975663 -0.530592561 -0.490075707 0.484478563 0.493536174
1756241360298499072.000000 -1.721086144 0.589910805 0.049153976 -0.530919492 -0.486346602 0.485405624 0.495956630
1756241360765285376.000000 -1.780296445 0.590879917 0.049941957 -0.533195257 -0.486386925 0.484055609 0.494793564
1756241361232065024.000000 -1.840971470 0.592892826 0.049423888 -0.536351502 -0.487999946 0.481613845 0.492169887
1756241361698844160.000000 -1.899416089 0.594828784 0.049450450 -0.537388384 -0.489656717 0.479779989 0.491183400
1756241362198952448.000000 -1.959517598 0.594727099 0.049720958 -0.535365283 -0.488900423 0.480472565 0.493463844
1756241362699056384.000000 -1.975082397 0.606817245 0.050145678 -0.565537512 -0.454943657 0.447464675 0.522464335
1756241363165816832.000000 -1.979810476 0.621923506 0.049330644 -0.598968148 -0.408699304 0.404825598 0.557062268
1756241363565895424.000000 -1.981650114 0.637143552 0.049175866 -0.623852074 -0.370368570 0.368872732 0.581006587
1756241363899296512.000000 -1.983335614 0.649798334 0.048324980 -0.644364834 -0.334774375 0.334771544 0.600539863
1756241364299389184.000000 -1.980998874 0.663955569 0.047802761 -0.664606273 -0.291264802 0.294474900 0.621890604
1756241364532776960.000000 -1.978561521 0.673570693 0.048453972 -0.674928546 -0.265390426 0.270851403 0.632992089
1756241365032893440.000000 -1.994960308 0.715486288 0.048390955 -0.694655240 -0.206045851 0.217136189 0.654103279
1756241365533011712.000000 -1.988371372 0.731541157 0.047719575 -0.711275518 -0.150320888 0.161427259 0.667406976
1756241366099802368.000000 -1.997251272 0.805716217 0.046606608 -0.727844119 -0.079381324 0.095428988 0.674414515
1756241366599901696.000000 -1.984928131 0.813135445 0.047824848 -0.729938924 -0.023852576 0.042725831 0.681758642
1756241367133350912.000000 -1.968985081 0.823099256 0.047621407 -0.730458140 0.040097650 -0.018669121 0.681523800
1756241367633464832.000000 -1.954222322 0.831890941 0.046226267 -0.726775706 0.099274859 -0.076180495 0.675379992
1756241368133600512.000000 -1.932619214 0.839738548 0.041381620 -0.712543726 0.160936117 -0.131912991 0.670059800
1756241368667091968.000000 -1.911754012 0.864403069 0.038664009 -0.695366383 0.220658600 -0.191241235 0.656659842
1756241369167218432.000000 -1.891613603 0.867053509 0.036337212 -0.672685266 0.277849883 -0.245900318 0.640177429
1756241369667335936.000000 -1.838108301 0.894835353 0.032766797 -0.645200849 0.331839472 -0.304343671 0.617230475
1756241370167464192.000000 -1.782779932 0.910490274 0.035756189 -0.618304491 0.382059067 -0.351081491 0.590315342
1756241370700940800.000000 -1.738084078 0.911780834 0.037338864 -0.581901491 0.433013558 -0.399395287 0.560689986
1756241371201070080.000000 -1.676989555 0.911410272 0.043878391 -0.543702424 0.480965197 -0.442080379 0.526901543
1756241371634514688.000000 -1.615517259 0.901978076 0.044397742 0.509750128 -0.520666003 0.476110816 -0.492321193
1756241372134647552.000000 -1.555567145 0.899520338 0.044693667 0.504410028 -0.525516570 0.480099320 -0.488781542
1756241372668125696.000000 -1.491227865 0.899497628 0.043029688 0.505644143 -0.526211441 0.480541646 -0.486318022
1756241373201596672.000000 -1.430613756 0.899353921 0.043548390 0.505407155 -0.525110483 0.481067568 -0.487233788
1756241373668380928.000000 -1.375447035 0.899319649 0.042222898 0.505916297 -0.525026917 0.481560826 -0.486307085
1756241374135154176.000000 -1.320526719 0.899500430 0.041891254 0.506200194 -0.524567902 0.481469572 -0.486597210
1756241374601922816.000000 -1.266145229 0.899343908 0.041755274 0.505842805 -0.524617076 0.482714713 -0.485681534
1756241375135363072.000000 -1.206288218 0.899299026 0.041784260 0.503211200 -0.522311032 0.485445648 -0.488172412
1756241375602116096.000000 -1.151450753 0.898564100 0.040748104 0.503853381 -0.521439970 0.484897822 -0.488985032
1756241376102233600.000000 -1.094615221 0.898469150 0.041000608 0.503082573 -0.520727813 0.485174894 -0.490260929
1756241376602369024.000000 -1.035959244 0.898479223 0.040766403 0.502311409 -0.521028161 0.486404002 -0.489514053
1756241377135833344.000000 -0.973732114 0.898036242 0.041998375 0.503035367 -0.519538939 0.485708594 -0.491041660
1756241377635945984.000000 -0.915772438 0.898608148 0.042357571 0.503569186 -0.520042479 0.486568063 -0.489106864
1756241378136059648.000000 -0.860330522 0.898161292 0.042469442 0.502328515 -0.518446922 0.486645401 -0.491991103
1756241378636172800.000000 -0.799867749 0.898471355 0.042111911 0.502152860 -0.520811498 0.487372696 -0.488943607
1756241379136290048.000000 -0.741862595 0.898786902 0.042804323 0.501990438 -0.520438313 0.488486111 -0.488396317
1756241379636409088.000000 -0.682691574 0.898434520 0.042427920 0.503108323 -0.521521509 0.488115519 -0.486457169
1756241380169866240.000000 -0.615865469 0.898288071 0.041832447 0.506213248 -0.524853408 0.483722538 -0.484034806
1756241380736664064.000000 -0.549947023 0.896848857 0.042358704 0.505510747 -0.526428878 0.481228352 -0.485541761
1756241381236765184.000000 -0.494631380 0.895087063 0.042834625 0.502774358 -0.523743272 0.481083125 -0.491396040
1756241381770201088.000000 -0.434803635 0.893055260 0.042908080 0.499554396 -0.523056209 0.481374592 -0.495112270
1756241382270321152.000000 -0.374598801 0.894321322 0.041492745 0.498204172 -0.523516059 0.481858015 -0.495516300
1756241382803783680.000000 -0.311465591 0.895527422 0.041947685 0.497775048 -0.525583625 0.484349936 -0.491311520
1756241383303900160.000000 -0.248660028 0.896972597 0.041974314 0.500043333 -0.527287245 0.483405858 -0.488101959
1756241383837360640.000000 -0.186158687 0.897631884 0.041524556 0.499018133 -0.528231978 0.484406769 -0.487136543
1756241384270830336.000000 -0.135547370 0.897490621 0.040669270 0.499755621 -0.527574599 0.484564751 -0.486935675
1756241384704303360.000000 -0.083400920 0.896945357 0.038855098 0.500052691 -0.528709888 0.484838814 -0.485123098
1756241385204426752.000000 -0.025490660 0.898792684 0.036840968 0.498242348 -0.528229058 0.488457471 -0.483878136
1756241385604516352.000000 0.022434704 0.898363054 0.036646035 0.498755932 -0.529781818 0.487968057 -0.482142091
1756241386004612864.000000 0.070449241 0.898071051 0.035887443 0.498609662 -0.531071901 0.488382429 -0.480451614
1756241386471403008.000000 0.121337563 0.897662759 0.035132598 0.495636046 -0.530078411 0.492452532 -0.480471015
1756241386671456512.000000 0.136135459 0.899413049 0.034344420 0.505998790 -0.528530657 0.483081579 -0.480887562
1756241386871507200.000000 0.127379760 0.904168427 0.035525732 -0.515584052 0.510433972 -0.473482490 0.499444336
1756241387038213376.000000 0.126871869 0.909244895 0.035286944 -0.530846417 0.497290999 -0.458559453 0.510516524
1756241387138236928.000000 0.125400692 0.912038982 0.035355754 -0.539357662 0.488638550 -0.449479192 0.517971218
1756241387238260480.000000 0.124026485 0.914775848 0.035503343 -0.547530651 0.480016083 -0.440291971 0.525297880
1756241387338283264.000000 0.121791050 0.917299151 0.035868682 -0.555352747 0.470750868 -0.431595117 0.532637537
1756241387438306816.000000 0.119686246 0.919712603 0.035939988 -0.562898576 0.461653262 -0.422575116 0.539862812
1756241387571672064.000000 0.116206795 0.922935963 0.036003131 -0.572745860 0.448507726 -0.410155207 0.550068855
1756241387671695360.000000 0.113866277 0.925127149 0.035970666 -0.580132127 0.438585818 -0.400732011 0.557228029
1756241387771718144.000000 0.111830339 0.927365720 0.036767319 -0.585780561 0.426041096 -0.391399443 0.567588508
1756241387871740928.000000 0.113765597 0.930867195 0.037559599 -0.589453518 0.411917895 -0.382911146 0.579868436
1756241387971762688.000000 0.124688596 0.938013077 0.035390668 -0.602383196 0.405704498 -0.369446248 0.579696357
1756241388105125376.000000 0.134804577 0.946332812 0.033856913 -0.615675211 0.392342001 -0.353239357 0.585007489
1756241388205146368.000000 0.137581885 0.950381160 0.034140699 -0.617485106 0.382013559 -0.346288413 0.594022095
1756241388305168128.000000 0.141611949 0.954863667 0.033508666 -0.622772038 0.372273803 -0.337631017 0.599643767
1756241388405190144.000000 0.147266716 0.960561216 0.032420479 -0.639193058 0.366852373 -0.324342370 0.593003988
1756241388571893504.000000 0.141865686 0.958875299 0.034289040 -0.636707246 0.350188673 -0.315659136 0.610189438
1756241388805276928.000000 0.140626624 0.960909128 0.034045771 -0.653349519 0.328246862 -0.290042579 0.617465556
1756241389005321984.000000 0.138511330 0.961573958 0.034263019 -0.663568854 0.305352092 -0.268098593 0.628139913
1756241389205366016.000000 0.136578858 0.962040126 0.034225591 -0.671330214 0.283814728 -0.249038801 0.637765408
1756241389538773760.000000 0.135491401 0.961620331 0.034471385 -0.685785413 0.244048178 -0.210920006 0.652419925
1756241389905524992.000000 0.139380887 0.968856215 0.034361508 -0.706185877 0.197397023 -0.164878801 0.659659743
1756241390405644032.000000 0.142534748 0.978871405 0.033784054 -0.713447452 0.137103155 -0.109135434 0.678443015
1756241390939100928.000000 0.132502496 0.991711140 0.037573509 -0.721593022 0.077114552 -0.051858705 0.686052144
1756241391505882624.000000 0.121162929 0.911848068 0.040193003 -0.720437348 0.079358712 -0.057118852 0.686592877
1756241392005995520.000000 0.114336662 0.903581262 0.023324838 -0.721804082 0.053688549 -0.032533556 0.689244509
1756241392506131456.000000 0.116995633 0.961002052 0.023798414 -0.720348179 0.052525744 -0.029802853 0.690978527
1756241393072939264.000000 0.122817822 1.030654073 0.023188312 -0.724765539 0.050657123 -0.029297592 0.686505973
1756241393639732224.000000 0.124110587 1.094036818 0.023455091 -0.724594295 0.031900745 -0.011865740 0.688334763
1756241395706869248.000000 0.072606601 1.121186972 0.021186935 -0.693597734 -0.208787292 0.215433642 0.654918611
1756241397807404032.000000 0.029199138 1.100719571 0.022783214 -0.579284430 -0.429780483 0.430444330 0.542619586
1756241400474711296.000000 -0.264931202 1.144128799 0.024084065 -0.549784839 -0.475150913 0.463883549 0.506734908
1756241403141983232.000000 -0.561842978 1.159901738 0.027968135 -0.528086662 -0.491596252 0.485786974 0.493425488
1756241405775891712.000000 -0.881808221 1.173251748 0.024258774 -0.535313666 -0.495937079 0.481588215 0.485343665
1756241407843042816.000000 -1.127162457 1.181419015 0.022802670 -0.535918236 -0.494679153 0.484219491 0.483338147
1756241410410309120.000000 -1.431230187 1.188094735 0.020291241 -0.531909406 -0.492445022 0.486477494 0.487760276
1756241410910423296.000000 -1.490531445 1.189107537 0.019518491 -0.531040311 -0.491678685 0.486419708 0.489534527
1756241411477207552.000000 -1.557545543 1.188275099 0.018886128 -0.529479504 -0.490836710 0.484747618 0.493710935
1756241411977320192.000000 -1.617602706 1.188244224 0.019095454 -0.529601812 -0.491138577 0.484278649 0.493739903
1756241412510801920.000000 -1.679734707 1.188974857 0.021467125 -0.528247237 -0.489299297 0.485860795 0.495459855
1756241413010932480.000000 -1.744353890 1.190413594 0.019789442 -0.532448173 -0.491771221 0.481203228 0.493055254
1756241413511043072.000000 -1.791429281 1.195008397 0.020535666 -0.542579114 -0.483120531 0.470290363 0.501028419
1756241414011152384.000000 -1.796594381 1.211483955 0.020604186 -0.578676760 -0.436343879 0.429254264 0.538960099
1756241414511257600.000000 -1.801428080 1.227387190 0.019587249 -0.614180386 -0.385321647 0.380961865 0.573740125
1756241415044709888.000000 -1.802268744 1.244052052 0.019985389 -0.644397438 -0.330290824 0.330491185 0.605339170
1756241415544831488.000000 -1.801005363 1.261730790 0.020380070 -0.671401680 -0.275114655 0.276816458 0.630003572
1756241416044955136.000000 -1.796891332 1.276947618 0.020196578 -0.691362679 -0.220014751 0.224261492 0.650628924
1756241416578423040.000000 -1.788429499 1.292041302 0.021555789 -0.708746970 -0.157187253 0.164628565 0.667733073
1756241417111886592.000000 -1.776300550 1.305610776 0.022098523 -0.720185399 -0.093074076 0.104888976 0.679462016
1756241417612005888.000000 -1.764447093 1.315851569 0.022167496 -0.724844396 -0.034403026 0.048849452 0.686316907
1756241418146223872.000000 -1.749049902 1.323604703 0.022480024 -0.724545419 0.030949116 -0.011789119 0.688430965
1756241418681111040.000000 -1.724062204 1.377766490 0.022298403 -0.715312839 0.097684368 -0.077413291 0.687599063
1756241419181601024.000000 -1.706655145 1.402729630 0.022183768 -0.709715366 0.148749188 -0.128552899 0.676499844
1756241419781574144.000000 -1.683982491 1.402514577 0.022137076 -0.689862072 0.221723661 -0.196688294 0.660486698
1756241420281583360.000000 -1.668978214 1.399259806 0.023018289 -0.669664860 0.278109193 -0.250566870 0.641420662
1756241420781585664.000000 -1.655210137 1.391222000 0.024959054 -0.645182848 0.330304921 -0.302752614 0.618852675
1756241421314923008.000000 -1.643715262 1.379018664 0.028225342 -0.615036190 0.386198699 -0.354657590 0.588896513
1756241421914915072.000000 -1.587533951 1.379555702 0.030334622 -0.573074520 0.453412920 -0.414376944 0.542488873
1756241422448251136.000000 -1.529295206 1.388871431 0.030736156 -0.559629321 0.464797080 -0.428719163 0.535703957
1756241423014916864.000000 -1.463473439 1.399627686 0.029717410 -0.552290142 0.474929333 -0.436286539 0.528272450
1756241423514925312.000000 -1.409473538 1.409767985 0.029732212 -0.551049232 0.474435151 -0.436505914 0.529828966
1756241424048259072.000000 -1.343308806 1.409315825 0.029528592 -0.528321564 0.502543330 -0.461060941 0.505716741
1756241424581585408.000000 -1.285934806 1.412760496 0.029481009 -0.525286853 0.501171052 -0.463797510 0.507733464
1756241425114909696.000000 -1.226258993 1.417459607 0.029978592 -0.524787247 0.500519454 -0.463429779 0.509226441
1756241425648233472.000000 -1.168788910 1.423363447 0.030621095 -0.523065627 0.499197006 -0.466531247 0.509463906
1756241426181562112.000000 -1.107784867 1.429048181 0.030133722 -0.523303926 0.498847455 -0.467794120 0.508402407
1756241426781551360.000000 -1.041698217 1.434746623 0.030634619 -0.521571159 0.498156101 -0.469407171 0.509373188
1756241427314878464.000000 -0.979475558 1.436656356 0.029563056 -0.512394428 0.507216275 -0.479708254 0.500063777
1756241427848192768.000000 -0.922835648 1.438698411 0.030527717 -0.509347081 0.505041897 -0.482494861 0.502689838
1756241428381517056.000000 -0.860986054 1.438770056 0.030054074 -0.507776976 0.507694304 -0.482335031 0.501758933
1756241428914829056.000000 -0.799639940 1.441510081 0.031918399 0.505959511 -0.510176539 0.485715121 -0.497800916
1756241429414830592.000000 -0.742196739 1.441561818 0.033828158 0.506377697 -0.511595309 0.485585243 -0.496043175
1756241429948152832.000000 -0.679833651 1.443587303 0.034056295 0.507380784 -0.513566434 0.485211104 -0.493340075
1756241430514810624.000000 -0.614224970 1.446975350 0.033383392 0.508695543 -0.513755202 0.486361772 -0.490649372
1756241431048125696.000000 -0.551243424 1.448960304 0.033111252 0.509890795 -0.514073431 0.486668229 -0.488767892
1756241431614769152.000000 -0.487755001 1.450327158 0.034324918 0.509257078 -0.514302850 0.488947451 -0.486908793
1756241432181407488.000000 -0.420967638 1.451198220 0.033338405 0.511332512 -0.514832377 0.486823738 -0.486301631
1756241432648043776.000000 -0.366451025 1.451738358 0.032414362 0.511446476 -0.514761388 0.484872550 -0.488202542
1756241433114680576.000000 -0.312706709 1.453957677 0.032235384 0.512089491 -0.514941096 0.484403044 -0.487804949
1756241433514651648.000000 -0.267781794 1.456840396 0.032362431 0.513514638 -0.514199615 0.483260602 -0.488221973
1756241433914708736.000000 -0.219681591 1.457827806 0.033264913 -0.515309453 0.513450205 -0.481127799 0.489224941
1756241434382055936.000000 -0.166387081 1.460021615 0.031901233 -0.513464272 0.511469662 -0.482062936 0.492309421
1756241434749329664.000000 -0.123369858 1.463005304 0.031021317 -0.512872636 0.510437191 -0.482933879 0.493143559
1756241435149569024.000000 -0.074396580 1.464333773 0.029749520 -0.512535632 0.511259735 -0.482692093 0.492878437
1756241435349609984.000000 -0.051050074 1.464224815 0.029731827 0.511164725 -0.511933267 0.483140886 -0.493163079
1756241435582992128.000000 -0.022594485 1.464692712 0.029049091 -0.511694014 0.511527121 -0.482717335 0.493450254
1756241435883054336.000000 0.014928585 1.466066599 0.026389103 -0.512357831 0.512291908 -0.481390327 0.493264586
1756241436083101952.000000 0.040516555 1.466554284 0.025235865 0.512585044 -0.514212489 0.480395257 -0.491998494
1756241436449855232.000000 0.078995742 1.469301343 0.023742832 -0.522956312 0.513144970 -0.469841361 0.492390066
1756241436816609024.000000 0.070098303 1.478566289 0.024984758 -0.544319332 0.482678443 -0.446448982 0.520981073
1756241437150022912.000000 0.062454380 1.487276912 0.025052894 -0.569734871 0.450934976 -0.416758686 0.546234488
1756241437650145536.000000 0.049491949 1.497823000 0.024553843 -0.605710328 0.401203305 -0.369386882 0.579399824
1756241438150262272.000000 0.073686630 1.519749045 0.023628954 -0.624670804 0.375101298 -0.340276986 0.594387949
1756241438683716352.000000 0.122743383 1.553201675 0.022187255 -0.632598460 0.356297940 -0.322290331 0.607453763
1756241439184024832.000000 0.157227367 1.594929099 0.020533893 -0.660395861 0.302365065 -0.265943706 0.633819044
1756241439717853184.000000 0.179499611 1.644462228 0.019352488 -0.680662811 0.242095172 -0.211802214 0.658200562
1756241440251415040.000000 0.193023533 1.696210146 0.020118918 -0.699312747 0.179374039 -0.152725458 0.674879014
1756241440751503104.000000 0.197933584 1.748288512 0.019814085 -0.712576568 0.119729273 -0.097134225 0.684444726
1756241441251659520.000000 0.194883332 1.799995303 0.020568097 -0.719987571 0.065621331 -0.048736077 0.689156473
1756241441751845120.000000 0.183927894 1.849258184 0.021403193 -0.721366286 0.003893173 0.011149243 0.692453086
1756241443318801408.000000 0.107437447 1.974911928 0.019986317 -0.704502225 -0.177449957 0.184810430 0.661840796
1756241446052538368.000000 -0.063344307 1.971403241 0.019545317 -0.593387961 -0.417051971 0.410924852 0.552357852
1756241448719580416.000000 -0.365622073 1.995554328 0.018150259 -0.555315673 -0.468166262 0.454709530 0.515445650
1756241451319935232.000000 -0.659964383 2.017668486 0.018853460 -0.539897859 -0.481553912 0.470832169 0.504909217
1756241453320254720.000000 -0.895943761 2.027916670 0.020800248 -0.546279967 -0.486335129 0.464731842 0.499079764
1756241455420756480.000000 -1.075456738 2.098331928 0.020762317 -0.628656209 -0.362334907 0.357133716 0.588183939
1756241458155000832.000000 -1.124889255 2.274314642 0.021325372 -0.721425235 -0.060631547 0.072983608 0.685961246
1756241459188608256.000000 -1.093170166 2.292739868 0.021723606 -0.722810566 0.064921625 -0.045213044 0.686502695
1756241459722082816.000000 -1.076705813 2.296792746 0.022120472 -0.714394271 0.130053699 -0.105578810 0.679396749
1756241460222210048.000000 -1.061500430 2.298283815 0.021936318 -0.700721323 0.188652858 -0.161095083 0.668915689
1756241460755675392.000000 -1.044716358 2.298418045 0.022148810 -0.681753278 0.249780655 -0.219514459 0.651640713
1756241461289145088.000000 -1.030444026 2.291413069 0.025110256 -0.655999660 0.310688168 -0.277564228 0.629361212
1756241461789275392.000000 -1.016201615 2.286160946 0.025188770 -0.628634334 0.365039259 -0.329403460 0.602543533
1756241462356080128.000000 -1.005491614 2.276000500 0.029335115 -0.591569006 0.422982275 -0.386576653 0.567177892
1756241462856198400.000000 -0.998201430 2.265682220 0.030734688 -0.555619419 0.470452666 -0.432969332 0.531506240
1756241463389657856.000000 -0.988024473 2.250055313 0.033820920 0.507675290 -0.515600920 0.483143181 -0.492944479
1756241463923116800.000000 -0.921708107 2.248381376 0.031399209 0.504835963 -0.521625161 0.485583901 -0.487089515
1756241464456581632.000000 -0.861254334 2.248902559 0.030748000 0.503217578 -0.519128263 0.488836288 -0.488177270
1756241464990046720.000000 -0.799816191 2.247885227 0.031049507 0.503630042 -0.519440055 0.489046246 -0.487208962
1756241465523513344.000000 -0.735700369 2.246606827 0.029694764 0.504889071 -0.520612001 0.486995429 -0.486708879
1756241466056975104.000000 -0.670966327 2.244870186 0.028943919 0.506290793 -0.521976590 0.486870617 -0.483908206
1756241466590417920.000000 -0.606731832 2.236137390 0.028169720 0.488756925 -0.536092281 0.503215432 -0.469569921
1756241467123869696.000000 -0.543876171 2.230280876 0.026216231 0.489534348 -0.536581755 0.501921117 -0.469586313
1756241467657338112.000000 -0.482597888 2.224616051 0.026958644 0.487791657 -0.535710454 0.503443956 -0.470762938
1756241468190801664.000000 -0.421399683 2.217673063 0.027530944 0.485562354 -0.536005676 0.504848957 -0.471226692
1756241468724261888.000000 -0.357993841 2.210626125 0.027139863 0.486232817 -0.536517978 0.504111350 -0.470741779
1756241469257714176.000000 -0.294120848 2.201456547 0.029047182 0.486864030 -0.538134694 0.501833200 -0.470678270
1756241469791160576.000000 -0.232652828 2.194323540 0.029205885 0.486338466 -0.537784636 0.502087295 -0.471350014
1756241470324622848.000000 -0.169264242 2.188883066 0.027573759 0.486943334 -0.537665486 0.502979279 -0.469908416
1756241470858088960.000000 -0.105512410 2.180539846 0.026570605 0.487256616 -0.536161721 0.502304852 -0.472018629
1756241471358194432.000000 -0.044708885 2.173486710 0.027232423 0.488659114 -0.534940302 0.501180589 -0.473148137
1756241471858295552.000000 0.016832331 2.168260813 0.025687583 0.488225788 -0.535649180 0.503232241 -0.470609009
1756241472358408192.000000 0.073938288 2.173982859 0.024947075 0.511946678 -0.513746619 0.479797930 -0.493729711
1756241472858521344.000000 0.097478986 2.189720154 0.025484990 -0.546087027 0.475978643 -0.443286657 0.527949035
1756241473358636544.000000 0.085979864 2.203941584 0.026264247 -0.584005594 0.429480135 -0.396929502 0.562966526
1756241473892093440.000000 0.121307291 2.217234850 0.024897365 -0.581375182 0.435371220 -0.401518583 0.557886779
1756241474425557248.000000 0.191493705 2.220089674 0.024450544 -0.549260736 0.471183687 -0.436711162 0.534398615
1756241474925680384.000000 0.230746120 2.246946812 0.025962034 -0.585740387 0.421526074 -0.390548199 0.571573436
1756241475459126016.000000 0.242916957 2.265973568 0.024790110 -0.619232833 0.374007761 -0.343519300 0.598885119
1756241475959230208.000000 0.228835180 2.273004293 0.024887161 -0.648864269 0.319489658 -0.291068256 0.626243532
1756241476459332096.000000 0.214527607 2.277801752 0.024167709 -0.673262477 0.264436722 -0.237232506 0.648468673
1756241476992776448.000000 0.197086811 2.281350851 0.025901245 -0.689690053 0.200966582 -0.179263517 0.672164202
1756241477559582208.000000 0.210897699 2.346882105 0.023191251 -0.717965424 0.134403601 -0.112116538 0.673714519
1756241478093050368.000000 0.202056453 2.364609241 0.023051830 -0.716154754 0.081302941 -0.062701389 0.690348327
1756241478659866624.000000 0.185077548 2.360041380 0.022147577 -0.724211037 0.013780042 0.001749550 0.689438581
1756241479726808832.000000 0.156846508 2.338102102 0.020593368 -0.714802742 -0.113087535 0.123022988 0.679068267
1756241482363319296.000000 0.131125778 2.258516788 0.017377965 -0.600321293 -0.405418843 0.397377312 0.563330531
1756241484063302656.000000 0.034369729 2.229496002 0.017247602 -0.527949929 -0.496095955 0.480567247 0.494178861
1756241485629977856.000000 -0.147552729 2.231672287 0.016958404 -0.528617024 -0.497583807 0.480508536 0.492022336
1756241487896548352.000000 -0.414511681 2.249892950 0.018811837 -0.544639468 -0.482961178 0.459637702 0.508772731
1756241490596578560.000000 -0.721745968 2.256664753 0.020206695 -0.527711570 -0.499790221 0.478864074 0.492361128
1756241493463135744.000000 -1.009834051 2.272771358 0.020791205 -0.560511529 -0.457016319 0.444965690 0.528174579
1756241493996434176.000000 -1.023043275 2.292356491 0.020200200 -0.602923155 -0.408314168 0.393816888 0.560955822
1756241496229685504.000000 -1.114619613 2.449944258 0.022444386 -0.709190130 -0.152445048 0.158405170 0.669863939
1756241497931151616.000000 -1.082144856 2.506885052 0.021786958 -0.722475708 0.043919515 -0.026698858 0.689483345
1756241498465858304.000000 -1.063744545 2.512204409 0.023115627 -0.715760469 0.110836782 -0.088400178 0.683803856
1756241498967227136.000000 -1.048123360 2.514331579 0.023731599 -0.705023766 0.168555871 -0.143252373 0.673802078
1756241499567197952.000000 -1.028489828 2.511607885 0.025111858 -0.684470952 0.238200575 -0.209730417 0.656333208
1756241500100500224.000000 -1.010415673 2.508029222 0.024459179 -0.660698950 0.299210370 -0.266858250 0.634615481
1756241500667154432.000000 -0.994043171 2.499206781 0.026014499 -0.631788671 0.359780222 -0.323320746 0.605693817
1756241501200474368.000000 -0.981567860 2.488294363 0.026989680 -0.596904397 0.414979160 -0.376425982 0.574283004
1756241501800457984.000000 -0.970417917 2.476507425 0.027111067 -0.552763462 0.472968876 -0.433731943 0.531629145
1756241502433765120.000000 -0.954912663 2.465313911 0.031466223 -0.504146039 0.508806884 -0.482772142 0.503868461
1756241503000393984.000000 -0.879467964 2.467736006 0.029479308 0.511653483 -0.516191304 0.478180259 -0.493052661
1756241503500395520.000000 -0.820238054 2.461673021 0.029659389 0.492598772 -0.532164156 0.496402413 -0.477213174
1756241504033725184.000000 -0.759212255 2.459204197 0.030139793 0.492916465 -0.530321538 0.495481461 -0.479885906
1756241504567099136.000000 -0.694416583 2.455446959 0.029376743 0.493281245 -0.533308983 0.492917687 -0.478839546
1756241505100790528.000000 -0.631128252 2.451857567 0.029356370 0.492981195 -0.535699427 0.490636587 -0.478823036
1756241505635489280.000000 -0.568552673 2.446793079 0.028206535 0.491596550 -0.535097837 0.490662068 -0.480888724
1756241506136348928.000000 -0.511949301 2.441827297 0.026905855 0.499446929 -0.524980664 0.480648220 -0.493887991
1756241506669530624.000000 -0.448300272 2.439577341 0.026065359 0.499154001 -0.525060415 0.481284499 -0.493479699
1756241507236039424.000000 -0.383501083 2.438404799 0.026198491 0.498726070 -0.523991108 0.482212573 -0.494142443
1756241507802554624.000000 -0.314129025 2.435369492 0.023545681 0.499257296 -0.523440957 0.481294692 -0.495082855
1756241508335753472.000000 -0.251199096 2.434772968 0.024121802 0.501273692 -0.523342192 0.479725450 -0.494672865
1756241508868935680.000000 -0.188340157 2.435642481 0.024453169 0.501749218 -0.524302185 0.478810310 -0.494060278
1756241509402129664.000000 -0.125746042 2.436163187 0.025147246 0.501834095 -0.525051475 0.478418261 -0.493557960
1756241509968621056.000000 -0.058702849 2.433762550 0.022397771 0.501860321 -0.524712622 0.477959752 -0.494335413
1756241510535163648.000000 0.007563794 2.433364868 0.023277640 0.501807392 -0.523530066 0.479681820 -0.493974775
1756241511101684736.000000 0.071312666 2.434205055 0.023654079 0.500401497 -0.521509409 0.482636541 -0.494659692
1756241511634890752.000000 0.137062564 2.432875395 0.023046307 0.502559543 -0.523156822 0.481574714 -0.491758734
1756241512201417984.000000 0.159883350 2.447144747 0.024146805 -0.537543297 0.479441404 -0.445067883 0.532069266
1756241512734629120.000000 0.151040748 2.460405111 0.023917824 -0.582648635 0.432249010 -0.393495381 0.564661741
1756241513301160192.000000 0.158352837 2.483724833 0.024337703 -0.620005310 0.369892120 -0.335587829 0.605106711
1756241513867673856.000000 0.188947544 2.522204399 0.026221734 -0.655961215 0.316448122 -0.277339220 0.626624703
1756241514401461760.000000 0.172294945 2.522710085 0.026498642 -0.675127566 0.256352067 -0.224455029 0.654298425
1756241514902107136.000000 0.178356871 2.560095072 0.022668883 -0.694116354 0.195575699 -0.165922061 0.672623634
1756241515402217984.000000 0.177184194 2.580267906 0.022690095 -0.702606916 0.141779095 -0.115313962 0.687709928
1756241515968889600.000000 0.160216480 2.579762936 0.022180881 -0.719220817 0.073037796 -0.050449807 0.689087570
1756241516468899072.000000 0.146378413 2.574788332 0.022235937 -0.722178757 0.012242794 0.005764034 0.691574156
1756241519268969472.000000 0.093112975 2.501189232 0.015868146 -0.646746755 -0.314892650 0.313344896 0.619980812
1756241522137079552.000000 -0.089521185 2.481935740 0.017528458 -0.547839999 -0.467881411 0.457488418 0.521212697
1756241524937635840.000000 -0.405744404 2.515816689 0.019436590 -0.547750413 -0.474614948 0.460878164 0.512153745
1756241527571482624.000000 -0.701207221 2.526686907 0.021681406 -0.536408961 -0.487890244 0.472274363 0.501184165
1756241529138510080.000000 -0.886549056 2.535327435 0.020697933 -0.539406955 -0.490650892 0.467413902 0.499826133
1756241530605508096.000000 -1.058438778 2.580926180 0.021890573 -0.583498120 -0.431101292 0.416592807 0.547843099
1756241532672675072.000000 -1.256700277 2.646408319 0.024028402 -0.610653043 -0.384715617 0.380119562 0.578451276
1756241534306431744.000000 -1.251967907 2.700310469 0.025113553 -0.697233498 -0.205127314 0.206361979 0.655135810
1756241534839946496.000000 -1.241843343 2.715597868 0.025160190 -0.712336481 -0.141402587 0.147756964 0.671379149
1756241535373435136.000000 -1.229295969 2.728918552 0.026137162 -0.721934259 -0.077479631 0.087396346 0.682033539
1756241536441395968.000000 -1.197950006 2.748551130 0.025237314 -0.723839283 0.051417295 -0.033026360 0.687257111
1756241536976310016.000000 -1.181372643 2.754868984 0.026589483 -0.716862500 0.115949370 -0.094171345 0.681025565
1756241537543155968.000000 -1.161850691 2.757402182 0.026097901 -0.702356517 0.183816269 -0.157087952 0.669499993
1756241538209805056.000000 -1.140670180 2.755939722 0.024682045 -0.677324414 0.260966033 -0.230829313 0.647955477
1756241538743126272.000000 -1.125540853 2.750226021 0.026570113 -0.652075231 0.320541859 -0.286173522 0.624624312
1756241539276442624.000000 -1.112552047 2.741988420 0.027024612 -0.619543731 0.378103346 -0.342146188 0.596774220
1756241539809753856.000000 -1.101078868 2.731433392 0.027153015 -0.584443808 0.431582183 -0.393440962 0.563353062
1756241540343065088.000000 -1.090521097 2.718755722 0.028361762 -0.543730021 0.482689559 -0.442584664 0.524868906
1756241540943031296.000000 -1.054894447 2.711574554 0.028685009 -0.514863610 0.512223482 -0.473456770 0.498378724
1756241541509679616.000000 -0.990273237 2.713591099 0.029022295 -0.512955606 0.512719154 -0.475502402 0.497888565
1756241542042981376.000000 -0.925816894 2.707714796 0.027697131 0.496081203 -0.528535366 0.491754830 -0.482422113
1756241542576309504.000000 -0.864431143 2.703423500 0.028959021 0.493518651 -0.529419243 0.491959959 -0.483869821
1756241543176291584.000000 -0.797166884 2.699861526 0.030760482 0.492956460 -0.528321624 0.492542297 -0.485048622
1756241543742949120.000000 -0.729516745 2.696645260 0.029984711 0.494051546 -0.529222906 0.491750687 -0.483753473
1756241544342943232.000000 -0.655793726 2.693313122 0.029015295 0.493830174 -0.531727135 0.493014455 -0.479932129
1756241544909606400.000000 -0.586122572 2.687825918 0.027873768 0.486944050 -0.538700879 0.500990927 -0.470845044
1756241545409613568.000000 -0.532221735 2.693172932 0.027700799 0.506010115 -0.520304501 0.483954877 -0.488901436
1756241545942948608.000000 -0.466310769 2.683397293 0.026875993 0.488716900 -0.537779093 0.499318391 -0.471837521
1756241546509604608.000000 -0.398827910 2.676998377 0.025224097 0.488527060 -0.537283838 0.497969985 -0.474018425
1756241547076244224.000000 -0.331977457 2.673451185 0.024710882 0.487755418 -0.535556197 0.499724954 -0.474920273
1756241547642889984.000000 -0.266838193 2.668922186 0.025831984 0.488450795 -0.535225511 0.499366581 -0.474955231
1756241548209534720.000000 -0.199765295 2.664164782 0.025170948 0.490704685 -0.534780025 0.496302873 -0.476343185
1756241548709543680.000000 -0.142848685 2.659553766 0.025438143 0.490564972 -0.533879459 0.497377455 -0.476376414
1756241549209544704.000000 -0.084340647 2.654655695 0.024505801 0.492837846 -0.531894267 0.494106442 -0.479643703
1756241549776207616.000000 -0.020066917 2.650572538 0.024465624 0.491162628 -0.530686498 0.494455427 -0.482332826
1756241550309532672.000000 0.041669358 2.647231102 0.025031837 0.491894484 -0.529870987 0.492893666 -0.484078914
1756241550876182528.000000 0.108290449 2.643926144 0.024089580 0.491766930 -0.530044317 0.492285550 -0.484637201
1756241551442845952.000000 0.173145637 2.642424822 0.024937516 0.494196504 -0.529638410 0.491150230 -0.483760744
1756241552009502976.000000 0.197449729 2.649761677 0.024200438 -0.517562628 0.507826746 -0.470045716 0.503287077
1756241552510191360.000000 0.187810913 2.662474871 0.023484616 -0.558087468 0.462108165 -0.426288068 0.541546822
1756241553011034368.000000 0.178065166 2.674868584 0.023881890 -0.594317198 0.408909231 -0.378509879 0.579922974
1756241553545743360.000000 0.223251030 2.718268871 0.023730665 -0.635983050 0.355505377 -0.321680754 0.604700863
1756241554080563456.000000 0.207423955 2.724121094 0.023432929 -0.661916435 0.300911486 -0.270653993 0.630924165
1756241554647213824.000000 0.213833243 2.759959459 0.023321066 -0.693684518 0.234871984 -0.203508839 0.649785519
1756241555213866240.000000 0.213610366 2.786143780 0.022824746 -0.700170159 0.178073734 -0.151121274 0.674695492
1756241555713892096.000000 0.200252950 2.786908388 0.021178156 -0.715101957 0.120758496 -0.095434166 0.681864321
1756241556213896448.000000 0.183115304 2.780697584 0.020084895 -0.720788300 0.059057314 -0.037244920 0.689629912
1756241559113739008.000000 0.040761493 2.836577892 0.022457588 -0.662245214 -0.274741054 0.280713797 0.638081849
1756241561880308736.000000 -0.250535518 2.896924973 0.024335068 -0.552967668 -0.461977273 0.458069086 0.520553887
1756241564780183040.000000 -0.580769777 2.900754929 0.027104193 -0.518320382 -0.505296648 0.493188053 0.482477903
1756241567213466880.000000 -0.866417408 2.894374132 0.028404012 -0.521486104 -0.510391891 0.487944365 0.479022622
1756241567780120320.000000 -0.931381226 2.893169880 0.027641870 -0.519503176 -0.508514464 0.490156144 0.480912089
1756241569447266816.000000 -1.121456504 2.887249231 0.027234275 -0.518992603 -0.506080627 0.490637273 0.483533114
1756241569948055040.000000 -1.177793980 2.886415005 0.025707230 -0.517830253 -0.505185306 0.492817432 0.483498275
1756241570481670656.000000 -1.239073634 2.884876966 0.025204342 -0.517380834 -0.505993783 0.491989821 0.483976632
1756241570981781504.000000 -1.290532708 2.890002012 0.023952238 -0.539157391 -0.490972310 0.468638122 0.498631924
1756241571481921280.000000 -1.295732617 2.904514074 0.025774788 -0.574395180 -0.442857027 0.430470884 0.537254691
1756241571982070528.000000 -1.300656199 2.919593334 0.027063379 -0.610838413 -0.390770346 0.382267922 0.572753191
1756241572515530240.000000 -1.344997287 2.964890003 0.025952149 -0.649089158 -0.335256010 0.324108928 0.601032555
1756241573015642624.000000 -1.340819955 2.977471113 0.026938364 -0.667271793 -0.283024937 0.279945046 0.629504681
1756241573515759616.000000 -1.364643931 3.029620886 0.025623787 -0.693531513 -0.218933418 0.218396708 0.650680602
1756241574049217792.000000 -1.365187407 3.055774450 0.027505949 -0.707621753 -0.163517475 0.166323051 0.666985929
1756241574582674688.000000 -1.352907538 3.070905924 0.026949339 -0.718764544 -0.100112379 0.107044041 0.679629803
1756241575116129536.000000 -1.338730693 3.085262060 0.027428027 -0.725793540 -0.033669703 0.044921473 0.685618103
1756241575616224512.000000 -1.324354649 3.093880892 0.027354319 -0.726230979 0.024992956 -0.010112418 0.686921895
1756241576116322304.000000 -1.308283806 3.100406408 0.027568700 -0.719841838 0.088068195 -0.068976827 0.685064912
1756241576616455680.000000 -1.292050362 3.103914022 0.027335985 -0.710004449 0.148208529 -0.125220343 0.676940024
1756241577183269888.000000 -1.274957418 3.107645988 0.027380586 -0.692424476 0.215833306 -0.189369336 0.661893904
1756241577750068736.000000 -1.256360531 3.107599258 0.027776586 -0.668563843 0.279727340 -0.250080645 0.642055094
1756241578316869632.000000 -1.241587996 3.100199938 0.027941141 -0.638139963 0.342081100 -0.309591055 0.616369486
1756241578983697664.000000 -1.223567009 3.090276480 0.027752452 -0.595036685 0.413862944 -0.377083808 0.576590538
1756241579550507008.000000 -1.213074446 3.078133821 0.027879911 -0.554580390 0.468488604 -0.428516239 0.537896752
1756241580083992832.000000 -1.204936862 3.065049410 0.028391868 0.510960340 -0.515844822 0.474858701 -0.497325778
1756241580618785024.000000 -1.155165792 3.051878452 0.028859330 0.479110658 -0.547389984 0.504834175 -0.464714676
1756241581186815744.000000 -1.091539145 3.049250126 0.027769703 0.486721784 -0.537905097 0.498096615 -0.475036681
1756241581686824960.000000 -1.036224365 3.053269148 0.026551960 0.499268323 -0.526232243 0.487840116 -0.485616028
1756241582186825984.000000 -0.978442788 3.048971176 0.026773112 0.489715189 -0.533231854 0.496070206 -0.479329944
1756241582686830848.000000 -0.919166982 3.045684338 0.026604077 0.490618646 -0.534399927 0.495017886 -0.478191853
1756241583286827008.000000 -0.849204838 3.041954756 0.027883358 0.491640061 -0.533695638 0.494007051 -0.478973925
1756241583886817536.000000 -0.780808866 3.037443161 0.028337128 0.490132242 -0.533915401 0.494037479 -0.480241328
1756241584420939520.000000 -0.719675720 3.034024000 0.028562440 0.490395367 -0.534323096 0.492716551 -0.480875760
1756241584989064960.000000 -0.653479934 3.030869246 0.028118281 0.491431803 -0.535139561 0.492235154 -0.479400575
1756241585655863552.000000 -0.573720574 3.016478777 0.026878953 0.474008620 -0.551973760 0.506505072 -0.462702245
1756241586222361600.000000 -0.507051051 3.010415792 0.026433870 0.474475861 -0.551513731 0.506937742 -0.462297976
1756241586822201856.000000 -0.439127266 3.003400087 0.025366209 0.471641332 -0.550296247 0.510227680 -0.463029444
1756241587388713984.000000 -0.374024659 3.005027771 0.025254382 0.492491126 -0.533816993 0.492858618 -0.479147375
1756241587955222784.000000 -0.308232188 3.001472712 0.025803022 0.491613179 -0.534072578 0.493255854 -0.479355574
1756241588521745408.000000 -0.243404552 2.997250319 0.025025984 0.491818428 -0.533072770 0.493817002 -0.479680032
1756241589121569792.000000 -0.175180435 2.992723465 0.024854289 0.490618259 -0.530820608 0.495338589 -0.481832922
1756241589721438464.000000 -0.106306747 2.989762306 0.024912741 0.489270449 -0.530388296 0.497265369 -0.481694818
1756241590254649344.000000 -0.043124843 2.986447811 0.025361903 0.489166737 -0.529938340 0.496567398 -0.483013451
1756241590787894784.000000 0.017660623 2.981397629 0.026711227 0.488688469 -0.529407382 0.495780915 -0.484884202
1756241591354438656.000000 0.086461052 2.977052212 0.026888113 0.489116520 -0.532296836 0.493390322 -0.483726412
1756241591887627008.000000 0.150959194 2.972731829 0.026239293 0.492899328 -0.535858154 0.487513542 -0.481909543
1756241592454137856.000000 0.140451670 2.987216711 0.028666060 -0.532953322 0.490208238 -0.446878463 0.525315583
1756241592987306496.000000 0.176190794 3.013030529 0.028448712 -0.575726092 0.434604019 -0.394828707 0.569007099
1756241593553827328.000000 0.223459229 3.051830769 0.026834369 -0.616242170 0.380445689 -0.338726044 0.600642383
1756241594120337152.000000 0.210810333 3.060390234 0.028003605 -0.644859552 0.325771421 -0.287806422 0.628646612
1756241594521044736.000000 0.199420571 3.064211607 0.028219048 -0.664826155 0.281710505 -0.244818226 0.647077560
1756241594921822720.000000 0.185702011 3.064285994 0.029465348 -0.681609392 0.236688018 -0.201868773 0.662296355
1756241595422128128.000000 0.195584118 3.115989447 0.028690796 -0.703123689 0.171393156 -0.141926289 0.675350606
1756241595988488448.000000 0.189216137 3.138254166 0.030987352 -0.715219915 0.112376235 -0.086618513 0.684345961
1756241596522087936.000000 0.173999131 3.135865450 0.030184198 -0.727326930 0.048546322 -0.024218349 0.684143484
1756241597089370880.000000 0.156293169 3.129587650 0.031306550 -0.728069305 -0.021596335 0.041258782 0.683919966
1756241597689288960.000000 0.136855781 3.115894318 0.037470099 -0.707215488 -0.095443606 0.113992698 0.691189229
1756241598255786752.000000 0.096296325 3.173985958 0.032925222 -0.708765030 -0.165302411 0.177525043 0.662429035
1756241600422231552.000000 -0.108039215 3.266097784 0.038239662 -0.598944545 -0.405638158 0.403529495 0.560256362
1756241602556497408.000000 -0.323310971 3.204738140 0.040559992 -0.420303643 -0.588884771 0.571612597 0.387064040
1756241605189840640.000000 -0.617891908 3.116760015 0.043174200 -0.425087988 -0.587402046 0.569948733 0.386545748
1756241607823317248.000000 -0.815822065 2.913162708 0.042305380 -0.242783621 -0.687620521 0.650946200 0.210958064
1756241610490503680.000000 -0.869767845 2.621419668 0.042520814 -0.078996308 -0.724072814 0.683204532 0.052055497
1756241613025235712.000000 -0.899240375 2.327617407 0.041526221 -0.053627744 -0.725084543 0.685844123 0.031533916
1756241615092367616.000000 -0.924054384 2.087404013 0.041605804 -0.054558806 -0.723403275 0.687460542 0.033303298
1756241617126166784.000000 -0.950372756 1.847528934 0.042346887 -0.057276934 -0.725400984 0.685051680 0.034885302
1756241618693241856.000000 -0.979776025 1.669322252 0.044689082 -0.069367141 -0.720629692 0.688283563 0.046334252
1756241621193868288.000000 -1.004002690 1.377783418 0.044141944 -0.034903344 -0.726702273 0.685979664 0.010841423
1756241622694259456.000000 -1.014867306 1.207186818 0.045832094 -0.032306176 -0.723136425 0.689899921 0.008252633
1756241624761419776.000000 -1.030928850 0.965861619 0.048466012 -0.027360100 -0.725134075 0.688063979 0.000064710
1756241626995374080.000000 -1.018363595 0.713136375 0.049427666 0.033053506 -0.723298907 0.687951684 -0.049686961
1756241627562176512.000000 -1.012323856 0.646952689 0.048516482 0.031130895 -0.723299026 0.687990487 -0.050383735
1756241628128978688.000000 -1.005975485 0.583756626 0.049682789 0.030105451 -0.720274329 0.691296697 -0.049066816
1756241628629102336.000000 -0.999833226 0.524027050 0.049878620 0.029365430 -0.721572101 0.689909518 -0.049962971
1756241629162566400.000000 -0.979163229 0.472243160 0.049606271 0.075335875 -0.716076910 0.687806189 -0.092092440
1756241629662689792.000000 -0.965286374 0.416588753 0.049508005 0.074420184 -0.715364635 0.688596249 -0.092468128
1756241630162811904.000000 -0.949570715 0.359099001 0.050848790 0.080359556 -0.717275739 0.685087144 -0.098557249
1756241630662925824.000000 -0.923100412 0.306400895 0.049579110 0.110816516 -0.718563497 0.675417244 -0.123279706
1756241631163037952.000000 -0.903037488 0.248725921 0.049277164 0.109267578 -0.722408891 0.672026575 -0.120691024
1756241631663136768.000000 -0.883617282 0.192315012 0.048406929 0.109133005 -0.722786963 0.671706975 -0.120328136
1756241632196572672.000000 -0.866039157 0.137151062 0.049526300 0.109540515 -0.717111468 0.676882744 -0.124826968
1756241632696669184.000000 -0.846745551 0.079700395 0.049522109 0.110173188 -0.717283309 0.676318049 -0.126334742
1756241633263445504.000000 -0.817110658 0.023231858 0.049666435 0.142408550 -0.708880603 0.673289537 -0.154561996
1756241633796889344.000000 -0.787679493 -0.027558185 0.049919084 0.160494775 -0.703377008 0.671086431 -0.170720041
1756241634330331904.000000 -0.756416261 -0.079324082 0.049971864 0.173587888 -0.698897123 0.669044375 -0.183819681
1756241634863772416.000000 -0.711016178 -0.114688352 0.048891686 0.239942044 -0.680285215 0.648261666 -0.243714467
1756241635397214208.000000 -0.664274514 -0.140982524 0.045657478 0.300827652 -0.653250098 0.626859665 -0.299689978
1756241635930660352.000000 -0.612317801 -0.160015136 0.046200071 0.357783437 -0.626901865 0.595180809 -0.353192389
1756241636430765312.000000 -0.565995455 -0.163588434 0.048317567 0.408721000 -0.595409572 0.563281894 -0.401432514
1756241636930869504.000000 -0.515385568 -0.164826959 0.050262235 0.458333105 -0.560686767 0.526339591 -0.445564538
1756241637430976512.000000 -0.466045707 -0.157744884 0.048008382 0.503213763 -0.519808948 0.487633735 -0.488659263
1756241637931084800.000000 -0.414143920 -0.150368094 0.046776451 -0.519300640 0.503504932 -0.472138673 0.503879666
1756241638431196928.000000 -0.355979443 -0.157917708 0.047633462 0.493888378 -0.527696073 0.496059179 -0.481182396
1756241638931314176.000000 -0.307110667 -0.148313284 0.048012331 -0.522140384 0.498624444 -0.469339967 0.508392692
1756241639431429888.000000 -0.254163772 -0.139381126 0.048008200 -0.529790103 0.488720328 -0.464236200 0.514742255
1756241639964885248.000000 -0.195334345 -0.132710263 0.047861107 -0.530339062 0.487465709 -0.463755667 0.515798688
1756241640531682048.000000 -0.134032682 -0.126374960 0.048229851 -0.534317434 0.483505666 -0.460824579 0.518042445
1756241641031796736.000000 -0.076064900 -0.122938097 0.048473820 -0.535343051 0.486627549 -0.458820432 0.515834510
1756241641565263872.000000 -0.009205088 -0.129239589 0.048438191 -0.513657451 0.513176203 -0.479986608 0.492360830
1756241642098739968.000000 0.051858179 -0.133324206 0.048090085 -0.517742395 0.509235680 -0.476625562 0.495429069
1756241642632203520.000000 0.093747318 -0.127406657 0.048447803 -0.526627183 0.497751951 -0.468735725 0.505167067
1756241643132324608.000000 0.084643327 -0.112489507 0.047737181 -0.567195535 0.454717547 -0.425350755 0.539071321
1756241643632456960.000000 0.071169764 -0.100524843 0.047624432 -0.602446556 0.408610970 -0.379848152 0.570798218
1756241644165934592.000000 0.052566744 -0.087371156 0.046925820 -0.637727261 0.356012911 -0.327137679 0.599616289
1756241644699399168.000000 0.036307041 -0.064212553 0.039637689 -0.667282760 0.301098794 -0.271651596 0.624722958
1756241645199525120.000000 0.023830503 -0.050398681 0.032878034 -0.690325022 0.245299235 -0.218258008 0.644703925
1756241645699660800.000000 0.007005457 -0.048371650 0.031407025 -0.706803918 0.187814653 -0.163680300 0.662089586
1756241646199799296.000000 -0.010984622 -0.049115300 0.030740106 -0.720190942 0.129604921 -0.107363641 0.673053324
1756241646699941888.000000 -0.028298229 -0.053726222 0.030549582 -0.728980005 0.069671154 -0.049913738 0.679148614
1756241647266770432.000000 -0.041118275 -0.058553465 0.030195504 -0.731963634 0.022538897 -0.006110250 0.680943429
1756241647833584384.000000 -0.042248659 -0.026459593 0.028007081 -0.749954820 0.018331222 -0.004951817 0.661216497
1756241648367055360.000000 -0.042302340 -0.035608813 0.030152094 -0.730726540 0.015001627 0.003913775 0.682494223
1756241648933864704.000000 -0.041558173 -0.028954091 0.030628085 -0.727366149 0.018580906 0.000661067 0.685997725
1756241649433990912.000000 -0.041316643 -0.026833937 0.030015126 -0.730626762 0.018767759 0.000566448 0.682518899
1756241649967459584.000000 -0.041408226 -0.027035140 0.030097369 -0.730409920 0.018719990 0.000508217 0.682752252
1756241650500918784.000000 -0.041324288 -0.027404515 0.030039955 -0.730346024 0.018830940 0.000509992 0.682817638
1756241651034373376.000000 -0.041951794 -0.027815787 0.030200593 -0.730270505 0.018885100 0.000340591 0.682896972
1756241651567847168.000000 -0.041513331 -0.027476182 0.029971663 -0.730264425 0.018864324 0.000504661 0.682903945
1756241652168014336.000000 -0.041774437 -0.027395424 0.030137576 -0.730300009 0.018747307 0.000343725 0.682869256
1756241652668149504.000000 -0.041531909 -0.027424289 0.030044850 -0.730297983 0.018908985 0.000552770 0.682866812
1756241653234968832.000000 -0.041625485 -0.027420450 0.029940207 -0.730227113 0.018716523 0.000399269 0.682947934
1756241653801766400.000000 -0.041503839 -0.027503949 0.029954609 -0.730241597 0.018824421 0.000469781 0.682929516
1756241654401917696.000000 -0.041806899 -0.027222248 0.029947067 -0.730284214 0.018643996 0.000250386 0.682888985
1756241654902062080.000000 -0.041401464 -0.027361626 0.029776717 -0.730179787 0.018709034 0.000422060 0.682998836
1756241655468871168.000000 -0.041072272 -0.027140332 0.029775698 -0.730246723 0.018702909 0.000756274 0.682927072
1756241656068996608.000000 -0.041760143 -0.027261090 0.030274466 -0.730383933 0.018722566 0.000302672 0.682780147
1756241656569115136.000000 -0.041544273 -0.027326839 0.030084908 -0.730285585 0.018608719 0.000303330 0.682888448
1756241657069237760.000000 -0.041748829 -0.027521390 0.030189335 -0.730308890 0.018682865 0.000261211 0.682861567
1756241657602679552.000000 -0.041695613 -0.027334627 0.030063245 -0.730287552 0.018670898 0.000309296 0.682884693
1756241658136114176.000000 -0.041893780 -0.027292717 0.030037271 -0.730287254 0.018671148 0.000146075 0.682885051
1756241658636220416.000000 -0.041700266 -0.027293503 0.030210223 -0.730338395 0.018673524 0.000320671 0.682830155
1756241659169666304.000000 -0.041682161 -0.027234929 0.030229956 -0.730375171 0.018661324 0.000346132 0.682791233
1756241659769838592.000000 -0.041671392 -0.027576525 0.030314095 -0.730364144 0.018685803 0.000274523 0.682802439
1756241660369998336.000000 -0.042006761 -0.027679106 0.029886927 -0.730098963 0.018789494 0.000236026 0.683083057
1756241660936783360.000000 -0.041586749 -0.027739223 0.029940929 -0.730106056 0.018667147 0.000401902 0.683078706
1756241661503575040.000000 -0.041648291 -0.027594071 0.029819429 -0.730068624 0.018737292 0.000350627 0.683116853
1756241662003689984.000000 -0.041563768 -0.027477816 0.029905569 -0.730165124 0.018704783 0.000429808 0.683014572
1756241662603847168.000000 -0.041523736 -0.027420696 0.029896747 -0.730179906 0.018745633 0.000479071 0.682997525
1756241663103985920.000000 -0.041524276 -0.027415110 0.030015972 -0.730241597 0.018755781 0.000459857 0.682931364
1756241663637434368.000000 -0.041377135 -0.027501108 0.029903062 -0.730189264 0.018690107 0.000512796 0.682989180
1756241664237557248.000000 -0.041233979 -0.027350251 0.029692788 -0.730115533 0.018743578 0.000643274 0.683066308
1756241664904380672.000000 -0.041180052 -0.027367245 0.029717891 -0.730115116 0.018782888 0.000736413 0.683065593
1756241665437827840.000000 -0.041188277 -0.027481159 0.029594846 -0.730033100 0.018785724 0.000696436 0.683153212
1756241666004600832.000000 -0.041491270 -0.027396515 0.029263344 -0.729937136 0.018732291 0.000500678 0.683257461
1756241666604714752.000000 -0.041326165 -0.027304085 0.029270235 -0.729944408 0.018712688 0.000557517 0.683250129
1756241667171486464.000000 -0.040754143 -0.027235283 0.028763078 -0.729781210 0.018971179 0.001021498 0.683416784
1756241667671608320.000000 -0.040696885 -0.027297528 0.029189296 -0.729901433 0.018911580 0.001034452 0.683289945
1756241668238412544.000000 -0.040393613 -0.027436132 0.028744422 -0.729760647 0.019022413 0.001203338 0.683436990
1756241668805213696.000000 -0.040252369 -0.027340978 0.028709147 -0.729752362 0.019021774 0.001279092 0.683445752
1756241669372006400.000000 -0.041199807 -0.027309047 0.029446345 -0.730008423 0.018749744 0.000620823 0.683180749
1756241669938780672.000000 -0.041913193 -0.024894495 0.031586349 -0.721209168 0.015820792 0.003820017 0.692526162
1756241670438886144.000000 -0.043250490 0.039278261 0.028845388 -0.728207707 0.014341660 0.005195308 0.685186803
1756241670972346624.000000 -0.061121672 0.091915309 0.027350672 -0.726151586 -0.043490596 0.059874892 0.683540404
1756241671505794560.000000 -0.086251400 0.137783006 0.028382730 -0.718895197 -0.104917824 0.122645825 0.676121294
1756241672139251712.000000 -0.131360158 0.186788201 0.026351489 -0.704102695 -0.182740718 0.193460017 0.658345342
1756241672639364864.000000 -0.171359181 0.215925619 0.026277505 -0.685366690 -0.243151248 0.247253999 0.640324533
1756241673139478528.000000 -0.216679469 0.239751980 0.026081566 -0.662747383 -0.298675328 0.298269123 0.618542194
1756241674306687232.000000 -0.325700253 0.309596658 0.025145033 -0.647902548 -0.324782759 0.321877003 0.609207392
1756241676475877376.000000 -0.542148829 0.428836048 0.023912942 -0.638029754 -0.346448243 0.338242263 0.598735273
1756241678675833600.000000 -0.759231985 0.558589101 0.026882857 -0.641333401 -0.342700273 0.344685227 0.593666673
1756241681509126400.000000 -1.034534454 0.710241675 0.022027500 -0.642200887 -0.347833842 0.342773110 0.590843678
1756241682543239168.000000 -1.130835652 0.801520824 0.021619786 -0.676743865 -0.263149589 0.262665123 0.635434628
1756241683111363840.000000 -1.165478706 0.867245257 0.022091459 -0.697839320 -0.199056566 0.202566847 0.657543540
1756241683678185984.000000 -1.187281013 0.937864363 0.024308100 -0.712825716 -0.131730959 0.138459161 0.674800456
1756241684311374592.000000 -1.201335788 1.029616952 0.021339808 -0.726563454 -0.056590170 0.066199169 0.681557715
1756241684844652288.000000 -1.194337606 1.104063749 0.019033121 -0.729922295 0.009516487 0.002157917 0.683460474
1756241685477873920.000000 -1.170736790 1.185555220 0.018628821 -0.723193467 0.085109487 -0.073920891 0.681383431
1756241686044369408.000000 -1.145768046 1.246859074 0.018848224 -0.714509487 0.121720001 -0.106565386 0.680664659
1756241686577547776.000000 -1.129124761 1.303483248 0.018640235 -0.712932169 0.120867372 -0.107254095 0.682360232
1756241687177359360.000000 -1.105833530 1.373481512 0.017944548 -0.715479434 0.133007854 -0.118105657 0.675610185
1756241687711644928.000000 -1.070007086 1.427112460 0.019213609 -0.698667228 0.182364225 -0.163298294 0.672265649
1756241688346230784.000000 -1.034780383 1.489452839 0.020757725 -0.694371760 0.191690862 -0.172259778 0.671884775
1756241689012536576.000000 -0.983036518 1.555895448 0.020478422 -0.683405340 0.229198128 -0.208556652 0.661006510
1756241689545579264.000000 -0.951303720 1.603923559 0.022946248 -0.685957015 0.224927023 -0.205303937 0.660848856
1756241690178559744.000000 -0.907133162 1.666058540 0.021589193 -0.688652396 0.225452855 -0.204554081 0.658093154
1756241690745656576.000000 -0.866997361 1.717043281 0.022691105 -0.684289694 0.235596776 -0.215962023 0.655440509
1756241691412903424.000000 -0.821420670 1.779766083 0.019169994 -0.685734093 0.233727813 -0.212343842 0.655782104
1756241692046062336.000000 -0.779982030 1.834411740 0.020544222 -0.683097720 0.233393431 -0.208300024 0.659936428
1756241692679232000.000000 -0.732054353 1.889460564 0.022140682 -0.677792907 0.244593889 -0.214915827 0.659228206
1756241693245741824.000000 -0.689163387 1.941985011 0.022366788 -0.679622412 0.246295854 -0.212425858 0.657515824
1756241693812262656.000000 -0.647440553 1.992323041 0.023361683 -0.682519555 0.248072699 -0.211731389 0.654061794
1756241693912233216.000000 -0.639737010 2.004440546 0.022263438 -0.683582008 0.249393180 -0.214676470 0.651484966
1756241694512060672.000000 -0.596385896 2.058870792 0.020894945 -0.683660924 0.246505827 -0.215516776 0.652223349
1756241695145212672.000000 -0.551966071 2.114692926 0.021913491 -0.682357073 0.244782910 -0.215226531 0.654330075
1756241695745056512.000000 -0.509581089 2.166721821 0.023087231 -0.681541324 0.243013725 -0.213684440 0.656341910
1756241696344880640.000000 -0.465677232 2.221537352 0.022061290 -0.682048321 0.244365513 -0.214324281 0.655103683
1756241696878078720.000000 -0.428834558 2.269780159 0.023202170 -0.681405127 0.242059514 -0.215907291 0.656108439
1756241697444584960.000000 -0.389977187 2.318716526 0.025350682 -0.680754244 0.241902888 -0.214402750 0.657334149
1756241697977774080.000000 -0.352478594 2.364728212 0.025257010 -0.678380787 0.239710554 -0.212428242 0.661220610
1756241698544654592.000000 -0.311703742 2.415995359 0.026031200 -0.678285480 0.241711691 -0.211140379 0.661002338
1756241699112036352.000000 -0.272007734 2.465554953 0.027610227 -0.678202033 0.240590677 -0.208393812 0.662367165
1756241699645576192.000000 -0.248227000 2.516438723 0.028505832 -0.690334737 0.204010591 -0.171423376 0.672630370
1756241700245540864.000000 -0.235488147 2.577360153 0.031510789 -0.710717678 0.135587588 -0.104904316 0.682269394
1756241700812238336.000000 -0.237765610 2.639130831 0.031836603 -0.724530578 0.065169051 -0.042577192 0.684832573
1756241701312257536.000000 -0.228565454 2.694238424 0.033643700 -0.723766983 0.062308110 -0.038026575 0.686172843
1756241701945580800.000000 -0.228569195 2.764396429 0.033998922 -0.723625124 0.031929400 -0.010038028 0.689381242
1756241702545564416.000000 -0.247993916 2.824558973 0.035008289 -0.723912954 -0.038251225 0.057727851 0.686406970
1756241703078882560.000000 -0.276917994 2.871805429 0.035744216 -0.717491806 -0.103792876 0.118596934 0.678503692
1756241703612676096.000000 -0.313949496 2.916182041 0.035258658 -0.706523418 -0.166063085 0.177034438 0.664760590
1756241704146839808.000000 -0.356358379 2.955333471 0.035662055 -0.693663001 -0.214958504 0.222269535 0.650554180
1756241704648015872.000000 -0.391783476 2.998446941 0.036657579 -0.688724220 -0.228524402 0.235187590 0.646623909
1756241705182873088.000000 -0.439737469 3.023443222 0.038252033 -0.663403571 -0.288401544 0.292642534 0.625364423
1756241705749837568.000000 -0.493290812 3.060848475 0.038677800 -0.657873690 -0.302494913 0.303586274 0.619301558
1756241706283139584.000000 -0.543950140 3.092769146 0.039874211 -0.649195313 -0.323253155 0.321971864 0.608594298
1756241706783162368.000000 -0.595335126 3.106646538 0.040382043 -0.619812548 -0.375586063 0.372454762 0.579693913
1756241707316507136.000000 -0.653518260 3.111715078 0.041935280 -0.584726870 -0.430895209 0.422806501 0.541902781
1756241707849827584.000000 -0.709679127 3.106858253 0.042385630 -0.543950558 -0.481275678 0.471282810 0.500383973
1756241708416470272.000000 -0.767955303 3.089650869 0.042733081 -0.496145636 -0.530210197 0.515904129 0.454488397
1756241708949787648.000000 -0.819951296 3.063850880 0.042198740 -0.448953778 -0.574060678 0.551077425 0.406458646
1756241709516434688.000000 -0.868444502 3.027583361 0.042494237 -0.392996311 -0.615585983 0.586119056 0.350816607
1756241710049752576.000000 -0.905825555 2.986140966 0.043037839 -0.337022722 -0.646490932 0.616325140 0.297671974
1756241710616409856.000000 -0.934640706 2.934914112 0.042577837 -0.272531360 -0.674143493 0.644137681 0.237368584
1756241711149733376.000000 -0.954657137 2.881204844 0.042278696 -0.208973438 -0.695421934 0.663685143 0.179556623
1756241711649736448.000000 -0.965929449 2.826595545 0.041090734 -0.150801018 -0.713997781 0.672764897 0.121875294
1756241712216400640.000000 -0.965753913 2.765398979 0.039720953 -0.083596818 -0.724643588 0.681499243 0.058839746
1756241712716402176.000000 -0.956450343 2.714314938 0.039910935 -0.022669945 -0.726484537 0.686807811 0.001178069
1756241713249725952.000000 -0.936887920 2.659224272 0.038589112 0.044030398 -0.724215209 0.685515344 -0.060353093
1756241713783057664.000000 -0.908541322 2.610223770 0.038800057 0.108662933 -0.717107117 0.677640975 -0.121459842
1756241714383040768.000000 -0.867356181 2.559669256 0.037226152 0.183493271 -0.704176486 0.659321725 -0.189104974
1756241714916354048.000000 -0.832235634 2.509566307 0.038328782 0.195004180 -0.700327814 0.656170011 -0.202374041
1756241715516331776.000000 -0.795613229 2.451516867 0.038913161 0.192835897 -0.698174775 0.658602655 -0.203982785
1756241716082989056.000000 -0.759001851 2.398218155 0.039721809 0.199281007 -0.696969330 0.655331969 -0.212275535
1756241716649648384.000000 -0.717216730 2.348376513 0.037804902 0.217832759 -0.694042861 0.648043811 -0.225594059
1756241717216298752.000000 -0.677082777 2.296627283 0.038258094 0.216420263 -0.692909479 0.650973082 -0.221974924
1756241717716304896.000000 -0.642839074 2.252009392 0.037201166 0.218827888 -0.690125763 0.653625906 -0.220485851
1756241718249634048.000000 -0.605698764 2.202640295 0.036590286 0.220031217 -0.688780367 0.654492378 -0.220924333
1756241718816272640.000000 -0.565260708 2.148919821 0.037975971 0.221039280 -0.690799475 0.652703285 -0.218897492
1756241719382899456.000000 -0.532378197 2.083716869 0.037084356 0.184540823 -0.700651824 0.663372338 -0.186999947
1756241719949560832.000000 -0.507400036 2.014401674 0.037214383 0.145351753 -0.708101332 0.674447894 -0.150284663
1756241720483136512.000000 -0.481075317 1.956636786 0.038381010 0.144948378 -0.707192421 0.675460100 -0.150408030
1756241721017270784.000000 -0.462562501 1.890961528 0.040053084 0.107736930 -0.714457095 0.681918263 -0.113715999
1756241721551123456.000000 -0.440687299 1.828484774 0.039280683 0.110192329 -0.718114853 0.676936030 -0.118010029
1756241722084565760.000000 -0.422210753 1.769446850 0.040687595 0.106770173 -0.717831671 0.677416027 -0.120105840
1756241722618025728.000000 -0.403036088 1.710622072 0.041879840 0.106475927 -0.716639817 0.678347707 -0.122207694
1756241723184841728.000000 -0.381144702 1.648230195 0.042103313 0.106344424 -0.714568436 0.681110501 -0.119043723
1756241723718323968.000000 -0.360807717 1.588423848 0.041256431 0.105902933 -0.715684831 0.680706918 -0.114969052
1756241724218467584.000000 -0.343561709 1.533581257 0.040451765 0.105740979 -0.715373099 0.680987895 -0.115394168
1756241724785241344.000000 -0.319802910 1.472941637 0.039369352 0.114593983 -0.714123309 0.679349601 -0.124017648
1756241725352008192.000000 -0.281104535 1.431580424 0.037911743 0.180879489 -0.699792325 0.666604042 -0.182242692
1756241725852132864.000000 -0.244777128 1.402433038 0.038183905 0.239146039 -0.681411088 0.650248766 -0.235933810
1756241726385597184.000000 -0.199789837 1.375921607 0.039134756 0.298423499 -0.656828940 0.627353311 -0.293167263
1756241726952388864.000000 -0.142577976 1.357676625 0.037751351 0.357342780 -0.626823783 0.597278535 -0.350223482
1756241727485842176.000000 -0.088840008 1.340638161 0.037808932 0.383184463 -0.610078394 0.580989838 -0.378714710
1756241727985959168.000000 -0.034869283 1.316555619 0.037919685 0.376997262 -0.615725875 0.584396839 -0.370452702
1756241728486074368.000000 0.012922700 1.271879554 0.037834242 0.323594809 -0.647326529 0.611812294 -0.319281250
1756241728986187264.000000 0.054674253 1.220426440 0.037249174 0.272236615 -0.670825183 0.635169089 -0.269148916
1756241729519667456.000000 0.087754689 1.161713004 0.035945911 0.214455515 -0.690326929 0.656412363 -0.215824857
1756241730019844096.000000 0.109198414 1.102591515 0.036760069 0.158685252 -0.702740669 0.673821330 -0.164132252
1756241730586662656.000000 0.126122564 1.026645184 0.036733754 0.092480786 -0.718951821 0.681571782 -0.100077912
1756241731086748672.000000 0.127626687 0.958840847 0.037254944 0.033651460 -0.723838389 0.687827706 -0.042647161
1756241731586848768.000000 0.118026227 0.893527806 0.037482984 -0.027302569 -0.721544921 0.691639066 0.016218612
1756241732186983424.000000 0.089869805 0.820033550 0.041993648 -0.099439956 -0.715405703 0.686641037 0.082647353
1756241732753770496.000000 0.051552311 0.754849374 0.044651803 -0.165495247 -0.704165876 0.674907684 0.145812765
1756241733320556288.000000 0.002084206 0.699553668 0.047169872 -0.229532629 -0.685156763 0.660411179 0.204284206
1756241733920687616.000000 -0.058318786 0.653874576 0.051229753 -0.295445651 -0.659340501 0.639075696 0.263750523
1756241734454136064.000000 -0.120521173 0.623032868 0.053954769 -0.354224622 -0.630949318 0.613806486 0.315704644
1756241734954242816.000000 -0.180940434 0.601651669 0.052766219 -0.404293746 -0.599685550 0.587071538 0.363690704
1756241735454353664.000000 -0.242318451 0.589769661 0.052874789 -0.449496925 -0.567132771 0.555894434 0.409016371
1756241735954478080.000000 -0.306756854 0.590261638 0.053403724 -0.491527200 -0.530558765 0.522851944 0.451147616
1756241736454600448.000000 -0.364503860 0.583374143 0.052956149 -0.496120185 -0.528043330 0.517184138 0.455582768
1756241736954717184.000000 -0.420669287 0.574336469 0.052701414 -0.496095091 -0.529483676 0.515370309 0.455993503
1756241737454826240.000000 -0.476659179 0.557694316 0.051630337 -0.474413961 -0.552893817 0.531064332 0.432678342
1756241738021596416.000000 -0.530214310 0.520146906 0.049827315 -0.420163900 -0.599800229 0.566119552 0.378431827
1756241738521695232.000000 -0.564569592 0.486426204 0.051042650 -0.364841968 -0.627181888 0.604411066 0.328968942
1756241739021804544.000000 -0.593830347 0.444328874 0.052974090 -0.309539020 -0.655225277 0.629912913 0.279419571
1756241739588612864.000000 -0.623760998 0.392634898 0.051990137 -0.263138205 -0.672291279 0.649520457 0.238549873
1756241740155441408.000000 -0.666130662 0.341429889 0.052238971 -0.261154383 -0.673112273 0.649505317 0.238455921
1756241740688899584.000000 -0.709346831 0.291618228 0.051893633 -0.264249504 -0.674936891 0.645962417 0.239510119
1756241741222345472.000000 -0.733605683 0.237293333 0.051750228 -0.213330284 -0.695926070 0.659314096 0.188366875
1756241741755804928.000000 -0.745278478 0.180974320 0.051557768 -0.151280507 -0.714085817 0.671701074 0.126544058
1756241742289267456.000000 -0.746705115 0.124233738 0.051735748 -0.087650947 -0.724996984 0.680290282 0.062465772
1756241742789388544.000000 -0.737339377 0.074791960 0.051495213 -0.025595564 -0.726147592 0.687047541 0.004504912
1756241743289509888.000000 -0.720201552 0.027435107 0.051871099 0.035761155 -0.722341895 0.688401461 -0.055199128
1756241743822966272.000000 -0.693347633 -0.021259278 0.051177703 0.103409804 -0.713772118 0.682568610 -0.118050434
1756241744389764096.000000 -0.654445648 -0.068781801 0.050222531 0.173160285 -0.699345827 0.669360220 -0.181350231
1756241744923218432.000000 -0.612922966 -0.103642821 0.050059546 0.236445442 -0.680684686 0.650281012 -0.240617096
1756241745423341824.000000 -0.567327261 -0.131398886 0.048792794 0.292421579 -0.661664724 0.626633108 -0.289862931
1756241745923501568.000000 -0.521704674 -0.147445306 0.049239323 0.344889432 -0.633250952 0.602364719 -0.342346758
1756241746423656704.000000 -0.473818004 -0.156189412 0.048624769 0.393073231 -0.603185773 0.574581385 -0.389251232
1756241746923778048.000000 -0.421684176 -0.158732638 0.047668356 0.444161803 -0.570512474 0.537152231 -0.434400052
1756241747457570816.000000 -0.371902883 -0.152904719 0.047861315 0.493740559 -0.527200401 0.495993584 -0.481944323
1756241747992377856.000000 -0.316304296 -0.147836536 0.047351494 -0.516048372 0.504204929 -0.476110041 0.502783000
1756241748493347328.000000 -0.262257546 -0.146171317 0.050162062 -0.519287407 0.501140118 -0.473896235 0.504600406
1756241749060005888.000000 -0.200766429 -0.136804685 0.050253328 -0.528844476 0.491372526 -0.464910477 0.512576699
1756241749626666240.000000 -0.139097407 -0.131975740 0.051228546 -0.532693982 0.486184001 -0.461997181 0.516159713
1756241750159994880.000000 -0.071184456 -0.138153285 0.051515803 -0.514516652 0.509605527 -0.479158998 0.495965332
1756241750693332480.000000 -0.007815104 -0.141390696 0.051994696 -0.513652623 0.513548493 -0.479710281 0.492246807
1756241751259998208.000000 0.044805124 -0.122390963 0.051238202 -0.562766552 0.461993396 -0.428541213 0.534984469
1756241751859993600.000000 0.066719860 -0.101807326 0.050230265 -0.604800999 0.411567658 -0.376717895 0.568253100
1756241752393313024.000000 0.053095780 -0.094205447 0.052126355 -0.640753269 0.356817544 -0.320416749 0.599541187
1756241752959981824.000000 0.027920889 -0.050903961 0.038270660 -0.667043746 0.302417427 -0.270967931 0.624638081
1756241753526635776.000000 0.009750465 -0.041908130 0.031713031 -0.691432595 0.238477558 -0.209953576 0.648821294
1756241754126603520.000000 -0.011895109 -0.040081255 0.030266145 -0.711462677 0.167308509 -0.143545628 0.667250633
1756241754659914496.000000 -0.030682987 -0.041497897 0.029475197 -0.724565864 0.106567435 -0.085124001 0.675575137
1756241755326546176.000000 -0.051856201 -0.049035609 0.030013977 -0.732462585 0.026754523 -0.008276913 0.680231094
1756241757159834880.000000 -0.047682650 -0.047704525 0.030122513 -0.730527818 0.044591654 -0.025588153 0.680944920
1756241757893152000.000000 -0.045233537 -0.013251819 0.029877387 -0.726433992 0.041471582 -0.016845094 0.685776949
1756241758459803136.000000 -0.046032667 -0.012572866 0.029160881 -0.728850782 0.039283533 -0.019343043 0.683270931
1756241758993146624.000000 -0.050505780 -0.014106436 0.029286094 -0.729641914 0.021628406 -0.002537697 0.683482707
1756241759493147136.000000 -0.052102886 -0.044893559 0.032057557 -0.719381452 0.018325154 0.003805345 0.694363117
1756241760093140224.000000 -0.051759295 -0.036409315 0.029955048 -0.730928600 0.017467117 0.001848634 0.682227969
1756241760693136640.000000 -0.052004676 -0.036592439 0.030220857 -0.730850816 0.017428558 0.001661146 0.682312667
1756241761259796224.000000 -0.051821869 -0.036393795 0.030288897 -0.729266822 0.016763551 0.002624662 0.684019089
1756241761859806720.000000 -0.051268004 -0.011361564 0.028997358 -0.730156481 0.020907979 -0.002272037 0.682956278
1756241762426473472.000000 -0.051402967 -0.017649248 0.028925747 -0.730151653 0.021661023 -0.002239226 0.682938039
1756241763026472192.000000 -0.051283102 -0.018913914 0.029495521 -0.729180872 0.021185534 -0.001659212 0.683991134
1756241763560114944.000000 -0.051370881 -0.018946607 0.029619627 -0.729276001 0.021161782 -0.001643059 0.683890402
1756241764094262528.000000 -0.051452242 -0.018926719 0.029680278 -0.729307055 0.020965053 -0.001821083 0.683862925
1756241764661402880.000000 -0.051283423 -0.019064838 0.029550038 -0.729244590 0.021179223 -0.001625280 0.683923423
1756241765228209664.000000 -0.051569160 -0.019020686 0.029565200 -0.729244471 0.021089947 -0.001933810 0.683925509
1756241765728343040.000000 -0.051620990 -0.019010775 0.029474787 -0.729211211 0.021102719 -0.001896726 0.683960617
1756241766295165184.000000 -0.051269479 -0.019098584 0.029564984 -0.729205310 0.021101715 -0.001665168 0.683967590
1756241766795297024.000000 -0.051378638 -0.018871890 0.029560767 -0.729254305 0.021048397 -0.001768705 0.683916688
1756241767328772352.000000 -0.051279351 -0.018998198 0.029699348 -0.729274392 0.021025337 -0.001685015 0.683896184
1756241767828890112.000000 -0.051404946 -0.019046046 0.029694427 -0.729290664 0.021091007 -0.001749302 0.683876753
1756241768362349056.000000 -0.051247470 -0.018859737 0.029659925 -0.729279280 0.021147422 -0.001608398 0.683887422
1756241768929138944.000000 -0.051456317 -0.018875165 0.029360346 -0.729169309 0.021138079 -0.001767722 0.684004545
1756241769495926528.000000 -0.051413093 -0.018692298 0.029219776 -0.729136527 0.021214899 -0.001717309 0.684037268
1756241770062708224.000000 -0.051434394 -0.018971117 0.029572317 -0.729242921 0.021189695 -0.001732990 0.683924615
1756241770629498880.000000 -0.051419809 -0.018931355 0.029565930 -0.729241550 0.021294210 -0.001636454 0.683923006
1756241771196298240.000000 -0.051439341 -0.019019498 0.029485267 -0.729167700 0.021114033 -0.001754916 0.684006989
1756241771829761280.000000 -0.051539000 -0.018857919 0.029488577 -0.729220331 0.021096714 -0.001857882 0.683951259
1756241772396540160.000000 -0.051343020 -0.018871047 0.029297326 -0.729154885 0.021133481 -0.001757110 0.684020102
1756241772963337472.000000 -0.050340079 -0.019677456 0.031415634 -0.729834259 0.021196024 -0.001142932 0.683294535
1756241773463451136.000000 -0.050474942 -0.019200755 0.031074205 -0.729839087 0.021228293 -0.001082754 0.683288455
1756241773963562496.000000 -0.050293457 -0.019584803 0.031358480 -0.729867220 0.021177625 -0.000973145 0.683260143
1756241774463678208.000000 -0.050377630 -0.019597670 0.031322740 -0.729805291 0.021233307 -0.000995969 0.683324575
1756241774997157376.000000 -0.050129723 -0.019795109 0.031835333 -0.729979217 0.021032080 -0.001028113 0.683144987
1756241775597315072.000000 -0.050599817 -0.018665686 0.029709868 -0.729407609 0.021052223 -0.001156232 0.683754444
1756241776330828800.000000 -0.050211374 -0.019636581 0.031559426 -0.729911268 0.021155825 -0.000925360 0.683213949
1756241776897628672.000000 -0.050366800 -0.019515319 0.031572729 -0.729902446 0.021170281 -0.001026581 0.683222711
1756241777397745664.000000 -0.050212704 -0.019526700 0.031706505 -0.729970455 0.021205643 -0.000888126 0.683149099
1756241778031222272.000000 -0.050776899 -0.018967491 0.029998228 -0.729437411 0.021088498 -0.001332116 0.683721244
1756241778864739072.000000 -0.050370760 -0.019625816 0.031340651 -0.729818761 0.021158673 -0.001146831 0.683312297
1756241779664911872.000000 -0.050354991 -0.019529775 0.031654872 -0.729949534 0.021134846 -0.001109364 0.683173299
1756241780298383616.000000 -0.050521929 -0.019761490 0.031470370 -0.729846358 0.021189587 -0.001145727 0.683281839
1756241781098592256.000000 -0.050238449 -0.020122614 0.032203320 -0.730041802 0.021197382 -0.001001125 0.683072925
1756241781865493504.000000 -0.050448146 -0.019461159 0.031774841 -0.729986668 0.021289136 -0.001117461 0.683128893
1756241782499229184.000000 -0.051297456 -0.018843925 0.029611433 -0.729386508 0.021209495 -0.001562652 0.683771312
1756241783167302144.000000 -0.050964288 -0.018329183 0.029439285 -0.729311168 0.021134473 -0.001397162 0.683854222
1756241783901145088.000000 -0.050917454 -0.018751450 0.030272339 -0.729612350 0.021256847 -0.001230648 0.683529496
1756241784634504704.000000 -0.050914168 -0.018780302 0.030036055 -0.729487181 0.021327712 -0.001264146 0.683660805
1756241785134518272.000000 -0.050939634 -0.019018730 0.030291636 -0.729565203 0.021080201 -0.001358466 0.683585048
1756241785901211392.000000 -0.050458923 -0.019236198 0.030119259 -0.729485214 0.020950658 -0.000979457 0.683674991
1756241786701241856.000000 -0.051279984 -0.018639944 0.030268528 -0.729648769 0.021111611 -0.001568394 0.683494389
1756241787534607872.000000 -0.050950166 -0.019492857 0.030141875 -0.729412496 0.021068336 -0.001282789 0.683748424
1756241788034613504.000000 -0.050763082 -0.018834090 0.030135695 -0.729569912 0.021018008 -0.001217578 0.683582187
1756241788834632448.000000 -0.050822847 -0.019033398 0.030062549 -0.729467034 0.021000553 -0.001301361 0.683692396
