1756400940404408576.000000 0.007259500 -0.028833643 0.007067276 -0.731198430 0.014461523 -0.005644690 0.681988239
1756400940671119616.000000 0.008081606 -0.006552169 0.007434579 -0.733403563 0.013539609 -0.005379996 0.679637432
1756400940937833728.000000 0.008053231 0.013510223 0.007773121 -0.732490957 0.012532866 -0.005162861 0.680641830
1756400941204555264.000000 0.009242693 0.033050410 0.008383720 -0.731174767 0.013311423 -0.004482510 0.682045579
1756400942004716032.000000 0.011055204 0.094931297 0.009545880 -0.731690109 0.015015810 -0.007430988 0.681431532
1756400943171609344.000000 0.016129375 0.187601149 0.009765550 -0.731984138 0.020335417 -0.009307886 0.680954576
1756400943304975360.000000 0.022174494 0.201577201 0.009707600 -0.733990014 0.042046558 -0.028085869 0.677275419
1756400943538367744.000000 0.031812020 0.220613256 0.010431284 -0.730953336 0.071189150 -0.053966202 0.676555276
1756400943671733760.000000 0.037827954 0.231852114 0.010585817 -0.729245722 0.087697655 -0.068879724 0.675104022
1756400943805101056.000000 0.044273771 0.242582530 0.010487366 -0.727198124 0.104161873 -0.085200652 0.673107743
1756400943938466304.000000 0.051696245 0.253208190 0.010856674 -0.724616408 0.120333754 -0.099176735 0.671278596
1756400944138510592.000000 0.063849866 0.269282341 0.010970918 -0.720427811 0.145257741 -0.122349180 0.667019308
1756400944371897088.000000 0.078633331 0.286648899 0.010931028 -0.714974105 0.174468443 -0.148930401 0.660448730
1756400944505260544.000000 0.084575817 0.295366108 0.011121268 -0.712968528 0.179767370 -0.153482705 0.660153508
1756400944771986176.000000 0.094188496 0.313541949 0.011281713 -0.713311315 0.178986624 -0.152695492 0.660178006
1756400945272091136.000000 0.112517305 0.348372519 0.011093060 -0.712981999 0.179476798 -0.153512850 0.660211027
1756400945572151552.000000 0.123490296 0.369506568 0.011042941 -0.712482214 0.180064484 -0.154277295 0.660412312
1756400945972347136.000000 0.143247783 0.396350235 0.011562456 -0.708234370 0.200509787 -0.171484545 0.654822946
1756400946139437824.000000 0.155225083 0.406512082 0.011374944 -0.701959968 0.219065860 -0.189007163 0.650798500
1756400946507079168.000000 0.170097142 0.431432784 0.011139073 -0.702801168 0.216595724 -0.187365100 0.651192069
1756400947008257280.000000 0.193204343 0.465263873 0.010847585 -0.703828454 0.217914358 -0.187080771 0.649722815
1756400947508244480.000000 0.214987710 0.497456521 0.010478593 -0.703421295 0.217467159 -0.187354118 0.650234520
1756400947941556224.000000 0.233482972 0.525758862 0.010304226 -0.703801155 0.217836097 -0.186822489 0.649852872
1756400948374886656.000000 0.255624861 0.553354323 0.009871294 -0.699089229 0.230033278 -0.198998451 0.647115588
1756400948908203008.000000 0.277513474 0.585021257 0.011166272 -0.699319303 0.229720682 -0.199043497 0.646964192
1756400949341528064.000000 0.298180759 0.614565372 0.010821731 -0.699683845 0.230152532 -0.198290333 0.646647811
1756400949874836736.000000 0.321215063 0.647873640 0.011196754 -0.699115932 0.230857953 -0.199198410 0.646731377
1756400950341500672.000000 0.342655689 0.677318156 0.010894570 -0.699643254 0.231066853 -0.198044047 0.646441042
1756400950874820352.000000 0.366934121 0.710557520 0.010975299 -0.699098110 0.232666761 -0.199247792 0.646086991
1756400951341500672.000000 0.387493253 0.741087317 0.011330591 -0.700498223 0.231748298 -0.197644264 0.645392716
1756400951841508608.000000 0.410587400 0.773030281 0.011079120 -0.701408684 0.232108131 -0.198385537 0.644045711
1756400952341524480.000000 0.431382716 0.802559733 0.012031577 -0.699142933 0.230660766 -0.197785914 0.647205949
1756400952841531904.000000 0.455027103 0.836402833 0.011094666 -0.701684296 0.230834886 -0.197016418 0.644623220
1756400953274872576.000000 0.473580748 0.864421368 0.011493142 -0.701359332 0.231368273 -0.198424533 0.644353569
1756400953774872064.000000 0.495103151 0.895147681 0.011489686 -0.701532483 0.229467392 -0.196244270 0.645511568
1756400954274884608.000000 0.515513062 0.925552249 0.011636944 -0.700404525 0.227513283 -0.196566135 0.647327602
1756400954774895104.000000 0.536632121 0.957372308 0.011420302 -0.701495826 0.226416409 -0.194882646 0.647039413
1756400955274908928.000000 0.558215499 0.989883840 0.011186132 -0.701487243 0.226279765 -0.195421651 0.646934032
1756400955774915840.000000 0.579298258 1.020953417 0.011599278 -0.700413406 0.226368561 -0.198130682 0.647242308
1756400956174919168.000000 0.591780543 1.047967672 0.010881990 -0.707143366 0.208105594 -0.178904012 0.651639342
1756400956374919936.000000 0.594727218 1.062070608 0.010898218 -0.711097836 0.191897020 -0.164088830 0.656193852
1756400956941576448.000000 0.614003778 1.097162962 0.011727716 -0.709631026 0.190422848 -0.164161578 0.658189893
1756400957441579008.000000 0.634506524 1.134468198 0.010526708 -0.711418927 0.191667899 -0.164365828 0.655843318
1756400957741574912.000000 0.640112758 1.153365135 0.010542804 -0.712377131 0.177759066 -0.153787121 0.661264062
1756400957974902784.000000 0.644266963 1.167518497 0.011151856 -0.714840710 0.166737288 -0.143202141 0.663848341
1756400958508234240.000000 0.658970773 1.206468225 0.010659620 -0.718715012 0.156913489 -0.132870838 0.664207995
1756400959041559296.000000 0.661576748 1.242427945 0.011521622 -0.724417329 0.117121026 -0.096428856 0.672460973
1756400959374904576.000000 0.668687105 1.269067526 0.010786391 -0.725478828 0.114413179 -0.095167853 0.671962261
1756400959574909952.000000 0.670140326 1.283045888 0.010626460 -0.726532996 0.105861515 -0.087836698 0.673222065
1756400960008248832.000000 0.678685427 1.316083550 0.010721726 -0.727944255 0.104534827 -0.086899512 0.672025442
1756400960508252672.000000 0.688028336 1.352602482 0.011770694 -0.728295624 0.102711007 -0.084818125 0.672191799
1756400961074915072.000000 0.706423461 1.392138839 0.012888258 -0.720752656 0.127936825 -0.108554706 0.672579825
1756400961574919680.000000 0.718135953 1.430214763 0.013114007 -0.724713087 0.122681260 -0.101995893 0.670326173
1756400961908247808.000000 0.719282508 1.451924682 0.013540027 -0.724952340 0.103549339 -0.085472979 0.675585747
1756400962408912896.000000 0.729466379 1.492107153 0.013281260 -0.728428960 0.103510618 -0.085060455 0.671894073
1756400962876321536.000000 0.737690091 1.526247025 0.013747791 -0.727035940 0.102159038 -0.084351905 0.673696578
1756400963176471040.000000 0.738116562 1.548658490 0.013850548 -0.730038643 0.081634142 -0.065806508 0.675314009
1756400963676592896.000000 0.744174600 1.586297631 0.014250054 -0.730717182 0.077392705 -0.062540539 0.675389946
1756400964176708096.000000 0.752540469 1.625836968 0.014664206 -0.733009338 0.077058278 -0.060316257 0.673142850
1756400964710154240.000000 0.760304809 1.665662169 0.014532492 -0.731474638 0.077042311 -0.060883619 0.674761176
1756400965110238976.000000 0.756764531 1.694804192 0.014121857 -0.734242558 0.049631413 -0.036619328 0.676079631
1756400965610345728.000000 0.762585402 1.732507229 0.015213599 -0.732451141 0.051135518 -0.037291337 0.677871644
1756400966010429696.000000 0.764625609 1.763148069 0.015248789 -0.733923256 0.040243208 -0.025612298 0.677555323
1756400966543875072.000000 0.767224371 1.805145383 0.015512735 -0.734866619 0.038187772 -0.025148520 0.676668525
1756400967043980288.000000 0.771034539 1.843887806 0.015683644 -0.735277712 0.038351197 -0.024563052 0.676234066
1756400967444071168.000000 0.769432068 1.873723626 0.015900604 -0.735068381 0.022808727 -0.010198724 0.677532494
1756400967944185088.000000 0.773281753 1.915844917 0.016178545 -0.737808585 0.028743565 -0.015026527 0.674230278
1756400970878198272.000000 0.665532231 2.080180883 0.017662365 -0.708901942 -0.201489612 0.197176859 0.646514714
1756400973612206336.000000 0.550511599 2.256441355 0.020043228 -0.707960069 -0.195882499 0.195992857 0.649622500
1756400975846032384.000000 0.529614389 2.201911926 0.018452421 -0.599009991 -0.425651491 0.398480177 0.548836350
1756400977212999936.000000 0.545802951 2.161749601 0.015808461 -0.485306680 -0.552020967 0.510430753 0.446330309
1756400977746452480.000000 0.547922194 2.158455372 0.015852701 -0.475320965 -0.561019778 0.518167019 0.436840683
1756400978279911936.000000 0.547957003 2.158118963 0.016831931 -0.476193011 -0.559952259 0.517520308 0.438025624
1756400979746927616.000000 0.428902507 2.215826988 0.018410340 -0.604641259 -0.420381159 0.391972601 0.551403821
1756400982480915968.000000 0.310905397 2.445732355 0.020695766 -0.728511155 -0.105278164 0.105284601 0.668657720
1756400984381402368.000000 0.314735085 2.610499382 0.022416193 -0.738576412 0.018227398 -0.004989631 0.673904836
1756400984714826496.000000 0.315635473 2.635200262 0.023589868 -0.737079859 0.021279799 -0.008745712 0.675414026
1756400985148274688.000000 0.317717731 2.670341015 0.023556434 -0.738588154 0.022022601 -0.008981536 0.673737288
1756400985581718528.000000 0.318314284 2.703748226 0.023770364 -0.738908529 0.021620397 -0.008502250 0.673405170
1756400985948479232.000000 0.323531091 2.734820127 0.023355434 -0.739293575 0.037608236 -0.022918168 0.671941578
1756400986315233280.000000 0.339842647 2.767051220 0.023334976 -0.735062003 0.084898472 -0.065680467 0.669449151
1756400986615305216.000000 0.352395654 2.792495251 0.022641281 -0.731715620 0.112683028 -0.091454513 0.665981233
1756400986982058752.000000 0.359422833 2.819228649 0.022098510 -0.733175993 0.108944774 -0.087250784 0.665560961
1756400987482181376.000000 0.372485280 2.855871677 0.022062799 -0.731270432 0.113230795 -0.091897562 0.666316152
1756400987782255104.000000 0.390955716 2.878725767 0.021206666 -0.723998010 0.153858215 -0.129035890 0.659927487
1756400988115677440.000000 0.411921501 2.901096344 0.021336770 -0.713054717 0.192137733 -0.165354371 0.653677344
1756400988615822848.000000 0.434569985 2.933781624 0.021359252 -0.710539401 0.204427749 -0.175160557 0.650124490
1756400989115983360.000000 0.453775525 2.967065334 0.020890098 -0.710349083 0.204725906 -0.176588893 0.649852216
1756400989449443328.000000 0.480157554 2.987800837 0.020429228 -0.698512197 0.243903488 -0.211757153 0.638553679
1756400989782907136.000000 0.507398307 3.005128145 0.019745978 -0.683893025 0.283141136 -0.247688219 0.625117600
1756400990149687808.000000 0.537596703 3.021334171 0.019553844 -0.665749967 0.323234439 -0.285720348 0.608818948
1756400990683148800.000000 0.568909407 3.047769070 0.018557413 -0.667572081 0.319106847 -0.281127155 0.611134946
1756400991049902080.000000 0.591366470 3.066253901 0.018000307 -0.667625010 0.319822580 -0.281541079 0.610512018
1756400991583357952.000000 0.622866452 3.092677593 0.017415987 -0.667704701 0.320259809 -0.282334894 0.609828830
1756400991950108416.000000 0.651079535 3.105795383 0.017902821 -0.652865291 0.347283572 -0.307637781 0.598765552
1756400992316871680.000000 0.685085773 3.114252090 0.018031297 -0.630556285 0.386572033 -0.344561517 0.578133404
1756400992817003520.000000 0.719909608 3.133358002 0.016982423 -0.630681932 0.385629654 -0.344334722 0.578760505
1756400993217096704.000000 0.746796072 3.146695137 0.016287969 -0.630371571 0.385866731 -0.344420314 0.578889728
1756400993650524160.000000 0.776683509 3.162161112 0.016917638 -0.630377233 0.384715259 -0.343304336 0.580311060
1756400994050610176.000000 0.804139256 3.176682234 0.016739860 -0.630477846 0.385240376 -0.343337178 0.579833746
1756400994484037888.000000 0.834528863 3.191326141 0.016191127 -0.630439699 0.385980576 -0.343130022 0.579505503
1756400994817442816.000000 0.864053905 3.198345184 0.015623014 -0.616921127 0.407874495 -0.362721145 0.566992223
1756400995117505280.000000 0.887671053 3.205084562 0.015615566 -0.609986186 0.417300612 -0.371636987 0.561838925
1756400995484244224.000000 0.914509594 3.215537071 0.014765341 -0.610878348 0.417295784 -0.370949417 0.561327398
1756400995817641216.000000 0.945918262 3.217377901 0.015762260 -0.588919580 0.448012263 -0.398890704 0.541613281
1756400996184382976.000000 0.979687810 3.215640306 0.015748709 -0.562753320 0.477709174 -0.428454697 0.521084666
1756400996717826816.000000 1.020584345 3.223524809 0.014548557 -0.564719498 0.475507557 -0.426547110 0.522534251
1756400997184589824.000000 1.056419730 3.230815411 0.014716266 -0.565502644 0.474400878 -0.426865041 0.522433579
1756400997651352576.000000 1.092010021 3.238257170 0.014991138 -0.567052901 0.473187715 -0.425190151 0.523218632
1756400998051438080.000000 1.122310877 3.244625330 0.014552221 -0.566553950 0.473134339 -0.426277101 0.522922814
1756400998451537152.000000 1.152142286 3.250270367 0.014461739 -0.565679550 0.471972793 -0.427116632 0.524232507
1756400998784953088.000000 1.177362919 3.255507469 0.014906185 -0.565785766 0.471826971 -0.426602662 0.524667561
1756400999118359296.000000 1.204056263 3.260712147 0.014168486 -0.566845834 0.471013516 -0.425270915 0.525334835
1756400999385073408.000000 1.223511934 3.265184402 0.014080396 -0.566781580 0.470154524 -0.425169051 0.526255369
1756400999751804160.000000 1.252219558 3.270202160 0.013810409 -0.567207754 0.470643461 -0.424949437 0.525536001
1756401000018521600.000000 1.272548914 3.274091244 0.014569905 -0.567707658 0.470061362 -0.424865216 0.525585353
1756401000285251584.000000 1.292144060 3.278146029 0.014146615 -0.567390203 0.469332784 -0.425304830 0.526223242
1756401000652006144.000000 1.320702434 3.283792257 0.013958735 -0.568540394 0.468729526 -0.424323648 0.526311636
1756401000918737664.000000 1.340988636 3.285315037 0.015561946 -0.561436117 0.476580083 -0.432747751 0.519990683
1756401001185461248.000000 1.366814256 3.281476498 0.015919507 -0.539038301 0.502144158 -0.456344426 0.499037802
1756401001485523712.000000 1.391676903 3.278590202 0.015580429 -0.526879430 0.513241589 -0.467541039 0.490292400
1756401001752246016.000000 1.412152648 3.279415846 0.015773326 -0.527262568 0.513031721 -0.467383713 0.490250200
1756401002052306432.000000 1.435482144 3.280446291 0.015895059 -0.528344154 0.512909174 -0.466877759 0.489695638
1756401002319023616.000000 1.457603335 3.278944016 0.015515851 -0.521578968 0.519680083 -0.473498821 0.483411729
1756401002585741312.000000 1.481354475 3.269974232 0.016725510 0.496080518 -0.543184340 0.495571256 -0.461805224
1756401002852456960.000000 1.502981424 3.266329050 0.016786059 0.493543744 -0.546475470 0.497402638 -0.458660752
1756401003285873664.000000 1.534164786 3.263316870 0.017104246 0.493895739 -0.544240415 0.497200936 -0.461151421
1756401003552592128.000000 1.555932641 3.261534929 0.016387234 0.494089574 -0.544513762 0.497119993 -0.460708201
1756401003852648448.000000 1.581283569 3.252502918 0.016978441 0.472220123 -0.563544035 0.514868438 -0.440836489
1756401004119366656.000000 1.604925513 3.239171267 0.017601678 0.446848780 -0.585611641 0.532406986 -0.417046875
1756401004386087424.000000 1.628542900 3.224812031 0.017506385 0.421805263 -0.606085837 0.548720121 -0.391977876
1756401004719486720.000000 1.651761770 3.204311609 0.018407969 0.386437625 -0.628150821 0.570916474 -0.360758841
1756401004952866816.000000 1.669626474 3.187141895 0.017433245 0.361999929 -0.643317938 0.583936334 -0.337811440
1756401005252942592.000000 1.688498259 3.164415598 0.017228618 0.329977721 -0.660637438 0.599915624 -0.307854116
1756401005486335744.000000 1.701417565 3.151432276 0.017521584 0.322334141 -0.663832128 0.604084432 -0.300848156
1756401005819757312.000000 1.721563697 3.135097742 0.017349673 0.322867930 -0.663740873 0.603260338 -0.302127957
1756401006053149184.000000 1.735478163 3.114988804 0.016369291 0.296907425 -0.677525878 0.613405764 -0.276655316
1756401006319877888.000000 1.748418689 3.095782757 0.016241565 0.278396904 -0.684770584 0.621528804 -0.259396315
1756401006519924992.000000 1.759525537 3.084578514 0.016298641 0.279838949 -0.684228241 0.621233761 -0.259981841
1756401006853336576.000000 1.777786851 3.065439463 0.015517734 0.280549794 -0.683924675 0.621041834 -0.260472625
1756401007053385216.000000 1.787909985 3.054527283 0.016180845 0.279096365 -0.684436500 0.622010052 -0.258370876
1756401007386800896.000000 1.804757595 3.032822132 0.016345579 0.268584400 -0.688537419 0.626186788 -0.248331934
1756401007786900224.000000 1.824021578 3.008369923 0.016296050 0.264021665 -0.689770639 0.627706528 -0.245954528
1756401008053632000.000000 1.833444476 2.982980728 0.016681716 0.229048938 -0.702770948 0.638707280 -0.213781893
1756401008387041280.000000 1.843104362 2.952011347 0.016607529 0.194257274 -0.713723779 0.647664368 -0.182738379
1756401008720450304.000000 1.857465148 2.929925442 0.016033063 0.198687598 -0.712745607 0.646539152 -0.185752735
1756401009053861632.000000 1.869508982 2.907549143 0.016384048 0.197401449 -0.713162422 0.646300256 -0.186354607
1756401009420617984.000000 1.879220843 2.878761053 0.016287895 0.173387289 -0.717710435 0.653586626 -0.166292384
1756401009920742144.000000 1.895625710 2.844815493 0.015853887 0.173928365 -0.716316462 0.654637516 -0.167598948
1756401010220811776.000000 1.904735446 2.820688248 0.016078239 0.163363546 -0.719368219 0.656533182 -0.157435283
1756401010520879872.000000 1.908748865 2.794376135 0.016404241 0.136473849 -0.724338174 0.662191629 -0.134949699
1756401010987652096.000000 1.920375705 2.762853622 0.016879871 0.137999117 -0.722592652 0.663308322 -0.137252182
1756401011487755008.000000 1.934232235 2.726286650 0.016988788 0.137087166 -0.722129822 0.664497435 -0.134828940
1756401011887836416.000000 1.944990873 2.697566986 0.016946206 0.137252718 -0.721860945 0.664663732 -0.135279998
1756401012154562560.000000 1.947159767 2.671671629 0.016353298 0.109020717 -0.727283716 0.668930829 -0.108186834
1756401012454632704.000000 1.946301460 2.642941713 0.016712004 0.075146899 -0.732927322 0.671799481 -0.076523781
1756401012688019712.000000 1.950826883 2.628502846 0.017544920 0.078731000 -0.730957806 0.673091114 -0.080315135
1756401012954749440.000000 1.954653978 2.606547117 0.017073184 0.076861665 -0.732332349 0.671999574 -0.078729324
1756401013388180480.000000 1.960471034 2.571449518 0.016694998 0.076666653 -0.734224856 0.669798613 -0.080037437
1756401013921633280.000000 1.968787789 2.532377958 0.017277522 0.077405244 -0.732384741 0.671732008 -0.079982243
1756401014255048192.000000 1.973684311 2.507130146 0.017263072 0.077762544 -0.733327210 0.670534194 -0.081044689
1756401014488439040.000000 1.976426005 2.491847277 0.018420788 0.077004917 -0.730960071 0.673177540 -0.081237689
1756401014721830912.000000 1.975346684 2.470711946 0.018658528 0.053505413 -0.733192861 0.675269365 -0.059805259
1756401015055247360.000000 1.978476882 2.443567514 0.017858343 0.052557871 -0.735160649 0.673253238 -0.059217580
1756401015388664320.000000 1.981977940 2.419694901 0.017737988 0.053259511 -0.733806074 0.674737632 -0.058491319
1756401015888790528.000000 1.987341762 2.381884575 0.018372536 0.053837899 -0.734169900 0.674368799 -0.057643499
1756401016388917760.000000 1.991462469 2.344422817 0.018977689 0.052648712 -0.732991993 0.675735354 -0.057729509
1756401016889046528.000000 1.996844172 2.303777218 0.018618934 0.052712150 -0.734156132 0.674363196 -0.058911629
1756401017355824640.000000 1.991406441 2.262323856 0.018973220 0.009803023 -0.736852765 0.675711036 -0.019144431
1756401018222696192.000000 1.981974125 2.194935799 0.019704532 -0.020072920 -0.735072970 0.677639127 0.008368691
1756401018756155392.000000 1.974381924 2.152816296 0.021454046 -0.039674375 -0.732791960 0.678857923 0.024368871
1756401021656851712.000000 1.913850307 1.924477577 0.019428883 -0.109846480 -0.731665671 0.666155756 0.093997993
1756401024224175872.000000 1.861601949 1.737293243 0.018831229 -0.104753092 -0.731394768 0.667493939 0.092414632
1756401026693263104.000000 1.783503771 1.558239818 0.018547690 -0.129639313 -0.725965023 0.665356159 0.116059169
1756401029194079488.000000 1.658337116 1.391430616 0.018111192 -0.240811780 -0.702259719 0.635381222 0.212442487
1756401031227367936.000000 1.559655070 1.269533753 0.018921953 -0.242185608 -0.699568808 0.637499332 0.213411123
1756401033593990400.000000 1.484900713 1.111300707 0.016619666 -0.137363330 -0.726776004 0.663013339 0.115504622
1756401035127268352.000000 1.455277562 0.995882034 0.015253531 -0.109262608 -0.733621299 0.664673686 0.089835070
1756401037693852416.000000 1.392910600 0.806428492 0.013130326 -0.093951188 -0.734333754 0.667898536 0.076411590
1756401038260500480.000000 1.381610870 0.763721943 0.013568871 -0.093758300 -0.733658135 0.668649733 0.076567814
1756401040893771008.000000 1.325982332 0.563912213 0.010223050 -0.093782127 -0.733055234 0.669281125 0.076797299
1756401043728788480.000000 1.245782733 0.352883756 0.012289859 -0.131214082 -0.725472927 0.666509807 0.110619314
1756401045862623232.000000 1.182560802 0.196194410 0.012492463 -0.143477827 -0.723046482 0.664520204 0.122600578
1756401048596615168.000000 1.023173571 0.020208005 0.011461389 -0.258513302 -0.694440007 0.630653143 0.230652690
1756401051330609664.000000 0.831354916 -0.113404326 0.009666757 -0.321511745 -0.664701939 0.608434796 0.290875733
1756401054101755392.000000 0.586057782 -0.160876960 0.008611486 -0.474966407 -0.564491451 0.520923615 0.429412246
1756401054634996224.000000 0.545004249 -0.166857779 0.009188386 -0.479528338 -0.559834480 0.517156243 0.434956759
1756401054934930944.000000 0.517638624 -0.163896069 0.008227426 -0.498393297 -0.542221963 0.502124429 0.453288555
1756401056001380096.000000 0.432714105 -0.162700996 0.010279525 -0.513840437 -0.525597036 0.489362836 0.469297200
1756401056534620160.000000 0.391619056 -0.167413771 0.009922778 -0.513131320 -0.524445593 0.489067525 0.471663117
1756401057101165568.000000 0.346103460 -0.167686552 0.010646967 -0.519170582 -0.520731807 0.483189434 0.475214034
1756401057534420480.000000 0.310819209 -0.167711809 0.010752824 -0.523052692 -0.517365873 0.479313165 0.478547037
1756401057967655936.000000 0.277103901 -0.167238861 0.010621286 -0.522936702 -0.517936766 0.479107618 0.478262216
1756401058334266368.000000 0.250339240 -0.166888461 0.011160990 -0.520777047 -0.518055439 0.481671840 0.477914423
1756401058767530752.000000 0.214757740 -0.165955931 0.010154909 -0.522696614 -0.520021141 0.480626255 0.474725991
1756401059267444480.000000 0.175096810 -0.165183261 0.011099715 -0.521825016 -0.521814823 0.480270416 0.474076241
1756401059634046976.000000 0.147487491 -0.164160281 0.011291904 -0.521445990 -0.521311224 0.481108457 0.474197716
1756401059967309824.000000 0.119334742 -0.162053302 0.011623897 -0.522327244 -0.521918952 0.480074108 0.473607093
1756401060267258880.000000 0.095244899 -0.155917823 0.011714669 -0.521532536 -0.520822346 0.480866522 0.474884480
1756401060600533760.000000 0.068992451 -0.152472928 0.012259010 -0.522210777 -0.521852255 0.481540382 0.472318858
1756401060900472320.000000 0.053380620 -0.177445531 0.011961308 -0.522115946 -0.523119807 0.481354207 0.471210033
1756401061133762304.000000 0.036137372 -0.178447053 0.011539603 -0.520661294 -0.524044573 0.482310802 0.470813721
1756401061467052288.000000 0.005849613 -0.159598753 0.012454115 -0.520284772 -0.523836493 0.482644260 0.471119553
1756401061800332800.000000 -0.019324040 -0.159319595 0.011794539 -0.519579887 -0.524866998 0.482523113 0.470874518
1756401062066950144.000000 -0.040344037 -0.157990247 0.013360095 -0.520543039 -0.526125371 0.482630908 0.468288869
1756401062400231168.000000 -0.045993701 -0.156168103 0.010889299 -0.518179953 -0.524967492 0.483959496 0.470831096
1756401062633522176.000000 -0.051931109 -0.148214221 0.009322956 -0.533436060 -0.510062099 0.469449997 0.484664232
1756401062966785024.000000 -0.056711122 -0.139128774 0.011217881 -0.562369823 -0.478442699 0.440535367 0.510648072
1756401063300062208.000000 -0.059433587 -0.128227934 0.010243344 -0.587340236 -0.444881618 0.412593096 0.535610616
1756401063566683648.000000 -0.060420834 -0.122950532 0.009635574 -0.605067194 -0.418931752 0.389891565 0.553510964
1756401063866623744.000000 -0.062130444 -0.116864912 0.008453123 -0.626879036 -0.385055125 0.359763384 0.573868990
1756401064999776000.000000 -0.055731602 -0.091813102 0.008733099 -0.687349498 -0.261053681 0.247778714 0.630878270
1756401065299737344.000000 -0.051024877 -0.086222842 0.008902375 -0.700252771 -0.226026192 0.214700982 0.642231882
1756401065866316032.000000 -0.040494777 -0.082508229 0.006840683 -0.718193293 -0.157930553 0.153367281 0.660102189
1756401066399563520.000000 -0.030137606 -0.068503350 0.007153074 -0.730249882 -0.093561865 0.095534392 0.669966042
1756401066932797184.000000 -0.016659720 -0.057905778 0.007599005 -0.735702753 -0.026670901 0.034788437 0.675884604
1756401067765996800.000000 0.007068743 -0.046493612 0.008139529 -0.732865334 0.072440468 -0.058924053 0.673935235
1756401068266201856.000000 0.022756424 -0.043323994 0.008375959 -0.725705922 0.131173551 -0.111004159 0.666200101
1756401068800254208.000000 0.024705080 -0.035147555 0.008813825 -0.724184811 0.126317427 -0.107503444 0.669360399
1756401069300864768.000000 0.031825699 -0.014924034 0.008970388 -0.725864351 0.126452595 -0.108301774 0.667384028
1756401069801388032.000000 0.025733272 -0.016010609 0.008120091 -0.729323268 0.101855159 -0.083848663 0.671328902
1756401070301739008.000000 0.010313692 -0.020938305 0.007476442 -0.734712422 0.040574610 -0.027409939 0.676609278
1756401070801870080.000000 0.009313532 -0.021456597 0.007476762 -0.735019743 0.037353538 -0.024887128 0.676558495
1756401071335337472.000000 0.009467451 -0.021288672 0.007345653 -0.735018551 0.037310857 -0.024766680 0.676566541
1756401071835456256.000000 0.006823913 -0.022271194 0.007385149 -0.735423207 0.026790280 -0.015632620 0.676897883
1756401072335574272.000000 0.004921513 -0.022900959 0.007475619 -0.736128867 0.018562477 -0.007830421 0.676541507
1756401072869031936.000000 0.001444945 -0.024436457 0.007472743 -0.735911131 0.004123088 0.005379516 0.677044272
1756401073935928064.000000 -0.000288358 -0.025385350 0.007233120 -0.735433340 -0.001187712 0.010035359 0.677521706
1756401074469382400.000000 0.003835191 -0.023194069 0.007137330 -0.735622764 0.016631676 -0.006303712 0.677157879
1756401074969498624.000000 0.004324639 -0.036963806 0.007008815 -0.737127125 0.020059893 -0.008643238 0.675401032
1756401075536299520.000000 0.004625877 -0.032020893 0.007364972 -0.734751701 0.020371631 -0.008658743 0.677974939
1756401076069759488.000000 0.004150634 -0.015142482 0.006871240 -0.738611460 0.018226499 -0.008031358 0.673837066
1756401076569874176.000000 0.004773127 -0.016606480 0.007241034 -0.736356378 0.019477762 -0.008299906 0.676262617
1756401077069989888.000000 0.004848317 -0.016615139 0.007255968 -0.736286819 0.019529542 -0.008282878 0.676337063
1756401077570107392.000000 0.004489581 -0.023417126 0.006985716 -0.734943271 0.020539032 -0.008644381 0.677762389
1756401078070225408.000000 0.004357286 -0.022699349 0.007237430 -0.736552477 0.020261262 -0.008904339 0.676018238
1756401078570350848.000000 0.004397699 -0.022804789 0.007302895 -0.736487448 0.020238154 -0.008803279 0.676091194
1756401079103817984.000000 0.004217326 -0.022744099 0.007258938 -0.736449897 0.020300606 -0.008971117 0.676127970
1756401079637284864.000000 0.004392914 -0.022947021 0.007430522 -0.736476362 0.020329526 -0.008792435 0.676100671
1756401080137408256.000000 0.004534150 -0.022830987 0.007143234 -0.736395061 0.020338437 -0.008697337 0.676190078
1756401080637529856.000000 0.004544511 -0.022760961 0.007031611 -0.736374080 0.020266628 -0.008724115 0.676214755
1756401081170995456.000000 0.004419387 -0.022751955 0.007164302 -0.736421227 0.020318048 -0.008772056 0.676161230
1756401081704468480.000000 0.004435764 -0.022750575 0.007090751 -0.736391425 0.020271756 -0.008825066 0.676194429
1756401082237937664.000000 0.004427672 -0.022723859 0.007175300 -0.736436725 0.020279754 -0.008802687 0.676145196
1756401082738055168.000000 0.004356065 -0.022780567 0.007210175 -0.736416042 0.020316616 -0.008806868 0.676166475
1756401083238172416.000000 0.004236464 -0.022991709 0.007384409 -0.736482084 0.020274116 -0.008965916 0.676093757
1756401083804976896.000000 0.004221259 -0.022835225 0.007330989 -0.736463726 0.020232309 -0.008932331 0.676115453
1756401084371772160.000000 0.004422831 -0.022703523 0.007097362 -0.736407220 0.020333268 -0.008828716 0.676175356
1756401084871876864.000000 0.004440242 -0.022856999 0.007254049 -0.736430883 0.020229734 -0.008827755 0.676152647
1756401085405335040.000000 0.004220487 -0.022801464 0.007173078 -0.736419678 0.020301767 -0.008896207 0.676161885
1756401085905457920.000000 0.004294570 -0.022865254 0.007255613 -0.736419737 0.020288775 -0.008876135 0.676162422
1756401086405580032.000000 0.004401729 -0.022720288 0.007273994 -0.736436903 0.020264946 -0.008820913 0.676145196
1756401086905701120.000000 0.004442685 -0.022764429 0.007207659 -0.736425519 0.020241629 -0.008827321 0.676158190
1756401087439175936.000000 0.004338165 -0.022810346 0.007261447 -0.736417651 0.020246183 -0.008839128 0.676166475
1756401087972656640.000000 0.004261410 -0.022771508 0.007268662 -0.736432672 0.020250706 -0.008908214 0.676149070
1756401088472794624.000000 0.004356022 -0.022657713 0.007140918 -0.736396074 0.020229692 -0.008841698 0.676190376
1756401088972933376.000000 0.004390230 -0.022753721 0.007274494 -0.736427248 0.020253060 -0.008803736 0.676156223
1756401089473063168.000000 0.004207522 -0.022677649 0.007195737 -0.736414611 0.020213319 -0.008981377 0.676168919
1756401090039876608.000000 0.004281813 -0.022526179 0.007156329 -0.736384034 0.020237746 -0.008889687 0.676202595
1756401090539989248.000000 0.004328797 -0.022807747 0.007243532 -0.736408770 0.020258540 -0.008853835 0.676175594
1756401091073441536.000000 0.004454460 -0.022754602 0.007252479 -0.736439109 0.020240221 -0.008749831 0.676144481
1756401091573571840.000000 0.004297953 -0.022743754 0.007208549 -0.736406863 0.020241544 -0.008924038 0.676177204
1756401092107044352.000000 0.004322689 -0.022619003 0.007092995 -0.736403823 0.020218553 -0.008902690 0.676181555
1756401092607172864.000000 0.004217298 -0.022638012 0.007104216 -0.736374617 0.020292571 -0.008951184 0.676210403
1756401093140801536.000000 0.004188287 -0.022698034 0.007219245 -0.736391902 0.020213215 -0.008973102 0.676193714
1756401093642159616.000000 0.004148340 -0.022628047 0.007092376 -0.736376107 0.020243244 -0.008980776 0.676209867
1756401094143425024.000000 0.004428223 -0.022676904 0.007119054 -0.736385167 0.020272935 -0.008778112 0.676201880
1756401094643431168.000000 0.004306977 -0.022708710 0.007148271 -0.736358166 0.020194113 -0.008927783 0.676231563
1756401095243424768.000000 0.004210066 -0.022765623 0.007139964 -0.736401677 0.020164361 -0.009006522 0.676184118
1756401095810078208.000000 0.004229090 -0.022735592 0.007234073 -0.736408353 0.020207159 -0.008967560 0.676176071
1756401096376736000.000000 0.004240438 -0.022780403 0.007174009 -0.736397445 0.020206083 -0.008916485 0.676188588
1756401096943395584.000000 0.004245055 -0.022838937 0.007316901 -0.736402690 0.020252792 -0.008907932 0.676181734
1756401097510051840.000000 0.004361827 -0.022843540 0.007277586 -0.736414194 0.020244969 -0.008840511 0.676170290
1756401098043362816.000000 0.004319808 -0.022766642 0.007202241 -0.736398399 0.020296367 -0.008859356 0.676185608
1756401098576686336.000000 0.004310736 -0.022888510 0.007212897 -0.736392617 0.020240955 -0.008891651 0.676193237
1756401099109995520.000000 0.004247141 -0.022858350 0.007154389 -0.736371934 0.020214470 -0.008946239 0.676215827
1756401099643318528.000000 0.004350456 -0.022765523 0.007271785 -0.736424088 0.020225490 -0.008839888 0.676160038
1756401100176626176.000000 0.004388614 -0.022765210 0.007202305 -0.736369491 0.020260775 -0.008808412 0.676218867
1756401100743265792.000000 0.004312044 -0.022761617 0.007178827 -0.736396134 0.020177878 -0.008904052 0.676191032
1756401101276591616.000000 0.004327231 -0.022759741 0.007214938 -0.736412525 0.020248447 -0.008862762 0.676171660
1756401101776630528.000000 0.004357032 -0.022658933 0.007188933 -0.736375511 0.020197708 -0.008873028 0.676213384
1756401102309974784.000000 0.004389648 -0.022696929 0.007094624 -0.736340940 0.020289179 -0.008809265 0.676249087
1756401102909937408.000000 0.004298151 -0.022723887 0.007054333 -0.736327469 0.020219857 -0.008915466 0.676264465
1756401103443265792.000000 0.004302150 -0.022671288 0.007246194 -0.736424983 0.020222435 -0.008912335 0.676158190
1756401103976598272.000000 0.004256441 -0.022512723 0.007152860 -0.736416459 0.020206178 -0.008968509 0.676167250
1756401104509936896.000000 0.004380716 -0.022742756 0.007271955 -0.736396968 0.020298518 -0.008859355 0.676187158
1756401105043263232.000000 0.004280790 -0.022676848 0.007152050 -0.736367047 0.020234069 -0.008962277 0.676220238
1756401105576594688.000000 0.004269094 -0.022784006 0.007272464 -0.736411572 0.020236701 -0.008929383 0.676172137
1756401106143245056.000000 0.004416739 -0.022728287 0.007132762 -0.736343801 0.020277249 -0.008840321 0.676245928
1756401106709899776.000000 0.004387651 -0.022667971 0.007253848 -0.736388564 0.020254938 -0.008838934 0.676197827
1756401107276550400.000000 0.004338591 -0.022607137 0.007158343 -0.736384153 0.020284899 -0.008844876 0.676201642
1756401107809880832.000000 0.004312535 -0.022760108 0.007143153 -0.736337721 0.020250591 -0.008865106 0.676253021
1756401108343203584.000000 0.004258309 -0.022790965 0.007306412 -0.736414671 0.020279331 -0.008880676 0.676168203
1756401108876517888.000000 0.004429321 -0.022671837 0.007087465 -0.736338615 0.020237744 -0.008866969 0.676252425
1756401109376921344.000000 0.004402269 -0.022735070 0.007259334 -0.736409545 0.020261511 -0.008844778 0.676174819
1756401109911094528.000000 0.004209357 -0.022718094 0.007157190 -0.736375093 0.020250542 -0.008928926 0.676211417
1756401110445656576.000000 0.004348445 -0.022706334 0.007088055 -0.736325145 0.020222127 -0.008857519 0.676267624
1756401110980517632.000000 0.004311402 -0.022781475 0.007208598 -0.736353695 0.020250615 -0.008888338 0.676235259
1756401111514183936.000000 0.004203161 -0.022799157 0.007289953 -0.736381590 0.020288495 -0.008951894 0.676202953
1756401112047481088.000000 0.004523526 -0.022714123 0.007110703 -0.736345410 0.020334464 -0.008689437 0.676244438
1756401112580806400.000000 0.004775563 0.000009300 0.008231387 -0.734977305 0.018805798 -0.007391772 0.677790642
1756401113147453952.000000 0.006086460 0.041751657 0.009374223 -0.733171284 0.018354857 -0.006957562 0.679760695
1756401113680771072.000000 0.008418357 0.084483489 0.009561942 -0.734296203 0.019468339 -0.007647597 0.678506911
1756401114247409920.000000 0.010351872 0.129061699 0.009761060 -0.734623671 0.019890238 -0.007169274 0.678145349
1756401114780723456.000000 0.012434247 0.169838309 0.010080134 -0.734821975 0.022369819 -0.009321200 0.677826881
1756401115347367680.000000 0.014362620 0.213522524 0.010385022 -0.734119415 0.023490859 -0.009175584 0.678551912
1756401115914013440.000000 0.016030867 0.258515507 0.010304851 -0.735937715 0.023619331 -0.010684838 0.676552832
1756401116480663552.000000 0.016481733 0.268348306 0.010134804 -0.736085415 0.023041194 -0.010101776 0.676420987
1756401117047303168.000000 0.016207304 0.268299937 0.010299338 -0.736193597 0.023144428 -0.010253400 0.676297426
1756401117580654592.000000 0.016293978 0.268412083 0.010264782 -0.736222208 0.023117773 -0.010223611 0.676267684
1756401118080665856.000000 0.016290005 0.268369049 0.010260409 -0.736166239 0.023125891 -0.010225578 0.676328361
1756401118613990656.000000 0.016282236 0.268368423 0.010204158 -0.736172259 0.023006897 -0.010388016 0.676323354
1756401119180634624.000000 0.017102035 0.300026029 0.010875171 -0.734364092 0.022866892 -0.010394040 0.678290844
1756401119747299328.000000 0.019372478 0.345283061 0.011349997 -0.735548317 0.022746434 -0.009409385 0.677025020
1756401120313958912.000000 0.021444408 0.390286505 0.010977741 -0.735958040 0.022822350 -0.008906400 0.676583827
1756401120913952512.000000 0.024205025 0.437970668 0.011019056 -0.736510456 0.023802232 -0.008851461 0.675949395
1756401121447279872.000000 0.026634093 0.480229735 0.012271368 -0.736217856 0.024074441 -0.009238631 0.676253200
1756401121980600832.000000 0.029395597 0.523265958 0.012377730 -0.737011194 0.024922952 -0.009825148 0.675349414
1756401122547260928.000000 0.030389167 0.567800939 0.012587367 -0.737125576 0.022857402 -0.009741580 0.675298929
1756401123080576512.000000 0.032707874 0.608520627 0.013654868 -0.736326337 0.023702681 -0.009397258 0.676146030
1756401123580578816.000000 0.034392856 0.649107993 0.012319903 -0.735934377 0.023691842 -0.009142412 0.676576495
1756401124147233792.000000 0.036063183 0.693589509 0.012317833 -0.735775411 0.022298202 -0.008960629 0.676799119
1756401124713894912.000000 0.037692968 0.739006937 0.011678877 -0.736377478 0.021729484 -0.008193017 0.676172316
1756401125247216896.000000 0.038786523 0.780087233 0.011691657 -0.736178041 0.020940518 -0.007773877 0.676419258
1756401125780553984.000000 0.039428625 0.823084295 0.010124531 -0.736332774 0.018567361 -0.006797176 0.676330626
1756401126314172160.000000 0.049848039 0.843501806 0.010848127 -0.735546768 0.056852344 -0.042296644 0.673757970
1756401126848318720.000000 0.075988241 0.873200893 0.009563136 -0.726959467 0.127893999 -0.105249062 0.666405141
1756401127382146816.000000 0.107994854 0.907440782 0.011658944 -0.712584496 0.191315755 -0.162621230 0.655115247
1756401127882263296.000000 0.148478642 0.938204944 0.010799080 -0.696129620 0.248606622 -0.215354279 0.638138652
1756401128382371840.000000 0.187992454 0.960541308 0.013755915 -0.672532916 0.306521147 -0.268585414 0.617742836
1756401128915812864.000000 0.214258790 0.962435842 0.014119323 -0.647423804 0.360541880 -0.315670639 0.592624664
1756401129415925504.000000 0.227835685 0.951951563 0.014242494 -0.614576101 0.413335383 -0.365317643 0.563908815
1756401129949386240.000000 0.234817773 0.935978591 0.020277638 -0.576764703 0.466251463 -0.412551582 0.528917193
1756401130482843904.000000 0.243375212 0.920822561 0.018218607 -0.532749593 0.515397727 -0.458536536 0.490191102
1756401130982958592.000000 0.261292994 0.911280334 0.013424840 0.488285661 -0.556220233 0.499348819 -0.450385451
1756401131483081728.000000 0.272058696 0.907768309 0.010163356 0.437335163 -0.595942914 0.538110971 -0.405002058
1756401131783156992.000000 0.275187880 0.907114387 0.011789430 0.406740516 -0.617819071 0.557622254 -0.376721770
1756401132116574464.000000 0.273179054 0.896425664 0.013666036 0.373297840 -0.639007986 0.576738536 -0.345962852
1756401132383301376.000000 0.274822444 0.882485688 0.012927946 0.345783472 -0.654545546 0.591310740 -0.319930583
1756401132816731136.000000 0.272377014 0.863987386 0.013711775 0.297718614 -0.677070081 0.612660944 -0.278543413
1756401133116797696.000000 0.264189452 0.848419964 0.014748041 0.266416520 -0.690090716 0.625281572 -0.248636350
1756401133516892416.000000 0.254070401 0.837756872 0.013853207 0.220748365 -0.705980241 0.640308559 -0.207043588
1756401134050352896.000000 0.242291555 0.821918547 0.015113799 0.157352164 -0.722824693 0.655840456 -0.150459439
1756401134583809536.000000 0.227413863 0.809725821 0.016450506 0.093603268 -0.733609855 0.666759491 -0.092124484
1756401134817196032.000000 0.221062958 0.805068672 0.016935378 0.064783104 -0.736170292 0.670499265 -0.065476589
1756401135217289984.000000 0.212962404 0.789543271 0.017163299 0.030109908 -0.737258732 0.674046218 -0.034709949
1756401135684069632.000000 0.215722740 0.752326906 0.017814215 0.029111093 -0.739223421 0.672061086 -0.032174286
1756401136184190976.000000 0.218286663 0.714278936 0.018190349 0.029307315 -0.739258051 0.671990871 -0.032663468
1756401136717650432.000000 0.220323890 0.672981858 0.018375946 0.030248696 -0.739676237 0.671402097 -0.034400705
1756401137117744640.000000 0.215631872 0.637726068 0.017436223 0.004247272 -0.740822196 0.671594679 -0.011185991
1756401137551177472.000000 0.214956909 0.604031384 0.018779686 0.004180191 -0.741188526 0.671200573 -0.010583743
1756401138084633344.000000 0.222205460 0.565831959 0.016396642 0.031654682 -0.739836514 0.671113491 -0.035307046
1756401138584744960.000000 0.224332839 0.528674901 0.016651403 0.029755915 -0.739663303 0.671496212 -0.033252858
1756401139084855808.000000 0.225334972 0.488843948 0.016496789 0.024711927 -0.738692939 0.673012257 -0.027868316
1756401139518299648.000000 0.221915558 0.452357262 0.015897037 0.004714438 -0.740884423 0.671563745 -0.008379174
1756401140051771392.000000 0.222095042 0.412627310 0.016101401 0.005498622 -0.739798903 0.672727168 -0.010273353
1756401140585228288.000000 0.221582413 0.370356709 0.014690110 0.004775676 -0.740353584 0.672124863 -0.010096516
1756401140918638848.000000 0.221664220 0.344812304 0.014476186 0.004352671 -0.740480185 0.672004938 -0.008922510
1756401141418764288.000000 0.221962839 0.306075424 0.014700977 0.003406580 -0.741508961 0.670877516 -0.008732224
1756401141952239104.000000 0.221522018 0.264755785 0.013886947 0.004148337 -0.741358757 0.671023011 -0.009907859
1756401142419022848.000000 0.222051993 0.228842095 0.013228411 0.003976491 -0.740412414 0.672080636 -0.009022368
1756401142752437248.000000 0.221048519 0.202925161 0.013725184 0.003787308 -0.740702212 0.671766400 -0.008710468
1756401143252561408.000000 0.220395625 0.165313482 0.015258251 0.003873330 -0.740629733 0.671815813 -0.010778039
1756401143786038784.000000 0.220786765 0.122938767 0.014507720 0.002099270 -0.740506947 0.671976507 -0.009624678
1756401144219485696.000000 0.220525786 0.089354374 0.014312215 0.001074458 -0.740562201 0.671940982 -0.007864903
1756401144619577088.000000 0.220029891 0.057185233 0.013555091 0.002654435 -0.741513550 0.670874536 -0.008835356
1756401145053009152.000000 0.219100058 0.022004131 0.012935542 0.001428537 -0.742202759 0.670134068 -0.007311406
1756401145519777792.000000 0.217206761 -0.013719330 0.012562919 0.001867590 -0.741532385 0.670854390 -0.008980228
1756401146019886336.000000 0.224951491 -0.048823081 0.012591463 0.025654241 -0.740790367 0.670573473 -0.030047234
1756401146520004864.000000 0.238259763 -0.050618812 0.013566004 0.078837477 -0.738065362 0.665433049 -0.079013161
1756401146853417984.000000 0.245938048 -0.043193519 0.013017805 0.119524926 -0.731848598 0.660746872 -0.116297327
1756401147286857728.000000 0.253650129 -0.031258527 0.013548879 0.171131298 -0.721505284 0.650577664 -0.163990781
1756401147586934016.000000 0.258141071 -0.022700809 0.013376512 0.207061797 -0.712394416 0.641331315 -0.195739076
1756401147920351744.000000 0.261140704 -0.013921977 0.014257398 0.246434331 -0.699405968 0.629583597 -0.231788769
1756401148287109376.000000 0.263679564 -0.004225038 0.013947530 0.287425756 -0.682968318 0.614763498 -0.270197570
1756401148687205120.000000 0.266779810 0.006385811 0.013488367 0.332108617 -0.662683904 0.595528185 -0.309677601
1756401149220665600.000000 0.267452747 0.020623026 0.012127658 0.388844430 -0.630211532 0.566126108 -0.362125337
1756401149554077184.000000 0.267024249 0.029789738 0.011875426 0.422038972 -0.608707070 0.546357155 -0.390963912
1756401149887489536.000000 0.265267819 0.039894946 0.011610422 0.455156237 -0.583746672 0.523938119 -0.421380401
1756401150087535872.000000 0.263822585 0.045378387 0.011420466 0.473266810 -0.568903029 0.510310292 -0.438122511
1756401150287579904.000000 0.262452811 0.050195333 0.011705829 0.488436520 -0.554060340 0.498401612 -0.453919381
1756401150554304000.000000 0.277953595 0.051452104 0.011150127 0.497110248 -0.548591554 0.491319120 -0.458840132
1756401150987729664.000000 0.309539586 0.047202714 0.010983672 0.496096313 -0.547791302 0.491644204 -0.460542262
1756401151521177344.000000 0.347367615 0.043793645 0.011297975 0.497525632 -0.545995414 0.489924520 -0.462959260
1756401151821240832.000000 0.369094193 0.041391425 0.011504052 0.498662382 -0.545643747 0.488745362 -0.463396937
1756401152154644992.000000 0.393704116 0.039059803 0.011127951 0.500009120 -0.545703053 0.488531381 -0.462099731
1756401152488052736.000000 0.417462796 0.036748264 0.011083072 0.500172555 -0.544389606 0.488309443 -0.463703781
1756401152821458944.000000 0.442785621 0.034041718 0.010712856 0.501725256 -0.545211434 0.486474782 -0.462988734
1756401153154864896.000000 0.450677603 0.036871087 0.011038560 0.513996661 -0.533079743 0.475519806 -0.474883497
1756401153454926592.000000 0.446535677 0.044172689 0.011346836 -0.539285898 0.508323073 -0.452132612 0.496341139
1756401153754988544.000000 0.441712320 0.050477009 0.011311606 -0.565799117 0.480316788 -0.424969524 0.518235505
1756401154255093504.000000 0.427510530 0.058050744 0.015670003 -0.602094233 0.433018416 -0.379841298 0.552899897
1756401154755206400.000000 0.416875362 0.066195957 0.013240047 -0.632938623 0.381174773 -0.334480643 0.584993362
1756401155288663552.000000 0.402992755 0.074898027 0.011448670 -0.664125085 0.324951738 -0.281418145 0.611676455
1756401155822135552.000000 0.386528969 0.081994601 0.009545558 -0.689453423 0.267198771 -0.227871448 0.633508801
1756401156322261760.000000 0.367076248 0.084932581 0.007991333 -0.708615720 0.209261388 -0.176004499 0.650458217
1756401156855722240.000000 0.348949790 0.085814416 0.006162541 -0.723660707 0.145853654 -0.119117454 0.663967609
1756401157355843072.000000 0.332459539 0.084936202 0.007615283 -0.731943130 0.089635074 -0.069095694 0.671900809
1756401157855966464.000000 0.316638321 0.079317749 0.007480449 -0.735275388 0.033062197 -0.017415730 0.676737547
1756401158356089856.000000 0.311120749 0.102090970 0.008421810 -0.736569881 0.008312959 0.004128605 0.676297784
1756401159489705984.000000 0.312917173 0.186689168 0.008754510 -0.736305237 0.016431790 -0.001925730 0.676447272
1756401161056748544.000000 0.299377203 0.303813279 0.008851794 -0.736232817 -0.014804463 0.026326731 0.676054001
1756401161590185472.000000 0.296094030 0.343844712 0.008997454 -0.736547649 -0.016380647 0.027567755 0.675625086
1756401163724263168.000000 0.283928812 0.507822275 0.010288385 -0.736419678 -0.017891558 0.029536253 0.675643146
1756401164258122496.000000 0.280589551 0.549421966 0.009847064 -0.735941887 -0.018334979 0.030243004 0.676120460
1756401164792908544.000000 0.278099805 0.589060128 0.010377553 -0.735055685 -0.018142302 0.030384630 0.677082598
1756401165327373824.000000 0.282159269 0.633885145 0.010809112 -0.735499442 0.007797648 0.007248585 0.677441657
1756401165894020352.000000 0.281444460 0.678449333 0.011008762 -0.736073434 0.007813892 0.007114694 0.676819265
1756401166493981952.000000 0.281109482 0.725063026 0.011172056 -0.735659301 0.007385551 0.007390607 0.677271187
1756401167093924352.000000 0.280877501 0.771119654 0.011095973 -0.735862255 0.007658165 0.007305089 0.677048624
1756401167660553472.000000 0.280960470 0.815495729 0.010974581 -0.736638963 0.008086546 0.007126432 0.676200330
1756401168227168768.000000 0.281814575 0.860425949 0.010538987 -0.736396670 0.009552493 0.007384167 0.676442325
1756401168760469760.000000 0.280860841 0.902013183 0.011007385 -0.736949325 0.008535632 0.006410724 0.675863802
1756401169360421376.000000 0.280075163 0.948998332 0.010569015 -0.737403393 0.006173245 0.007471208 0.675383151
1756401170460342272.000000 0.291998237 1.003534913 0.010769343 -0.735308290 0.061838079 -0.043440841 0.673506260
1756401170993645568.000000 0.308850586 1.008490443 0.010965833 -0.727665544 0.125962451 -0.102029480 0.666503131
1756401171560288256.000000 0.327063620 1.009171128 0.011198252 -0.711876810 0.194262236 -0.164119869 0.654643714
1756401172126922496.000000 0.344934136 1.005224705 0.011944631 -0.692322731 0.261035860 -0.225316435 0.633862913
1756401172660241664.000000 0.362619281 0.997316062 0.014246575 -0.666476130 0.324445426 -0.281966805 0.609130204
1756401173226879488.000000 0.378246844 0.987732172 0.014534602 -0.634493172 0.382959396 -0.335395098 0.581610501
1756401173793519104.000000 0.392151952 0.975771070 0.013985904 -0.595723629 0.441591144 -0.389478385 0.546275914
1756401174360148224.000000 0.410451025 0.976718664 0.013744000 -0.587341487 0.455836564 -0.401540250 0.534797549
1756401174893454592.000000 0.454559326 0.981679678 0.012418451 -0.572263181 0.471910655 -0.417744309 0.524695039
1756401175460093440.000000 0.506823003 0.971348584 0.012410821 -0.528401256 0.520682037 -0.462963283 0.485126197
1756401175993402368.000000 0.554141521 0.953766286 0.012037998 0.483187675 -0.562436998 0.503158689 -0.443875670
1756401176560045568.000000 0.601621151 0.924575090 0.008902727 0.429960042 -0.603041828 0.541835308 -0.397353083
1756401177126676992.000000 0.643502295 0.890642047 0.009654397 0.374545246 -0.640221953 0.576082051 -0.343454897
1756401177659983104.000000 0.676314116 0.852435589 0.008798128 0.315466702 -0.669667482 0.605599284 -0.292020261
1756401178259937024.000000 0.700155556 0.803598881 0.012023531 0.247439355 -0.697087407 0.631844044 -0.231551379
1756401178793242880.000000 0.714052618 0.758690357 0.010167425 0.184885979 -0.715590179 0.650756896 -0.173963606
1756401179359916800.000000 0.719992578 0.703348577 0.010855472 0.119844444 -0.730293810 0.662482440 -0.115867659
1756401179893372160.000000 0.715008974 0.649408638 0.009279331 0.050023116 -0.737907887 0.671023250 -0.052129377
1756401180427105536.000000 0.714926600 0.605172634 0.009851236 0.033507843 -0.739544451 0.671205580 -0.037872713
1756401180927868160.000000 0.711070955 0.563642025 0.010819441 0.008177022 -0.739602625 0.672852397 -0.013809914
1756401181461704960.000000 0.711250663 0.522885263 0.010795604 0.008169378 -0.738011122 0.674609780 -0.013209589
1756401181961834240.000000 0.710903287 0.482770324 0.009257810 0.008550191 -0.738829911 0.673677266 -0.014706733
1756401182495296000.000000 0.711799979 0.442621976 0.009381153 0.009620548 -0.738079190 0.674465656 -0.015577759
1756401182995408128.000000 0.712237895 0.402629972 0.009059522 0.008780315 -0.738437772 0.674099684 -0.014908170
1756401183495515904.000000 0.713476598 0.363388598 0.008191973 0.008947243 -0.737172663 0.675477505 -0.015054304
1756401184028960768.000000 0.714358091 0.323562205 0.008162627 0.010265642 -0.736229062 0.676462889 -0.016105549
1756401184529069568.000000 0.714753389 0.282579064 0.008388700 0.008518126 -0.738365412 0.674154103 -0.016132882
1756401185062520064.000000 0.716145396 0.240426704 0.008682592 0.007362161 -0.737718642 0.674930692 -0.013622486
1756401185595969792.000000 0.715400755 0.196425408 0.008986870 0.007137669 -0.740565002 0.671801269 -0.013986574
1756401186129417472.000000 0.716025233 0.155508608 0.008669803 0.007379329 -0.740458071 0.671934009 -0.013122164
1756401186629538304.000000 0.716160417 0.117897972 0.008660156 0.005887542 -0.738678038 0.673902035 -0.013271003
1756401187163003136.000000 0.716739595 0.077653766 0.009852152 0.007149775 -0.738668859 0.673880398 -0.014230753
1756401187696452352.000000 0.719201684 0.032254778 0.010125297 0.004506178 -0.742187083 0.670099974 -0.010205945
1756401188196560128.000000 0.718801260 -0.009905128 0.009410232 0.004224295 -0.743066251 0.669130147 -0.009977229
1756401188696675584.000000 0.718571901 -0.050731190 0.009645432 0.010331900 -0.741879523 0.670281827 -0.015175337
1756401189163449856.000000 0.717884421 -0.087821707 0.009275597 0.007275508 -0.740994632 0.671340346 -0.013278507
1756401189596877056.000000 0.717588365 -0.122377336 0.008501004 0.007466062 -0.741658449 0.670609117 -0.013059130
1756401190063643392.000000 0.718106747 -0.158158854 0.008994639 0.009188369 -0.739667952 0.672718585 -0.016018985
1756401190530412800.000000 0.733823955 -0.182635307 0.008811917 0.068103440 -0.734701931 0.671254754 -0.070655331
1756401190897159936.000000 0.749784052 -0.203070208 0.008495931 0.113107391 -0.730310321 0.664598584 -0.110282749
1756401191363930112.000000 0.772592187 -0.224500537 0.008904191 0.170202479 -0.719963312 0.653423548 -0.160379872
1756401191830702080.000000 0.798376203 -0.241018042 0.009147421 0.227444708 -0.703907132 0.638660371 -0.211888298
1756401192030747648.000000 0.810166478 -0.247283578 0.009352587 0.250753939 -0.695926905 0.631206274 -0.233209804
1756401192297475584.000000 0.825414956 -0.254576862 0.009195045 0.281054825 -0.684895694 0.619449973 -0.261166364
1756401192564207360.000000 0.841747582 -0.258749306 0.008954873 0.311839193 -0.671089947 0.607277751 -0.289151222
1756401192797596672.000000 0.857701719 -0.262913078 0.008275667 0.337548256 -0.659564912 0.594742119 -0.311956942
1756401193197693696.000000 0.880565226 -0.265111983 0.008009071 0.379478037 -0.636829138 0.573242664 -0.349052876
1756401193464421888.000000 0.896107256 -0.265497506 0.008279748 0.408840835 -0.618282557 0.556016445 -0.376060665
1756401193631127552.000000 0.901796103 -0.265995264 0.007969355 0.423494816 -0.610790133 0.546167970 -0.386378378
1756401193964538368.000000 0.899926007 -0.256431222 0.008835100 0.452551454 -0.587283790 0.527306020 -0.415022075
1756401194397971968.000000 0.905160010 -0.245421544 0.008646805 0.494318932 -0.551160216 0.494853050 -0.454963297
1756401194831404544.000000 0.929684162 -0.235762924 0.008332444 -0.534140229 0.513991356 -0.458857834 0.489853680
1756401195164815104.000000 0.949190497 -0.225450113 0.007157790 -0.560870647 0.484395921 -0.432251364 0.513754308
1756401195564914432.000000 0.969502270 -0.211522773 0.004633816 -0.590507746 0.446875930 -0.397031397 0.542188764
1756401195898331904.000000 0.983181000 -0.199416444 0.005628113 -0.612585008 0.413685143 -0.367861301 0.564165056
1756401196231748608.000000 0.996438205 -0.184655219 0.005973963 -0.632942796 0.380687326 -0.336543858 0.584122300
1756401196731862016.000000 1.013383269 -0.157185584 0.006112242 -0.662053823 0.327712566 -0.287151307 0.609781384
1756401197231975680.000000 1.017306089 -0.137699157 0.005586934 -0.682341933 0.277403176 -0.243350998 0.631060541
1756401197732093440.000000 1.001065612 -0.133168772 0.005166145 -0.705241084 0.220181853 -0.190137088 0.646531463
1756401198298895360.000000 0.980885029 -0.133542031 0.004604636 -0.722139001 0.153229713 -0.128255531 0.662258565
1756401198799021568.000000 0.962867677 -0.137960941 0.003616795 -0.732053459 0.092284031 -0.073572025 0.670946121
1756401199299146496.000000 0.946801960 -0.141360641 0.002735293 -0.736910939 0.030943384 -0.017709950 0.675049007
1756401199865940480.000000 0.931290567 -0.144621596 0.003047415 -0.734608412 -0.029533047 0.037060060 0.676834464
1756401200433297408.000000 0.925719976 -0.101044729 0.003477898 -0.735770762 -0.032475878 0.037959009 0.675385714
1756401203204667392.000000 0.926819742 0.114626862 0.005997953 -0.734731019 -0.000555828 0.011393870 0.678262651
1756401206070599168.000000 0.920243263 0.339608759 0.006324052 -0.736922801 -0.002993664 0.012494548 0.675854802
1756401208936531200.000000 0.911239922 0.561825037 0.007093268 -0.737697780 -0.008898001 0.018066930 0.674830675
1756401209469729536.000000 0.909279406 0.602723658 0.006846458 -0.737271905 -0.009101090 0.019155357 0.675263226
1756401210036244992.000000 0.906529605 0.646571934 0.006690749 -0.737610400 -0.010305051 0.020173836 0.674846470
1756401210569443072.000000 0.904320836 0.687557995 0.006911852 -0.736929238 -0.010289753 0.020510515 0.675580382
1756401211669154816.000000 0.895507693 0.771407604 0.007305185 -0.737321556 -0.025244456 0.033740651 0.674226403
1756401212202331904.000000 0.891048729 0.812755108 0.007377177 -0.737549424 -0.026326451 0.034408402 0.673901975
1756401213302045696.000000 0.875166655 0.892872512 0.007983765 -0.733784556 -0.049963128 0.056094371 0.675216556
1756401214435079168.000000 0.861375868 0.981095672 0.007555777 -0.734976411 -0.050728533 0.056506902 0.673827350
1756401215001598976.000000 0.854745805 1.026467085 0.007539125 -0.736290812 -0.050042119 0.055859309 0.672496498
1756401215534785536.000000 0.847026527 1.066037774 0.008073327 -0.735755622 -0.051465638 0.055816967 0.672977984
1756401216601668096.000000 0.834582210 1.146845341 0.008959601 -0.734058321 -0.051009726 0.056816891 0.674780130
1756401217102333696.000000 0.827944517 1.184885740 0.008983375 -0.734150171 -0.051822092 0.056474354 0.674647093
1756401217635849728.000000 0.820901215 1.226394773 0.009525799 -0.733804643 -0.052919213 0.056986678 0.674894750
1756401218769945600.000000 0.806942582 1.312958837 0.010785004 -0.732364357 -0.053146463 0.057728164 0.676376700
1756401219337393664.000000 0.792995811 1.353045940 0.010721887 -0.730797768 -0.080976836 0.083893195 0.672561824
1756401220337651712.000000 0.774205208 1.429816484 0.011197804 -0.730721414 -0.081747800 0.083796680 0.672563553
1756401221471240192.000000 0.752873123 1.516561866 0.012110597 -0.730848134 -0.082350262 0.084390752 0.672278047
1756401223771745792.000000 0.686754704 1.675608635 0.013133564 -0.721639812 -0.146423697 0.143624976 0.661186755
1756401226472398848.000000 0.533640862 1.785427690 0.013233723 -0.655821025 -0.332089931 0.311210394 0.602298200
1756401228572882688.000000 0.405503064 1.901724100 0.016273029 -0.686607361 -0.266516179 0.251400560 0.627962768
1756401230106606080.000000 0.345123142 2.019731283 0.018524036 -0.714765906 -0.178548664 0.170785606 0.654264808
1756401231140204544.000000 0.329528272 2.110708475 0.019971453 -0.731546581 -0.105412379 0.105306163 0.665310800
1756401231673669632.000000 0.325848877 2.156956196 0.020876648 -0.735518396 -0.065152518 0.068396524 0.670887351
1756401232173790208.000000 0.321608305 2.196638584 0.021878652 -0.736757636 -0.047357433 0.051977824 0.672490835
1756401233774426368.000000 0.331372321 2.330197096 0.021378677 -0.739676654 0.018892543 -0.007590836 0.672654390
1756401234274512640.000000 0.333290219 2.367006063 0.021184672 -0.738426566 0.018829942 -0.006702519 0.674037635
1756401234841289728.000000 0.334267110 2.411056042 0.021714814 -0.738685787 0.019675605 -0.006464740 0.673731804
1756401235408067584.000000 0.335094929 2.453907251 0.021867715 -0.737820446 0.019180764 -0.005942534 0.674698293
1756401235974848256.000000 0.337003678 2.497057915 0.022010799 -0.736976922 0.020217031 -0.005850508 0.675590158
1756401237575150080.000000 0.326879770 2.616728306 0.023482239 -0.739033461 -0.006451780 0.019229732 0.673363388
1756401240208993024.000000 0.319072098 2.821837902 0.022447854 -0.740318120 -0.005274090 0.018580317 0.671979308
1756401242876203776.000000 0.309705973 3.028677464 0.021354610 -0.738912702 -0.006797405 0.019556224 0.673483133
1756401243376309504.000000 0.307624489 3.067955732 0.021743936 -0.739313424 -0.006260899 0.018506765 0.673078060
1756401243909751296.000000 0.305224478 3.108847380 0.021926954 -0.738018870 -0.006418840 0.018149121 0.674505472
1756401244909952768.000000 0.301881343 3.186514854 0.021964373 -0.737626910 -0.006853994 0.019741155 0.674885094
1756401245976822016.000000 0.324213773 3.277684212 0.021910865 -0.735756755 0.075433709 -0.053412054 0.670909047
1756401246476921600.000000 0.338485867 3.279062748 0.023189843 -0.723676562 0.134169251 -0.106954120 0.668469667
1756401246977035776.000000 0.371136308 3.314344406 0.022734307 -0.711779535 0.197432563 -0.163220242 0.654025614
1756401247510489600.000000 0.413620174 3.344212294 0.020447515 -0.691812277 0.260299295 -0.220085010 0.636555374
1756401248010601984.000000 0.459887266 3.369825363 0.019121803 -0.667446196 0.318898320 -0.273346275 0.614899397
1756401248510742272.000000 0.504692495 3.385598183 0.017138639 -0.638879120 0.373705000 -0.324836910 0.588777542
1756401248577432832.000000 0.511350632 3.386509895 0.017541695 -0.634690046 0.380415380 -0.330847949 0.585655451
1756401249077617408.000000 0.559758008 3.393014431 0.020335848 -0.601666629 0.432375342 -0.377703637 0.555327713
1756401249611102464.000000 0.610425353 3.390576363 0.019340372 -0.562271237 0.483145505 -0.424088478 0.520164013
1756401250111208960.000000 0.622088015 3.380576372 0.019503720 -0.525337338 0.525553167 -0.462390453 0.483745486
1756401250644662528.000000 0.630666554 3.366094589 0.018582787 0.476370275 -0.570720911 0.504415691 -0.439219773
1756401251178119936.000000 0.635477662 3.349937201 0.019981943 0.425562382 -0.610566974 0.540823460 -0.391937196
1756401251578215680.000000 0.631205380 3.336208105 0.023265427 0.384751141 -0.638199329 0.565186977 -0.353881240
1756401252078337536.000000 0.626650751 3.319632530 0.024830351 0.331699789 -0.667615771 0.592001438 -0.306265801
1756401252478428928.000000 0.624030411 3.306676865 0.025371512 0.285967827 -0.688343942 0.611822128 -0.264723927
1756401252745151488.000000 0.613005519 3.299924612 0.029717006 0.255166382 -0.700757504 0.622224629 -0.238045335
1756401253278597120.000000 0.600079060 3.281314135 0.026249738 0.193438694 -0.720849514 0.640461624 -0.181014821
1756401253645337856.000000 0.588429272 3.273839235 0.026256543 0.152548671 -0.729236484 0.651257753 -0.144244105
1756401254112097792.000000 0.577267885 3.265666723 0.026031015 0.095329605 -0.738296986 0.661307275 -0.092209689
1756401254478847232.000000 0.566860378 3.260512829 0.026808752 0.051913295 -0.742361724 0.665972412 -0.051815618
1756401254878949376.000000 0.554973423 3.254504919 0.026645754 0.004907221 -0.742524207 0.669741869 -0.008919719
1756401255445756672.000000 0.553969204 3.210219860 0.027884640 0.001918146 -0.742642701 0.669660985 -0.005689949
1756401255945864704.000000 0.553387165 3.170415163 0.027606092 0.001626157 -0.742189050 0.670165241 -0.005602571
1756401256445974528.000000 0.552749515 3.130680799 0.026930517 0.001711677 -0.742734611 0.669563055 -0.005271349
1756401256979431168.000000 0.551868260 3.090091228 0.027973700 0.000801931 -0.741612256 0.670809567 -0.005029481
1756401257479547136.000000 0.551511168 3.050095081 0.027251899 0.001063827 -0.741558552 0.670866430 -0.005303728
1756401257912985088.000000 0.550475240 3.016438246 0.027526390 0.000954345 -0.741759479 0.670641422 -0.005665815
1756401258479790336.000000 0.549905956 2.973295927 0.027401211 0.001576340 -0.740765631 0.671726704 -0.006869518
1756401259013262592.000000 0.549363613 2.932252169 0.027793936 0.001038980 -0.740201890 0.672350407 -0.006717400
1756401259546736896.000000 0.548433959 2.890902519 0.027946435 0.001301096 -0.740154743 0.672397077 -0.007177027
1756401260046872064.000000 0.547622800 2.849886656 0.027635785 0.001033886 -0.741576195 0.670830667 -0.007071628
1756401260580336384.000000 0.547302663 2.807461023 0.027072446 0.000719061 -0.741391897 0.671039939 -0.006557128
1756401261047105536.000000 0.546445489 2.770210743 0.027148001 0.001108329 -0.741853714 0.670517683 -0.007608277
1756401261513884672.000000 0.552572489 2.738010883 0.026317162 0.025216026 -0.740660906 0.670742214 -0.029839652
1756401262080701440.000000 0.554105639 2.693694830 0.026674233 0.025854811 -0.740509033 0.670851171 -0.030605583
1756401262614181120.000000 0.557371676 2.653131962 0.026972149 0.026102155 -0.740204096 0.671187580 -0.030396389
1756401263147665408.000000 0.559855819 2.611886978 0.026476737 0.026463710 -0.739855289 0.671601236 -0.029422658
1756401263647798272.000000 0.562342405 2.573047876 0.026710540 0.025750885 -0.740259707 0.671196282 -0.029122885
1756401264181268992.000000 0.564708591 2.531434298 0.026525803 0.025218971 -0.739894569 0.671668649 -0.027952312
1756401264614716416.000000 0.566594481 2.499231339 0.026616061 0.025165915 -0.739247262 0.672377706 -0.028078714
1756401265614979328.000000 0.559957981 2.415464401 0.026422730 -0.001577674 -0.740751386 0.671769977 -0.003164809
1756401266081765376.000000 0.559354126 2.379758596 0.026683819 -0.001007987 -0.740758359 0.671755254 -0.004591778
1756401266615239936.000000 0.558398008 2.339234352 0.026636474 -0.000523040 -0.740236282 0.672324359 -0.005469547
1756401267148717824.000000 0.558311820 2.297297955 0.026057579 -0.001080144 -0.741290867 0.671170533 -0.004098860
1756401267682185728.000000 0.557065487 2.257205963 0.026457706 -0.002055545 -0.739839792 0.672771037 -0.003469797
1756401268248989952.000000 0.557445407 2.212739468 0.026324270 -0.001862878 -0.739917040 0.672685742 -0.003638013
1756401268749105664.000000 0.557215810 2.174017906 0.026264213 -0.001565254 -0.738882422 0.673828363 -0.002408498
1756401269315901440.000000 0.556005955 2.129514694 0.025448326 -0.002012248 -0.739658356 0.672977686 -0.001621879
1756401269849361152.000000 0.555224299 2.088371277 0.025796704 -0.002546419 -0.738724232 0.674000680 -0.001785212
1756401270382819072.000000 0.554305077 2.045125484 0.025571525 -0.003147016 -0.740084589 0.672505379 -0.001222255
1756401270882937088.000000 0.552654386 2.005548954 0.025710007 -0.003832624 -0.740408540 0.672145963 -0.000639430
1756401271949847296.000000 0.549714029 1.922376752 0.025690245 -0.004522006 -0.740569413 0.671962261 -0.001811231
1756401274617159424.000000 0.560048282 1.756642938 0.024018103 0.063426770 -0.740548670 0.665951014 -0.063828796
1756401275117266176.000000 0.573673785 1.769576669 0.024470098 0.124846213 -0.732702613 0.658324897 -0.119032316
1756401275617380352.000000 0.583570838 1.783344984 0.024303773 0.184989497 -0.720751166 0.645148098 -0.173437759
1756401276117499392.000000 0.590937734 1.797844529 0.022986822 0.242260784 -0.701834440 0.630125761 -0.227331936
1756401276650961920.000000 0.599236250 1.812715411 0.022079661 0.303141028 -0.678035080 0.606493056 -0.283795923
1756401277184426496.000000 0.598824143 1.829302430 0.020878768 0.358638912 -0.648010194 0.582431734 -0.335013747
1756401277684550144.000000 0.601217210 1.845621347 0.019083086 0.411458969 -0.616774857 0.551859200 -0.381761521
1756401278184674304.000000 0.598506033 1.859999776 0.020110449 0.461758345 -0.581340313 0.516749501 -0.426371545
1756401278718128384.000000 0.591135800 1.877581716 0.019800620 0.510506570 -0.537123144 0.477222949 -0.472377121
1756401279284918016.000000 0.615866184 1.881072164 0.019639356 0.522709250 -0.525000036 0.465927720 -0.483798921
1756401279818380800.000000 0.657457888 1.879644632 0.019691402 0.521161437 -0.528070748 0.466643631 -0.481430888
1756401280318502656.000000 0.661558270 1.879251480 0.019345470 0.519454181 -0.529346645 0.468433321 -0.480135173
1756401280818620160.000000 0.696159959 1.878770947 0.019898122 0.519660234 -0.527220130 0.469100535 -0.481598377
1756401281318737664.000000 0.735732317 1.878111482 0.019380728 0.519540250 -0.528834641 0.469261974 -0.479796976
1756401281852213248.000000 0.777097523 1.876971126 0.019633494 0.519059718 -0.530318737 0.469496727 -0.478447437
1756401282419029760.000000 0.789631665 1.884552598 0.019886931 -0.542659640 0.505012393 -0.447277069 0.500426173
1756401282919159296.000000 0.779783428 1.898758531 0.019369241 -0.584059954 0.458232850 -0.403642088 0.534761429
1756401283485971968.000000 0.766209364 1.910988450 0.018389354 -0.623621404 0.400509268 -0.351837635 0.571750820
1756401283986095872.000000 0.755418777 1.919026971 0.017443292 -0.654666424 0.347817719 -0.301876128 0.599421084
1756401284486219008.000000 0.738634408 1.924398899 0.017959233 -0.680409789 0.291816264 -0.251087725 0.623570979
1756401285019680512.000000 0.719931543 1.927171111 0.019243967 -0.702849984 0.229537696 -0.194693774 0.644522130
1756401285553141504.000000 0.701398432 1.930038571 0.018587947 -0.721775711 0.164136723 -0.134636357 0.658765554
1756401286053263616.000000 0.685197592 1.928572655 0.017506525 -0.732746065 0.102938794 -0.079566993 0.667949021
1756401286586721280.000000 0.667930126 1.919781446 0.019315092 -0.735640109 0.038844731 -0.022195624 0.675893605
1756401287086831104.000000 0.670235276 1.960323572 0.018153995 -0.738800049 0.038211986 -0.020572854 0.672525942
1756401287620280320.000000 0.671062052 1.998525739 0.018673532 -0.738140047 0.024739703 -0.008421510 0.674141169
1756401288120387840.000000 0.673490524 2.038505316 0.018995311 -0.739944696 0.025216278 -0.006602717 0.672162592
1756401288620488704.000000 0.667502046 2.074338198 0.018653421 -0.739691913 0.003846317 0.012203361 0.672824085
1756401289153925888.000000 0.667581141 2.116805315 0.018042982 -0.741268396 0.004885976 0.010943529 0.671101809
1756401289687382784.000000 0.667506576 2.157763004 0.017913926 -0.742014945 0.005471407 0.010320439 0.670281649
1756401290187507968.000000 0.667093039 2.195026875 0.018064192 -0.741216660 0.005678447 0.009805380 0.671170235
1756401290754299904.000000 0.667032957 2.238322735 0.018295567 -0.741777897 0.006361512 0.009344337 0.670550406
1756401293357439744.000000 0.669547021 2.434918165 0.018918175 -0.738287270 0.010875431 0.007113195 0.674361229
1756401293924105984.000000 0.670460641 2.478579760 0.019069666 -0.738245368 0.014100426 0.004664569 0.674368799
1756401294490760960.000000 0.669513524 2.520966291 0.018541450 -0.738028049 0.008650752 0.009450014 0.674648464
1756401296190730240.000000 0.663913429 2.651226997 0.017843522 -0.739619970 0.001938221 0.012910872 0.672898114
1756401298357357056.000000 0.660916626 2.817273617 0.017211761 -0.738794625 0.002550377 0.009964057 0.673852146
1756401300924068352.000000 0.662108064 3.016045809 0.016901877 -0.738273799 0.005271775 0.009612964 0.674412131
1756401303690747136.000000 0.658756971 3.232468843 0.016816214 -0.737760186 0.005403175 0.005862642 0.675015867
1756401305390682112.000000 0.663571715 3.348682165 0.019308040 -0.734793365 0.026344918 -0.012318730 0.677667260
1756401305924005120.000000 0.680799127 3.355668545 0.020479154 -0.731012940 0.091898151 -0.071099222 0.672398567
1756401306457317376.000000 0.698015094 3.359612703 0.019967386 -0.720715106 0.157078430 -0.130486608 0.662472188
1756401306523983616.000000 0.699666560 3.359716892 0.020382078 -0.719432771 0.164611772 -0.137624353 0.660589993
1756401307090633984.000000 0.719039857 3.358734608 0.020152356 -0.701078355 0.232565030 -0.200480640 0.643591642
1756401307690623232.000000 0.738638043 3.352655888 0.018806588 -0.675150037 0.300813586 -0.262387872 0.620351791
1756401308223944960.000000 0.755336344 3.346672773 0.018980689 -0.646717668 0.360012203 -0.315689713 0.593706548
1756401308757863168.000000 0.771917880 3.337041378 0.018741237 -0.612685919 0.416474402 -0.367164105 0.562454998
1756401309258646272.000000 0.781309545 3.329989195 0.018814970 -0.587211967 0.453403503 -0.399199307 0.538746119
1756401309758848256.000000 0.818203747 3.338879824 0.017980425 -0.583867013 0.455102950 -0.402166158 0.538742125
1756401310292290304.000000 0.859633446 3.350164652 0.017232822 -0.586971581 0.455815703 -0.399640054 0.536641657
1756401310859072768.000000 0.900445759 3.360815763 0.017306961 -0.585860550 0.454627186 -0.400530368 0.538197875
1756401311392514816.000000 0.940110981 3.371455193 0.017073274 -0.585946262 0.454530537 -0.400756538 0.538017809
1756401311892616960.000000 0.955963075 3.365010738 0.016425136 -0.558799326 0.489123315 -0.431876272 0.511844337
1756401312392719872.000000 0.964924157 3.350953341 0.017593531 0.517432868 -0.533420026 0.472098529 -0.474182725
1756401312959517696.000000 0.969773412 3.333957911 0.018518589 0.465502203 -0.578627646 0.515043199 -0.428051829
1756401313492976896.000000 0.973294616 3.317326546 0.019284409 0.412714303 -0.617532253 0.551662743 -0.379458964
1756401314059788288.000000 0.973085940 3.299912453 0.020061309 0.352619499 -0.653690934 0.584946334 -0.325861216
1756401314626610688.000000 0.968197763 3.282383919 0.019458409 0.289258301 -0.684191585 0.613359749 -0.268330812
1756401315193445376.000000 0.956336021 3.266531229 0.022940390 0.224906981 -0.708832324 0.634917915 -0.209411085
1756401315726940160.000000 0.939395666 3.256868839 0.023757519 0.161764830 -0.725038171 0.651836097 -0.152517334
1756401316260440576.000000 0.927326202 3.249313831 0.023657957 0.099263020 -0.736012876 0.662745297 -0.095920190
1756401316760559616.000000 0.916940629 3.238539219 0.024909770 0.046975229 -0.738593638 0.670742691 -0.048755806
1756401317294011648.000000 0.922573984 3.195631742 0.024776999 0.047913939 -0.740196705 0.668889999 -0.048982013
1756401317794142720.000000 0.927060604 3.158233404 0.023947828 0.048594542 -0.739685118 0.669339538 -0.049891856
1756401318294277888.000000 0.932562590 3.119986773 0.024138734 0.050421458 -0.739319623 0.669515193 -0.051124621
1756401318794393856.000000 0.937867105 3.081599951 0.023776846 0.050581597 -0.740165234 0.668612123 -0.050544545
1756401319294507008.000000 0.942150712 3.042747736 0.023615902 0.050791487 -0.740179121 0.668495774 -0.051658679
1756401319794609920.000000 0.947734118 3.004271746 0.024129357 0.051502906 -0.739890158 0.668714941 -0.052254345
1756401320328051200.000000 0.953416884 2.962932348 0.024124585 0.050571594 -0.740488768 0.668207765 -0.051160537
1756401320828149760.000000 0.958380044 2.924383163 0.023635728 0.050763182 -0.739767015 0.668977797 -0.051347662
1756401321328246784.000000 0.963279903 2.885567904 0.022816546 0.049659815 -0.739378333 0.669554889 -0.050496884
1756401321828350464.000000 0.968151629 2.845927477 0.023038285 0.048543900 -0.739495993 0.669523954 -0.050267939
1756401322395136768.000000 0.974105299 2.801984549 0.023241028 0.048435241 -0.739059627 0.670075178 -0.049437776
1756401322895274752.000000 0.978720188 2.763079643 0.023492347 0.048817471 -0.738364935 0.670759380 -0.050159778
1756401323428753920.000000 0.984203696 2.720251799 0.022917518 0.047404129 -0.739360809 0.669836521 -0.049168754
1756401323962216448.000000 0.989107370 2.677059889 0.023129364 0.048144195 -0.740327477 0.668656349 -0.049960546
1756401324462333952.000000 0.993579209 2.638018370 0.022973953 0.048356075 -0.739942372 0.669053316 -0.050146431
1756401324995780608.000000 0.998670518 2.596005917 0.023266654 0.047432669 -0.740237713 0.668827772 -0.049676578
1756401325495885568.000000 1.004182935 2.556643248 0.023474811 0.047795169 -0.741382897 0.667511523 -0.049954351
1756401326029332992.000000 1.012293458 2.517517805 0.023085648 0.060436234 -0.738749921 0.668347597 -0.062510103
1756401326596123904.000000 1.012037992 2.468568802 0.023716569 0.030018352 -0.741073251 0.669772923 -0.036244806
1756401327096238080.000000 1.016788363 2.430530310 0.023228887 0.034556657 -0.741282165 0.669159770 -0.039139014
1756401327596346112.000000 1.020149112 2.390699387 0.022920027 0.034036063 -0.741572678 0.668826640 -0.039780963
1756401328163126016.000000 1.024574399 2.347972870 0.023772359 0.034266081 -0.740111113 0.670428157 -0.039842837
1756401328663239168.000000 1.028877497 2.309051037 0.022905976 0.035740267 -0.740142643 0.670276880 -0.040503088
1756401329230043392.000000 1.033785582 2.263876200 0.022755729 0.036484029 -0.740044594 0.670247316 -0.042089157
1756401329730170112.000000 1.029726982 2.221400499 0.022882715 0.009855513 -0.740222037 0.672046602 -0.018100513
1756401330263641088.000000 1.032038450 2.180184126 0.023203123 0.011640243 -0.740174711 0.672047436 -0.018925913
1756401330797105664.000000 1.034826159 2.138451099 0.023194591 0.012889277 -0.740260959 0.671918869 -0.019305019
1756401331330568960.000000 1.036482692 2.096132994 0.022830792 0.013201210 -0.740109921 0.672068834 -0.019663272
1756401331864043776.000000 1.038668394 2.054622173 0.023342578 0.013052247 -0.739947259 0.672265172 -0.019163806
1756401332397520128.000000 1.040625215 2.009856224 0.022666508 0.012998437 -0.742025495 0.669962287 -0.019490335
1756401332964322816.000000 1.042769074 1.967027068 0.021430196 0.013662282 -0.738536537 0.673782051 -0.019871816
1756401333497788672.000000 1.044686913 1.924390912 0.020918420 0.013078145 -0.739787042 0.672437549 -0.019286383
1756401334064615168.000000 1.046353698 1.880855680 0.021557353 0.013769777 -0.740498185 0.671621859 -0.019923523
1756401334598089216.000000 1.049000263 1.839545250 0.021608539 0.013126239 -0.740767837 0.671363533 -0.019020651
1756401335131548928.000000 1.050790071 1.796145439 0.020953273 0.013811865 -0.741466701 0.670535982 -0.020442465
1756401335631663616.000000 1.052874804 1.754690528 0.019706033 0.013795923 -0.740891635 0.671200216 -0.019482205
1756401336231795200.000000 1.054451466 1.707761765 0.019421896 0.015425821 -0.740294039 0.671757221 -0.021659687
1756401336765234176.000000 1.059782267 1.666659474 0.017520271 0.030294299 -0.741067111 0.669804096 -0.035558302
1756401337298666752.000000 1.058961630 1.623821616 0.017180571 0.012845252 -0.741882265 0.670083642 -0.020825041
1756401337865445888.000000 1.060325027 1.581496358 0.017857356 0.013995956 -0.739724159 0.672373533 -0.022939043
1756401340532746752.000000 1.053791761 1.372132540 0.016135158 0.005497888 -0.742839396 0.669289589 -0.014519678
1756401341032865536.000000 1.054193497 1.333985448 0.016173864 0.005017933 -0.742590427 0.669610322 -0.012503962
1756401341532983808.000000 1.054040432 1.295121670 0.016581492 0.005067486 -0.742371917 0.669828832 -0.013698020
1756401342099788544.000000 1.054185748 1.250919938 0.015519660 0.004879982 -0.742013156 0.670235276 -0.013321352
1756401342633250560.000000 1.053026915 1.208638549 0.014897540 0.004251824 -0.742705762 0.669476330 -0.013100702
1756401343166713088.000000 1.053673267 1.167797804 0.014995880 0.004742213 -0.741620839 0.670669198 -0.013375440
1756401343700171008.000000 1.052675605 1.125208139 0.014858687 0.004009102 -0.742387891 0.669807136 -0.014232037
1756401344233624832.000000 1.052534223 1.083757639 0.015096171 0.002858342 -0.742437243 0.669772267 -0.013559566
1756401344767091200.000000 1.052963734 1.042770743 0.014644142 0.003658886 -0.740773022 0.671587825 -0.014553761
1756401345267219712.000000 1.052536011 1.003509521 0.014162064 0.003079537 -0.741024911 0.671329260 -0.013771221
1756401345767343872.000000 1.052485943 0.963362396 0.014069337 0.002250548 -0.741985619 0.670274079 -0.013599833
1756401346267467520.000000 1.052557707 0.923332632 0.013930202 0.003782416 -0.741302848 0.671020925 -0.013663330
1756401346834274048.000000 1.052942038 0.879315257 0.013699507 0.004218094 -0.740480721 0.671925664 -0.013658100
1756401347367739904.000000 1.052890539 0.837770224 0.012098277 0.004712130 -0.741323471 0.670993805 -0.013586774
1756401347867854592.000000 1.053719401 0.797725677 0.012359239 0.004481657 -0.741191506 0.671155155 -0.012878951
1756401348401310720.000000 1.053023458 0.754359484 0.012489542 0.006111841 -0.742437124 0.669725418 -0.014753377
1756401351068646912.000000 1.044844508 0.545900047 0.010742906 -0.006150661 -0.738754690 0.673944294 -0.001666286
1756401352702372352.000000 1.040754676 0.417980969 0.010650747 -0.006131731 -0.737386942 0.675438583 -0.002368209
1756401353202493952.000000 1.039084435 0.377962917 0.010517929 -0.004532097 -0.738832533 0.673861623 -0.004058248
1756401353735951616.000000 1.037626147 0.334430933 0.010688655 -0.003980452 -0.740180492 0.672383964 -0.004114571
1756401354269406464.000000 1.036252856 0.292153656 0.010484215 -0.003775819 -0.738719165 0.673987627 -0.004521462
1756401354803921152.000000 1.035385609 0.249612242 0.010935051 -0.002416875 -0.739841223 0.672758579 -0.005015016
1756401355305355520.000000 1.034465671 0.207726106 0.010838445 -0.002042240 -0.742083073 0.670277894 -0.006008431
1756401355805550080.000000 1.032221198 0.166381091 0.009723369 -0.002930120 -0.742474198 0.669845283 -0.005556667
1756401356372202752.000000 1.031079173 0.122571915 0.009892384 -0.002730823 -0.741510689 0.670912623 -0.005551929
1756401356872207360.000000 1.030885577 0.081297368 0.008559432 -0.001966608 -0.743200362 0.669046700 -0.005093511
1756401357438867200.000000 1.030438066 0.035523593 0.008249610 -0.001237446 -0.742599189 0.669708908 -0.005915549
1756401357938872832.000000 1.028100371 -0.005946396 0.007787289 -0.002286627 -0.743030667 0.669232428 -0.005311879
1756401358472199680.000000 1.027296662 -0.047176704 0.008130249 -0.001306357 -0.740712047 0.671792090 -0.006272223
1756401359005528320.000000 1.027069211 -0.090849884 0.007353770 -0.000158973 -0.740509510 0.672012031 -0.006749958
1756401359572187648.000000 1.026560903 -0.134983361 0.007055519 0.000298089 -0.739487052 0.673145771 -0.005795960
1756401360105524992.000000 1.031200290 -0.154400140 0.006661145 0.018029289 -0.737399101 0.674849868 -0.022252887
1756401360638860544.000000 1.045352817 -0.144887179 0.006232882 0.081488326 -0.734546959 0.668826222 -0.080448210
1756401361172196096.000000 1.061046600 -0.136647314 0.006307788 0.150676191 -0.721164763 0.660600901 -0.144307405
1756401361672198400.000000 1.088430882 -0.159763306 0.004768522 0.212095320 -0.711641550 0.639950097 -0.197599918
1756401362272193280.000000 1.094592929 -0.141466230 0.005726106 0.277762741 -0.684819400 0.621546507 -0.259904355
1756401362772329216.000000 1.125717759 -0.149751127 0.005960595 0.337884814 -0.657920480 0.594787478 -0.314964116
1756401363272506880.000000 1.144621491 -0.145154819 0.005531276 0.389983565 -0.630414903 0.566597879 -0.359800965
1756401363805880064.000000 1.138946176 -0.129562080 0.006599642 0.436503857 -0.594618678 0.538432300 -0.407410979
1756401364372518912.000000 1.133585572 -0.113820486 0.004993096 0.491154760 -0.551990747 0.496168941 -0.455949187
1756401364905819648.000000 1.123891592 -0.100605413 0.004191430 -0.536604702 0.505918860 -0.454840451 0.499220997
1756401365439103488.000000 1.112594724 -0.086411282 0.003114823 -0.579513013 0.457384408 -0.408440530 0.536787271
1756401366005745920.000000 1.095463872 -0.073544197 0.001817336 -0.619847655 0.399662763 -0.356454909 0.573583901
1756401366605711104.000000 1.073643446 -0.065427661 0.004444335 -0.657248855 0.336942911 -0.298069507 0.604688406
1756401367139017216.000000 1.054548979 -0.060082268 0.004726009 -0.684280992 0.276245028 -0.243466452 0.629422188
1756401367738983680.000000 1.034137726 -0.057681851 0.006096708 -0.708539903 0.208143860 -0.179779753 0.649866700
1756401368305609216.000000 1.020945907 -0.042406291 0.005208801 -0.724785209 0.136340842 -0.114224814 0.665620208
1756401368838918656.000000 1.026282549 -0.003505014 0.004577757 -0.729179442 0.109483562 -0.090949774 0.669357121
1756401369505543424.000000 1.029968619 0.043648731 0.004530701 -0.733326972 0.074329190 -0.058980979 0.673222125
1756401370038841600.000000 1.032079220 0.082675517 0.004716956 -0.734075606 0.059728771 -0.046574619 0.674830616
1756401370639096064.000000 1.025554657 0.123200178 0.005372958 -0.734851122 0.020941101 -0.011122173 0.677813888
1756401371139833856.000000 1.026637435 0.160704851 0.006549016 -0.735480785 0.019673971 -0.010046629 0.677185476
1756401371640331264.000000 1.027059555 0.200680748 0.006360605 -0.735541701 0.020294392 -0.010397582 0.677095652
1756401372140415744.000000 1.028477073 0.240917116 0.006202473 -0.736636162 0.020128096 -0.010521056 0.675907850
1756401372707182080.000000 1.030637622 0.284237862 0.006782597 -0.736130297 0.020704027 -0.009298865 0.676459193
1756401373674022656.000000 1.025080204 0.356419176 0.006790931 -0.736257076 -0.004920967 0.014069727 0.676537752
1756401374240779520.000000 1.023105621 0.404847533 0.006079045 -0.740735471 -0.004764027 0.014446153 0.671624660
1756401374774198528.000000 1.022003055 0.446432590 0.005994475 -0.740126967 -0.004877344 0.015131854 0.672279298
1756401375340952576.000000 1.024208546 0.493716538 0.006252571 -0.741308272 0.010221546 0.001267822 0.671085715
1756401375440969728.000000 1.023625970 0.498342335 0.006951177 -0.738337219 0.009102990 0.001380279 0.674368978
1756401375974427904.000000 1.023770332 0.540527403 0.007070677 -0.739332497 0.007888908 0.003553811 0.673285007
1756401376507882240.000000 1.023504138 0.581857204 0.007292361 -0.738281190 0.005959927 0.004723611 0.674450219
1756401377074656000.000000 1.022378325 0.627277672 0.005302133 -0.738613963 0.005647552 0.003987923 0.674093187
1756401377641431040.000000 1.021973372 0.669507027 0.006868818 -0.736830950 0.005263916 0.005099155 0.676037371
1756401380408911872.000000 1.008181691 0.883363307 0.007991360 -0.737933576 -0.011711041 0.018326191 0.674522817
1756401381542514688.000000 1.004178166 0.969609439 0.008711245 -0.736638188 -0.013703588 0.021019222 0.675821543
1756401382042648064.000000 1.001296639 1.010465026 0.008056168 -0.738954365 -0.014514898 0.021277264 0.673263013
1756401382609463808.000000 0.998295009 1.053406477 0.008724594 -0.737750590 -0.014117580 0.019482318 0.674644470
1756401383176271104.000000 0.996043742 1.098947644 0.008428453 -0.738102078 -0.015010897 0.019680694 0.674234867
1756401383776413952.000000 0.994494379 1.145078063 0.008844071 -0.736139596 -0.013941070 0.018489309 0.676433623
1756401385443483136.000000 0.992450714 1.174522281 0.008455900 -0.737322986 -0.015240305 0.019314744 0.675092280
1756401386010298368.000000 0.992043793 1.182319403 0.009707928 -0.732284665 -0.017977726 0.022655629 0.680384338
1756401386577115904.000000 0.989122987 1.231619954 0.008857028 -0.737305105 -0.016031729 0.020385884 0.675062060
1756401387143936512.000000 0.986831486 1.277025700 0.009280543 -0.737313867 -0.016398612 0.022204570 0.674986243
1756401387677408512.000000 0.984430790 1.318127751 0.009336508 -0.736907542 -0.015917618 0.021987775 0.675448358
1756401388210870272.000000 0.982082129 1.358302474 0.010227545 -0.735987604 -0.016270494 0.023549190 0.676389694
1756401388811017984.000000 0.978844106 1.404948115 0.011555249 -0.734977186 -0.017303934 0.023928784 0.677448630
1756401389411167232.000000 0.976300240 1.451739073 0.012475292 -0.735351682 -0.016579496 0.023650268 0.677069962
1756401389977951232.000000 0.972651005 1.496245742 0.012414175 -0.735085785 -0.017419795 0.023786070 0.677332878
1756401390578078208.000000 0.970162272 1.545534611 0.012751211 -0.736933708 -0.016987521 0.024329819 0.675313473
1756401391078197504.000000 0.967430711 1.586522579 0.012703824 -0.738766491 -0.017926250 0.024716377 0.673269510
1756401391611662848.000000 0.964496136 1.628111124 0.014144526 -0.738708079 -0.017209444 0.023876010 0.673382699
1756401392111797760.000000 0.961928070 1.666061163 0.014814293 -0.737743318 -0.017609807 0.024312416 0.674413621
1756401392611928832.000000 0.959976196 1.706986070 0.014560607 -0.739274561 -0.017947977 0.024857977 0.672705829
1756401393212073472.000000 0.957285881 1.753628254 0.014299525 -0.738711178 -0.019273777 0.025921537 0.673247635
1756401393745535232.000000 0.954109251 1.795997143 0.014458689 -0.739053667 -0.019154578 0.027436158 0.672815084
1756401394345679104.000000 0.951605201 1.842841744 0.014268748 -0.739687920 -0.019854654 0.028930590 0.672034800
1756401394945807360.000000 0.948392451 1.887425303 0.014805881 -0.737465560 -0.020846855 0.029694658 0.674409509
1756401395512593920.000000 0.945468128 1.931699514 0.015888240 -0.738882542 -0.020569922 0.029651519 0.672867239
1756401396112731136.000000 0.942216218 1.977111936 0.015963286 -0.738282859 -0.022356195 0.031592395 0.673379958
1756401396646182912.000000 0.939054191 2.018858910 0.016042430 -0.739113331 -0.022387277 0.030872466 0.672500730
1756401397212973824.000000 0.936532676 2.061008692 0.016494282 -0.738575041 -0.021971121 0.031268314 0.673087358
1756401398313256960.000000 0.930450201 2.144088745 0.016965296 -0.737490177 -0.023129173 0.031401314 0.674230933
1756401401113918464.000000 0.915286958 2.357123137 0.015965588 -0.738587141 -0.026883524 0.035587516 0.672681093
1756401401647382784.000000 0.911848068 2.396409988 0.015828945 -0.738208175 -0.027531033 0.035648875 0.673067570
1756401402814349056.000000 0.904877901 2.484954357 0.016206577 -0.738628089 -0.029171068 0.038122617 0.672401905
1756401404981564160.000000 0.889560640 2.649183750 0.016468780 -0.737983942 -0.030658156 0.040746208 0.672889054
1756401407115406592.000000 0.878992677 2.815041780 0.016736800 -0.740000963 -0.018486785 0.030805051 0.671645641
1756401409782716928.000000 0.866437197 3.018831253 0.015174817 -0.737515450 -0.018031826 0.029660838 0.674437582
1756401411449761280.000000 0.866722643 3.153301716 0.013427934 -0.738685966 0.012437640 0.001807529 0.673932552
1756401412016569344.000000 0.867453218 3.197270155 0.014361064 -0.738526762 0.011204885 0.002513076 0.674126446
1756401412550031360.000000 0.868476093 3.237892628 0.015412956 -0.738038063 0.009912792 0.003853244 0.674675345
1756401413116817152.000000 0.870341659 3.280920029 0.018149227 -0.738941014 0.009274543 0.004526239 0.673691154
1756401413616930816.000000 0.872138202 3.318884373 0.018060677 -0.738838494 0.008296735 0.004967344 0.673813164
1756401414117061376.000000 0.871998250 3.356701136 0.020775754 -0.738744259 0.007200150 0.006400634 0.673917055
1756401415150662144.000000 0.879157245 3.414821148 0.018190276 -0.733635366 0.038553532 -0.023551669 0.678039968
1756401415717477120.000000 0.896985173 3.424119711 0.016422711 -0.728073716 0.107038088 -0.085141048 0.671716154
1756401416217608960.000000 0.912353635 3.425999403 0.015523593 -0.714924395 0.167852730 -0.141698226 0.663799942
1756401416717745152.000000 0.929178417 3.429092884 0.015223903 -0.700845540 0.227578968 -0.194421664 0.647474885
1756401417217884416.000000 0.945392609 3.426397324 0.017668599 -0.681441069 0.284720421 -0.247364268 0.627202749
1756401417718023168.000000 0.960913897 3.421652317 0.017543910 -0.655611575 0.339865088 -0.298258096 0.604737401
1756401418218160896.000000 0.974494159 3.412368059 0.017314360 -0.625246942 0.391887784 -0.346844256 0.578955352
1756401418818320384.000000 0.990948081 3.399860144 0.018260250 -0.586293817 0.453630418 -0.399958462 0.538991988
1756401419385133824.000000 1.002471447 3.386402607 0.018369637 -0.541711211 0.507060826 -0.448994964 0.497837216
1756401419885260544.000000 1.009524703 3.372401476 0.018965006 0.498359233 -0.549901068 0.488548070 -0.458876580
1756401420418728704.000000 1.037353992 3.362313271 0.018923456 0.479157448 -0.566935897 0.504562438 -0.440917909
1756401420952199680.000000 1.076392770 3.356225491 0.018390181 0.478408188 -0.565653861 0.504971623 -0.442905217
1756401421452329728.000000 1.112478495 3.351442099 0.019257003 0.478095502 -0.563920617 0.506065309 -0.444202900
1756401421952453888.000000 1.150191545 3.346252918 0.018853199 0.478675604 -0.562694192 0.506197691 -0.444981754
1756401422485917696.000000 1.164923429 3.333005428 0.018181536 0.442767024 -0.593157887 0.532089829 -0.411097944
1756401423019369728.000000 1.168028474 3.315178633 0.018908951 0.388130426 -0.631622016 0.566639245 -0.359622747
1756401423519481088.000000 1.164612770 3.300658941 0.020680964 0.335056216 -0.661020815 0.594124019 -0.312738806
1756401424019598848.000000 1.160701871 3.285413742 0.021431221 0.278793782 -0.686271071 0.618822098 -0.261467487
1756401424586399744.000000 1.148898244 3.271822214 0.022458427 0.214368761 -0.709355593 0.640347421 -0.202029467
1756401425086524672.000000 1.136754870 3.262597322 0.022106951 0.155267268 -0.725302935 0.654009461 -0.148658752
1756401425586645248.000000 1.125860095 3.254919529 0.022492845 0.094564185 -0.735789001 0.664149880 -0.092612408
1756401426186772224.000000 1.109431863 3.246230364 0.023882069 0.022242023 -0.742547274 0.668848455 -0.027760871
1756401426753564672.000000 1.103177905 3.215325356 0.025223317 -0.002984005 -0.740575910 0.671950042 -0.004654101
1756401427287020032.000000 1.102113962 3.173293591 0.024068270 -0.003852496 -0.741603553 0.670819342 -0.003290344
1756401427787129088.000000 1.101272464 3.133889437 0.024340559 -0.004723358 -0.741342545 0.671102583 -0.003205669
1756401428353918208.000000 1.101263881 3.090059996 0.023558302 -0.003245266 -0.741086364 0.671388865 -0.004182634
1756401428954043904.000000 1.101061940 3.043248415 0.023828549 -0.002766727 -0.741124749 0.671344280 -0.004824685
1756401429454146048.000000 1.100949526 3.005636930 0.024690228 -0.001823007 -0.741545498 0.670874298 -0.005896851
1756401429987608576.000000 1.101488233 2.963613272 0.024442203 -0.001503358 -0.740907729 0.671576321 -0.006226783
1756401430521070592.000000 1.103139639 2.922443151 0.023428645 -0.002083900 -0.740504920 0.672021747 -0.005903983
1756401431054524928.000000 1.102247953 2.883314133 0.025359455 -0.000838510 -0.737732649 0.675044298 -0.008065403
1756401431554640384.000000 1.109137177 2.846703768 0.025138043 0.026466375 -0.739071786 0.672244966 -0.034047164
1756401432121453568.000000 1.109950304 2.799112320 0.024218606 0.023336900 -0.739907563 0.671613097 -0.030465377
1756401432688273408.000000 1.108843923 2.751569033 0.024385549 0.010142022 -0.740889788 0.671267509 -0.019482495
1756401433188419072.000000 1.109738588 2.712752819 0.024107438 0.011734786 -0.740581274 0.671541870 -0.020813266
1756401433721890816.000000 1.111347556 2.669608116 0.023661114 0.011282529 -0.740373433 0.671813667 -0.019656278
1756401434255344384.000000 1.112570882 2.626913786 0.023925535 0.011384073 -0.741621554 0.670449317 -0.019121466
1756401434788811776.000000 1.113259673 2.584445238 0.024018835 0.011200459 -0.742005169 0.669995308 -0.020231707
1756401435355629568.000000 1.113888144 2.541083574 0.024305431 0.010660901 -0.741808891 0.670214772 -0.020448972
1756401435855757824.000000 1.115170240 2.498928070 0.024079788 0.010587891 -0.742482126 0.669429779 -0.021727262
1756401436422568960.000000 1.116648316 2.456408501 0.024360945 0.010669269 -0.741587877 0.670402706 -0.022221928
1756401436989374464.000000 1.117531300 2.412058592 0.024301188 0.010681251 -0.741167068 0.670874953 -0.022001330
1756401437489497600.000000 1.120531559 2.371248960 0.023054872 0.012398767 -0.742401123 0.669493794 -0.021563584
1756401437989629440.000000 1.122494102 2.333946705 0.023432672 0.011916746 -0.741880357 0.670055687 -0.022291204
1756401438489763072.000000 1.123432875 2.295306444 0.023305943 0.011692373 -0.741339028 0.670654655 -0.022407247
1756401439056573184.000000 1.126017451 2.249707460 0.022736913 0.012172270 -0.741653264 0.670293987 -0.022544583
1756401439590040832.000000 1.129388452 2.208210945 0.021885220 0.013469367 -0.740718484 0.671289504 -0.022917533
1756401440123507456.000000 1.132046819 2.166668177 0.022061566 0.013714852 -0.740888417 0.671099544 -0.022840628
1756401440690320128.000000 1.133858919 2.120369673 0.021460325 0.014597536 -0.740812957 0.671136916 -0.023628736
1756401441190456832.000000 1.136219978 2.081354856 0.021006634 0.015652733 -0.740134358 0.671838939 -0.024260160
1756401441690587648.000000 1.138743281 2.041529655 0.022037819 0.015385345 -0.741215527 0.670677841 -0.023541227
1756401442190710272.000000 1.141022563 2.001027822 0.021018090 0.016367495 -0.741308391 0.670501769 -0.024929909
1756401442724178944.000000 1.143132448 1.960699797 0.021545583 0.016597888 -0.740775168 0.671049654 -0.025868852
1756401443290995712.000000 1.145617247 1.914736032 0.021107923 0.014941465 -0.740569770 0.671345592 -0.025066959
1756401443791113984.000000 1.147857189 1.873895884 0.019579675 0.015857175 -0.741643846 0.670128167 -0.025324117
1756401444357906944.000000 1.150363684 1.830115914 0.020122042 0.015910538 -0.741524994 0.670213282 -0.026489740
1756401444858022656.000000 1.151912570 1.793596148 0.020774562 0.015390844 -0.738619566 0.673421681 -0.026601292
1756401445391480320.000000 1.154433370 1.750151038 0.019879265 0.017219769 -0.740410984 0.671317041 -0.028783927
1756401445892636160.000000 1.157167196 1.710177541 0.020006912 0.016613025 -0.741009057 0.670733809 -0.027308924
1756401446460947968.000000 1.159139991 1.667071581 0.018989900 0.016837217 -0.740338862 0.671485364 -0.026876032
1756401447027628288.000000 1.161004066 1.624497056 0.019325096 0.017937148 -0.739413440 0.672457457 -0.027333204
1756401447560933632.000000 1.163366079 1.582641959 0.018826319 0.017159590 -0.739965320 0.671893895 -0.026750762
1756401448160897536.000000 1.166269302 1.536836863 0.018297141 0.017131682 -0.740819752 0.670979798 -0.026055411
1756401448727566336.000000 1.167941689 1.491092205 0.016892187 0.016217951 -0.742070138 0.669604719 -0.026427412
1756401449227619840.000000 1.169306040 1.451156497 0.016755467 0.015721686 -0.742177486 0.669483304 -0.026787434
1756401449761018368.000000 1.171158552 1.410284996 0.016090496 0.014421329 -0.741282105 0.670542121 -0.025811845
1756401450294419968.000000 1.173284173 1.368643284 0.016086319 0.014217839 -0.742561519 0.669150293 -0.025264030
1756401450794426112.000000 1.175150871 1.329899549 0.015377475 0.015502293 -0.743068695 0.668557703 -0.025282675
1756401451361049600.000000 1.177057385 1.287541151 0.015537474 0.014766949 -0.740863502 0.671049237 -0.024417356
1756401451894333696.000000 1.177897930 1.245504141 0.015242301 0.015602091 -0.740809441 0.671014428 -0.026412893
1756401452494257920.000000 1.179829240 1.197914362 0.014780750 0.014651766 -0.740782619 0.671102345 -0.025458897
1756401453027566592.000000 1.181015730 1.156629443 0.014241664 0.014172919 -0.740597486 0.671335161 -0.024971841
1756401453560864000.000000 1.182842731 1.117294431 0.014468541 0.014772501 -0.738833189 0.673220277 -0.026113208
1756401454094189056.000000 1.181892157 1.074840188 0.014961539 0.013672736 -0.740868926 0.670985162 -0.026555756
1756401454694162176.000000 1.184995174 1.026789308 0.013644360 0.013421782 -0.739884317 0.672118723 -0.025447413
1756401455227456512.000000 1.185885072 0.985735714 0.013696546 0.012726258 -0.739869416 0.672168016 -0.024930311
1756401455794087936.000000 1.187096119 0.938548923 0.012098715 0.012150534 -0.740374506 0.671679914 -0.023327159
1756401456327389184.000000 1.189098239 0.897226214 0.012410514 0.012419104 -0.740813196 0.671142101 -0.024695691
1756401456894045184.000000 1.190543532 0.853481770 0.011983220 0.011476687 -0.739761770 0.672393858 -0.022524400
1756401457427364352.000000 1.191209793 0.811020553 0.012063775 0.011862320 -0.741786242 0.670158148 -0.022374073
1756401458027344128.000000 1.191851258 0.763805330 0.011796506 0.012670820 -0.741257310 0.670690835 -0.023470184
1756401458593981184.000000 1.193169951 0.718980432 0.011610361 0.010921365 -0.740239441 0.671898663 -0.021877751
1756401459160626688.000000 1.194139004 0.672326207 0.011033814 0.010878538 -0.741771698 0.670223713 -0.021370599
1756401459693930752.000000 1.195550442 0.630971014 0.011179086 0.010177773 -0.741368592 0.670731962 -0.019691775
1756401460327218432.000000 1.196249247 0.581251323 0.010925595 0.010863425 -0.741267323 0.670804977 -0.020627020
1756401460860534784.000000 1.196987271 0.541052520 0.010397559 0.012316385 -0.739314735 0.672903121 -0.021527434
1756401461460511744.000000 1.199385047 0.492801845 0.010167522 0.011304506 -0.738961875 0.673393965 -0.018658441
1756401461961203712.000000 1.200245738 0.453248680 0.010148004 0.011951751 -0.738468528 0.673945665 -0.017853955
1756401462528722688.000000 1.200521708 0.408713460 0.009070817 0.013284232 -0.737881243 0.674526811 -0.019196872
1756401463028839680.000000 1.200578809 0.368544787 0.009280890 0.012016593 -0.737861991 0.674576879 -0.019012293
1756401463595633664.000000 1.197847366 0.323080897 0.009688269 -0.002646130 -0.735844314 0.677125931 -0.005162476
1756401464162407680.000000 1.197074771 0.276343226 0.008856231 -0.000923189 -0.738066435 0.674697936 -0.006308055
1756401464662515200.000000 1.196465611 0.235244721 0.009649280 -0.003016061 -0.739742339 0.672868550 -0.004487560
1756401465162654464.000000 1.195099950 0.194485366 0.008912643 -0.003304868 -0.740439534 0.672099471 -0.004565834
1756401465696148224.000000 1.194450498 0.151037782 0.008172698 -0.002119309 -0.742347658 0.669977069 -0.006805242
1756401466296351744.000000 1.192545056 0.102191456 0.008054771 -0.003828102 -0.742480397 0.669828176 -0.006199265
1756401466796493824.000000 1.190841198 0.064196438 0.007932365 -0.003716830 -0.740351021 0.672163904 -0.007893566
1756401467296617216.000000 1.189575791 0.024586823 0.007575314 -0.003892019 -0.739802539 0.672774851 -0.007153404
1756401467796736768.000000 1.195062399 0.004274908 0.006853573 0.020001510 -0.740924716 0.670711577 -0.027867634
1756401468330195968.000000 1.207414269 0.013483481 0.007444747 0.084449798 -0.736903429 0.665004313 -0.087240681
1756401468863658752.000000 1.220947266 0.023711871 0.008644795 0.153022200 -0.721038699 0.658524394 -0.151766628
1756401469363781888.000000 1.248680592 0.000885760 0.008094590 0.213667363 -0.708185315 0.640559196 -0.206164330
1756401469863907328.000000 1.277130604 -0.013725577 0.007947985 0.271273226 -0.688599527 0.621252954 -0.257461548
1756401470430716416.000000 1.281644225 0.003397729 0.008909969 0.326283246 -0.663299024 0.598728955 -0.308378547
1756401470997502208.000000 1.303992987 0.009958508 0.008654846 0.390545487 -0.627242625 0.565300941 -0.366709501
1756401471497603584.000000 1.333564281 0.008979296 0.007991467 0.440931082 -0.592091918 0.533867896 -0.412300766
1756401472031060480.000000 1.333705783 0.020081358 0.006575907 0.487082481 -0.553756893 0.499771029 -0.454238832
1756401472564520192.000000 1.324721813 0.034375884 0.005515590 -0.534572184 0.508176088 -0.456889987 0.497233570
1756401473097995520.000000 1.309217095 0.048171435 0.006091041 -0.577102065 0.458847761 -0.412328601 0.535160780
1756401473631465728.000000 1.292566419 0.059716631 0.005608203 -0.615523815 0.406123966 -0.363935083 0.568986058
1756401474164912896.000000 1.273232460 0.068712816 0.005269445 -0.649037421 0.348608375 -0.313090235 0.599330664
1756401474665019904.000000 1.260607600 0.078429006 0.003623055 -0.675681710 0.294491172 -0.262971729 0.622555315
1756401475198469632.000000 1.241072893 0.080072828 0.003933986 -0.698350787 0.229704201 -0.204661205 0.646263123
1756401475765256192.000000 1.218152165 0.074028254 0.006933467 -0.717544615 0.164826214 -0.143866464 0.661259890
1756401476365379840.000000 1.194154143 0.077097215 0.000337867 -0.730048180 0.091569349 -0.076571256 0.672890425
1756401476865497856.000000 1.185495973 0.070495516 0.006421898 -0.731491566 0.035153318 -0.027600590 0.680384219
1756401477398962176.000000 1.188178539 0.114816576 0.004893697 -0.734204292 0.035786826 -0.027004087 0.677446842
1756401477899088640.000000 1.191220522 0.153061569 0.006006666 -0.736246586 0.033651222 -0.023753008 0.675458670
1756401478465900032.000000 1.195871592 0.194978237 0.006721290 -0.734773099 0.034915056 -0.022766089 0.677031100
1756401478966016512.000000 1.193310022 0.232161760 0.006289757 -0.736292541 0.015768018 -0.006541356 0.676448047
1756401479499474432.000000 1.191813469 0.275355428 0.006136965 -0.739191949 0.011077148 -0.002734648 0.673398197
1756401480032934656.000000 1.194353819 0.318131000 0.005706033 -0.739225984 0.011589002 -0.001867306 0.673355222
1756401480633079040.000000 1.194431901 0.366024464 0.006368131 -0.740832627 0.010453895 0.000573030 0.671608090
1756401481233228800.000000 1.198408723 0.413173139 0.006701874 -0.737992942 0.023591682 -0.012045354 0.674288452
1756401481766695168.000000 1.200954676 0.456039935 0.006416886 -0.739707768 0.024472812 -0.012934729 0.672358692
1756401482300161280.000000 1.197868228 0.494122982 0.006463671 -0.738201976 0.011214246 -0.001089286 0.674485743
1756401482800289792.000000 1.188884974 0.535495520 0.003630114 -0.738254368 0.010962618 -0.000778723 0.674432993
1756401483367105536.000000 1.191006660 0.579416871 0.009272704 -0.736432314 0.009753484 0.001060999 0.676440179
1756401483867237632.000000 1.197926283 0.616633952 0.006459171 -0.737866580 0.008284644 0.000480654 0.674895585
1756401484434055424.000000 1.197880864 0.659936845 0.006826281 -0.736451149 0.008363762 0.000377167 0.676438928
1756401484934186496.000000 1.197606206 0.697753549 0.007211895 -0.736107528 0.007477092 0.001294326 0.676822066
1756401485467660544.000000 1.197920442 0.738351643 0.007114474 -0.735559881 0.006694071 0.002290652 0.677422762
1756401486067808512.000000 1.198497653 0.785518408 0.007831410 -0.734837890 0.005869020 0.002109284 0.678214133
1756401486567932160.000000 1.196497560 0.826710284 0.006811607 -0.736729920 0.006419430 0.003022996 0.676149964
1756401487068054272.000000 1.197608113 0.863743961 0.007767321 -0.735212922 0.003280261 0.005171519 0.677808583
1756401487701541120.000000 1.197465301 0.913609385 0.007743504 -0.736348569 0.005191239 0.002977250 0.676575899
1756401488268343296.000000 1.196768403 0.957317054 0.008306270 -0.737147748 0.003300495 0.005247196 0.675703168
1756401488835150592.000000 1.196297407 0.999564886 0.008323772 -0.736208439 0.004421218 0.004174855 0.676727533
1756401489401960704.000000 1.195537567 1.043815851 0.008991059 -0.737171650 0.003160106 0.003654677 0.675688326
1756401489935429632.000000 1.195693016 1.085323334 0.009861300 -0.737143576 0.001994782 0.005504644 0.675710857
1756401490435555584.000000 1.195561409 1.123682261 0.009560273 -0.736123025 0.003154641 0.004152249 0.676827788
1756401490936733952.000000 1.195077062 1.162179112 0.010271903 -0.736453176 0.003390676 0.003850568 0.676469088
1756401491571693568.000000 1.194263816 1.211554050 0.010070725 -0.735958397 0.000985354 0.005055203 0.677007198
1756401492138348544.000000 1.195237637 1.255691886 0.010532676 -0.736645281 0.001821138 0.005228057 0.676256657
1756401492671665408.000000 1.194470644 1.297655106 0.010341998 -0.736764550 0.001804265 0.004165621 0.676134229
1756401493238329344.000000 1.194473624 1.340485573 0.010962214 -0.735541642 0.000869073 0.005266814 0.677458525
1756401493804994048.000000 1.194690347 1.384838104 0.011911307 -0.735815942 0.000813679 0.006054951 0.677154005
1756401494438321920.000000 1.194482446 1.433187246 0.013289819 -0.735305727 -0.000030411 0.008160471 0.677686453
1756401494971664128.000000 1.194862604 1.475555420 0.014053036 -0.735987365 0.000952185 0.007577565 0.676952302
1756401495504994560.000000 1.193525553 1.518951058 0.014352235 -0.737333179 0.001120802 0.006011851 0.675501704
1756401496138318336.000000 1.192456841 1.568519115 0.015578702 -0.736988723 -0.001996688 0.009297925 0.675838232
1756401496738302208.000000 1.192340493 1.616670370 0.015943883 -0.738023698 -0.000359408 0.007105014 0.674737334
1756401497271627520.000000 1.192235112 1.657657146 0.016429601 -0.737134874 -0.001394182 0.008814406 0.675686777
1756401497871619840.000000 1.191383719 1.704558611 0.016665507 -0.736175239 -0.001856799 0.010340237 0.676709533
1756401498404940032.000000 1.182523131 1.742093444 0.017048024 -0.735245466 -0.028140172 0.033875357 0.676368833
1756401498904935424.000000 1.178567290 1.784036279 0.016969025 -0.737957358 -0.028556438 0.033220477 0.673424006
1756401499504918016.000000 1.174267769 1.830700159 0.016945964 -0.737941265 -0.028232623 0.032569472 0.673487067
1756401500038249984.000000 1.170433760 1.870336652 0.017437983 -0.736757398 -0.029842077 0.033410691 0.674671531
1756401500604903936.000000 1.173390150 1.918860555 0.017442003 -0.738588631 -0.006455854 0.011281669 0.674031138
1756401501138240768.000000 1.172325373 1.959914684 0.017825171 -0.739362776 -0.006441948 0.011578342 0.673176944
1756401501904907776.000000 1.171645045 2.019256592 0.017997416 -0.739328206 -0.007512171 0.013354801 0.673170865
1756401502471566080.000000 1.171473384 2.062221289 0.018133571 -0.739812255 -0.008854616 0.015219674 0.672583044
1756401503204890624.000000 1.171375632 2.115538836 0.018826764 -0.738462925 -0.007881228 0.015345865 0.674073398
1756401503738217984.000000 1.171183109 2.157758236 0.018927973 -0.739371538 -0.008795575 0.016562345 0.673036516
1756401504338219520.000000 1.171664357 2.203226089 0.019222990 -0.739035308 -0.006130159 0.013838349 0.673496723
1756401505004904704.000000 1.171842456 2.253515482 0.019048333 -0.738096416 -0.005365121 0.013819818 0.674532413
1756401505504912640.000000 1.171151519 2.292632103 0.018905036 -0.738827884 -0.006931227 0.013220217 0.673728943
1756401506071580928.000000 1.171083570 2.335807085 0.019121300 -0.738236010 -0.005945575 0.012511544 0.674400330
1756401506705175040.000000 1.170992494 2.384976864 0.018194083 -0.738730729 -0.005778291 0.011396605 0.673879623
1756401507205929216.000000 1.170602441 2.423078537 0.018542079 -0.738057137 -0.006207046 0.012064771 0.674601853
1756401507873193728.000000 1.170316219 2.473973751 0.017896686 -0.737625122 -0.005466410 0.010788639 0.675102115
1756401508440005120.000000 1.170149088 2.518235922 0.018084541 -0.738885462 -0.007049369 0.012645790 0.673675597
1756401509140196352.000000 1.169655085 2.570899248 0.018622581 -0.737427771 -0.006927982 0.013406745 0.675257444
1756401509673670400.000000 1.169062495 2.613046408 0.018378975 -0.739222109 -0.006710239 0.012678653 0.673308909
1756401510173786368.000000 1.168695331 2.651597023 0.017978430 -0.739843130 -0.007301985 0.013505064 0.672604322
1756401512741956352.000000 1.166452646 2.849116087 0.016103433 -0.740689158 -0.005218570 0.011537996 0.671728551
1756401515242186752.000000 1.164649129 3.039755344 0.015279460 -0.739803851 -0.007070740 0.014653348 0.672625899
1756401516342336000.000000 1.163887620 3.124734163 0.014188639 -0.738152742 -0.008401287 0.016642984 0.674376070
1756401516909082368.000000 1.164046049 3.168345690 0.015011045 -0.737917364 -0.008093125 0.016676068 0.674636424
1756401517942555392.000000 1.191677928 3.259617805 0.013363509 -0.732499421 0.083725274 -0.066735648 0.672295392
1756401518442619904.000000 1.209361076 3.274481297 0.012723303 -0.725725710 0.140767395 -0.117698371 0.663064063
1756401518942680576.000000 1.224767566 3.274861336 0.014017370 -0.708955646 0.202504918 -0.175017253 0.652489543
1756401519476071168.000000 1.265583634 3.305231571 0.013062878 -0.688699841 0.267718524 -0.237521961 0.630557418
1756401519976132608.000000 1.308214784 3.324949980 0.013722478 -0.662800193 0.325479478 -0.290440947 0.608607471
1756401520509527808.000000 1.356667757 3.338711023 0.012502145 -0.631879270 0.383441657 -0.343844056 0.579199791
1756401521042941696.000000 1.368511081 3.327181339 0.012728408 -0.596851707 0.433253407 -0.390425056 0.551024437
1756401521543013888.000000 1.379459262 3.315057039 0.013811270 -0.558031738 0.482206047 -0.435188651 0.516419172
1756401522076415744.000000 1.411167741 3.299703360 0.015657157 0.510070384 -0.531571388 0.480938941 -0.475350231
1756401522643150336.000000 1.438960671 3.283292294 0.016510902 0.462828875 -0.573750198 0.519580543 -0.432014048
1756401523176557824.000000 1.442963362 3.266669512 0.017108103 0.409730792 -0.612681031 0.556022763 -0.384163082
1756401523743301632.000000 1.443745494 3.249189854 0.017646370 0.349823356 -0.649964094 0.588831306 -0.329314440
1756401524243371776.000000 1.443064451 3.230928183 0.017108474 0.292983592 -0.677299798 0.614432514 -0.279102534
1756401524743442944.000000 1.433840394 3.217115641 0.019294098 0.236434653 -0.699808419 0.634613097 -0.227229059
1756401525276856320.000000 1.429271340 3.203711510 0.019342048 0.173710316 -0.717677295 0.652595460 -0.169950560
1756401525843607552.000000 1.410722017 3.196282864 0.021654481 0.106268443 -0.730802536 0.665514410 -0.108283386
1756401526343680256.000000 1.391544104 3.188433647 0.024690792 0.043141443 -0.739528537 0.669857740 -0.050269734
1756401526843901184.000000 1.383830547 3.180103064 0.026227485 -0.012210303 -0.737380981 0.675366700 -0.000205425
1756401527377628928.000000 1.382530451 3.140361786 0.026261102 -0.012857754 -0.739044070 0.673534274 0.000470557
1756401527877847040.000000 1.389409304 3.105060816 0.026044723 0.011408872 -0.739768803 0.672431588 -0.021159755
1756401528411300864.000000 1.390336633 3.062545300 0.025276296 0.009750602 -0.739840329 0.672403276 -0.020376211
1756401528911410688.000000 1.383848906 3.022457123 0.025759248 -0.016590696 -0.738880396 0.673627079 0.002681280
1756401529444858368.000000 1.389665961 2.985320091 0.025744848 0.012036881 -0.739384413 0.672764897 -0.023521723
1756401530011651072.000000 1.391459107 2.942142487 0.025804363 0.010552002 -0.738988698 0.673299909 -0.021251576
1756401530511763200.000000 1.392613649 2.904837370 0.026426498 0.012529851 -0.738947570 0.673237443 -0.023472378
1756401531078574080.000000 1.394130945 2.861384153 0.027229449 0.012272437 -0.738945127 0.673267126 -0.022825208
1756401531578703872.000000 1.395352840 2.822838783 0.027208168 0.012128352 -0.738742054 0.673471630 -0.023433253
1756401532145517568.000000 1.388602495 2.773662806 0.027859891 -0.011319553 -0.739068925 0.673531413 -0.002094526
1756401532712326400.000000 1.396211624 2.734508753 0.027888862 0.017288752 -0.738230050 0.673779428 -0.027182596
1756401533212439040.000000 1.391047001 2.689266682 0.027537338 -0.009680049 -0.739757717 0.672797143 -0.002972450
1756401533745897216.000000 1.389818311 2.648202419 0.028744610 -0.008739354 -0.740352392 0.672154844 -0.003156357
1756401534279365632.000000 1.388776541 2.607177019 0.028538607 -0.008293026 -0.739323795 0.673283458 -0.004573171
1756401534812832768.000000 1.388393998 2.565550327 0.029040447 -0.007557699 -0.739158928 0.673476040 -0.004136800
1756401535346297344.000000 1.387069583 2.522241831 0.028585818 -0.006712699 -0.741112828 0.671316206 -0.006421122
1756401535913102336.000000 1.387427449 2.479051590 0.029425619 -0.005562337 -0.740927696 0.671518445 -0.007629912
1756401536479905280.000000 1.386565089 2.433295250 0.029023014 -0.006773732 -0.740420282 0.672073960 -0.006972186
1756401537113394688.000000 1.386571169 2.381795645 0.027726728 -0.005347002 -0.741058648 0.671368361 -0.008252670
1756401537713540864.000000 1.384559512 2.333646297 0.027515756 -0.005717156 -0.741430998 0.670950115 -0.008569230
1756401538213651712.000000 1.387680411 2.295156956 0.027927635 -0.003345764 -0.742359281 0.669955373 -0.007167003
1756401538747106304.000000 1.386951685 2.252803802 0.027077954 -0.002750049 -0.742397130 0.669903159 -0.008289916
1756401538813789184.000000 1.387442827 2.247707605 0.027343240 -0.002635728 -0.742058992 0.670281708 -0.007996359
1756401539380591872.000000 1.384552836 2.199418306 0.023712929 -0.003173152 -0.742716134 0.669560969 -0.007134170
1756401539914053632.000000 1.383777857 2.160851002 0.025891988 -0.003734065 -0.741338432 0.671059966 -0.009051572
1756401540480857088.000000 1.383190036 2.115581036 0.024663644 -0.002815472 -0.742560029 0.669721067 -0.008392439
1756401541014322688.000000 1.383308887 2.073422194 0.024614120 -0.003902218 -0.741488516 0.670915842 -0.007176719
1756401541614472704.000000 1.390726328 2.029610872 0.023319513 0.023663627 -0.739937603 0.671501696 -0.031905513
1756401542114605568.000000 1.390708685 1.991440535 0.022718500 0.011529646 -0.738918483 0.673412740 -0.019541470
1756401542614738688.000000 1.389471531 1.951628208 0.022453325 0.011785234 -0.737340927 0.675117195 -0.020159472
1756401543148198656.000000 1.393515825 1.910450935 0.022701673 0.012806645 -0.738933444 0.673309147 -0.021638336
1756401543248222464.000000 1.392934680 1.902982831 0.022848876 0.012918066 -0.738493741 0.673767447 -0.022306845
1756401543781681664.000000 1.395784497 1.860294938 0.021467036 0.014968651 -0.738745034 0.673417091 -0.023265570
1756401544315142656.000000 1.396900892 1.820942283 0.022426572 0.016610621 -0.738035560 0.674093783 -0.025006095
1756401544881939200.000000 1.401103616 1.772317290 0.019741409 0.017645486 -0.740795970 0.671002746 -0.025793221
1756401545382049280.000000 1.403171539 1.734308958 0.021900035 0.017295696 -0.741989851 0.669712961 -0.025230002
1756401545882161920.000000 1.404952526 1.694526315 0.019983491 0.018462211 -0.740822196 0.670888364 -0.027393324
1756401546415617280.000000 1.409382939 1.654906154 0.020357659 0.020050948 -0.741199255 0.670351624 -0.029162675
1756401546915739648.000000 1.408113837 1.616898179 0.019913420 0.019414226 -0.740139246 0.671535015 -0.029289877
1756401547415867904.000000 1.407352209 1.575923562 0.019783687 0.007446952 -0.739838123 0.672490060 -0.018474368
1756401547982679296.000000 1.407770753 1.534208298 0.020517671 0.008097854 -0.741596460 0.670519710 -0.019301478
1756401548482807296.000000 1.408988118 1.494089484 0.018468706 0.007926158 -0.740974903 0.671256900 -0.017537393
1756401548982927360.000000 1.414599538 1.456179976 0.018259993 0.023357142 -0.740361810 0.670988858 -0.033058986
1756401549583067648.000000 1.418964982 1.406683087 0.014647681 0.020024834 -0.742334425 0.669070959 -0.029711178
1756401549683092224.000000 1.419367433 1.399327993 0.014536265 0.019400010 -0.741775393 0.669757664 -0.028594293
1756401550249896704.000000 1.423577666 1.355373621 0.014981406 0.020602895 -0.742579520 0.668773651 -0.029883318
1756401550783362048.000000 1.424804330 1.313391209 0.012361234 0.020013664 -0.741022110 0.670490324 -0.030471228
1756401551316831232.000000 1.428133488 1.275536418 0.013297746 0.021265287 -0.739463985 0.672079980 -0.032393660
1756401551816950784.000000 1.429958463 1.234791994 0.012853581 0.021606607 -0.740242541 0.671292245 -0.030674441
1756401552317063424.000000 1.433714867 1.197375774 0.012943834 0.022903135 -0.739946961 0.671529472 -0.031656202
1756401552883861504.000000 1.436129212 1.153772354 0.012473397 0.022404335 -0.740005076 0.671492636 -0.031436227
1756401553417321984.000000 1.438809276 1.111211181 0.012676492 0.022146206 -0.740371168 0.671127319 -0.030793965
1756401553950783232.000000 1.442396522 1.067782760 0.012439728 0.023027455 -0.742304325 0.668890178 -0.032248866
1756401554517584384.000000 1.443714380 1.023060203 0.012689603 0.022721788 -0.742190599 0.669058323 -0.031588480
1756401555017708544.000000 1.445899367 0.983422458 0.012997396 0.022684405 -0.742592871 0.668632686 -0.031170651
1756401555551175680.000000 1.448739648 0.944526851 0.012585832 0.022650147 -0.740593493 0.670821726 -0.031727076
1756401556084642304.000000 1.450622082 0.900572300 0.011178248 0.023709597 -0.741744637 0.669464886 -0.032705251
1756401556584767488.000000 1.453185797 0.861716270 0.011832071 0.023837531 -0.740683913 0.670648575 -0.032397069
1756401557151573760.000000 1.455485821 0.817162812 0.012613678 0.025446951 -0.741147101 0.669981837 -0.034320030
1756401557651699456.000000 1.458015800 0.776627183 0.011840057 0.025240196 -0.742311656 0.668802381 -0.032245968
1756401558185174016.000000 1.461231828 0.735988617 0.011942979 0.025423426 -0.740774572 0.670461118 -0.032993235
1756401558685306112.000000 1.462796807 0.695610166 0.011188935 0.026799269 -0.740193307 0.671015501 -0.033672985
1756401559285457920.000000 1.464894772 0.650017679 0.010282919 0.026474975 -0.738847315 0.672507226 -0.033730708
1756401559885605376.000000 1.468842149 0.601699054 0.009309588 0.026795357 -0.739948630 0.671220422 -0.034945942
1756401560452409344.000000 1.471364498 0.555105805 0.009395061 0.026768994 -0.740980029 0.670131981 -0.033987928
1756401560952529664.000000 1.472439289 0.516159773 0.009095218 0.026931476 -0.739780426 0.671402931 -0.034896106
1756401561519332352.000000 1.474778652 0.472055554 0.008822326 0.028234582 -0.739160299 0.672006369 -0.035387523
1756401562052793856.000000 1.477476120 0.429494590 0.008119192 0.027912192 -0.739246368 0.671882808 -0.036184464
1756401562586255616.000000 1.479449749 0.387295187 0.008325720 0.027065903 -0.738696218 0.672534049 -0.035963017
1756401563119712512.000000 1.481535554 0.345410764 0.008450827 0.027780715 -0.738329947 0.672840476 -0.037187699
1756401563653170432.000000 1.484803319 0.303163499 0.008744303 0.028442193 -0.738078654 0.673109114 -0.036810767
1756401564219975936.000000 1.487503529 0.259394586 0.009579202 0.027967000 -0.738186181 0.673019707 -0.036654387
1756401564720098560.000000 1.489406586 0.219968468 0.009292670 0.028461322 -0.737756610 0.673463583 -0.036769386
1756401565286901504.000000 1.492750287 0.171778828 0.008369019 0.028239435 -0.741562784 0.669306517 -0.036276907
1756401565820360960.000000 1.495990992 0.131517947 0.008675937 0.029691787 -0.740318954 0.670620501 -0.036255375
1756401566353817344.000000 1.499810100 0.089864910 0.007500531 0.032348868 -0.740843475 0.669942677 -0.035797477
1756401566887275264.000000 1.512367010 0.096953191 0.007509889 0.090093203 -0.735239983 0.665953577 -0.088381022
1756401567420736000.000000 1.532535911 0.094350621 0.007590402 0.160218298 -0.721906126 0.655645430 -0.152678445
1756401567920853760.000000 1.558772802 0.076168910 0.007450825 0.220274508 -0.705176115 0.640834808 -0.208654314
1756401567987536128.000000 1.562587500 0.074002221 0.007107327 0.228834033 -0.704705119 0.636495352 -0.214241594
1756401568487652096.000000 1.581560612 0.070268266 0.007863089 0.280158699 -0.683626533 0.620562732 -0.262807578
1756401568987770624.000000 1.582033634 0.086945653 0.009157842 0.334502935 -0.658509612 0.597312450 -0.312555283
1756401569487889408.000000 1.581220627 0.102290206 0.010790547 0.386927754 -0.628809512 0.570081413 -0.360406429
1756401570021352192.000000 1.603173018 0.109481409 0.009845033 0.443708241 -0.589426517 0.534377873 -0.412479877
1756401570554817536.000000 1.602637768 0.122986108 0.008616408 0.489553660 -0.552938938 0.498433620 -0.454048127
1756401571121618688.000000 1.591380835 0.139325708 0.008553654 -0.539884508 0.504219413 -0.451442868 0.500486612
1756401571655079680.000000 1.579741001 0.152617261 0.007639427 -0.581875145 0.454729855 -0.405975938 0.538354635
1756401572155205376.000000 1.568058014 0.166043773 0.006823890 -0.619136274 0.405249894 -0.360099256 0.568129718
1756401572688902912.000000 1.551872253 0.177686915 0.006090175 -0.653126121 0.348208725 -0.308111131 0.597699344
1756401573190273536.000000 1.529888511 0.172971725 0.012553312 -0.680693924 0.292894810 -0.256416738 0.620579481
1756401573758130432.000000 1.514368057 0.188181937 0.004432577 -0.703038156 0.226039886 -0.200838745 0.643666923
1756401574291473664.000000 1.494235873 0.188511491 0.006236776 -0.720749438 0.162672535 -0.142624781 0.658571303
1756401574524805632.000000 1.480748773 0.180767357 0.005483394 -0.726500273 0.134011894 -0.117390417 0.663669825
1756401575091470592.000000 1.459254384 0.175109982 0.008889277 -0.731587648 0.065301321 -0.054520518 0.676419079
1756401575624789504.000000 1.463777184 0.219634250 0.008436301 -0.735456347 0.056736771 -0.044865493 0.673700213
1756401576124812032.000000 1.465353966 0.249968857 0.007598380 -0.733901441 0.043081965 -0.030736221 0.677191257
1756401576658156544.000000 1.470865250 0.296744406 0.006077033 -0.734578609 0.044108935 -0.031057846 0.676375806
1756401577158163968.000000 1.472195387 0.335244298 0.008201374 -0.735190332 0.044118334 -0.031397089 0.675694406
1756401577691495680.000000 1.460787177 0.373340249 0.008540034 -0.738405645 -0.003471871 0.010006480 0.674273670
1756401578291498240.000000 1.462608695 0.419480264 0.009994626 -0.737008989 0.006116048 0.001216340 0.675854266
1756401578824827392.000000 1.463437915 0.463898361 0.009362062 -0.738269269 0.006403619 0.001105483 0.674474776
1756401579424817664.000000 1.465826154 0.502817512 0.009768623 -0.738096416 0.004475800 0.002486822 0.674675882
1756401580024815616.000000 1.463651061 0.559938848 0.009356302 -0.738650382 0.004285400 0.001765854 0.674072802
1756401580558139392.000000 1.465601683 0.592368186 0.010882862 -0.738461614 0.004200360 0.000573709 0.674282253
1756401581224792832.000000 1.463865757 0.650775075 0.009517177 -0.737546384 0.003867082 0.003886693 0.675274193
1756401581891449088.000000 1.466775537 0.697335660 0.007873459 -0.735653579 0.003657436 0.002909882 0.677341938
1756401582424784896.000000 1.466972947 0.741906047 0.007283118 -0.738328993 0.004586320 0.001958952 0.674422383
1756401582958095872.000000 1.465731859 0.780953884 0.008492844 -0.736455619 0.000963401 0.003979651 0.676473498
1756401583491384064.000000 1.456838250 0.820783257 0.008231073 -0.737825572 -0.023289675 0.024989378 0.674126565
1756401584024697600.000000 1.454622626 0.860425651 0.008808712 -0.735201478 -0.022587592 0.024802674 0.677018046
1756401584624667392.000000 1.457223892 0.907658398 0.010491880 -0.736378670 -0.009231297 0.016044201 0.676316440
1756401585257984512.000000 1.456173658 0.956602514 0.010905264 -0.735822141 -0.008216629 0.014478893 0.676970303
1756401585891298560.000000 1.454673290 1.004716992 0.011786458 -0.735298872 -0.010249604 0.015832542 0.677480578
1756401586424616704.000000 1.448225379 1.054386735 0.013989787 -0.735549092 -0.009058774 0.015482037 0.677233934
1756401586957938176.000000 1.451041460 1.086952209 0.012308624 -0.735888541 -0.010382774 0.016190847 0.676829517
1756401587591247872.000000 1.448354244 1.135894537 0.013091077 -0.736679077 -0.011320028 0.016088367 0.675956368
1756401588124578304.000000 1.436534286 1.185066342 0.011578601 -0.736288726 -0.009591214 0.014437900 0.676445544
1756401588691358464.000000 1.445612907 1.222045302 0.014196024 -0.736618459 -0.011023698 0.017982332 0.675979555
1756401589192085504.000000 1.443058968 1.261300802 0.014289119 -0.737756252 -0.011048797 0.016016347 0.674786747
1756401589759453184.000000 1.440896153 1.306008816 0.014157637 -0.737430334 -0.009491507 0.014284910 0.675205350
1756401590292910336.000000 1.440244079 1.348022461 0.013616283 -0.737672806 -0.009868008 0.016507668 0.674884439
1756401590826366464.000000 1.438374758 1.386595368 0.013949798 -0.735776484 -0.009807323 0.017563658 0.676925659
1756401591326478592.000000 1.436766386 1.425136924 0.014972130 -0.735635042 -0.009596387 0.017165400 0.677092612
1756401591826592768.000000 1.435405970 1.464094043 0.015442115 -0.734687924 -0.010013428 0.016736710 0.678124845
1756401592360055040.000000 1.433975220 1.507922530 0.014942228 -0.736304939 -0.009339207 0.015149036 0.676415801
1756401592926850816.000000 1.433042526 1.552678585 0.015959410 -0.736924052 -0.008671008 0.013610553 0.675782979
1756401593460299520.000000 1.431044936 1.595530510 0.015824126 -0.737196267 -0.009111123 0.012628633 0.675499201
1756401593960418816.000000 1.429623961 1.635968208 0.016160145 -0.738261163 -0.009602284 0.012359834 0.674333394
1756401594460542208.000000 1.429273129 1.676902413 0.016506083 -0.740296483 -0.008108158 0.011649924 0.672130764
1756401595094025472.000000 1.428411603 1.725365639 0.017048117 -0.737848818 -0.008843592 0.013180125 0.674779415
1756401595694166784.000000 1.427086949 1.773282051 0.017007343 -0.737938106 -0.007858573 0.012347300 0.674709797
1756401596260973568.000000 1.426243663 1.817980289 0.017473634 -0.737365484 -0.008567520 0.014619972 0.675281405
1756401596827782144.000000 1.425326467 1.864682794 0.017238557 -0.739580154 -0.008588970 0.015906712 0.672825694
1756401597394591744.000000 1.423681021 1.909302592 0.018459775 -0.739918292 -0.008170366 0.015945416 0.672458112
1756401597961404160.000000 1.422575712 1.953007221 0.019168083 -0.739654005 -0.008263743 0.015832866 0.672750354
1756401598494876160.000000 1.413218856 1.990430832 0.018661773 -0.736763716 -0.037579734 0.042324983 0.673777163
1756401599128352768.000000 1.413323402 2.042176485 0.019461136 -0.739388824 -0.021794774 0.027611069 0.672359169
1756401599628460800.000000 1.409973264 2.080329418 0.018400505 -0.739090681 -0.023959443 0.029629886 0.672527373
1756401600362001664.000000 1.409393668 2.137959003 0.018517576 -0.738464057 -0.013409230 0.020380937 0.673851371
1756401600995502080.000000 1.408157110 2.185685158 0.019106623 -0.738952637 -0.013259814 0.019646512 0.673340321
1756401601595649792.000000 1.405797362 2.229624271 0.019372817 -0.736914754 -0.016541924 0.021287248 0.675447941
1756401602195804160.000000 1.404254675 2.275591850 0.019516040 -0.737523377 -0.015886882 0.022171695 0.674770594
1756401602795959040.000000 1.402467012 2.322447777 0.018666934 -0.737379313 -0.016161807 0.022210896 0.674920142
1756401603362770176.000000 1.400481105 2.367331028 0.018641211 -0.738317549 -0.016100476 0.022520721 0.673884869
1756401603929580800.000000 1.399384141 2.409437656 0.018867407 -0.738059938 -0.016938159 0.024383388 0.674081683
1756401604529732864.000000 1.398024797 2.454917908 0.019537082 -0.737926662 -0.016994378 0.024835564 0.674209654
1756401605096544000.000000 1.396173239 2.498643398 0.019245218 -0.738406718 -0.017008357 0.023913996 0.673716903
1756401605730036992.000000 1.393494844 2.546815872 0.019229554 -0.738609374 -0.017048636 0.021528101 0.673574150
1756401606263496192.000000 1.391224504 2.588805199 0.019121807 -0.739885628 -0.017442381 0.021947885 0.672148347
1756401606863634944.000000 1.390272141 2.635478497 0.019102722 -0.739960790 -0.016972421 0.022931335 0.672044814
1756401607363746048.000000 1.389136195 2.674301386 0.018749833 -0.740742624 -0.016060870 0.022641454 0.671215177
1756401607997210368.000000 1.386843562 2.722416639 0.017971979 -0.740448773 -0.017130394 0.025685735 0.671403348
1756401608597324800.000000 1.383764982 2.767292738 0.018640844 -0.740660429 -0.020091219 0.027672162 0.671008766
1756401609097442048.000000 1.381431222 2.804557800 0.018634476 -0.739500582 -0.020141080 0.027321253 0.672299743
1756401611831394560.000000 1.369367480 3.014375210 0.015369260 -0.738143206 -0.020359594 0.027580319 0.673772573
1756401614265284096.000000 1.382311463 3.212584972 0.014897733 -0.735587060 0.057812359 -0.045669883 0.673411965
1756401614798733824.000000 1.409055114 3.258511305 0.014524431 -0.728564382 0.123158023 -0.104837939 0.665608823
1756401615298845184.000000 1.441082478 3.295721531 0.014566095 -0.714456439 0.185900912 -0.162371770 0.654697180
1756401615698937856.000000 1.468196154 3.320229530 0.015214008 -0.698874593 0.232629329 -0.208119273 0.643540382
1756401616199076608.000000 1.497904539 3.339114428 0.016683562 -0.678898036 0.286894411 -0.257013053 0.625086725
1756401616699212800.000000 1.513696790 3.332884789 0.015801709 -0.652082384 0.343202680 -0.309207439 0.601158321
1756401617266014976.000000 1.530239701 3.323520899 0.016207432 -0.617686749 0.402516097 -0.362682760 0.570004523
1756401617766134528.000000 1.542877913 3.312387466 0.016543346 -0.581889033 0.453302801 -0.409068167 0.537201047
1756401618299594752.000000 1.553333998 3.298688173 0.016770719 -0.538411915 0.502819598 -0.455986023 0.499361306
1756401618799718400.000000 1.561895847 3.284640312 0.016620133 0.494557649 -0.546587944 0.495596796 -0.459388971
1756401619299851008.000000 1.567425251 3.269261122 0.016904064 0.446680576 -0.586051583 0.531917274 -0.417233795
1756401619866667264.000000 1.569197297 3.252095461 0.017282946 0.388799161 -0.625653386 0.569218278 -0.365217268
1756401620366800128.000000 1.569740653 3.235409498 0.018400589 0.334267497 -0.657012701 0.596899509 -0.316718400
1756401620900275968.000000 1.565852046 3.217488766 0.018302625 0.274134099 -0.685570300 0.620862663 -0.263388306
1756401621433752576.000000 1.560614824 3.201667786 0.017401565 0.212600857 -0.706472099 0.642471075 -0.207193404
1756401622000568064.000000 1.548113227 3.187809944 0.017916879 0.144631729 -0.723824501 0.658652782 -0.146069363
1756401622534039552.000000 1.528452039 3.182405710 0.022655305 0.078450054 -0.735403121 0.667706728 -0.084827550
1756401622634065920.000000 1.526260972 3.178350449 0.023203548 0.063668348 -0.732591450 0.673905313 -0.071469232
1756401623100851200.000000 1.530974388 3.140721798 0.023103105 0.052618805 -0.736446857 0.671821654 -0.059438977
1756401623734345216.000000 1.533625484 3.092216253 0.024112837 0.039296169 -0.738739550 0.671177268 -0.047337953
1756401624301147904.000000 1.537853479 3.047924280 0.024477074 0.038010333 -0.738354921 0.671724796 -0.046616491
1756401624801271808.000000 1.542347193 3.010962009 0.025104696 0.039032973 -0.738754451 0.671241283 -0.046406463
1756401625368088320.000000 1.546910286 2.968643427 0.025401015 0.039623238 -0.737950206 0.672021985 -0.047391582
1756401625968241408.000000 1.550728679 2.923114300 0.026206773 0.039318614 -0.737521410 0.672507405 -0.047434442
1756401626168290304.000000 1.548198819 2.905567169 0.025504868 0.019762145 -0.738433361 0.673406005 -0.029155543
1756401626701755392.000000 1.549481153 2.864689589 0.026467234 0.014251424 -0.738925636 0.673218966 -0.023708757
1756401627268561152.000000 1.553783894 2.819268227 0.026261115 0.026945738 -0.739955187 0.671240509 -0.034300383
1756401627768679680.000000 1.556551099 2.783931255 0.026700290 0.026645089 -0.738063216 0.673378646 -0.033376627
1756401628335468544.000000 1.559691906 2.741606474 0.027910914 0.027728872 -0.737946868 0.673439920 -0.033826463
1756401628902263040.000000 1.563388586 2.696699381 0.028564855 0.028347475 -0.739514709 0.671694458 -0.033778902
1756401629469063424.000000 1.565951943 2.652818680 0.029555205 0.028492637 -0.737682223 0.673711538 -0.033553187
1756401629969184512.000000 1.571875691 2.616002798 0.029498218 0.030491242 -0.738438427 0.672740102 -0.034637049
1756401630502647040.000000 1.572563529 2.571558952 0.027075240 0.032123361 -0.737763464 0.673232198 -0.037836943
1756401631002768640.000000 1.574472666 2.532106400 0.026997993 0.031708788 -0.739203274 0.671644032 -0.038306620
1756401631536231424.000000 1.578030825 2.488598585 0.026580798 0.030762404 -0.740242541 0.670471370 -0.039532192
1756401632036344576.000000 1.581456542 2.448312759 0.026414216 0.030777009 -0.740225017 0.670546174 -0.038568497
1756401632536455424.000000 1.582592964 2.408977509 0.026234344 0.019910350 -0.742484629 0.668890953 -0.030085182
1756401633136602112.000000 1.584989905 2.365216017 0.029218795 0.018525610 -0.740807474 0.670784533 -0.030154534
1756401633703409152.000000 1.584401011 2.324725628 0.030397702 0.020278990 -0.741057038 0.670415044 -0.031095777
1756401634203526144.000000 1.589089990 2.284761190 0.029940497 0.021323757 -0.741852164 0.669439375 -0.032430708
1756401634803665664.000000 1.595045686 2.231904745 0.025729490 0.020769300 -0.741138995 0.670266569 -0.032006230
1756401635203757824.000000 1.593631268 2.204246521 0.027093863 0.021097971 -0.741903901 0.669424355 -0.031695694
1756401635703875328.000000 1.592986822 2.167619705 0.030781370 0.023838192 -0.742196321 0.668796420 -0.035885464
1756401636270689024.000000 1.604899645 2.116522551 0.026583631 0.023639677 -0.740591109 0.670552254 -0.036411699
1756401636770825984.000000 1.599511266 2.077312231 0.025510581 0.009531518 -0.740863025 0.671137452 -0.024613952
1756401637337666816.000000 1.598708868 2.029665709 0.024245713 0.012969417 -0.740377426 0.671523869 -0.026998535
1756401637871144704.000000 1.604791045 1.988896608 0.024178740 0.013244786 -0.740641892 0.671250045 -0.026411131
1756401638371255552.000000 1.604533195 1.951132298 0.022465505 0.014072663 -0.740020454 0.671895504 -0.026983723
1756401638938054912.000000 1.607900023 1.905220032 0.020309366 0.015809381 -0.739252090 0.672695518 -0.027152332
1756401639438178304.000000 1.610023499 1.866691351 0.019992581 0.014824616 -0.738764763 0.673255742 -0.027086494
1756401639971643136.000000 1.605566502 1.825955510 0.023318635 0.016011672 -0.741062641 0.670676649 -0.027615851
1756401640505108480.000000 1.612315297 1.780691385 0.017988091 0.015907152 -0.739906430 0.671911001 -0.028653974
1756401641038573824.000000 1.606558561 1.742644072 0.019611403 0.016194804 -0.738642871 0.673259437 -0.029431768
1756401641572038400.000000 1.607456684 1.696711063 0.019488452 -0.003464816 -0.738885939 0.673727274 -0.011279899
1756401642172189696.000000 1.608716369 1.648677707 0.018341836 -0.008440989 -0.739391267 0.673195779 -0.006069186
1756401642705656832.000000 1.606343985 1.606967688 0.018409381 -0.008967358 -0.740333974 0.672138333 -0.007435439
1756401643205774080.000000 1.605551839 1.568711519 0.018076776 -0.008648345 -0.739972174 0.672552943 -0.006247702
1756401643872588800.000000 1.603591800 1.515475869 0.017938474 -0.007917251 -0.741471529 0.670904636 -0.006658626
1756401644406029568.000000 1.602541804 1.473570108 0.017839128 -0.008638934 -0.742389560 0.669885278 -0.006072228
1756401645006149888.000000 1.600484729 1.427302122 0.017427849 -0.009535411 -0.743528128 0.668618917 -0.004883867
1756401645606266880.000000 1.599152446 1.380582452 0.016950835 -0.009369579 -0.744324505 0.667738914 -0.004253448
1756401646173058304.000000 1.599026918 1.337393880 0.015647355 -0.007442026 -0.743470132 0.668718696 -0.003487141
1756401646839872000.000000 1.597281456 1.286706090 0.015688144 -0.006584771 -0.742127299 0.670218110 -0.003387666
1756401647440002816.000000 1.596139908 1.242174625 0.014582479 -0.007938955 -0.739809453 0.672764659 -0.002586500
1756401648140145664.000000 1.594460845 1.187308073 0.014942607 -0.008881788 -0.740715384 0.671746969 -0.004226509
1756401648640242176.000000 1.593544722 1.147252321 0.015516877 -0.010275149 -0.742363155 0.669909537 -0.003560168
1756401649207043840.000000 1.592208266 1.103327990 0.014771521 -0.009819291 -0.741715431 0.670639873 -0.002014014
1756401649873868800.000000 1.591629267 1.052577853 0.014234906 -0.008559487 -0.741804838 0.670557797 -0.002146840
1756401650474004736.000000 1.590670347 1.004893184 0.015022801 -0.010335221 -0.741814733 0.670525134 -0.000467090
1756401651040796160.000000 1.589007854 0.961013198 0.014093928 -0.010154650 -0.740741968 0.671711981 -0.001158005
1756401651607585024.000000 1.587549448 0.915335298 0.012876183 -0.009440335 -0.742137492 0.670176685 -0.002461524
1756401652174388224.000000 1.585375547 0.871376693 0.013252407 -0.010740473 -0.741000772 0.671416223 -0.001685470
1756401652741193472.000000 1.584166408 0.824862242 0.012174968 -0.011136186 -0.742246032 0.670034647 -0.000610131
1756401653274669056.000000 1.583364964 0.782574832 0.010928992 -0.010520258 -0.741312861 0.671077192 -0.000244025
1756401653708115968.000000 1.581616521 0.749903083 0.011291103 -0.009790731 -0.741144598 0.671274006 -0.000424170
1756401654408272128.000000 1.579585552 0.694273770 0.011109198 -0.009651133 -0.740214407 0.672296643 -0.002607950
1756401654975068416.000000 1.578378558 0.648833036 0.010713087 -0.009721813 -0.741110086 0.671305835 -0.003134976
1756401655508527872.000000 1.576503158 0.605640054 0.011017716 -0.010670741 -0.741557121 0.670800567 -0.002408187
1756401656108676096.000000 1.575815201 0.559216261 0.010792838 -0.009352666 -0.740517139 0.671971381 -0.001197735
1756401656675485696.000000 1.574124336 0.514832675 0.010724315 -0.008799167 -0.740330398 0.672179937 -0.002757954
1756401657175612928.000000 1.576788425 0.477709532 0.010225693 0.007601443 -0.739857733 0.672472894 -0.018247567
1756401657775767296.000000 1.578547716 0.432768315 0.010585723 0.016806182 -0.738973022 0.672927260 -0.028378826
1756401658375919104.000000 1.576366782 0.384387463 0.011464205 0.002205338 -0.737211466 0.675490618 -0.015064931
1756401658909388800.000000 1.577371120 0.341758281 0.009183496 0.004523320 -0.739085495 0.673413634 -0.015693961
1756401659476203776.000000 1.571293950 0.294412822 0.009645244 -0.015233156 -0.738428712 0.674157202 0.001758169
1756401659976325632.000000 1.567509174 0.252342373 0.010022148 -0.021887068 -0.740577221 0.671561360 0.008472662
1756401660476442112.000000 1.565099120 0.212600693 0.009331601 -0.020119699 -0.742239833 0.669799864 0.006590670
1756401660976558336.000000 1.563057184 0.171264499 0.009314874 -0.020564547 -0.743744433 0.668093383 0.008519897
1756401661576695040.000000 1.561328530 0.126105994 0.009180753 -0.019576715 -0.741318226 0.670800984 0.009492147
1756401662176833792.000000 1.565832376 0.084478348 0.008787243 0.012810124 -0.739796221 0.672382534 -0.020957105
1756401662810695680.000000 1.588347554 0.049377665 0.009157937 0.091968589 -0.732206821 0.668297887 -0.093770929
1756401663345515520.000000 1.613759398 0.023700923 0.008677009 0.158515424 -0.720522761 0.657584369 -0.152652070
1756401663880130560.000000 1.631763101 0.016772043 0.008699540 0.215157703 -0.703531563 0.645280421 -0.205824271
1756401664447931392.000000 1.640834570 0.031292923 0.008183399 0.280651212 -0.676648259 0.625558019 -0.268438578
1756401665015057152.000000 1.651452899 0.040758163 0.007006608 0.339559615 -0.651513577 0.597876608 -0.320582211
1756401665581575936.000000 1.649204016 0.060150582 0.008018583 0.400788605 -0.616685271 0.563947320 -0.375541329
1756401666114796288.000000 1.645544887 0.075195119 0.008271405 0.452411503 -0.579712391 0.528734744 -0.423906833
1756401666714652416.000000 1.637861729 0.092625059 0.007319288 0.507210970 -0.532758415 0.483190417 -0.474797457
1756401667281210112.000000 1.642013192 0.112236664 0.006884167 -0.560757160 0.478790790 -0.432777822 0.518665850
1756401667847751680.000000 1.656988025 0.129780710 0.007200632 -0.598264277 0.428456485 -0.388951063 0.554276109
1756401668447637504.000000 1.640831947 0.142199337 0.006286113 -0.639304638 0.366073549 -0.331032395 0.589658678
1756401669047520512.000000 1.621497631 0.152345777 0.005063476 -0.674545467 0.299819499 -0.271570355 0.617532372
1756401669614063616.000000 1.603336811 0.157455236 0.003985254 -0.700200260 0.234194607 -0.211766541 0.640333831
1756401670180624896.000000 1.581501484 0.159089804 0.004759506 -0.720305324 0.167782322 -0.150822833 0.655943453
1756401670813823232.000000 1.554784060 0.141501606 0.009561053 -0.734706223 0.091581024 -0.078162707 0.667615414
1756401671413705472.000000 1.555121541 0.187719926 0.007200278 -0.735826373 0.072755158 -0.064334571 0.670169652
1756401671980259072.000000 1.563936949 0.228398502 0.010285097 -0.734960675 0.070052870 -0.060116008 0.671797156
1756401672513485568.000000 1.568191886 0.266309887 0.010224180 -0.734197915 0.062354211 -0.051150631 0.674128354
1756401673046717952.000000 1.566093564 0.308918089 0.009607710 -0.738317549 0.038233507 -0.028491059 0.672765732
1756401673779896320.000000 1.573399782 0.368979007 0.009705459 -0.738152921 0.041151132 -0.030089540 0.672704637
1756401674413108480.000000 1.574335337 0.414762259 0.010651574 -0.737582624 0.024709139 -0.016292825 0.674607992
1756401675079641856.000000 1.570600510 0.466673642 0.009080651 -0.736728013 0.006139542 0.001182370 0.676160276
1756401677414270464.000000 1.566952944 0.645877719 0.011271597 -0.736940503 -0.000959931 0.006598082 0.675924778
1756401678014875136.000000 1.566649914 0.692622125 0.011839484 -0.736952841 -0.000944672 0.007556593 0.675901353
1756401679215005696.000000 1.566722989 0.785999417 0.012069656 -0.737312734 -0.000126461 0.006653890 0.675518811
1756401679715577856.000000 1.565656900 0.826621771 0.012200296 -0.738257825 0.000329993 0.007088785 0.674481392
1756401680316164096.000000 1.565510273 0.871898651 0.011050330 -0.736755848 0.000490751 0.006727093 0.676125348
1756401682349878016.000000 1.565168500 1.028066158 0.013814143 -0.735588908 0.000130430 0.007397513 0.677387774
1756401683183192320.000000 1.562477350 1.091251969 0.014042235 -0.737098396 0.000853844 0.006505804 0.675753593
1756401685283149056.000000 1.566838980 1.262236834 0.013070182 -0.737864733 0.003634851 0.005299785 0.674918115
1756401686216454912.000000 1.562363982 1.332704782 0.016074313 -0.738595903 0.004842088 0.003235032 0.674123347
1756401688583055872.000000 1.530827284 1.499122620 0.010110642 -0.731975079 0.009584847 -0.003213369 0.681256473
1756401689383034624.000000 1.566728473 1.582789063 0.015539677 -0.735047400 0.006013430 0.002895605 0.677982867
1756401690149704704.000000 1.543519855 1.629345417 0.014161091 -0.736125708 0.010103811 0.000044653 0.676769495
1756401690949715968.000000 1.575601101 1.697899818 0.017821508 -0.738670886 0.005255040 0.003239207 0.674037993
1756401691816353280.000000 1.548233867 1.759040236 0.006230487 -0.737560153 0.009752727 0.000182830 0.675211012
1756401692349680128.000000 1.577203870 1.808201075 0.017844137 -0.738490999 0.004608922 0.002907865 0.674241364
1756401693350599168.000000 1.577923059 1.886690617 0.019790985 -0.739027500 0.005161893 0.001020522 0.673654795
1756401694084648704.000000 1.579157829 1.947217464 0.019860946 -0.741071165 0.006653509 0.000117395 0.671393514
1756401694984872960.000000 1.579524159 2.016199112 0.021063745 -0.740170777 0.006305268 0.000408497 0.672389269
1756401695685051136.000000 1.560532212 2.068296909 0.007215187 -0.736189663 0.008584428 -0.002510262 0.676716268
1756401696318528256.000000 1.580149055 2.120132923 0.019904843 -0.738697767 0.004803713 0.000840922 0.674019158
1756401697018683904.000000 1.580068111 2.172572613 0.021031864 -0.738001704 0.003859218 0.000403680 0.674787700
1756401697652150528.000000 1.581085801 2.220944405 0.021027330 -0.738549471 0.002438328 0.003041004 0.674188077
1756401698185598976.000000 1.581709743 2.263178110 0.020108726 -0.739033937 0.000359088 0.007031104 0.673631489
1756401698785729536.000000 1.570941806 2.313581705 0.002838517 -0.734420300 0.002098037 0.007848742 0.678646326
1756401699419221504.000000 1.582542419 2.354698896 0.019956004 -0.738857090 -0.002633393 0.012163343 0.673747182
1756401699952685312.000000 1.581868172 2.393891811 0.020701677 -0.737457097 -0.004703769 0.014904215 0.675213099
1756401700752870400.000000 1.579658866 2.450746298 0.020859644 -0.737208664 -0.007677519 0.018321121 0.675373077
1756401701319664640.000000 1.578227878 2.492959976 0.021351691 -0.737240016 -0.009331394 0.019885946 0.675273716
1756401701853117952.000000 1.576207519 2.533558607 0.020176768 -0.737513065 -0.011120087 0.022219490 0.674875736
1756401702486594048.000000 1.575529337 2.581082821 0.019892888 -0.738279760 -0.012527777 0.027606694 0.673812985
1756401703053383168.000000 1.574371099 2.624814987 0.019522209 -0.741377592 -0.012414495 0.029088328 0.670342565
1756401703553486336.000000 1.571609020 2.661527872 0.019452091 -0.741501987 -0.012395417 0.027089780 0.670289040
1756401704053588480.000000 1.570126653 2.697807789 0.018773623 -0.740051210 -0.013347142 0.027764639 0.671844661
1756401705120480256.000000 1.564733148 2.776514053 0.017988224 -0.740157127 -0.015472448 0.029774521 0.671596348
1756401707954524672.000000 1.546950459 2.984975338 0.015953915 -0.738365829 -0.023881119 0.035338026 0.673050463
1756401710657533952.000000 1.537068963 3.179694653 0.016090766 -0.737023056 0.007710047 0.004258187 0.675810277
1756401711157801728.000000 1.552555323 3.187549114 0.016016766 -0.735197484 0.070694216 -0.053899165 0.671998501
1756401711757808640.000000 1.582351327 3.221192360 0.015836081 -0.724123061 0.148851067 -0.125435799 0.661630571
1756401712391135744.000000 1.624322534 3.264900446 0.016373180 -0.704420030 0.224406824 -0.193893924 0.644855976
1756401712924455680.000000 1.666842222 3.292374134 0.017423753 -0.681219280 0.285799831 -0.249421015 0.626137257
1756401713457771776.000000 1.695439935 3.299142361 0.017417986 -0.657415688 0.338965446 -0.298797607 0.603015006
1756401713991083264.000000 1.711766005 3.290535212 0.017264124 -0.624135613 0.396859914 -0.351485491 0.573946714
1756401714557723392.000000 1.724873304 3.278846264 0.017272208 -0.583156288 0.453078806 -0.405922025 0.538401067
1756401715024373760.000000 1.733943105 3.267936707 0.018209830 -0.547724426 0.497859836 -0.444809318 0.504260063
1756401715591019776.000000 1.742663622 3.251188040 0.018026112 0.498374432 -0.546778500 0.490659028 -0.460336715
1756401716124378624.000000 1.749566078 3.234085321 0.017057983 0.448016047 -0.589794576 0.528822899 -0.414451927
1756401716624414976.000000 1.753694534 3.217840910 0.015619516 0.395945340 -0.625412285 0.562835336 -0.367835730
1756401717224407552.000000 1.753634810 3.196481228 0.017338820 0.330790281 -0.663365245 0.596082926 -0.308560520
1756401717791041792.000000 1.750295877 3.176995039 0.016738994 0.263960242 -0.692484319 0.623710811 -0.248546645
1756401718357698560.000000 1.741929770 3.159989834 0.017461929 0.198321134 -0.713025391 0.645201802 -0.189679295
1756401718957676288.000000 1.731059909 3.144160271 0.017654119 0.125488788 -0.729039967 0.661324561 -0.124109626
1756401719724309760.000000 1.728494883 3.077328920 0.018767282 0.052385539 -0.736878455 0.671633899 -0.056336865
1756401720290953216.000000 1.735041618 3.032197714 0.018045083 0.053288080 -0.737567127 0.670881331 -0.055437535
1756401720890917120.000000 1.732981443 2.984111547 0.018702853 0.027494283 -0.737682283 0.673807383 -0.032443855
1756401721490889984.000000 1.732254863 2.941722155 0.020693390 0.028804725 -0.739920080 0.671276033 -0.032818861
1756401722091673344.000000 1.729830027 2.903743505 0.025733380 0.031360064 -0.740061939 0.670997918 -0.032964941
1756401722626385664.000000 1.743189692 2.848858118 0.019120459 0.029061036 -0.739696503 0.671564460 -0.031716153
1756401723159995392.000000 1.742848635 2.808477163 0.020351507 0.017876076 -0.739255250 0.672854781 -0.021184396
1756401723693180160.000000 1.741960645 2.771581411 0.021510288 0.018713722 -0.740729630 0.671174884 -0.022222755
1756401724259728896.000000 1.737931371 2.730576992 0.025166690 0.019429404 -0.740809977 0.671085179 -0.021629205
1756401724792932096.000000 1.743426561 2.690059423 0.025808696 0.020163253 -0.738793373 0.673334658 -0.019957662
1756401725326110464.000000 1.733905792 2.651793718 0.028249698 -0.004417968 -0.737811685 0.674990237 0.001636810
1756401725926140416.000000 1.732765794 2.600545406 0.026981153 -0.003884437 -0.738621294 0.674108863 -0.000906974
1756401726426768128.000000 1.732358932 2.562794209 0.027311191 -0.003061519 -0.737912655 0.674887061 -0.001724533
1756401727027248896.000000 1.731855154 2.516030550 0.027645508 -0.003026188 -0.738573313 0.674166381 -0.000298132
1756401727627245824.000000 1.731337070 2.470182419 0.027472636 -0.001513545 -0.738651395 0.674085617 -0.000752444
1756401728160567808.000000 1.731265187 2.428065538 0.026836194 -0.001712087 -0.738740087 0.673987865 0.000720272
1756401728827203328.000000 1.727750540 2.375735521 0.026771719 -0.001987114 -0.738305032 0.674451172 -0.004177547
1756401729660520960.000000 1.725262284 2.310872078 0.027078183 -0.003847633 -0.740064740 0.672497213 -0.006073060
1756401730360492544.000000 1.727014661 2.256437063 0.026408615 -0.000999172 -0.739900351 0.672665596 -0.008223904
1756401731127116288.000000 1.728705645 2.202454329 0.027295658 0.001830724 -0.739880800 0.672670841 -0.009333447
1756401731927076096.000000 1.728985190 2.136724949 0.025280584 0.002365296 -0.740067601 0.672446430 -0.010496425
1756401732693749248.000000 1.728273869 2.078816891 0.027122596 0.001671710 -0.739261150 0.673239887 -0.015433134
1756401733360393216.000000 1.729415059 2.020118952 0.024283715 0.001067042 -0.742015898 0.670163512 -0.017097050
1756401734393715456.000000 1.726861358 1.943179131 0.025600351 0.004149033 -0.740520358 0.671673238 -0.021621268
1756401735127045632.000000 1.737806082 1.888421655 0.023101905 0.039473128 -0.737667978 0.672031760 -0.051587917
1756401735727024128.000000 1.747533917 1.845797777 0.020213101 0.065671571 -0.735269606 0.670524180 -0.073913962
1756401736727001088.000000 1.794655323 1.800604343 0.023859344 0.186820641 -0.716784179 0.646980762 -0.180926532
1756401737493723904.000000 1.839304686 1.778116107 0.022081563 0.274530202 -0.690567434 0.618185103 -0.256119251
1756401738194335744.000000 1.853336096 1.794157267 0.020823650 0.346392274 -0.657541513 0.588253915 -0.318761706
1756401738928618752.000000 1.878481507 1.811034203 0.020436052 0.428240806 -0.606440365 0.542255104 -0.393445343
1756401739495425792.000000 1.887439132 1.823604941 0.019973982 0.477016062 -0.569609880 0.506123424 -0.437994808
1756401739995550976.000000 1.880072355 1.836723328 0.020878362 0.522611678 -0.527066290 0.467550278 -0.480078071
1756401740562360320.000000 1.870253325 1.851034403 0.022062654 -0.570154309 0.475665331 -0.419331878 0.522328913
1756401741062483712.000000 1.880349517 1.869636059 0.022721063 -0.610427618 0.422508299 -0.370266438 0.558361650
1756401741562604544.000000 1.894859314 1.889067173 0.022981182 -0.644088924 0.372072846 -0.322227240 0.585560381
1756401742130155776.000000 1.879738569 1.894612312 0.024433471 -0.669495940 0.308256477 -0.269160688 0.619923890
1756401742698408960.000000 1.897042274 1.929280281 0.022128634 -0.698432863 0.241339490 -0.203591838 0.642259479
1756401743198763008.000000 1.904853940 1.962572455 0.022173505 -0.714835465 0.182505801 -0.150411353 0.658086896
1756401746332098304.000000 1.877954960 2.189033031 0.019548055 -0.740254045 0.001282272 0.013365778 0.672193229
1756401746865424128.000000 1.876892328 2.232624769 0.018360637 -0.742875695 0.001495916 0.010769395 0.669341028
1756401747432086528.000000 1.875506043 2.275935411 0.019318363 -0.741747975 0.000089717 0.010979695 0.670588911
1756401748032076032.000000 1.871407747 2.319417000 0.019872801 -0.741836846 -0.012540652 0.022919981 0.670071304
1756401748565405440.000000 1.870134592 2.359460115 0.019989416 -0.739994109 -0.012832801 0.024784539 0.672034085
1756401749165394432.000000 1.868855596 2.405581951 0.019545026 -0.739540935 -0.009947388 0.023154574 0.672639668
1756401749832037376.000000 1.867387772 2.459349871 0.019257816 -0.742634296 -0.009582893 0.021907520 0.669270217
1756401750398713856.000000 1.866169691 2.501780987 0.019516695 -0.740441799 -0.009471243 0.021687062 0.671703756
1756401751032044288.000000 1.864099622 2.550235510 0.018622437 -0.739987910 -0.009930439 0.021828864 0.672192574
1756401751432039424.000000 1.862244487 2.580189705 0.017891757 -0.739976346 -0.012087933 0.023614490 0.672109544
1756401752065360896.000000 1.859420657 2.628786325 0.017221756 -0.739756227 -0.012669918 0.023171185 0.672356606
1756401752598683904.000000 1.857614636 2.669460058 0.017342992 -0.739430368 -0.012663572 0.023474889 0.672704458
1756401753165349632.000000 1.859749794 2.714976549 0.016912773 -0.739759624 0.001050782 0.011773047 0.672767520
1756401753665352704.000000 1.858795285 2.754323959 0.017431140 -0.740297675 0.001660349 0.010372060 0.672197163
1756401754332016896.000000 1.861588240 2.808790207 0.016602941 -0.740932047 0.012304146 0.000571744 0.671467125
1756401754865334272.000000 1.867128134 2.850257158 0.016217601 -0.738815844 0.025373882 -0.011974349 0.673323095
1756401755398661376.000000 1.869209528 2.890609741 0.016367156 -0.738888502 0.024939612 -0.011000157 0.673276186
1756401755998648320.000000 1.870657325 2.933752775 0.016104113 -0.736682475 0.024912577 -0.011183541 0.675687253
1756401756598646016.000000 1.885195971 2.986186743 0.014409220 -0.735233665 0.065398008 -0.047401525 0.672984123
1756401757165314048.000000 1.890629172 3.029089928 0.014307527 -0.734784245 0.061843920 -0.043469336 0.674075603
1756401758099641088.000000 1.874271512 3.089354753 0.014532902 -0.735870957 -0.022615848 0.031628620 0.676004529
1756401758601683200.000000 1.859985232 3.093646288 0.013728112 -0.734111905 -0.078662865 0.080318205 0.669657350
1756401759169372160.000000 1.846773386 3.078556299 0.013958139 -0.722791374 -0.147644892 0.142679244 0.659860849
1756401759769338112.000000 1.820441365 3.078841209 0.013985090 -0.703024983 -0.226298302 0.212349817 0.639884830
1756401760369322496.000000 1.781623363 3.059280157 -0.004541195 -0.678351402 -0.279317528 0.258578598 0.628457010
1756401760902633472.000000 1.795156598 3.063430786 0.012775835 -0.651931763 -0.346943587 0.322541863 0.592099547
1756401761535962624.000000 1.796597600 3.042586565 0.014186159 -0.611061871 -0.413739681 0.382214755 0.556178749
1756401762235949056.000000 1.802294254 3.017349482 0.015093667 -0.559065819 -0.481588960 0.443306059 0.508917630
1756401763469251328.000000 1.823607683 2.986729383 0.014116975 -0.450110048 -0.586215258 0.536272645 0.407632560
1756401764035906304.000000 1.838045478 2.972159624 0.014174704 -0.392831743 -0.626337290 0.572247326 0.354849219
1756401764535906560.000000 1.851454139 2.960978031 0.014923119 -0.341342390 -0.656955123 0.598494649 0.306103736
1756401765135902720.000000 1.869857430 2.948410749 0.017266117 -0.271189064 -0.685161352 0.630793154 0.243126422
1756401766769215744.000000 1.858454704 2.833831310 0.015023353 -0.101302534 -0.733478546 0.666342020 0.087951422
1756401767269222912.000000 1.848767877 2.797721148 0.016370350 -0.102841780 -0.732551634 0.666658044 0.091427028
1756401767835885568.000000 1.836620688 2.750511408 0.009702630 -0.088373378 -0.736174345 0.666456878 0.077927992
1756401780738597632.000000 1.631527424 1.777225614 -0.006916489 -0.077104658 -0.733586848 0.672451496 0.060944665
1756401781005328128.000000 1.627285361 1.756782532 -0.006901644 -0.076935105 -0.734512866 0.671397328 0.061623253
1756401781272064768.000000 1.622402787 1.737069488 -0.006607762 -0.076454386 -0.734382153 0.671715260 0.060301155
1756401783739452160.000000 1.560794592 1.565075397 -0.004330466 -0.117061533 -0.728547454 0.667904735 0.097048700
1756401784006176768.000000 1.554065228 1.546065450 -0.004308632 -0.118017986 -0.728692770 0.667448103 0.097936973
1756401784339578112.000000 1.545639038 1.521399856 -0.004788164 -0.118598476 -0.730028331 0.665879846 0.097965322
1756401784639639296.000000 1.538430333 1.500002146 -0.004593518 -0.117666259 -0.730933130 0.665158808 0.097238034
1756401785073069312.000000 1.527190566 1.467022777 -0.004954910 -0.117126130 -0.731753528 0.664517283 0.096099071
1756401785573191936.000000 1.514380932 1.429763675 -0.004572045 -0.118832968 -0.732549965 0.663023233 0.098231651
1756401785939947520.000000 1.517351270 1.405965805 -0.004690425 -0.078922704 -0.738482833 0.666854918 0.060982361
1756401786373380096.000000 1.513217449 1.372610092 -0.005730242 -0.069277048 -0.739934504 0.667047083 0.052401241
1756401789074000384.000000 1.606152296 1.221307993 -0.007471997 0.208359271 -0.707466841 0.645165324 -0.199596643
1756401790074191360.000000 1.651469946 1.160096884 -0.008682275 0.227813497 -0.703281641 0.638746798 -0.213303804
1756401790474269952.000000 1.675659418 1.147649050 -0.009330988 0.273810327 -0.688432336 0.622058451 -0.253243297
1756401791007709952.000000 1.703954339 1.121068835 -0.008922473 0.282468021 -0.685393333 0.618174016 -0.261359572
1756401792374684928.000000 1.757831812 1.018484354 -0.009576825 0.211559832 -0.709061980 0.643251121 -0.196727186
1756401792874788864.000000 1.778080821 0.986381471 -0.009217249 0.211944655 -0.707695305 0.644436598 -0.197353274
1756401793774971392.000000 1.814905882 0.925981820 -0.008334972 0.209527850 -0.709055603 0.644492686 -0.194852516
1756401794241731584.000000 1.823313236 0.879928231 -0.008805607 0.148052886 -0.724109828 0.659103632 -0.139024511
1756401794775169792.000000 1.835984349 0.837251723 -0.008650977 0.134736493 -0.726867318 0.661524892 -0.126075029
1756401795708721920.000000 1.848888874 0.761311054 -0.006848874 0.101048388 -0.732401788 0.666201293 -0.097738698
1756401798276028160.000000 1.874489069 0.557189465 -0.007160755 0.049811333 -0.737711251 0.671366870 -0.050671093
1756401799609716224.000000 1.876155972 0.451289833 -0.006191123 0.024619862 -0.737626731 0.674181104 -0.027939044
1756401800676623616.000000 1.876419425 0.364210606 -0.006058417 0.011550942 -0.740079403 0.672220528 -0.016391959
1756401801210076672.000000 1.878102541 0.324215114 -0.006100520 0.014956849 -0.738403857 0.673894763 -0.020047685
1756401801710190592.000000 1.869691491 0.280013502 -0.006393207 -0.022113243 -0.738007128 0.674256086 0.015341068
1756401802210315776.000000 1.865938067 0.241721332 -0.006088432 -0.024447562 -0.737284303 0.674924970 0.017046401
1756401802743789056.000000 1.862920761 0.200311556 -0.005787831 -0.023149932 -0.737676084 0.674611449 0.014056792
1756401803277251584.000000 1.860291243 0.157137454 -0.006237682 -0.022693992 -0.738409996 0.673820198 0.014216583
1756401803810710784.000000 1.856846929 0.118574649 -0.005640442 -0.022379173 -0.735870600 0.676617622 0.013499190
1756401804310841344.000000 1.853840470 0.075447060 -0.005297756 -0.025029590 -0.738026500 0.674109876 0.016321085
1756401804844317952.000000 1.853651762 0.037479933 -0.004435966 -0.019675435 -0.737363935 0.675082207 0.013090533
1756401805344443648.000000 1.839922428 -0.006676240 -0.004140750 -0.059495416 -0.736608446 0.671927452 0.048803728
1756401805911253248.000000 1.810292721 -0.053871259 -0.002966216 -0.130076572 -0.726679504 0.665219605 0.111803047
1756401806444723712.000000 1.783600807 -0.091738425 -0.001966542 -0.166158259 -0.717287362 0.661321640 0.143331692
1756401806944849920.000000 1.779700875 -0.126318052 -0.002275661 -0.123510525 -0.726704240 0.667495906 0.105334841
1756401807444968448.000000 1.785518527 -0.160889104 -0.002351070 -0.064031929 -0.735416532 0.672601104 0.051674232
1756401807945085696.000000 1.776065588 -0.165948376 -0.002487941 -0.094255149 -0.732467473 0.669547379 0.079459362
1756401808445195008.000000 1.759143114 -0.168979451 -0.003083495 -0.154677272 -0.721439123 0.661341071 0.135012761
1756401808945303552.000000 1.742834926 -0.167874783 -0.003244171 -0.213027820 -0.704628348 0.650308549 0.187661424
1756401809478754304.000000 1.724162102 -0.165984899 -0.003657185 -0.276100427 -0.682431877 0.630350053 0.246402532
1756401809945525504.000000 1.685778737 -0.179405153 -0.003275412 -0.332890809 -0.654947817 0.608749211 0.299418658
1756401810445650432.000000 1.645060062 -0.196580321 -0.002764140 -0.362411767 -0.638920009 0.595116735 0.325998604
1756401810945775104.000000 1.602181554 -0.206985474 -0.003176231 -0.406125277 -0.616908729 0.568651021 0.362107575
1756401811145827072.000000 1.600527883 -0.201692373 -0.002466064 -0.423284262 -0.602193296 0.559962273 0.380310446
1756401811312537344.000000 1.594621420 -0.198730037 -0.002429460 -0.440948963 -0.590347648 0.548074722 0.395812929
1756401811545930752.000000 1.590093374 -0.193726853 -0.001531162 -0.462961674 -0.573363125 0.532390773 0.416510880
1756401811745983488.000000 1.586352944 -0.188801259 -0.000353345 -0.481915265 -0.558107436 0.517924130 0.433622479
1756401811979373568.000000 1.581146121 -0.182161108 0.000481400 -0.504285753 -0.539122581 0.499328345 0.453557044
1756401812246101504.000000 1.577814460 -0.173692688 0.002180244 -0.527535498 -0.515384734 0.479538202 0.475529224
1756401812546169856.000000 1.573147058 -0.165529311 0.002090323 -0.553831518 -0.488999963 0.453560323 0.498430341
1756401812846237696.000000 1.571186781 -0.157940209 0.002627375 -0.576439798 -0.461541653 0.429104358 0.520159423
1756401812979602176.000000 1.570633650 -0.154460400 0.003259434 -0.587554812 -0.448759943 0.416507185 0.529070556
1756401813346354176.000000 1.571377873 -0.143790439 0.004491829 -0.612879634 -0.411453187 0.383983374 0.554654598
1756401813646423808.000000 1.569678545 -0.134324521 0.003823688 -0.633586824 -0.379906416 0.355305612 0.572710156
1756401813779788800.000000 1.569654703 -0.131131902 0.004543161 -0.641724646 -0.365160227 0.342570961 0.580941200
1756401813979835392.000000 1.570374250 -0.124588206 0.004885779 -0.653925836 -0.343363225 0.322605282 0.591953158
1756401814113198592.000000 1.571364164 -0.121090055 0.005201202 -0.661335886 -0.327840030 0.309062362 0.599696815
1756401814213221888.000000 1.572587729 -0.118556544 0.005731666 -0.666209877 -0.316173822 0.299316078 0.605482042
1756401814346585856.000000 1.572773933 -0.115091376 0.005538987 -0.673519790 -0.301455826 0.285608709 0.611492574
1756401814413267968.000000 1.573018074 -0.113197312 0.005117759 -0.676975965 -0.294701010 0.278785557 0.614111960
1756401814513289728.000000 1.573511124 -0.110640064 0.005020790 -0.681343019 -0.283504426 0.268900126 0.618942440
1756401814713336064.000000 1.574704647 -0.104984313 0.004850627 -0.691031814 -0.259913415 0.247425452 0.627455831
1756401814880041472.000000 1.576399565 -0.100320995 0.004829623 -0.698617160 -0.239167705 0.228401676 0.634480536
1756401815080092928.000000 1.578356266 -0.095399365 0.004773199 -0.706497967 -0.215996638 0.207226306 0.641298234
1756401815313487616.000000 1.581561804 -0.089892663 0.004657271 -0.714185417 -0.188370004 0.182125121 0.649065852
1756401815680249856.000000 1.586864233 -0.080244824 0.003934114 -0.724749267 -0.143944427 0.141019195 0.658887029
1756401815846959872.000000 1.590315580 -0.078102507 0.004229809 -0.727249324 -0.124604128 0.123647176 0.663546205
1756401816013668608.000000 1.593541741 -0.075347744 0.004454522 -0.730870485 -0.104185529 0.104932085 0.666305482
1756401816280401152.000000 1.599292517 -0.070740640 0.004687927 -0.734761178 -0.070235476 0.074807718 0.670519769
1756401816447109888.000000 1.603077292 -0.066427916 0.004209560 -0.737460852 -0.049155679 0.055358149 0.671320200
1756401816613818368.000000 1.608812928 -0.065237075 0.005276524 -0.737627268 -0.031324539 0.038640782 0.673373461
1756401816813867520.000000 1.613737702 -0.062849566 0.005913758 -0.739013553 -0.006201644 0.015297994 0.673488319
1756401817013916672.000000 1.615756512 -0.055110157 0.006462829 -0.737611353 0.003561852 0.007373184 0.675175846
1756401817380671488.000000 1.615899444 -0.026383916 0.005642325 -0.739376724 0.004271249 0.005967280 0.673252046
1756401817880791552.000000 1.617023945 0.008046824 0.006605261 -0.737444460 0.004258704 0.006491293 0.675363183
1756401818147525888.000000 1.623933911 0.030368036 0.006693816 -0.737922847 0.031993002 -0.017731791 0.673893154
1756401818647654400.000000 1.626732826 0.067597955 0.006567855 -0.738845289 0.031474009 -0.017504614 0.672912121
1756401818981071360.000000 1.633508086 0.093078598 0.006809470 -0.737679362 0.051060673 -0.034066875 0.672355175
1756401819481191936.000000 1.639231563 0.127748907 0.007270394 -0.735943735 0.055039261 -0.038418945 0.673707366
1756401819981314816.000000 1.643935561 0.165190905 0.007056591 -0.736521840 0.055348217 -0.039664984 0.672977626
1756401820481448960.000000 1.648631692 0.199883252 0.007676500 -0.736203015 0.055769198 -0.040153958 0.673262656
1756401820981581824.000000 1.653065324 0.235755280 0.007662213 -0.736289322 0.053850353 -0.037943393 0.673452735
1756401821481708544.000000 1.657137752 0.272511095 0.007941079 -0.738152862 0.054241173 -0.038232312 0.671361744
1756401822015176960.000000 1.673571110 0.346482873 0.006365141 -0.736920357 0.051771283 -0.035213415 0.673073769
1756401825182600960.000000 1.668705106 0.997245491 0.003202802 -0.732126892 -0.015507469 0.026982522 0.680456996
1756401825782739200.000000 1.671569109 1.080303431 0.027638655 -0.735601962 -0.012167650 0.022342818 0.676936150
1756401825882762496.000000 1.670895100 1.086415172 0.028473254 -0.734723926 -0.013608962 0.023462823 0.677823782
1756401826449567488.000000 1.661705971 1.126129985 0.028896108 -0.733574748 -0.042521860 0.049965788 0.676434398
1756401826983029248.000000 1.639621615 1.153786898 0.028621584 -0.726734221 -0.108804852 0.110169023 0.669239640
1756401827483144704.000000 1.614625335 1.176408052 0.028627213 -0.714521110 -0.169788688 0.164617851 0.658431709
1756401828049939200.000000 1.582395792 1.194752932 0.027396362 -0.694342911 -0.236982048 0.225542232 0.640982211
1756401828583384576.000000 1.548119187 1.205369115 0.025344733 -0.671006918 -0.300169468 0.280369967 0.617284954
1756401829150176512.000000 1.512562037 1.208930254 0.026052758 -0.641867161 -0.363998234 0.334337711 0.586285055
1756401829650292992.000000 1.482067704 1.197110772 0.029005390 -0.608657897 -0.418302476 0.381493270 0.555897057
1756401830183750144.000000 1.447522879 1.185912728 0.031864159 -0.569617748 -0.473334849 0.427316964 0.518546104
1756401830683865344.000000 1.424704432 1.135065317 0.029755881 -0.528413713 -0.520175517 0.468585640 0.480233222
1756401831250662400.000000 1.392389059 1.088247418 0.027910195 -0.476820648 -0.568619788 0.512210667 0.432381719
1756401831750777344.000000 1.367550611 1.043291450 0.024594553 -0.448972136 -0.591461897 0.532140315 0.406722844
1756401836318556160.000000 1.118847251 0.790612757 0.001654594 -0.279606879 -0.685039520 0.622937322 0.253948838
1756401837385496064.000000 1.074463725 0.709843516 0.000466948 -0.248328507 -0.695864320 0.635229826 0.224919751
1756401839519355392.000000 0.970449090 0.579815030 0.003069335 -0.243714362 -0.695658624 0.637944937 0.222909719
1756401840052817920.000000 0.943210125 0.544749260 0.004533786 -0.244027451 -0.696598053 0.637246251 0.221628368
1756401842153333504.000000 0.836160004 0.415228784 0.004149366 -0.255392671 -0.693760037 0.632160723 0.232043937
1756401843186900224.000000 0.778832674 0.353365898 0.004304563 -0.264860123 -0.690383196 0.628072858 0.242373154
1756401843787042304.000000 0.748405695 0.318139702 0.004441202 -0.262635142 -0.691079557 0.628544092 0.241586864
1756401844387181824.000000 0.716825902 0.282689184 0.003355583 -0.263315290 -0.690086544 0.629037261 0.242400169
1756401844920638464.000000 0.688163400 0.251498550 0.001828093 -0.263206571 -0.690918744 0.627853811 0.243214354
1756401845487441408.000000 0.655755341 0.220994920 0.003168731 -0.274540961 -0.684223473 0.626203060 0.253644109
1756401846054246400.000000 0.623763025 0.188691944 0.003117518 -0.274886370 -0.685836732 0.624622166 0.252809465
1756401846587713280.000000 0.595895827 0.159420937 0.002894341 -0.274164408 -0.684529960 0.625793993 0.254233360
1756401847187857152.000000 0.562293112 0.125772983 0.003796301 -0.275258392 -0.686801195 0.623249948 0.253172845
1756401847687970560.000000 0.535044432 0.098440714 0.004715519 -0.275928140 -0.686130524 0.623763144 0.252998382
1756401848221424640.000000 0.506165504 0.065004721 0.004643626 -0.274846405 -0.689733148 0.620161057 0.253234982
1756401848754876416.000000 0.478911757 0.038065262 0.005523401 -0.274032325 -0.686770260 0.623945773 0.252872705
1756401849321680384.000000 0.458095729 0.004367627 0.005703920 -0.250153631 -0.695911348 0.633006513 0.228983447
1756401849888487936.000000 0.412817508 -0.022431560 0.006037043 -0.317300498 -0.665312946 0.609954655 0.290919960
1756401850488646400.000000 0.357273459 -0.040798068 0.006229094 -0.384525716 -0.626763880 0.577783287 0.354222625
1756401851055859968.000000 0.314593762 -0.063935585 0.006667111 -0.408553272 -0.612614393 0.563176990 0.374992818
1756401851624098816.000000 0.270041317 -0.078195699 0.007861488 -0.425834149 -0.602318585 0.552001119 0.388809085
1756401852125023488.000000 0.217903540 -0.069950044 0.009156339 -0.475591332 -0.563755512 0.517988503 0.433221102
1756401852225089280.000000 0.213876143 -0.085031733 0.009090364 -0.484592676 -0.555047572 0.511237383 0.442412138
1756401852792137472.000000 0.165487170 -0.091046847 0.009381781 -0.522491455 -0.520463288 0.479156852 0.475951046
1756401853358891520.000000 0.093047164 0.001474172 0.011592213 -0.542625964 -0.501111984 0.461277723 0.491596162
1756401853892192768.000000 0.072946154 -0.060112715 0.010647751 -0.571388006 -0.467524350 0.431382298 0.518503666
1756401854458831616.000000 0.057861641 -0.139885068 0.009389937 -0.569313824 -0.468771428 0.433104187 0.518223763
1756401855025453824.000000 0.010976216 -0.115396522 0.008913271 -0.608953655 -0.418895006 0.387128592 0.551211178
1756401855525424128.000000 -0.030266246 -0.069828779 0.008688547 -0.640920103 -0.365159869 0.339274198 0.583757401
1756401856058715648.000000 -0.056789890 -0.047815621 0.007591818 -0.669540882 -0.306205243 0.287497431 0.612616241
1756401856558686208.000000 -0.051101886 -0.050421774 0.006453678 -0.689664185 -0.255086660 0.243535593 0.632443368
