1756587173186058240.000000 0.000000002 0.000000000 0.000000002 -0.000000054 0.000000000 -0.000000000 1.000000000
1756587173219389952.000000 0.000205242 -0.000835983 0.000882071 0.004045792 -0.000684407 0.000537550 0.999991477
1756587173252721664.000000 0.000224904 -0.001714525 0.002736935 0.005900179 -0.001356247 0.000782591 0.999981403
1756587173319384320.000000 0.000023768 -0.000867838 0.011269397 0.002440155 -0.002319183 0.000369996 0.999994338
1756587173352715520.000000 -0.000614680 -0.000975128 0.016524017 -0.001827017 -0.001528032 0.000005906 0.999997199
1756587173386046720.000000 -0.000628941 -0.000097127 0.023058474 -0.006617031 -0.000956219 -0.000075279 0.999977648
1756587173452708608.000000 -0.000072148 0.000643217 0.033593517 -0.012629757 -0.003600300 -0.000589441 0.999913692
1756587173486039808.000000 -0.001168759 0.000619396 0.036856804 -0.010686109 -0.004703740 -0.000501192 0.999931753
1756587173519371520.000000 -0.002026978 -0.000638851 0.039121091 -0.010057116 -0.004570986 -0.000669402 0.999938786
1756587173552704512.000000 -0.002408700 -0.000332015 0.041428939 -0.007530190 -0.003032316 -0.000574158 0.999966919
1756587173586037760.000000 -0.001348973 -0.000825620 0.044005249 -0.007085613 -0.001236279 -0.000223233 0.999974132
1756587173619370752.000000 -0.001563817 -0.001149877 0.046469316 -0.006306143 -0.000273411 -0.000539064 0.999979973
1756587173652702208.000000 -0.001409183 -0.000645828 0.049979813 -0.005857924 -0.000306974 -0.000446275 0.999982715
1756587173686035200.000000 -0.001864806 -0.000761305 0.053192470 -0.006436348 -0.000447811 -0.000684151 0.999979019
1756587173752700416.000000 -0.000261133 -0.001390944 0.061654788 -0.009739472 -0.001258267 -0.000125709 0.999951839
1756587173786033152.000000 -0.000726271 -0.000611372 0.065187678 -0.010237371 -0.000506314 -0.000124138 0.999947548
1756587173819365376.000000 -0.002109998 -0.001930266 0.067890510 -0.010100813 0.001537283 -0.000493469 0.999947667
1756587173852698112.000000 -0.002275361 -0.001165314 0.070720352 -0.007918921 0.002500415 -0.000128129 0.999965549
1756587173886030080.000000 -0.002209124 -0.001397533 0.072953351 -0.006907702 0.001903165 0.000156061 0.999974370
1756587173919362560.000000 -0.002911431 -0.000884602 0.076041736 -0.006455174 0.000866938 -0.000054953 0.999978840
1756587173952694784.000000 -0.002654026 -0.001723098 0.079427063 -0.007007947 0.000135846 -0.000016191 0.999975502
1756587173986027008.000000 -0.003356416 -0.000275828 0.082877412 -0.007089126 0.000611545 -0.000270575 0.999974668
1756587174019359232.000000 -0.000615570 -0.001598323 0.088086240 -0.009436996 -0.000067238 -0.000014585 0.999955475
1756587174052691200.000000 -0.000446610 -0.001583937 0.092402257 -0.010566044 0.000477199 -0.000513474 0.999943972
1756587174086021888.000000 -0.000791322 -0.001455124 0.095206447 -0.010368378 0.001118423 -0.000532266 0.999945521
1756587174119354112.000000 -0.000920162 -0.001212110 0.098483495 -0.009681659 0.001226944 -0.000727047 0.999952137
1756587174152685824.000000 -0.001494384 -0.001956116 0.101425402 -0.009592364 0.001245133 -0.000805252 0.999952912
1756587174186017280.000000 -0.000839859 -0.001503966 0.104371436 -0.008993321 0.000681361 -0.000681016 0.999959111
1756587174219349248.000000 -0.000786768 -0.001624223 0.107154548 -0.008603171 0.000457902 -0.000756738 0.999962628
1756587174252680704.000000 -0.000944377 -0.000977107 0.110992365 -0.008278979 0.000521389 -0.000749197 0.999965310
1756587174286012160.000000 -0.001317386 -0.001423400 0.114305325 -0.009245134 0.000619546 -0.001043234 0.999956608
1756587174319343872.000000 -0.001492121 -0.002593561 0.117621399 -0.010411629 0.000490179 -0.000879133 0.999945283
1756587174352675072.000000 -0.001208056 -0.002283717 0.121484630 -0.010223397 0.000297030 -0.000734595 0.999947429
1756587174386006272.000000 -0.000715800 -0.001656153 0.125126705 -0.010254908 0.000362548 -0.000634039 0.999947190
1756587174419337728.000000 -0.000788961 -0.001625873 0.128367677 -0.010469386 0.000890356 -0.001080434 0.999944270
1756587174452668672.000000 -0.000821661 -0.001432088 0.131879285 -0.010278835 0.001188445 -0.000844631 0.999946177
1756587174485999872.000000 -0.000998752 -0.001537214 0.134998366 -0.010314892 0.001264099 -0.000765220 0.999945760
1756587174519331584.000000 -0.001193270 -0.002663817 0.137447909 -0.010308470 0.001375773 -0.000593413 0.999945819
1756587174552664064.000000 -0.000922465 -0.001482902 0.140623927 -0.009427247 0.001086469 -0.000578367 0.999954879
1756587174585997056.000000 -0.001175280 -0.001238656 0.143581077 -0.008987905 0.001086159 -0.000763357 0.999958754
1756587174619330048.000000 -0.000654858 -0.000721423 0.147554696 -0.008898659 0.000551800 -0.000678929 0.999960065
1756587174652663040.000000 -0.000941170 -0.000796852 0.151116878 -0.009415227 0.000247885 -0.000529861 0.999955595
1756587174685996032.000000 -0.000906796 -0.000496909 0.154522702 -0.009370263 -0.000385777 -0.000325826 0.999956012
1756587174719328768.000000 -0.001143803 -0.000689484 0.157433450 -0.009279877 -0.000645543 -0.000046364 0.999956727
1756587174752661760.000000 -0.002514884 -0.001121311 0.160379976 -0.009241837 -0.000309894 -0.000135230 0.999957263
1756587174819326976.000000 -0.001154159 -0.001546061 0.166445911 -0.008604938 -0.000166140 -0.000152669 0.999962986
1756587174852659456.000000 0.000123751 -0.000753735 0.169151604 -0.007734322 -0.000799758 -0.000085827 0.999969840
1756587174885991936.000000 -0.001625405 -0.001924822 0.172742650 -0.008356053 -0.000343525 -0.000295206 0.999965072
1756587174952656384.000000 -0.001504893 -0.002412653 0.179156154 -0.008549689 -0.000822975 -0.000160304 0.999963164
1756587174985987840.000000 -0.001990511 -0.002080204 0.182658762 -0.008050502 -0.000564728 -0.000362088 0.999967396
1756587175019320064.000000 -0.001645216 -0.002321498 0.185666278 -0.008085008 -0.000730689 -0.000289814 0.999967039
1756587175085984256.000000 -0.001376084 -0.001101166 0.192585155 -0.008266495 -0.001436287 -0.000218431 0.999964833
1756587175119316224.000000 -0.001907574 -0.000785862 0.195922717 -0.007930217 -0.001377395 -0.000375493 0.999967575
1756587175152648192.000000 -0.001109720 -0.001115711 0.199582115 -0.007596355 -0.001679035 -0.000334786 0.999969721
1756587175219311616.000000 -0.001471155 -0.001234007 0.206141680 -0.006951092 -0.000634563 -0.000484457 0.999975502
1756587175252643584.000000 -0.000882845 -0.002012741 0.208075732 -0.005932575 0.002376107 0.000268460 0.999979615
1756587175285975040.000000 -0.000993077 -0.003316051 0.211855605 -0.006380259 0.009235707 0.000450383 0.999936938
1756587175319306496.000000 -0.000176683 -0.002946413 0.215292439 -0.005992026 0.016985787 0.000791515 0.999837458
1756587175352638208.000000 0.001280163 -0.002080384 0.220556527 -0.006359032 0.024701869 0.000754881 0.999674439
1756587175419300096.000000 0.004162320 -0.002404067 0.228164315 -0.006388837 0.039098576 0.000378439 0.999214947
1756587175452631296.000000 0.002410009 -0.004303164 0.231898919 -0.006489377 0.046967249 -0.000432487 0.998875320
1756587175519294720.000000 0.005523689 -0.004655372 0.239106357 -0.006527077 0.058145095 -0.000633281 0.998286664
1756587175552628224.000000 0.007430123 -0.004930158 0.242840111 -0.006459708 0.063123353 -0.000558459 0.997984707
1756587175585961216.000000 0.008092440 -0.004435964 0.246953338 -0.006138489 0.069045193 -0.000228405 0.997594655
1756587175652628224.000000 0.014439659 -0.002719572 0.253585279 -0.006185913 0.078903168 0.000852364 0.996862769
1756587175685961472.000000 0.015234778 -0.002972663 0.257050067 -0.006247258 0.085298993 0.000445871 0.996335745
1756587175752627456.000000 0.018089078 -0.002951518 0.264359057 -0.004892578 0.097074732 0.000121254 0.995265067
1756587175785960448.000000 0.020049522 -0.003333753 0.267297953 -0.003985659 0.101874091 0.000287889 0.994789302
1756587175819293440.000000 0.021543415 -0.003621454 0.270961255 -0.003515940 0.107237756 0.000519759 0.994227111
1756587175885957888.000000 0.026617406 -0.003185782 0.274713427 -0.002719784 0.117260039 0.001602339 0.993096292
1756587175919290880.000000 0.028703922 -0.003159187 0.278374344 -0.003077374 0.121857338 0.001453556 0.992541850
1756587175952623616.000000 0.030332170 -0.003192110 0.281932414 -0.002682525 0.123382382 0.001658057 0.992354214
1756587175985955840.000000 0.031444576 -0.003239117 0.285435557 -0.003360652 0.122848190 0.002019255 0.992417812
1756587176019288576.000000 0.031847659 -0.003362380 0.289493352 -0.005277692 0.121586882 0.001859406 0.992565095
1756587176052620800.000000 0.032176170 -0.003097837 0.293592393 -0.006313506 0.120054781 0.001658139 0.992745876
1756587176119285504.000000 0.033685565 -0.003236536 0.297554612 -0.002984808 0.118630648 0.002025814 0.992931902
1756587176152617984.000000 0.034037769 -0.003602504 0.300302595 -0.002667475 0.118698902 0.001491214 0.992925644
1756587176185949952.000000 0.034401927 -0.003595138 0.303094625 -0.002724100 0.118541799 0.001433036 0.992944300
1756587176219281920.000000 0.035694070 -0.003150788 0.306457341 -0.002528820 0.117940031 0.001455864 0.993016422
1756587176252614144.000000 0.036516823 -0.003573407 0.310463160 -0.003109294 0.117758118 0.001705221 0.993035972
1756587176285946112.000000 0.037187763 -0.003710512 0.314524859 -0.004354389 0.118106782 0.001571886 0.992990136
1756587176319276800.000000 0.038124159 -0.003677002 0.318568528 -0.005728486 0.118573256 0.001678200 0.992927372
1756587176352608768.000000 0.038956761 -0.003593873 0.322403163 -0.006968542 0.118744627 0.001509575 0.992899299
1756587176419272192.000000 0.040367890 -0.002379026 0.328936070 -0.006476132 0.119605571 0.001314932 0.992799580
1756587176452603904.000000 0.041362010 -0.003458642 0.332133085 -0.005139449 0.123058148 0.001240799 0.992385447
1756587176485935104.000000 0.042715382 -0.004552234 0.333805412 -0.005822310 0.129534498 0.001050396 0.991557300
1756587176519267584.000000 0.044523343 -0.004918819 0.337378144 -0.006306388 0.137793764 0.001570046 0.990439713
1756587176552600832.000000 0.047608364 -0.004902528 0.340056896 -0.006080023 0.144733638 0.001459121 0.989450932
1756587176585933824.000000 0.050332330 -0.005320902 0.342721254 -0.005654373 0.150630176 0.001949489 0.988572121
1756587176619266816.000000 0.051629249 -0.004435163 0.346333832 -0.004838649 0.156460464 0.001901512 0.987670600
1756587176652599808.000000 0.053416371 -0.004253926 0.350319564 -0.005799605 0.161738455 0.001621649 0.986815333
1756587176685932544.000000 0.055482313 -0.003678888 0.353758991 -0.006166346 0.166460276 0.001919215 0.986027062
1756587176752596992.000000 0.059538040 -0.003951325 0.359856606 -0.005852306 0.177385554 0.002542967 0.984120786
1756587176785929984.000000 0.062929310 -0.003975443 0.362787873 -0.005344398 0.182597712 0.002752322 0.983169377
1756587176819262464.000000 0.063952714 -0.004141780 0.365843862 -0.005714548 0.188857898 0.002458380 0.981984794
1756587176852594944.000000 0.065634556 -0.004201983 0.369354427 -0.005549669 0.194471717 0.002777292 0.980888546
1756587176885927424.000000 0.067724273 -0.004268123 0.372144192 -0.005750082 0.199543536 0.002729127 0.979868352
1756587176919259904.000000 0.069602609 -0.004589629 0.375145137 -0.004812222 0.204907656 0.002968882 0.978765011
1756587176952592384.000000 0.072121508 -0.004411886 0.377127081 -0.003747750 0.210051596 0.002754236 0.977679253
1756587176985924608.000000 0.073596522 -0.005303209 0.380279362 -0.003503409 0.216260388 0.002905811 0.976325095
1756587177019256576.000000 0.075982712 -0.005873941 0.383613795 -0.003754692 0.222334445 0.003070452 0.974958420
1756587177052588800.000000 0.078472659 -0.005928539 0.386847079 -0.004623662 0.228114218 0.003345959 0.973617673
1756587177085920512.000000 0.082561433 -0.004458453 0.389379054 -0.004608158 0.232818723 0.004057590 0.972500801
1756587177119252736.000000 0.084509298 -0.004731439 0.392990798 -0.005257375 0.238402396 0.003843801 0.971144676
1756587177152584704.000000 0.086908579 -0.004832159 0.396218538 -0.005268068 0.243838280 0.003887615 0.969793797
1756587177185916416.000000 0.089048252 -0.004988719 0.399104685 -0.005083195 0.249045715 0.003997440 0.968470216
1756587177219247360.000000 0.091342956 -0.005232568 0.401683629 -0.004516552 0.253527880 0.003688891 0.967310548
1756587177252579072.000000 0.095356092 -0.004332192 0.402875632 -0.002447093 0.254500121 0.004422239 0.967059612
1756587177285910272.000000 0.096269652 -0.004884659 0.406099081 -0.002612600 0.254301697 0.004359607 0.967111588
1756587177319241984.000000 0.097800322 -0.004162055 0.409939587 -0.004331343 0.252643734 0.004185999 0.967540681
1756587177352573440.000000 0.099148422 -0.003579696 0.413165748 -0.004666640 0.250855833 0.004307046 0.968003690
1756587177419236352.000000 0.103032462 -0.004050000 0.417258978 -0.002850614 0.249191836 0.003970057 0.968441844
1756587177452567296.000000 0.103880621 -0.004735850 0.420436412 -0.002710078 0.249643758 0.004103153 0.968325317
1756587177485898752.000000 0.104662292 -0.005095033 0.423540622 -0.002689209 0.250058502 0.003862196 0.968219340
1756587177519230720.000000 0.105389066 -0.005415414 0.426841259 -0.003035115 0.250465780 0.003435812 0.968114614
1756587177552563968.000000 0.106739253 -0.005659664 0.429661334 -0.003851596 0.250702947 0.003470676 0.968050182
1756587177585897216.000000 0.109473839 -0.005042763 0.430874139 -0.004184572 0.249669686 0.003779595 0.968314707
1756587177619230464.000000 0.111504093 -0.005271244 0.433503509 -0.004342331 0.250265509 0.003993624 0.968159378
1756587177652562688.000000 0.113172300 -0.005440696 0.436684012 -0.003261438 0.253753126 0.003790634 0.967256129
1756587177685895424.000000 0.115536861 -0.006253990 0.439431071 -0.003795241 0.259308666 0.003865952 0.965779364
1756587177719228416.000000 0.118438274 -0.006206392 0.442174852 -0.004262206 0.265838802 0.004261747 0.963998675
1756587177752561664.000000 0.122201525 -0.005521742 0.445689470 -0.004755428 0.272500396 0.004976442 0.962131023
1756587177785894400.000000 0.124048822 -0.005200997 0.448198289 -0.004545723 0.279587269 0.004632633 0.960098386
1756587177819226880.000000 0.126202449 -0.005532726 0.450185537 -0.003824010 0.285523802 0.004011036 0.958355665
1756587177852559872.000000 0.128339514 -0.006392655 0.452418566 -0.003214773 0.291129082 0.003840623 0.956670761
1756587177885892352.000000 0.131000936 -0.006618646 0.454495847 -0.003538216 0.296034545 0.003619166 0.955163836
1756587177919224832.000000 0.133743659 -0.006899489 0.456907481 -0.003673582 0.300917268 0.004281363 0.953633606
1756587177985889792.000000 0.140266627 -0.006270931 0.461943328 -0.002736202 0.310452104 0.004797133 0.950573027
1756587178019222272.000000 0.142837837 -0.006828830 0.464622557 -0.002673293 0.316172838 0.004669389 0.948686361
1756587178052554496.000000 0.145770282 -0.006714725 0.466998845 -0.002621724 0.321925730 0.004260140 0.946751714
1756587178085885696.000000 0.148452982 -0.007145666 0.469275951 -0.002457222 0.327763200 0.004483237 0.944746137
1756587178119217920.000000 0.151616633 -0.007344346 0.471819282 -0.002409106 0.333209306 0.004025771 0.942841291
1756587178152549632.000000 0.156447008 -0.006399237 0.473418295 -0.001342264 0.337447196 0.004243500 0.941334009
1756587178185881856.000000 0.159073710 -0.006601447 0.475721955 -0.001301444 0.342629522 0.004077727 0.939460874
1756587178219214080.000000 0.160855725 -0.006911620 0.477951467 -0.001571758 0.348203629 0.003942381 0.937409401
1756587178252545536.000000 0.163577512 -0.007227747 0.479815930 -0.001227716 0.353150219 0.004426817 0.935555339
1756587178285877504.000000 0.166547686 -0.007113014 0.481915504 -0.001254746 0.358303875 0.004227856 0.933594644
1756587178319209216.000000 0.169603556 -0.007310837 0.484196633 -0.001336354 0.363677830 0.004340129 0.931513786
1756587178352540928.000000 0.173258245 -0.006969024 0.486825228 -0.001478639 0.368700385 0.004011190 0.929538488
1756587178385872640.000000 0.178478166 -0.006493257 0.488799930 -0.001217908 0.373285770 0.003922202 0.927707434
1756587178419204096.000000 0.181735069 -0.006547119 0.490910888 -0.000336425 0.378472239 0.003875217 0.925604522
1756587178452535552.000000 0.183032125 -0.007415361 0.492791057 -0.000272583 0.383733124 0.003909623 0.923435688
1756587178485867008.000000 0.186104298 -0.007833947 0.494176477 0.000047987 0.388511449 0.004515985 0.921432912
1756587178519199232.000000 0.188811272 -0.009672091 0.494688600 -0.000412558 0.393232167 0.004498430 0.919428170
1756587178552531456.000000 0.192329630 -0.009956611 0.496103555 -0.000069291 0.397917241 0.005204366 0.917406559
1756587178585864960.000000 0.195257515 -0.009938113 0.497716516 0.000681728 0.402917445 0.005234931 0.915221155
1756587178619198208.000000 0.198469728 -0.009751405 0.499736011 0.000398829 0.408547372 0.005028398 0.912723184
1756587178652531456.000000 0.202058852 -0.008159376 0.502945364 0.001040995 0.414748669 0.004758060 0.909923017
1756587178685864448.000000 0.205415010 -0.008205685 0.505399346 0.000162461 0.420784175 0.004395530 0.907150209
1756587178719197440.000000 0.208508492 -0.008596238 0.507486701 -0.000155081 0.425752133 0.004511915 0.904828608
1756587178752530688.000000 0.211835086 -0.008691228 0.509130776 0.000151624 0.430487752 0.004724731 0.902584076
1756587178785863680.000000 0.215273753 -0.008951090 0.510293543 0.000575736 0.435227513 0.004804088 0.900307536
1756587178819196416.000000 0.219602883 -0.008434592 0.511432469 0.001367657 0.439557523 0.005344356 0.898197532
1756587178852529408.000000 0.222646028 -0.008654839 0.513184786 0.001481266 0.444695354 0.004959543 0.895666957
1756587178885862144.000000 0.225114822 -0.009612295 0.514216661 0.001888861 0.449917704 0.004799062 0.893055141
1756587178919194624.000000 0.228311777 -0.009643713 0.516029119 0.002032853 0.455281407 0.004191925 0.890335441
1756587178952527360.000000 0.232195675 -0.009514328 0.517740548 0.001973830 0.460642099 0.004027389 0.887574673
1756587178985858816.000000 0.235879287 -0.009375480 0.519447923 0.001651186 0.465798587 0.004621016 0.884877145
1756587179019191552.000000 0.241093963 -0.008825299 0.520515084 0.002041650 0.470191598 0.004913802 0.882548392
1756587179052523520.000000 0.244242817 -0.009057637 0.522883534 0.002572988 0.475586444 0.005082050 0.879650593
1756587179085856256.000000 0.247092769 -0.010063201 0.524257362 0.002289767 0.480835557 0.004585560 0.876795888
1756587179119188480.000000 0.250262350 -0.010143236 0.525680542 0.002919044 0.485938758 0.004917026 0.873974144
1756587179152520448.000000 0.253623873 -0.010677505 0.526411951 0.002895784 0.491037577 0.004828400 0.871120274
1756587179185852672.000000 0.263544589 -0.007748742 0.521583855 0.004625662 0.492357463 0.007145721 0.870351493
1756587179219184896.000000 0.263145655 -0.009113955 0.527561843 0.003675010 0.500292480 0.005518738 0.865831137
1756587179252516864.000000 0.266676456 -0.009316012 0.529354036 0.003827478 0.502323449 0.005146556 0.864656031
1756587179285848832.000000 0.269388527 -0.009552960 0.531565666 0.001943818 0.501602948 0.005836301 0.865076184
1756587179319180800.000000 0.271037370 -0.009774869 0.533574104 0.000842050 0.500262558 0.005926889 0.865853071
1756587179352512256.000000 0.272792339 -0.009574454 0.535667121 0.001444907 0.499075145 0.005435207 0.866540432
1756587179385844224.000000 0.274254441 -0.009997861 0.537660122 0.002718926 0.498695791 0.004594785 0.866760671
1756587179419174912.000000 0.279035807 -0.009244539 0.537333012 0.003928188 0.496641517 0.005120166 0.867931843
1756587179452506624.000000 0.280731052 -0.009670839 0.539875209 0.003986520 0.497201145 0.004916274 0.867612243
1756587179485838080.000000 0.282939881 -0.009519698 0.542175114 0.003479396 0.497704655 0.004514821 0.867327869
1756587179519170816.000000 0.285741270 -0.009358266 0.544526160 0.002648543 0.498227149 0.004498910 0.867030859
1756587179552504576.000000 0.289236575 -0.009322694 0.546596408 0.001882944 0.498472095 0.004887484 0.866890013
1756587179585838592.000000 0.296589255 -0.007925880 0.545342684 0.002228269 0.496013224 0.006081368 0.868290901
1756587179619172608.000000 0.298692048 -0.008262414 0.548161268 0.001334376 0.496436298 0.006111671 0.868050694
1756587179652506624.000000 0.300902426 -0.008762523 0.550455809 0.000841846 0.496821374 0.006474806 0.867828310
1756587179685840384.000000 0.303052515 -0.009275028 0.552128434 0.000823434 0.496895850 0.006235449 0.867787421
1756587179719174400.000000 0.304628819 -0.009482435 0.553725719 0.001187499 0.497240096 0.005628903 0.867593944
1756587179752508160.000000 0.307726383 -0.009230206 0.553979814 0.002486683 0.496458262 0.005045934 0.868042409
1756587179785841408.000000 0.310043812 -0.009569498 0.555105567 0.003160567 0.496053815 0.004759019 0.868273079
1756587179819175168.000000 0.312233865 -0.009711769 0.557212234 0.003715121 0.496325940 0.004702115 0.868115664
1756587179852507904.000000 0.314500481 -0.010113658 0.559302628 0.004436011 0.499378711 0.003956756 0.866363525
1756587179885841408.000000 0.318584263 -0.010585872 0.560599446 0.003580467 0.504867554 0.004914211 0.863175452
1756587179919174656.000000 0.327728033 -0.009986175 0.560794234 0.002279900 0.510255873 0.006818366 0.859992623
1756587179952507904.000000 0.329250515 -0.009781290 0.563073695 -0.000619238 0.518493950 0.007716179 0.855046272
1756587179985841152.000000 0.333029747 -0.009676544 0.563859344 -0.000075818 0.524199843 0.007267199 0.851564348
1756587180019174656.000000 0.335510492 -0.010150384 0.564436138 0.000927821 0.528616548 0.006368484 0.848836362
1756587180052507904.000000 0.338545918 -0.010366315 0.564692378 0.002542910 0.533168554 0.006145765 0.845982969
1756587180085840640.000000 0.341375232 -0.010581969 0.565030634 0.003552692 0.537973583 0.005577856 0.842935741
1756587180119173888.000000 0.344629049 -0.010933724 0.565254211 0.004045748 0.542669892 0.005273730 0.839919806
1756587180152506880.000000 0.349171311 -0.011173492 0.565862536 0.004905183 0.543995440 0.005553368 0.839055479
1756587180185839872.000000 0.351916909 -0.011276259 0.566425323 0.004870097 0.543301165 0.005990674 0.839502394
1756587180219172608.000000 0.354824960 -0.011269334 0.568720579 0.002709462 0.541708410 0.006859520 0.840534151
1756587180252505344.000000 0.358013511 -0.010673726 0.571398020 0.000680375 0.540054023 0.007685248 0.841595054
1756587180285838080.000000 0.361207008 -0.010478538 0.573332548 0.001166748 0.539563358 0.007970459 0.841906548
1756587180319170048.000000 0.367301524 -0.010063739 0.572434127 0.002416818 0.537866712 0.008619157 0.842982411
1756587180352502272.000000 0.368755341 -0.010691862 0.574779510 0.003348026 0.538715303 0.008202951 0.842441320
1756587180385835008.000000 0.370811641 -0.011265932 0.576721191 0.003205010 0.539699137 0.007829865 0.841815472
1756587180419167488.000000 0.372922421 -0.011357449 0.577602446 0.003478606 0.540118575 0.007427429 0.841549039
1756587180452500224.000000 0.375246674 -0.011957502 0.578736186 0.003570814 0.540369511 0.007372123 0.841387987
1756587180485832192.000000 0.378672600 -0.012408265 0.579822302 0.003109275 0.540417969 0.007889056 0.841354012
1756587180519180544.000000 0.382300496 -0.012038507 0.581823528 0.002547880 0.540647209 0.007886548 0.841208637
1756587180552557568.000000 0.385253549 -0.011567043 0.583405554 0.002602658 0.540803432 0.007772026 0.841109097
1756587180585934848.000000 0.391078770 -0.010941781 0.584221721 0.002844951 0.540007710 0.008173892 0.841615617
1756587180619312640.000000 0.391089171 -0.011557955 0.586261272 0.002897219 0.540734649 0.007611273 0.841153860
1756587180652691456.000000 0.393026888 -0.011806925 0.588172019 0.002861021 0.540928364 0.007497889 0.841030478
1756587180686070272.000000 0.395387828 -0.012161488 0.589920044 0.003045772 0.540974557 0.007271581 0.841002107
1756587180719449856.000000 0.398036361 -0.012237230 0.591703892 0.003046519 0.540947974 0.007462554 0.841017425
1756587180752828928.000000 0.400896609 -0.012778979 0.593469024 0.002723792 0.540946126 0.007619119 0.841018319
1756587180786209280.000000 0.407916367 -0.011467041 0.592253864 0.003661832 0.539183140 0.008680788 0.842135906
1756587180819590400.000000 0.409730375 -0.011754623 0.594719112 0.003661329 0.539405465 0.008388058 0.841996372
1756587180852972032.000000 0.411841184 -0.011904847 0.595837712 0.003573003 0.539201677 0.008249509 0.842128754
1756587180886353664.000000 0.414308608 -0.012044004 0.597832799 0.003660817 0.539485574 0.008004519 0.841948926
1756587180919736320.000000 0.416587830 -0.012042811 0.599548280 0.004248659 0.539737523 0.007542907 0.841788888
1756587180953119232.000000 0.418416798 -0.012428309 0.600740194 0.004788323 0.540211260 0.006608111 0.841489911
1756587180986502912.000000 0.420840800 -0.012903674 0.602105260 0.004928997 0.540669084 0.006339165 0.841197133
1756587181019886848.000000 0.425773203 -0.012419131 0.601326108 0.005559695 0.539535105 0.006786272 0.841917455
1756587181053271552.000000 0.428503722 -0.012829974 0.603537977 0.005044018 0.539435208 0.007049087 0.841982543
1756587181086656512.000000 0.430935442 -0.013199188 0.605951786 0.004352876 0.539458513 0.007432261 0.841968179
1756587181120042240.000000 0.434251785 -0.013050461 0.607947946 0.003601181 0.539499819 0.007994068 0.841940105
1756587181153428224.000000 0.438006192 -0.012769809 0.607982934 0.003608768 0.538462639 0.008646237 0.842597365
1756587181186814720.000000 0.441212535 -0.013007552 0.608795643 0.003818877 0.537952125 0.009158797 0.842917025
1756587181220200960.000000 0.444598883 -0.012736763 0.610141218 0.004202970 0.538586557 0.009534163 0.842505813
1756587181253588480.000000 0.448592275 -0.013091985 0.611950397 0.003842785 0.542396486 0.009783067 0.840056956
1756587181286976512.000000 0.454206645 -0.012922576 0.613445640 0.001933855 0.549361587 0.010691177 0.835514188
1756587181320365312.000000 0.460527480 -0.011262206 0.613742113 0.001771868 0.556388378 0.011046657 0.830847085
1756587181353754112.000000 0.462875038 -0.011428480 0.613701403 0.003484838 0.562266052 0.009202627 0.826897919
1756587181387143936.000000 0.464798510 -0.011787180 0.613755345 0.005454014 0.567327857 0.008540621 0.823429763
1756587181420534016.000000 0.467462003 -0.012536013 0.613456130 0.007770248 0.571945965 0.007542774 0.820219874
1756587181453924608.000000 0.470629632 -0.013384959 0.613110304 0.008139626 0.576450229 0.007293385 0.817059278
1756587181487315712.000000 0.474161685 -0.013483714 0.613299012 0.008306351 0.580765903 0.007691885 0.813991904
1756587181520688896.000000 0.478251100 -0.013347980 0.614573717 0.006788841 0.584321380 0.008047542 0.811454058
1756587181554030080.000000 0.482692182 -0.013217695 0.615665317 0.005910331 0.584851325 0.009254643 0.811066270
1756587181587371776.000000 0.486754358 -0.012793938 0.617113590 0.004254083 0.583861828 0.010554918 0.811773360
1756587181620713472.000000 0.489841372 -0.012759016 0.618826509 0.003807397 0.583283782 0.010315846 0.812194049
1756587181654053632.000000 0.491281539 -0.013517313 0.619040668 0.005107387 0.582739592 0.010178369 0.812579274
1756587181687395328.000000 0.493647993 -0.013775984 0.620151520 0.005736054 0.582282364 0.009597336 0.812909782
1756587181720736768.000000 0.496454835 -0.013706323 0.620936453 0.006528019 0.581744015 0.009514009 0.813290179
1756587181754078208.000000 0.498939037 -0.013771832 0.621844649 0.007103537 0.581189156 0.009651920 0.813680351
1756587181787419904.000000 0.502043664 -0.013976377 0.622993708 0.007068047 0.580888093 0.009782665 0.813893914
1756587181820761088.000000 0.505084038 -0.014103265 0.624105215 0.006452188 0.580987453 0.010148051 0.813823760
1756587181854102528.000000 0.510120928 -0.014307082 0.625371099 0.005032901 0.581422448 0.010752019 0.813515306
1756587181887443968.000000 0.513241291 -0.013900844 0.626780629 0.004812997 0.581669152 0.011069926 0.813335896
1756587181920785664.000000 0.516206145 -0.013890658 0.627906203 0.004747284 0.581790745 0.010934130 0.813251257
1756587181954126848.000000 0.518915892 -0.014316219 0.629149377 0.005292915 0.581685662 0.010326564 0.813330948
1756587181987468544.000000 0.521411061 -0.015121597 0.630123258 0.005738416 0.581663489 0.010022745 0.813347578
1756587182020810240.000000 0.523939967 -0.015125102 0.630844831 0.005985532 0.581444442 0.009968731 0.813503087
1756587182054151424.000000 0.526700675 -0.015355230 0.631601334 0.006250091 0.581312716 0.009951489 0.813595474
1756587182087492096.000000 0.529854476 -0.015563285 0.632722974 0.006499574 0.581004858 0.010194172 0.813810289
1756587182120833280.000000 0.532808721 -0.015763540 0.633653402 0.006640091 0.580703497 0.010350166 0.814022303
1756587182154174720.000000 0.538160980 -0.015231205 0.635004878 0.007013914 0.580755293 0.010301194 0.813982785
1756587182187516416.000000 0.541671634 -0.015431223 0.636093855 0.006891219 0.580832958 0.010336281 0.813928008
1756587182220857856.000000 0.545151472 -0.015252739 0.637289047 0.006590707 0.581061602 0.010738476 0.813762128
1756587182254199552.000000 0.548449874 -0.015223861 0.638497710 0.006071355 0.581210434 0.011163749 0.813654125
1756587182287540736.000000 0.549569726 -0.015206091 0.639054894 0.005775235 0.581105173 0.011241848 0.813730419
1756587182320882432.000000 0.552942812 -0.015137825 0.639995933 0.005640249 0.581138015 0.011284252 0.813707232
1756587182354223872.000000 0.555998206 -0.015346958 0.640397787 0.005554886 0.581007361 0.011572719 0.813797116
1756587182387565312.000000 0.559162021 -0.015223052 0.641456604 0.005479060 0.580908298 0.011810526 0.813864887
1756587182420906752.000000 0.562221646 -0.015076166 0.642711222 0.005286246 0.580961823 0.011906775 0.813826621
1756587182454248192.000000 0.566497803 -0.015193455 0.643934011 0.005320449 0.581018746 0.011491656 0.813791692
1756587182487589888.000000 0.569684386 -0.015299130 0.645355582 0.005443910 0.581092060 0.011405346 0.813739657
1756587182520930560.000000 0.572494566 -0.015290219 0.646143138 0.006139972 0.580622852 0.011319215 0.814070821
1756587182554272512.000000 0.575381815 -0.015693542 0.647192538 0.006701550 0.580243587 0.011261893 0.814337552
1756587182587614208.000000 0.578480661 -0.015835285 0.648294806 0.007460954 0.580071211 0.010949439 0.814458072
1756587182620956160.000000 0.581823349 -0.015884858 0.649209440 0.007585120 0.581330478 0.010951650 0.813558519
1756587182654298112.000000 0.583631635 -0.016344458 0.650168777 0.007203805 0.585633159 0.010592926 0.810475051
1756587182687640064.000000 0.587731779 -0.016611872 0.650619745 0.005810168 0.591992795 0.011118499 0.805845678
1756587182720981760.000000 0.591796398 -0.016446466 0.650001645 0.005942997 0.598493040 0.011498887 0.801023483
1756587182754323968.000000 0.595287144 -0.016349640 0.649900377 0.006558674 0.603887320 0.011553037 0.796959102
1756587182787666176.000000 0.599084735 -0.016391689 0.649444461 0.007028807 0.608801544 0.011483497 0.793208361
1756587182821007616.000000 0.605753541 -0.017713580 0.649683416 0.007069170 0.612336099 0.011611091 0.790480673
1756587182854349824.000000 0.607552052 -0.016212350 0.651031673 0.006954283 0.613376081 0.011259568 0.789680123
1756587182887692032.000000 0.610966921 -0.016784068 0.652477741 0.005278239 0.612591267 0.011706115 0.790295601
1756587182921033984.000000 0.614577413 -0.016636845 0.653681159 0.003871802 0.611206472 0.013001410 0.791355014
1756587182954375936.000000 0.617582321 -0.016602043 0.654851496 0.003915604 0.610202253 0.012974622 0.792129755
1756587182987716864.000000 0.619873166 -0.016866527 0.656043708 0.004799466 0.609989047 0.011850463 0.792306781
1756587183021058816.000000 0.622415841 -0.016762920 0.657162488 0.005294705 0.610107124 0.010884375 0.792226493
1756587183054401024.000000 0.625642896 -0.017106565 0.657021403 0.005985151 0.609693110 0.010564589 0.792544603
1756587183087742720.000000 0.629660726 -0.017055277 0.658598661 0.005846059 0.609548211 0.010214087 0.792661667
1756587183121084928.000000 0.631687164 -0.016790204 0.659211099 0.005780151 0.609265625 0.010297595 0.792878330
1756587183154427136.000000 0.635076165 -0.016604925 0.660498321 0.005326268 0.609371066 0.010796654 0.792793870
1756587183187769088.000000 0.638594151 -0.016334204 0.661503792 0.004927788 0.609582841 0.010593904 0.792636335
1756587183221111296.000000 0.641680360 -0.016436797 0.662457824 0.004984879 0.609774351 0.010258538 0.792492986
1756587183254453504.000000 0.644484937 -0.016258935 0.662765384 0.005814669 0.609436572 0.010115858 0.792749047
1756587183287795200.000000 0.647141337 -0.016375592 0.663088620 0.006287583 0.609069765 0.010260561 0.793025434
1756587183321137408.000000 0.651268840 -0.016881675 0.664161921 0.006351967 0.609314382 0.010021519 0.792840064
1756587183354479872.000000 0.654233634 -0.016634636 0.665422618 0.006327030 0.609643579 0.009774518 0.792590201
1756587183387821568.000000 0.657524407 -0.016492024 0.666257739 0.007002719 0.609576106 0.009734605 0.792636871
1756587183421162752.000000 0.661074877 -0.016480360 0.667062581 0.006695490 0.609313726 0.009976667 0.792838275
1756587183454505216.000000 0.664161444 -0.016954973 0.667965353 0.006028079 0.609067917 0.010218253 0.793029428
1756587183487847168.000000 0.667292893 -0.017112181 0.668914497 0.005651881 0.609300733 0.010386799 0.792851150
1756587183521189120.000000 0.670656919 -0.016861059 0.669732749 0.005411866 0.609504580 0.010186095 0.792698681
1756587183554531072.000000 0.673686266 -0.016703758 0.670608997 0.005697838 0.609730124 0.009667069 0.792529643
1756587183587872768.000000 0.675994158 -0.016893532 0.671278238 0.005882828 0.609751880 0.009469151 0.792514026
1756587183621214720.000000 0.678018689 -0.017413031 0.673273861 0.005603783 0.609720051 0.009542244 0.792539597
1756587183654556416.000000 0.681057453 -0.017645964 0.674286962 0.005077052 0.609480441 0.009476306 0.792728245
1756587183687898112.000000 0.684332490 -0.017236039 0.675177813 0.005023915 0.609507561 0.009242998 0.792710423
1756587183721240064.000000 0.687500954 -0.017495826 0.676248670 0.004900473 0.609681070 0.009309451 0.792577088
1756587183754582016.000000 0.690546632 -0.017303284 0.677012205 0.005206606 0.609380484 0.008969664 0.792810202
1756587183787923712.000000 0.692961991 -0.017770611 0.677381933 0.005526345 0.609012842 0.008695708 0.793093443
1756587183821265664.000000 0.696683228 -0.017893149 0.677882195 0.005821453 0.608645678 0.008994156 0.793369889
1756587183854606336.000000 0.699697554 -0.018138738 0.679452777 0.005237140 0.608358026 0.009317406 0.793590784
1756587183887948544.000000 0.703274906 -0.018170634 0.681011319 0.004963273 0.608497202 0.009200352 0.793487191
1756587183921290496.000000 0.706300437 -0.018368289 0.682090104 0.005160620 0.608665884 0.009249854 0.793355942
1756587183954631936.000000 0.709149480 -0.018658401 0.682648957 0.005331099 0.608465075 0.009393906 0.793507218
1756587183987974144.000000 0.712803781 -0.017695582 0.682990491 0.005525341 0.607943952 0.009197644 0.793907523
1756587184021315840.000000 0.715738475 -0.017794017 0.683743358 0.005531678 0.608163655 0.009126402 0.793739915
1756587184054658048.000000 0.718728185 -0.017447643 0.684687257 0.005613992 0.608570099 0.009046572 0.793428779
1756587184087999744.000000 0.721791208 -0.017215513 0.685767829 0.005334632 0.608776629 0.008833635 0.793274641
1756587184121341696.000000 0.724433661 -0.017123856 0.686473429 0.005142921 0.608593166 0.008841556 0.793416560
1756587184154683648.000000 0.727314234 -0.017270340 0.687030017 0.006029323 0.608225942 0.008876405 0.793691516
1756587184188025600.000000 0.731442809 -0.017889211 0.687014222 0.005872563 0.607726216 0.008899263 0.794075072
1756587184221367552.000000 0.734216869 -0.018220711 0.688063025 0.005670691 0.607791841 0.008776248 0.794027686
1756587184254709504.000000 0.737329006 -0.018460151 0.689193726 0.005898132 0.607928872 0.008625471 0.793922782
1756587184288051712.000000 0.740400910 -0.018690469 0.689998746 0.006737276 0.607796431 0.008544697 0.794018328
1756587184321392640.000000 0.743080974 -0.019047368 0.690762699 0.006216501 0.607616723 0.009161094 0.794153273
1756587184354734336.000000 0.746345341 -0.018983219 0.691699266 0.005704489 0.607802033 0.009584756 0.794010341
1756587184388076288.000000 0.750172853 -0.018355019 0.693189561 0.005384425 0.608095348 0.009756457 0.793785870
1756587184421418496.000000 0.752772808 -0.018425960 0.693795919 0.005678577 0.608219326 0.009552387 0.793691337
1756587184454760448.000000 0.755866885 -0.018213326 0.694465458 0.005429864 0.608181298 0.009327655 0.793724835
1756587184488102400.000000 0.759102643 -0.018128037 0.695056379 0.005454906 0.608180702 0.009565146 0.793722272
1756587184521444352.000000 0.762055516 -0.018439034 0.696046114 0.005212611 0.608163953 0.009498569 0.793737471
1756587184554786304.000000 0.765349090 -0.018414628 0.697417557 0.005152088 0.608470440 0.009218908 0.793506324
1756587184588127744.000000 0.769283712 -0.019283008 0.697580218 0.005247781 0.608512878 0.008946948 0.793476284
1756587184621469696.000000 0.772697926 -0.019210169 0.698673248 0.005545989 0.608623803 0.009014553 0.793388426
1756587184654811392.000000 0.776121020 -0.019269781 0.699218512 0.005769242 0.608412802 0.009141144 0.793547153
1756587184688153088.000000 0.779490113 -0.018937295 0.700194955 0.006064262 0.608352959 0.009160184 0.793590665
1756587184721495040.000000 0.782416701 -0.019023389 0.701027811 0.005826367 0.608331859 0.009267951 0.793607354
1756587184754835712.000000 0.784364343 -0.019076779 0.703079402 0.006048668 0.608735561 0.009224648 0.793296516
1756587184788177408.000000 0.786948204 -0.019248154 0.703902185 0.006020923 0.608513713 0.009279164 0.793466270
1756587184821519360.000000 0.790075898 -0.019349298 0.704792559 0.005904186 0.608489692 0.009862448 0.793478608
1756587184854861056.000000 0.793857694 -0.019309502 0.705559075 0.005808241 0.608290672 0.010149896 0.793628275
1756587184888203008.000000 0.797538757 -0.019537970 0.706411362 0.005397821 0.608252406 0.010444830 0.793656588
1756587184921544704.000000 0.800257683 -0.019460700 0.707014918 0.005181679 0.608237267 0.010293147 0.793671668
1756587184954886400.000000 0.804223359 -0.020104080 0.707571983 0.005526836 0.608303666 0.010260401 0.793618858
1756587184988228352.000000 0.807693601 -0.019944210 0.708625913 0.005402042 0.608050168 0.010331442 0.793813050
1756587185021570048.000000 0.810985208 -0.019963376 0.709742904 0.004720029 0.608049691 0.010505695 0.793815494
1756587185054911744.000000 0.814358115 -0.020009048 0.710643530 0.004469689 0.608141720 0.010800761 0.793742418
1756587185088253952.000000 0.817760944 -0.019978650 0.711497962 0.004904929 0.608156025 0.010710077 0.793730140
1756587185121595648.000000 0.821309328 -0.020261886 0.713110328 0.004752622 0.608104050 0.010390322 0.793775141
1756587185154937600.000000 0.824402332 -0.019949710 0.714006007 0.004697200 0.607869089 0.010698668 0.793951333
1756587185188278528.000000 0.827459514 -0.019465666 0.714558899 0.004527076 0.607706368 0.011111334 0.794071257
1756587185221619968.000000 0.830144882 -0.019497003 0.714985192 0.004608138 0.607676268 0.010941467 0.794096112
1756587185254962176.000000 0.832743347 -0.019142438 0.717101395 0.005458684 0.608165979 0.009690017 0.793732047
1756587185288303872.000000 0.835144997 -0.019364962 0.717871845 0.005753997 0.608115315 0.009369858 0.793772638
1756587185321645824.000000 0.837797821 -0.019519355 0.718298912 0.005616829 0.607558966 0.009468392 0.794198215
1756587185354987776.000000 0.840600729 -0.019608915 0.718929470 0.005332167 0.606838822 0.009644487 0.794748604
1756587185388329472.000000 0.843876600 -0.019825410 0.719810963 0.005021499 0.606787443 0.010183633 0.794783115
1756587185421671680.000000 0.846830428 -0.019749068 0.720640838 0.005412023 0.606516778 0.010438895 0.794983804
1756587185455013632.000000 0.851547122 -0.018997211 0.721867979 0.005823983 0.606156945 0.010383833 0.795256019
1756587185488355328.000000 0.854502320 -0.019051528 0.722790480 0.006063673 0.606205761 0.010337957 0.795217514
1756587185555040000.000000 0.861307740 -0.018409375 0.724546790 0.005660369 0.606973886 0.010512542 0.794632077
1756587185588381952.000000 0.865031362 -0.018590193 0.725455582 0.005372026 0.607083619 0.010565653 0.794549584
1756587185621724416.000000 0.868252754 -0.018532194 0.726134241 0.005541719 0.607051134 0.010446064 0.794574797
1756587185655066112.000000 0.871346235 -0.018576089 0.726807117 0.005570768 0.606565595 0.010710883 0.794941843
1756587185688408064.000000 0.874595702 -0.018320153 0.728038073 0.004813482 0.606415331 0.010686671 0.795061767
1756587185721750528.000000 0.878135145 -0.018936913 0.729689658 0.003877677 0.606926799 0.011172828 0.794669747
1756587185755092992.000000 0.881211281 -0.018815830 0.729914069 0.003987784 0.606668651 0.011315043 0.794864357
1756587185788435200.000000 0.883576035 -0.019026589 0.730122507 0.004242345 0.606284499 0.011484245 0.795153677
1756587185821777920.000000 0.886355639 -0.019433688 0.730864406 0.004466517 0.606036603 0.011414170 0.795342386
1756587185855120384.000000 0.888942242 -0.019306425 0.730776966 0.004801900 0.605998218 0.011516761 0.795368195
1756587185888462592.000000 0.891653299 -0.019561063 0.731574118 0.004848018 0.606115937 0.011404557 0.795279801
1756587185921805056.000000 0.897576928 -0.019282095 0.733982563 0.004714664 0.606523633 0.010863705 0.794977367
1756587185955147776.000000 0.900441408 -0.019236986 0.734582186 0.005425692 0.606505394 0.010621072 0.794990003
1756587185988489984.000000 0.902882934 -0.019429170 0.735562563 0.005766691 0.606468856 0.010305066 0.795019567
1756587186021832448.000000 0.905904889 -0.019497149 0.736716330 0.005370826 0.606802046 0.009930772 0.794772863
1756587186088516608.000000 0.912076354 -0.019630533 0.738655329 0.005305110 0.606724739 0.009672502 0.794835508
1756587186121859072.000000 0.915765405 -0.019424476 0.739593744 0.004806279 0.606646776 0.010050479 0.794893444
1756587186155201792.000000 0.918879330 -0.019764800 0.740614593 0.004051537 0.606622934 0.010305248 0.794912636
1756587186188544256.000000 0.922169387 -0.019834917 0.741419017 0.003702925 0.606651068 0.010501183 0.794890285
1756587186221886720.000000 0.925264001 -0.019395415 0.743006170 0.004048712 0.606705964 0.010314065 0.794849098
1756587186255229184.000000 0.928313971 -0.019224018 0.744212091 0.004377831 0.606593132 0.010073321 0.794936597
1756587186288572160.000000 0.931073785 -0.019366086 0.744951367 0.004846963 0.606355071 0.010225177 0.795113504
1756587186321914368.000000 0.934198678 -0.019360173 0.745570481 0.005163047 0.605858386 0.010457804 0.795487046
1756587186355257088.000000 0.936858058 -0.019446546 0.745993853 0.005037003 0.605884731 0.010324169 0.795469582
1756587186388599552.000000 0.938952923 -0.020104770 0.746456563 0.004908783 0.606214166 0.009951819 0.795224011
1756587186421942528.000000 0.943161130 -0.020335149 0.747814715 0.004529311 0.606518447 0.009450031 0.795000374
1756587186455284736.000000 0.945944846 -0.020451207 0.748981655 0.004547756 0.606205940 0.009698450 0.795235634
1756587186488627712.000000 0.948722839 -0.020692717 0.749858499 0.004499899 0.605785131 0.009993472 0.795552850
1756587186521969920.000000 0.951521754 -0.020823574 0.750710070 0.004229478 0.605629146 0.010761873 0.795662940
1756587186555310080.000000 0.955033779 -0.020659328 0.751669168 0.003613821 0.605741799 0.011193762 0.795574367
1756587186588651520.000000 0.959069610 -0.020703573 0.752487004 0.002971084 0.605926752 0.011293489 0.795434773
1756587186621992704.000000 0.962464333 -0.021033233 0.753376186 0.002993328 0.606089175 0.011589025 0.795306742
1756587186655333632.000000 0.965117753 -0.020732412 0.754089773 0.003547238 0.605954230 0.011691985 0.795405746
1756587186688675072.000000 0.967525840 -0.021280136 0.754722595 0.004121331 0.605794668 0.011102107 0.795533001
1756587186722016256.000000 0.970037222 -0.021490768 0.755636156 0.005036360 0.607194483 0.010430139 0.794468939
1756587186788698624.000000 0.977555871 -0.022328902 0.755796969 0.004354466 0.617870986 0.009979349 0.786204159
1756587186822040064.000000 0.982412457 -0.021025322 0.755523682 0.004212863 0.624445558 0.010840966 0.780981719
1756587186855380992.000000 0.986709356 -0.020677596 0.755296528 0.004359987 0.629607201 0.011729820 0.776812851
1756587186888722432.000000 0.992109179 -0.020709909 0.754335105 0.004544144 0.633356214 0.011647461 0.773759425
1756587186922063872.000000 0.994183660 -0.019843400 0.755202532 0.004870204 0.637987971 0.011672913 0.769942522
1756587186955404800.000000 0.997769177 -0.019852377 0.755192578 0.004675035 0.642419934 0.011523902 0.766251981
1756587186988745216.000000 1.001827717 -0.020005841 0.755217254 0.004491406 0.646891356 0.011708668 0.762479067
1756587187022086400.000000 1.006249666 -0.020950206 0.754371703 0.004041885 0.650523961 0.012311848 0.759375215
1756587187055427584.000000 1.009643674 -0.021211497 0.755439997 0.004352787 0.652028322 0.012036687 0.758086622
1756587187088768768.000000 1.013025522 -0.021429781 0.756221592 0.004727406 0.651624501 0.012189312 0.758429050
1756587187122109952.000000 1.015871525 -0.021515168 0.757385731 0.003613261 0.650432944 0.012206846 0.759457111
1756587187155451136.000000 1.018647432 -0.021664713 0.758288860 0.002995570 0.649069786 0.012625312 0.760618210
1756587187188792320.000000 1.021480680 -0.021845091 0.758624315 0.003767280 0.648577154 0.012372376 0.761039078
1756587187222133760.000000 1.025230169 -0.022274576 0.757508337 0.004600494 0.648427486 0.012078436 0.761166751
1756587187255474688.000000 1.028340816 -0.021363642 0.758544981 0.004928266 0.648813069 0.011219104 0.760849237
1756587187288815872.000000 1.031532407 -0.021467052 0.759279966 0.005035499 0.648766220 0.010701907 0.760895967
1756587187322156800.000000 1.035013795 -0.021463431 0.760055065 0.005276084 0.648408055 0.010904257 0.761196613
1756587187355498240.000000 1.038331747 -0.021340543 0.760814607 0.004447081 0.648088932 0.011405129 0.761466265
1756587187388839168.000000 1.041468382 -0.021181263 0.761497915 0.003952961 0.648056746 0.011765894 0.761490881
1756587187422179584.000000 1.044807911 -0.021303955 0.762130380 0.003831967 0.648204684 0.012109953 0.761360228
1756587187455520768.000000 1.048107624 -0.021193385 0.762720883 0.003880383 0.648188472 0.011892641 0.761377215
1756587187488861696.000000 1.051322579 -0.020814642 0.763739288 0.004160056 0.648142815 0.011547509 0.761419952
1756587187522203136.000000 1.054301023 -0.020510886 0.764210105 0.004514255 0.648072779 0.011422855 0.761479437
1756587187555544576.000000 1.057164669 -0.020855241 0.764587641 0.004794276 0.647855997 0.011669823 0.761658370
1756587187622227456.000000 1.063755155 -0.020416709 0.765625238 0.004483285 0.647838891 0.011136280 0.761682868
1756587187655568896.000000 1.066576242 -0.020575972 0.766287386 0.004810518 0.648052633 0.010935286 0.761501968
1756587187688910592.000000 1.069947600 -0.020592732 0.766787767 0.004859532 0.648030579 0.010858210 0.761521459
1756587187722251776.000000 1.073148608 -0.020323355 0.767206371 0.004490681 0.648003817 0.011009577 0.761544347
1756587187755593216.000000 1.077450991 -0.020465812 0.768123567 0.003904965 0.647983253 0.011490931 0.761557877
1756587187788934400.000000 1.080598116 -0.020576268 0.769494414 0.003165142 0.647705674 0.011601291 0.761795819
1756587187822276096.000000 1.083630323 -0.020593595 0.770336032 0.002910212 0.647457600 0.011635846 0.762007117
1756587187855617792.000000 1.086487532 -0.020670099 0.771229863 0.003295548 0.647442758 0.011553074 0.762019396
1756587187888957952.000000 1.089477420 -0.020794041 0.771587610 0.003478715 0.647577167 0.011467161 0.761905670
1756587187922299392.000000 1.093083262 -0.021051720 0.772270799 0.003305164 0.647649229 0.011607853 0.761843085
1756587187955640832.000000 1.095928550 -0.020622602 0.772802353 0.003341933 0.647531211 0.011570442 0.761943817
1756587187988982272.000000 1.098932266 -0.020850841 0.773360968 0.003940939 0.647576153 0.011228539 0.761907876
1756587188022323968.000000 1.100783110 -0.021980226 0.773306131 0.004668071 0.647579312 0.010749090 0.761907995
1756587188055665152.000000 1.103638053 -0.022264166 0.773283005 0.004757349 0.647690773 0.010517013 0.761815965
1756587188089006592.000000 1.107148886 -0.022081228 0.773470163 0.004585091 0.647650898 0.010973139 0.761844397
1756587188122347776.000000 1.110667586 -0.022034746 0.774546742 0.004243097 0.647502542 0.011493182 0.761964798
1756587188189030656.000000 1.117039919 -0.021822181 0.775304914 0.003605155 0.647305131 0.012296117 0.762123287
1756587188222372352.000000 1.119743109 -0.022005005 0.775457025 0.002914688 0.647270262 0.012922528 0.762145579
1756587188255713792.000000 1.126709700 -0.022622218 0.776960135 0.002272630 0.647758424 0.013180479 0.761728466
1756587188289055232.000000 1.129809141 -0.022125872 0.778034210 0.002453596 0.647922993 0.012523368 0.761598945
1756587188322395648.000000 1.132342100 -0.022198066 0.778508544 0.003295599 0.648071587 0.012212613 0.761474371
1756587188355737088.000000 1.135012865 -0.022449298 0.779084682 0.003964970 0.648360431 0.011758527 0.761232436
1756587188389078272.000000 1.137449384 -0.022664288 0.779578328 0.004004550 0.648720682 0.011261596 0.760932803
1756587188422419968.000000 1.140165567 -0.022893053 0.780025482 0.004338048 0.648954153 0.011006911 0.760735571
1756587188455761152.000000 1.143471479 -0.022873562 0.780511618 0.003904412 0.648917973 0.011174097 0.760766268
1756587188489102848.000000 1.146460056 -0.022799307 0.781150699 0.003170099 0.648626268 0.011727588 0.761010170
1756587188522444032.000000 1.150291562 -0.021462832 0.780837297 0.002960522 0.647962987 0.012139603 0.761569381
1756587188555785472.000000 1.153537035 -0.021533964 0.781229615 0.002704269 0.647883236 0.012457004 0.761632979
1756587188589126912.000000 1.156525731 -0.021600744 0.781926036 0.003066449 0.647686899 0.012350077 0.761800349
1756587188622468096.000000 1.159411311 -0.021174291 0.782547832 0.003829415 0.647489130 0.011989603 0.761970818
1756587188655809280.000000 1.162287116 -0.021567322 0.782824993 0.004726049 0.647760987 0.011580330 0.761740923
1756587188689150464.000000 1.165207267 -0.021926951 0.783441544 0.005232492 0.648286879 0.011177302 0.761296153
1756587188755832320.000000 1.171629429 -0.022384692 0.784003019 0.005062597 0.648708642 0.010918083 0.760941803
1756587188789173504.000000 1.175311446 -0.022490250 0.785360336 0.004337413 0.648712695 0.011589058 0.760932803
1756587188822514944.000000 1.179343939 -0.022569137 0.786752939 0.003486122 0.649569333 0.012086365 0.760198414
1756587188855856128.000000 1.183287144 -0.022620581 0.787462354 0.003202039 0.652876914 0.011282221 0.757373214
1756587188889197568.000000 1.187866569 -0.022403359 0.787456274 0.002177347 0.657739758 0.011780608 0.753150046
1756587188922538752.000000 1.190238953 -0.021554146 0.785985231 0.003756163 0.662281036 0.011584410 0.749156654
1756587188955880192.000000 1.193615079 -0.021905348 0.784988761 0.004662411 0.666781902 0.011284135 0.745152950
1756587188989221376.000000 1.196543217 -0.022108335 0.784111619 0.005921807 0.671574831 0.010834755 0.740833938
1756587189022562816.000000 1.199824691 -0.022222070 0.783211350 0.006041009 0.676467419 0.010494148 0.736373127
1756587189055904256.000000 1.203070641 -0.021968551 0.782477856 0.006462169 0.681338370 0.010243359 0.731868505
1756587189089245440.000000 1.206975102 -0.022170018 0.782137632 0.006526312 0.685569346 0.010108510 0.727907956
1756587189122586624.000000 1.210532665 -0.022335004 0.782118082 0.006155260 0.689621985 0.010787329 0.724063039
1756587189155927808.000000 1.215057373 -0.021735542 0.782151341 0.005356448 0.693618655 0.011043034 0.720237911
1756587189189269248.000000 1.219118118 -0.021896338 0.782122374 0.004740610 0.698038816 0.012006963 0.715943575
1756587189222609408.000000 1.223015070 -0.021608189 0.781051517 0.004850719 0.702090502 0.012101542 0.711968482
1756587189289292032.000000 1.229061842 -0.021838050 0.779026031 0.006646459 0.710574031 0.011371161 0.703499258
1756587189322633216.000000 1.231918216 -0.022283893 0.777912140 0.007092590 0.714653194 0.010626051 0.699362397
1756587189355974656.000000 1.236810446 -0.022281401 0.776958227 0.007199194 0.718643486 0.010422175 0.695263445
1756587189389315840.000000 1.239894509 -0.023061153 0.776688099 0.007032667 0.722536504 0.009866323 0.691226661
1756587189422657280.000000 1.242362857 -0.023183201 0.774805784 -0.006892568 -0.725318909 -0.010594909 -0.688296974
1756587189455998464.000000 1.245694041 -0.023674758 0.773966312 -0.006758522 -0.725114822 -0.011384639 -0.688500702
1756587189489339904.000000 1.249636769 -0.023184925 0.773874283 -0.006021440 -0.723211825 -0.012622681 -0.690484703
1756587189522681344.000000 1.253228545 -0.023138324 0.774776578 -0.005204013 -0.722300351 -0.013105106 -0.691435814
1756587189556022528.000000 1.257033706 -0.022715120 0.775500894 -0.005177015 -0.722547352 -0.012383083 -0.691191137
1756587189589363968.000000 1.259938955 -0.022714231 0.775352955 -0.005789004 -0.723215222 -0.011598220 -0.690501034
1756587189622705408.000000 1.262859821 -0.022802066 0.774647713 -0.005695822 -0.723415613 -0.011209580 -0.690298319
1756587189656046080.000000 1.266561031 -0.022956572 0.773347259 0.006321656 0.723038614 0.011089763 0.690689683
1756587189689387520.000000 1.268956184 -0.023464590 0.773952484 0.006800805 0.722787678 0.010490101 0.690957069
1756587189722728960.000000 1.272071362 -0.023637446 0.774435520 0.006910641 0.722413480 0.010284326 0.691350281
1756587189756070656.000000 1.274972677 -0.024287581 0.775301576 0.006536094 0.722080886 0.010592179 0.691696763
1756587189789411840.000000 1.278627872 -0.024015952 0.775666475 0.006295019 0.721815526 0.011058118 0.691968560
1756587189822753536.000000 1.282026291 -0.023825593 0.775927067 0.006002677 0.721881747 0.011562950 0.691893756
1756587189856094976.000000 1.285824180 -0.023935642 0.775907159 0.005482730 0.721931219 0.012020097 0.691838741
1756587189889436160.000000 1.289941907 -0.023796925 0.775252223 0.005227449 0.721930325 0.012402899 0.691834927
1756587189922777856.000000 1.291612387 -0.023720736 0.775093198 -0.005110546 -0.722319841 -0.012455465 -0.691428125
1756587189956119296.000000 1.295549273 -0.024300516 0.774349093 -0.006032607 -0.725202441 -0.011539509 -0.688412607
1756587189989460736.000000 1.298982143 -0.024308788 0.773187995 -0.005459146 -0.729469419 -0.011978617 -0.683886826
1756587190022802432.000000 1.302613735 -0.024105821 0.771347880 -0.005453370 -0.734516025 -0.012262783 -0.678458691
1756587190056143872.000000 1.306017637 -0.023831017 0.769614816 -0.005344015 -0.739781678 -0.012349705 -0.672712445
1756587190089484288.000000 1.308792949 -0.024425212 0.768255353 -0.005899519 -0.743997812 -0.011814702 -0.668051541
1756587190122825728.000000 1.314072847 -0.024274938 0.767077446 0.006931718 0.747748256 0.011768989 0.663841963
1756587190156167168.000000 1.315650582 -0.024840452 0.766750455 -0.007002171 -0.751109183 -0.011960072 -0.660032570
1756587190222850048.000000 1.322169542 -0.025168668 0.763999820 -0.006608830 -0.758532584 -0.012779373 -0.651476383
1756587190256191488.000000 1.325503230 -0.025373161 0.762746692 -0.005939815 -0.762233913 -0.013237054 -0.647139132
1756587190289532928.000000 1.328657150 -0.025922026 0.761281013 -0.006000510 -0.765952468 -0.013370981 -0.642730117
1756587190322874624.000000 1.332590699 -0.026054978 0.759683728 -0.005941269 -0.769757986 -0.013420297 -0.638167083
1756587190356215808.000000 1.335993171 -0.026327716 0.758473635 -0.005576365 -0.773296893 -0.013058833 -0.633885205
1756587190389557248.000000 1.339585543 -0.024889149 0.756381869 0.006023516 0.776308596 0.012736721 0.630195677
1756587190422898944.000000 1.343728423 -0.024862455 0.755159020 -0.006652813 -0.778804243 -0.012063429 -0.627115786
1756587190456240128.000000 1.346243382 -0.025123965 0.754458904 -0.007808375 -0.779109716 -0.011366670 -0.626735926
1756587190489581824.000000 1.349224210 -0.025511634 0.754338741 -0.007613642 -0.778170228 -0.011904107 -0.627894461
1756587190522921984.000000 1.353021264 -0.025098199 0.754309535 -0.006471738 -0.777137518 -0.012431426 -0.629174650
1756587190556263168.000000 1.356969118 -0.025233580 0.754022002 -0.006164074 -0.776612103 -0.012651755 -0.629821956
1756587190589603840.000000 1.360436201 -0.025155682 0.753051162 -0.006216003 -0.776568234 -0.012607277 -0.629876375
1756587190622945024.000000 1.362715840 -0.025545394 0.750663519 0.006074122 0.776273370 0.013156517 0.630229890
1756587190656286208.000000 1.367132902 -0.025010098 0.751480460 0.005818132 0.776782513 0.012955925 0.629608870
1756587190689626880.000000 1.370226979 -0.025143202 0.751325846 0.005999113 0.776480317 0.012793628 0.629983068
1756587190722968064.000000 1.373307109 -0.025158759 0.751400948 0.006261716 0.776221812 0.012356712 0.630307674
1756587190756308736.000000 1.376155734 -0.025091797 0.751649261 0.006021188 0.776176214 0.012084955 0.630371451
1756587190789649920.000000 1.379755735 -0.024782967 0.751407981 0.006043338 0.776175499 0.012439824 0.630365252
1756587190822990592.000000 1.383095145 -0.024914611 0.750516891 0.006123793 0.775890648 0.012496520 0.630713820
1756587190856331776.000000 1.386236072 -0.025111219 0.750088692 0.006835853 0.775660276 0.011972801 0.631000042
1756587190889672448.000000 1.389432192 -0.025066350 0.749666691 0.007171777 0.775699198 0.011762249 0.630952477
1756587190923013632.000000 1.390194535 -0.025995646 0.747545600 -0.006855130 -0.775199413 -0.012519250 -0.631555438
1756587190956354304.000000 1.393860579 -0.025932703 0.746677518 -0.006376271 -0.775589883 -0.012842544 -0.631074369
1756587190989694720.000000 1.396967649 -0.025779257 0.746175885 -0.005911565 -0.775938451 -0.012937437 -0.630648315
1756587191023035392.000000 1.400331855 -0.025693169 0.745584488 -0.005838963 -0.776770294 -0.013056336 -0.629621625
1756587191056376576.000000 1.404052258 -0.025934810 0.744616747 -0.005443575 -0.779649377 -0.012953678 -0.626058638
1756587191089717504.000000 1.408247828 -0.026036762 0.742579818 -0.004219393 -0.783864975 -0.014060619 -0.620757818
1756587191123058432.000000 1.412171006 -0.025538959 0.741366506 -0.004232289 -0.788664222 -0.014931002 -0.614628255
1756587191156399360.000000 1.414909482 -0.025787216 0.740184903 -0.004880256 -0.792873502 -0.014035693 -0.609205127
1756587191189740032.000000 1.416883826 -0.026946863 0.738785028 -0.005674787 -0.796441436 -0.013490973 -0.604538679
1756587191223081216.000000 1.419521928 -0.027343754 0.737018347 -0.005722944 -0.799986124 -0.013557592 -0.599838078
1756587191256421888.000000 1.422384977 -0.027632605 0.735709667 -0.005610722 -0.803428411 -0.013368535 -0.595224977
1756587191289762816.000000 1.425336003 -0.027444677 0.734138250 -0.005818270 -0.806627452 -0.013135553 -0.590885639
1756587191356444672.000000 1.434172273 -0.026051048 0.728278995 -0.006665302 -0.812811434 -0.012981854 -0.582344234
1756587191389785344.000000 1.436674476 -0.027065955 0.728603125 -0.006137066 -0.816371322 -0.013460119 -0.577337980
1756587191423125504.000000 1.440494061 -0.026463099 0.727277279 -0.006371138 -0.819733381 -0.013243030 -0.572556853
1756587191456466176.000000 1.443577170 -0.026695926 0.725363970 -0.006465381 -0.823026538 -0.013294867 -0.567810655
1756587191489807104.000000 1.446327686 -0.027232088 0.723099828 -0.006889448 -0.826198399 -0.013501453 -0.563175380
1756587191523148544.000000 1.449403405 -0.027548987 0.720159769 -0.007288084 -0.828713834 -0.013428957 -0.559463978
1756587191556490496.000000 1.452510953 -0.026849842 0.714774489 0.008044197 0.828794241 0.013061265 0.559343278
1756587191589832704.000000 1.454993844 -0.027009804 0.714832783 -0.007320105 -0.827933609 -0.013620150 -0.560612977
1756587191623175168.000000 1.458019972 -0.027482253 0.715269208 -0.006001150 -0.827108443 -0.014531289 -0.561822474
1756587191656517120.000000 1.461293459 -0.027906127 0.715333700 -0.005632841 -0.826859236 -0.014709800 -0.562188327
1756587191689859328.000000 1.464567184 -0.027889628 0.715180993 -0.005294740 -0.826786697 -0.014274712 -0.562309504
1756587191723201536.000000 1.467190146 -0.028163113 0.714184284 -0.005689149 -0.826602280 -0.014206979 -0.562578499
1756587191756543744.000000 1.469899416 -0.028099164 0.713311791 -0.006310982 -0.826599002 -0.013663012 -0.562590063
1756587191789885952.000000 1.474613905 -0.026133409 0.708149552 0.007531769 0.826108575 0.012716248 0.563317299
1756587191823228416.000000 1.477381468 -0.026702570 0.709095240 0.007143076 0.826435328 0.012541700 0.562846720
1756587191856569344.000000 1.480571985 -0.027034111 0.709158063 0.006344538 0.826734662 0.012969078 0.562406659
1756587191889911552.000000 1.484157801 -0.027260087 0.708960176 0.005687821 0.826765001 0.013278860 0.562362015
1756587191923254016.000000 1.487324595 -0.027680341 0.707978487 0.005494965 0.826612890 0.013960103 0.562570989
1756587191956596224.000000 1.490142584 -0.027704069 0.707609653 0.005074437 0.826526046 0.014303277 0.562693954
1756587191989938432.000000 1.492827773 -0.027836567 0.706453562 0.005039836 0.826451004 0.014020901 0.562811494
1756587192023280640.000000 1.495448589 -0.028002309 0.705536008 0.005071993 0.826398849 0.013612125 0.562897861
1756587192056622848.000000 1.498232365 -0.028477365 0.704340219 0.005239724 0.826351404 0.013825330 0.562960863
1756587192089965056.000000 1.501086473 -0.027000595 0.699685931 -0.006073355 -0.825345337 -0.014250131 -0.564415812
1756587192123307520.000000 1.503872395 -0.027256466 0.698627591 -0.006016974 -0.825313449 -0.014266988 -0.564462662
1756587192156649472.000000 1.506857753 -0.027294934 0.698056102 -0.005652012 -0.825442433 -0.014307546 -0.564276755
1756587192189991936.000000 1.509964466 -0.027814498 0.697155118 -0.005592464 -0.825480759 -0.014604679 -0.564213574
1756587192256676352.000000 1.515630484 -0.028039897 0.694718003 -0.005711561 -0.825416088 -0.014806639 -0.564301848
1756587192290019072.000000 1.518364072 -0.028204829 0.693745017 -0.005899360 -0.825428426 -0.014466079 -0.564290643
1756587192323360512.000000 1.523348331 -0.027580256 0.691438198 0.005892343 0.826009035 0.013746627 0.563458502
1756587192356702464.000000 1.526124597 -0.028726811 0.690734506 0.005918576 0.828515291 0.013178188 0.559780180
1756587192390044928.000000 1.529035807 -0.027579200 0.688525677 -0.005864745 -0.832239330 -0.014000849 -0.554208815
1756587192423387392.000000 1.532505512 -0.027462851 0.685783863 -0.005409953 -0.836658835 -0.014984488 -0.547492743
1756587192456729344.000000 1.534943104 -0.027503327 0.683311582 -0.005568992 -0.840528488 -0.014761577 -0.541537702
1756587192490072064.000000 1.537266850 -0.027462691 0.680703163 -0.006532256 -0.843668878 -0.014540941 -0.536627233
1756587192523414016.000000 1.539925933 -0.027558884 0.678022027 -0.006828511 -0.846534610 -0.014698570 -0.532087088
1756587192556755712.000000 1.542986155 -0.027843114 0.675833583 -0.006479592 -0.849516988 -0.015516735 -0.527293265
1756587192590097920.000000 1.547604442 -0.027422454 0.671902895 0.005375256 0.852761328 0.015664672 0.522038162
1756587192623439872.000000 1.549988031 -0.028069759 0.669958711 0.005111974 0.855891287 0.016134949 0.516878724
1756587192656781312.000000 1.552281022 -0.028982922 0.668137670 0.005109333 0.859028101 0.016367106 0.511641204
1756587192690123264.000000 1.554502010 -0.030236650 0.665793777 0.004832577 0.861952245 0.016686298 0.506691813
1756587192723465472.000000 1.557129025 -0.030206665 0.663113832 0.005029265 0.864711344 0.017029695 0.501955152
1756587192756806144.000000 1.560360193 -0.030248215 0.660435557 0.004604008 0.867410660 0.017677722 0.497257650
1756587192790148096.000000 1.563295364 -0.030665016 0.657759905 0.004471022 0.870059073 0.018629169 0.492575169
1756587192823489792.000000 1.566185951 -0.030879077 0.655406594 0.004043326 0.872838557 0.018770250 0.487631321
1756587192856831744.000000 1.569130778 -0.031098768 0.653049469 0.004008463 0.875644147 0.018475361 0.482586712
1756587192890173696.000000 1.572151184 -0.027151771 0.649296165 -0.005615680 -0.878098309 -0.017104326 -0.478141546
1756587192923515392.000000 1.574504137 -0.030949336 0.647447944 0.003997141 0.880283952 0.018543568 0.474067926
1756587192956857088.000000 1.576941371 -0.030943574 0.645269752 0.004925598 0.880456865 0.018525051 0.473738700
1756587192990199296.000000 1.579873323 -0.031719714 0.643553853 0.004187477 0.879506588 0.019438170 0.475471228
1756587193023540992.000000 1.583128214 -0.031120216 0.641669631 0.003599380 0.878520548 0.019618088 0.477288127
1756587193056882944.000000 1.585808754 -0.029518610 0.640361071 0.005296897 0.877966940 0.018015433 0.478353053
1756587193090224640.000000 1.587867498 -0.029315336 0.639270782 0.005183225 0.877955794 0.017245406 0.478403002
1756587193123566592.000000 1.590776443 -0.031011950 0.637719274 0.004505393 0.877945423 0.017506691 0.478419453
1756587193156908800.000000 1.592992425 -0.029705457 0.636099458 0.005099811 0.877656698 0.017735895 0.478934526
1756587193190250496.000000 1.596249580 -0.030753935 0.633613229 0.004587901 0.877514064 0.018786384 0.479160845
1756587193223591424.000000 1.599641323 -0.030472169 0.631866217 0.004078614 0.877329409 0.019309295 0.479482681
1756587193256933376.000000 1.602959871 -0.030208582 0.630177975 0.004080187 0.877359211 0.019112291 0.479435980
1756587193290275072.000000 1.605566502 -0.030355187 0.628660083 0.004550241 0.877432704 0.018850913 0.479307771
1756587193323617280.000000 1.608060241 -0.029841471 0.626888871 0.005176401 0.877848983 0.018080857 0.478568107
1756587193356958976.000000 1.609301567 -0.026614551 0.626072526 -0.006969495 -0.879329920 -0.015453579 -0.475911200
1756587193390300928.000000 1.611759901 -0.027130915 0.623265624 -0.006900185 -0.882386386 -0.016127449 -0.470198542
1756587193423642880.000000 1.614754677 -0.026862036 0.619970679 -0.006728233 -0.886052608 -0.016469974 -0.463243246
1756587193456984832.000000 1.617056131 -0.026806112 0.616362691 -0.006515322 -0.889461756 -0.017250663 -0.456637532
1756587193490326528.000000 1.619010210 -0.026742317 0.613163948 -0.006901063 -0.892397106 -0.016827118 -0.450884342
1756587193523668480.000000 1.620728493 -0.027302753 0.609815955 -0.007435176 -0.894913673 -0.016904822 -0.445857167
1756587193557009664.000000 1.623341441 -0.025587892 0.607317448 0.007970521 0.897598624 0.016112547 0.440447092
1756587193590351360.000000 1.626054049 -0.026370745 0.605092883 -0.007260778 -0.900280595 -0.016171040 -0.434948981
1756587193623692544.000000 1.627931833 -0.026736768 0.602927685 -0.007055452 -0.902703106 -0.015540346 -0.429925382
1756587193657032960.000000 1.629791498 -0.026358692 0.599604845 0.007614800 0.904748857 0.015263002 0.425603896
1756587193690374400.000000 1.631651640 -0.027038576 0.596626163 -0.007841118 -0.906876147 -0.015605181 -0.421035200
1756587193723715840.000000 1.633897305 -0.027168246 0.593258500 -0.007992309 -0.909168184 -0.016425481 -0.416028380
1756587193757057280.000000 1.636447310 -0.027262557 0.590192318 -0.007480466 -0.911603868 -0.016445633 -0.410672694
1756587193790398464.000000 1.638592482 -0.026577398 0.586938143 0.007673097 0.913838625 0.015841121 0.405696034
1756587193823739904.000000 1.640279770 -0.027002938 0.583681107 0.007989941 0.915928841 0.015971059 0.400943369
1756587193857081344.000000 1.642584443 -0.027115613 0.581130862 -0.007903925 -0.917965949 -0.016111914 -0.396253169
1756587193890422528.000000 1.644879937 -0.027059272 0.578264594 -0.008217152 -0.920138478 -0.016282577 -0.391168267
1756587193923763968.000000 1.646253228 -0.027555734 0.575430870 -0.007786141 -0.922219038 -0.015975159 -0.386259347
1756587193957105408.000000 1.648050666 -0.027350407 0.572488785 -0.007911341 -0.924397588 -0.016519457 -0.380990297
1756587193990446848.000000 1.649345040 -0.027739720 0.569543481 -0.007756792 -0.926375747 -0.016480219 -0.376159906
1756587194023788032.000000 1.651476622 -0.027385449 0.566356778 -0.007901993 -0.928487182 -0.016458405 -0.370915502
1756587194057129472.000000 1.652785182 -0.027481832 0.562514424 0.008494040 0.930517375 0.016122781 0.365794063
1756587194090470144.000000 1.654898286 -0.027494578 0.559896111 0.008111765 0.932612121 0.016043166 0.360432446
1756587194123811328.000000 1.657254815 -0.027630761 0.556188464 0.008296864 0.934575498 0.016363328 0.355291516
1756587194157152768.000000 1.658755183 -0.028333155 0.552716970 0.008130901 0.936261594 0.016637499 0.350815207
1756587194190493696.000000 1.660122395 -0.027802348 0.548767447 -0.008791884 -0.937793255 -0.017172115 -0.346657962
1756587194223835136.000000 1.661647320 -0.028105520 0.545494676 -0.008863050 -0.939683974 -0.017342132 -0.341489226
1756587194257176832.000000 1.663372397 -0.028099284 0.541935563 -0.008726507 -0.941498756 -0.017780893 -0.336433917
1756587194290518016.000000 1.664598703 -0.028211556 0.538286805 -0.009306511 -0.943204999 -0.018846499 -0.331545889
1756587194323859456.000000 1.665802002 -0.028029088 0.534459114 -0.009303951 -0.945017397 -0.019031541 -0.326333433
1756587194357200640.000000 1.667704225 -0.027803017 0.530673146 -0.009558140 -0.947166085 -0.019066449 -0.320033610
1756587194390542336.000000 1.669842482 -0.028127816 0.526552200 0.008956887 0.949346066 0.018133340 0.313581169
1756587194423883520.000000 1.671547413 -0.027911246 0.524163187 -0.008329920 -0.951555729 -0.017668214 -0.306855321
1756587194457224960.000000 1.672325969 -0.028005112 0.520476341 -0.008716977 -0.953108728 -0.017280053 -0.302008659
1756587194490566144.000000 1.673471928 -0.028040029 0.517266452 -0.009562735 -0.954510033 -0.016795881 -0.297551900
1756587194523907328.000000 1.674314976 -0.028074645 0.513990700 -0.010707748 -0.955910802 -0.016083941 -0.293020815
1756587194557246976.000000 1.675851226 -0.027796714 0.510717094 -0.010280282 -0.957488716 -0.015336263 -0.287879348
1756587194590587392.000000 1.677639127 -0.027806368 0.507512689 -0.009991550 -0.959105909 -0.015506257 -0.282445788
1756587194623928064.000000 1.677843690 -0.028444581 0.503668845 -0.010042542 -0.960634708 -0.016622666 -0.277135164
1756587194657268480.000000 1.679238558 -0.028087519 0.499678969 -0.009792717 -0.962192237 -0.017789047 -0.271613359
1756587194690609152.000000 1.680751085 -0.027681923 0.494978368 -0.010104882 -0.963610351 -0.018518023 -0.266477406
1756587194723949568.000000 1.682061672 -0.027066782 0.490737677 -0.010035741 -0.964715540 -0.017759170 -0.262503088
1756587194757290240.000000 1.682477117 -0.026934996 0.487654865 -0.010555750 -0.965063930 -0.016534904 -0.261279285
1756587194790630656.000000 1.683746338 -0.027436372 0.483696461 0.010749681 0.964572549 0.017107120 0.263043106
1756587194823971328.000000 1.685137510 -0.027731575 0.483006001 -0.010156597 -0.964170098 -0.017546639 -0.264509112
1756587194857311488.000000 1.687481880 -0.026843470 0.481159329 -0.010733929 -0.963724077 -0.017056827 -0.266138583
1756587194890652160.000000 1.689186335 -0.027390264 0.479665339 -0.010913059 -0.963586092 -0.015409568 -0.266730785
1756587194923992576.000000 1.690794587 -0.027552539 0.477619052 -0.010873428 -0.963591576 -0.014649749 -0.266755670
1756587194957332992.000000 1.692342758 -0.027809054 0.475253224 -0.011409091 -0.963535726 -0.014350777 -0.266951054
1756587194990672640.000000 1.692147017 -0.027653929 0.471232653 0.011413269 0.963003457 0.014656001 0.268848211
1756587195024013056.000000 1.694677234 -0.027681932 0.468080401 -0.011447669 -0.963050008 -0.015453707 -0.268635362
1756587195057353472.000000 1.697090030 -0.027789678 0.465117157 -0.010967878 -0.963125348 -0.016199486 -0.268340826
1756587195090693888.000000 1.699100018 -0.027327174 0.462382853 -0.011286861 -0.963186562 -0.015967540 -0.268122047
1756587195124034304.000000 1.700562835 -0.027406437 0.459993660 -0.011323182 -0.963226020 -0.015637204 -0.267998159
1756587195157374976.000000 1.701962471 -0.027582938 0.457457840 -0.011714439 -0.963251829 -0.015103756 -0.267918944
1756587195190715136.000000 1.703373551 -0.027549282 0.455003500 -0.011896805 -0.963194728 -0.014805768 -0.268133014
1756587195224055808.000000 1.704282641 -0.027625181 0.452025473 0.011506129 0.962935686 0.014580404 0.269090772
1756587195257395968.000000 1.706178308 -0.027526375 0.448885024 0.011551672 0.962861419 0.015082109 0.269327134
1756587195290736384.000000 1.707796812 -0.027370781 0.445394158 0.011722791 0.962763786 0.015605375 0.269638687
1756587195324076800.000000 1.709641218 -0.027289541 0.442096889 0.011768318 0.963098109 0.015981752 0.268417835
1756587195357417472.000000 1.711646199 -0.027859706 0.438625395 0.011814197 0.964300156 0.015844783 0.264073074
1756587195390757632.000000 1.713751316 -0.027880833 0.435056865 -0.010602229 -0.966163099 -0.017117376 -0.257144988
1756587195424096768.000000 1.714731574 -0.027761191 0.431157947 -0.010806008 -0.967850149 -0.017785313 -0.250665396
1756587195457437184.000000 1.715559244 -0.027316162 0.427527487 -0.011171588 -0.969497263 -0.017417127 -0.244227350
1756587195490777856.000000 1.716167092 -0.027414916 0.423883438 -0.011709764 -0.971037388 -0.016785869 -0.238049686
1756587195524118528.000000 1.716806173 -0.027135052 0.419803321 -0.011357496 -0.972535849 -0.016693790 -0.231875762
1756587195557459968.000000 1.717808723 -0.026790405 0.416135490 -0.010714895 -0.973947406 -0.016733386 -0.225901857
1756587195590801408.000000 1.717265487 -0.027301284 0.412059844 0.011496460 0.975082576 0.016861428 0.220901519
1756587195624143360.000000 1.717781425 -0.027626066 0.409096599 0.012153645 0.976396859 0.016217615 0.215031266
1756587195657484800.000000 1.718631148 -0.027664585 0.405197978 -0.012939837 -0.977697194 -0.015635535 -0.209036782
1756587195690826496.000000 1.719702959 -0.027705327 0.401797891 -0.012656805 -0.979021847 -0.015695047 -0.202755675
1756587195724167936.000000 1.720753193 -0.027965482 0.398072898 -0.011729312 -0.980220616 -0.016442569 -0.196874619
1756587195757509376.000000 1.721562743 -0.027570896 0.393739581 -0.011764319 -0.981340051 -0.017096076 -0.191157013
1756587195790851328.000000 1.721844435 -0.027871829 0.389654815 -0.011655219 -0.982313156 -0.018005645 -0.186013296
1756587195824192768.000000 1.722066402 -0.027969621 0.385783464 -0.012285343 -0.983279884 -0.018167164 -0.180775523
1756587195857533440.000000 1.722010493 -0.026897524 0.381081462 -0.012438148 -0.984197855 -0.017242461 -0.175791740
1756587195890875136.000000 1.722470164 -0.026962141 0.377674490 -0.012456091 -0.985084891 -0.016632382 -0.170810178
1756587195924216832.000000 1.722693086 -0.027330682 0.374274850 -0.012666674 -0.985970974 -0.016306050 -0.165634930
1756587195957558272.000000 1.722934484 -0.028044950 0.370782852 -0.012830179 -0.986849070 -0.016854834 -0.160250396
1756587195990899712.000000 1.722985148 -0.028633762 0.367157042 -0.013265836 -0.987723529 -0.017184280 -0.154696450
1756587196024241408.000000 1.723723650 -0.028744124 0.363345861 -0.013348722 -0.988661945 -0.017654201 -0.148518473
1756587196057583360.000000 1.723317623 -0.027110349 0.358965129 -0.013496087 -0.989528835 -0.016969576 -0.142697737
1756587196090924800.000000 1.724246025 -0.027154949 0.354957581 -0.013354784 -0.990474939 -0.017327048 -0.135944188
1756587196124266496.000000 1.723399997 -0.027419915 0.351282030 0.012850532 0.991244435 0.016957985 0.130314693
1756587196157608192.000000 1.724151850 -0.027481852 0.347252995 -0.013213865 -0.992018461 -0.017153671 -0.124219745
1756587196190949632.000000 1.723985434 -0.028036375 0.343759656 -0.013541713 -0.992702067 -0.016749837 -0.118653886
1756587196224291328.000000 1.722764492 -0.027035205 0.339305758 0.013411228 0.993266225 0.016020523 0.113954499
1756587196257633024.000000 1.723511934 -0.027244611 0.336036563 -0.013369594 -0.993996501 -0.016135084 -0.107386351
1756587196290974720.000000 1.724110723 -0.027725171 0.332222998 -0.012859274 -0.994683146 -0.016250873 -0.100876778
1756587196324315136.000000 1.723987699 -0.027451662 0.328442991 -0.012775113 -0.995241940 -0.016589114 -0.095158465
1756587196357656832.000000 1.724008203 -0.027487492 0.324383914 -0.012654566 -0.995748639 -0.017012637 -0.089638822
1756587196390998528.000000 1.723638773 -0.027641568 0.320514500 -0.013114378 -0.996180773 -0.017312745 -0.084570520
1756587196424339968.000000 1.722452760 -0.026873706 0.315813065 0.013747774 0.996537030 0.016776612 0.080272615
1756587196457681920.000000 1.722444773 -0.026971193 0.312289059 -0.013668146 -0.996998906 -0.016364764 -0.074421920
1756587196491023616.000000 1.722391129 -0.026736010 0.308463246 -0.013618966 -0.997444153 -0.016146479 -0.068257779
1756587196524365056.000000 1.722201467 -0.026363878 0.304636061 -0.013452759 -0.997855961 -0.015645290 -0.062111281
1756587196557706240.000000 1.722067356 -0.026387220 0.300574154 -0.013861970 -0.998219669 -0.015384184 -0.055935752
1756587196591047424.000000 1.721817613 -0.026414754 0.296842098 -0.013548809 -0.998518169 -0.015263812 -0.050447814
1756587196624388864.000000 1.719182253 -0.026562890 0.292676687 0.014045562 0.998724222 0.015224765 0.046053883
1756587196657730304.000000 1.719860911 -0.026880732 0.289443910 -0.013464213 -0.998982549 -0.015497564 -0.040157601
1756587196691071488.000000 1.719850063 -0.026877414 0.285782844 -0.013642197 -0.999199927 -0.015672676 -0.034174174
1756587196724412928.000000 1.719484568 -0.026919987 0.281694084 -0.013560057 -0.999377906 -0.016234012 -0.028222723
1756587196757752832.000000 1.719305634 -0.027061077 0.277620167 0.013357540 0.999510288 0.016370038 0.023083393
1756587196791094272.000000 1.718622804 -0.026969200 0.274305880 -0.013537048 -0.999624014 -0.016461719 -0.017252069
1756587196824435456.000000 1.716186643 -0.026388632 0.270346224 0.013861348 0.999692917 0.015591044 0.013378022
1756587196857776896.000000 1.715587735 -0.026426975 0.266874373 -0.014097575 -0.999759018 -0.015078504 -0.007468317
1756587196891118080.000000 1.715515494 -0.026455032 0.263765216 -0.014233078 -0.999791622 -0.014569188 -0.001365790
1756587196924459520.000000 1.715722680 -0.026635649 0.260401577 -0.013739777 -0.999782860 -0.014830275 0.005054779
1756587196957800704.000000 1.714939117 -0.027270880 0.256106615 -0.014127387 -0.999713898 -0.015862687 0.011003232
1756587196991141888.000000 1.713815451 -0.027193796 0.251406163 -0.014306180 -0.999612808 -0.017133838 0.016613422
1756587197024483328.000000 1.711052179 -0.025966614 0.246464938 -0.014284746 -0.999529123 -0.017197739 0.021018904
1756587197057824256.000000 1.709851623 -0.025998566 0.242623657 -0.014493406 -0.999400795 -0.016870443 0.026522398
1756587197091165696.000000 1.708582401 -0.026202764 0.239274919 -0.014509460 -0.999243081 -0.016036579 0.032335065
1756587197157848064.000000 1.706030726 -0.026131462 0.232408762 -0.014523316 -0.998807967 -0.015350306 0.044000611
1756587197191189504.000000 1.704874277 -0.026073944 0.228596807 -0.014662653 -0.998525500 -0.015359880 0.049959995
1756587197224529664.000000 1.704220533 -0.026184026 0.224881649 0.014295056 0.998233080 0.015052354 -0.055676892
1756587197257870848.000000 1.703049183 -0.026128538 0.221460998 0.014420486 0.997898579 0.014870226 -0.061396576
1756587197291212032.000000 1.701656222 -0.026205208 0.217979908 -0.014652234 -0.997548878 -0.014623981 0.066840507
1756587197357894656.000000 1.698893309 -0.026158459 0.210533023 -0.014227804 -0.996688902 -0.015030665 0.078631870
1756587197391235840.000000 1.697389960 -0.026148770 0.206806242 -0.014262143 -0.996185005 -0.014792119 0.084813468
1756587197424577280.000000 1.695766330 -0.026247036 0.203180254 -0.014067325 -0.995671153 -0.014598354 0.090708517
1756587197491259904.000000 1.693004012 -0.026310533 0.196695268 0.013456978 0.994606078 0.014278396 -0.101852678
1756587197524601088.000000 1.691724896 -0.026249044 0.192940891 0.013627302 0.994042337 0.014540984 -0.107158177
1756587197557942528.000000 1.690060139 -0.026256304 0.189399540 -0.013731801 -0.993488252 -0.015581327 0.112025782
1756587197591284224.000000 1.688329816 -0.026061092 0.185438335 -0.013865583 -0.992848873 -0.015891364 0.117500678
1756587197657966336.000000 1.685308814 -0.026044685 0.178805113 -0.013860912 -0.991395593 -0.014842558 0.129315287
1756587197691307776.000000 1.683493137 -0.026010573 0.175897479 -0.014066196 -0.990652680 -0.014242115 0.134931624
1756587197724649728.000000 1.681879997 -0.026121154 0.172723174 -0.013836297 -0.989912868 -0.013896419 0.140313834
1756587197791332608.000000 1.677450061 -0.026159432 0.165437937 0.014120291 0.988211155 0.015027836 -0.151702479
1756587197824674304.000000 1.675915003 -0.025875933 0.161482334 0.013589528 0.987231195 0.015448342 -0.157959685
1756587197858015744.000000 1.673925400 -0.025770597 0.157779574 0.013770973 0.986256361 0.015821213 -0.163885728
1756587197924699392.000000 1.669016957 -0.025959559 0.152314544 -0.013700560 -0.984529793 -0.015003065 0.174035713
1756587197958040832.000000 1.666977286 -0.026139904 0.149617553 -0.013547506 -0.983622432 -0.014104568 0.179177046
1756587197991382272.000000 1.665300250 -0.026240990 0.146591544 -0.013528292 -0.982637167 -0.013955717 0.184516892
1756587198024723968.000000 1.663009882 -0.026302505 0.143423557 -0.013818075 -0.981641591 -0.013892695 0.189725935
1756587198091406336.000000 1.657914281 -0.026406400 0.137552023 0.014744909 0.979402840 0.014455825 -0.200857744
1756587198124748032.000000 1.655664802 -0.026245095 0.133672595 0.014611505 0.978133261 0.015026815 -0.206920370
1756587198158089728.000000 1.653442740 -0.026348438 0.129940867 0.014646159 0.976811290 0.015749305 -0.213019401
1756587198224772608.000000 1.648621082 -0.025928620 0.123821735 0.014242656 0.974209726 0.015334650 -0.224671766
1756587198258114560.000000 1.646146417 -0.026318133 0.121208787 0.014389258 0.972987592 0.014735409 -0.229937106
1756587198291456000.000000 1.644046068 -0.026195344 0.118379951 0.014142328 0.971690834 0.013865510 -0.235424638
1756587198358139392.000000 1.637705326 -0.024404902 0.112146854 -0.014023580 -0.969069600 -0.013804991 0.246001884
1756587198391480832.000000 1.635334730 -0.024686284 0.109169006 -0.014160458 -0.967653453 -0.014826856 0.251448810
1756587198424822528.000000 1.632663012 -0.024811022 0.106322289 -0.014603026 -0.966633260 -0.014329313 0.255346060
1756587198491505920.000000 1.629117012 -0.024896733 0.100996494 -0.015577093 -0.967018247 -0.013944668 0.253847778
1756587198524847872.000000 1.628307581 -0.024547786 0.097658396 -0.015174369 -0.967468858 -0.014452558 0.252120763
1756587198558188544.000000 1.627187014 -0.024285365 0.095285296 0.014827247 0.967748046 0.014017940 -0.251092434
1756587198624872192.000000 1.623460174 -0.024071455 0.089684367 0.015054648 0.967417359 0.013659015 -0.252369821
1756587198658214144.000000 1.621145964 -0.024083249 0.086503148 0.015160326 0.966205597 0.012772381 -0.257009327
1756587198691556096.000000 1.618142843 -0.024193514 0.082800031 0.014637116 0.964377701 0.013594226 -0.263773918
1756587198758240000.000000 1.611899614 -0.024343334 0.076694727 0.014960215 0.960168302 0.016040927 -0.278560281
1756587198791581952.000000 1.609004498 -0.024387918 0.074613929 0.014965614 0.958318889 0.015311789 -0.284897417
1756587198824923392.000000 1.606407166 -0.024478763 0.072577834 0.015226843 0.956677616 0.014181963 -0.290405095
1756587198891607552.000000 1.599761724 -0.022727553 0.067042708 -0.014042923 -0.953371465 -0.012855772 0.301198274
1756587198924949504.000000 1.596919417 -0.022742357 0.064175010 -0.013415494 -0.951547146 -0.013440281 0.306916177
1756587198958291200.000000 1.593793869 -0.022813279 0.061181068 -0.013863825 -0.949773371 -0.013968213 0.312319279
1756587199024974080.000000 1.587689281 -0.022695441 0.055891752 -0.014310102 -0.946364224 -0.014434784 0.322461903
1756587199058316288.000000 1.584754229 -0.022549298 0.053284645 -0.014215170 -0.944532990 -0.013812740 0.327817827
1756587199091658240.000000 1.581650257 -0.021743525 0.050757527 0.013261506 0.942588627 0.013638240 -0.333413959
1756587199158342144.000000 1.576331615 -0.021841008 0.046107292 0.013019260 0.938999355 0.012695519 -0.343437970
1756587199191683840.000000 1.573280573 -0.022120912 0.044091940 0.013201234 0.937269270 0.012691425 -0.348124981
1756587199225025792.000000 1.569888592 -0.021928776 0.041686416 0.013658841 0.935447752 0.013008141 -0.352961600
1756587199258368000.000000 1.566241980 -0.021560140 0.039196968 0.014132898 0.933512926 0.013472369 -0.358011782
1756587199325051904.000000 1.559504032 -0.021466348 0.034637451 0.014330648 0.929059684 0.014444185 -0.369370103
1756587199358393856.000000 1.555922985 -0.021659736 0.035086751 -0.014232765 -0.927229345 -0.013939216 0.373963743
1756587199391735552.000000 1.553064942 -0.022000127 0.033046961 -0.013884651 -0.925017059 -0.013128937 0.379444927
1756587199425076736.000000 1.550049663 -0.021922359 0.031020761 -0.013558408 -0.922867179 -0.012616992 0.384672940
1756587199491760384.000000 1.544074535 -0.022201842 0.027025342 -0.012737096 -0.918338776 -0.012046100 0.395406842
1756587199525102336.000000 1.540688992 -0.022225302 0.024930835 -0.012541072 -0.916038394 -0.011750176 0.400722384
1756587199558443008.000000 1.536841154 -0.021854343 0.023308158 0.012779389 0.913858414 0.011994251 -0.405654728
1756587199591783936.000000 1.533438683 -0.021319643 0.021753550 0.013210108 0.911618650 0.012150178 -0.410644978
1756587199625124608.000000 1.529631495 -0.021073332 0.019660711 0.013278589 0.909302533 0.012518204 -0.415735483
1756587199691806208.000000 1.522222757 -0.019646887 0.015515208 -0.013321266 -0.904500365 -0.013297544 0.426057398
1756587199725147136.000000 1.518689275 -0.019565992 0.013188481 -0.013379225 -0.901966989 -0.014004791 0.431370467
1756587199758488064.000000 1.515190244 -0.019496959 0.011262298 -0.013312941 -0.899596214 -0.013326275 0.436316282
1756587199791828736.000000 1.512263179 -0.019302852 0.010179400 -0.012563281 -0.897031903 -0.012083763 0.441622019
1756587199825169408.000000 1.509098768 -0.019647259 0.008922696 -0.011896594 -0.894389570 -0.010920356 0.446997285
1756587199891849984.000000 1.502664804 -0.019644780 0.006286502 0.011736065 0.889086604 0.009901409 -0.457481444
1756587199925190912.000000 1.498776793 -0.019884428 0.004296541 0.011962594 0.886332095 0.010506405 -0.462776423
1756587199958531840.000000 1.494872689 -0.020170132 0.002083182 0.012370285 0.883405507 0.012378925 -0.468282431
1756587199991872256.000000 1.490916610 -0.019745192 0.000459909 0.012167113 0.880697429 0.012835304 -0.473349005
1756587200025213184.000000 1.486939788 -0.020038391 -0.000623584 0.012379695 0.877969325 0.012480714 -0.478394121
1756587200091894784.000000 1.483753204 -0.019366795 -0.000633597 -0.011346511 -0.872295856 -0.010175066 0.488741010
1756587200125235200.000000 1.480714798 -0.019919392 -0.001509666 -0.011126547 -0.869530797 -0.009701042 0.493658185
1756587200158576128.000000 1.476869941 -0.019755296 -0.002578259 -0.011538150 -0.866717696 -0.009214165 0.498580605
1756587200191917056.000000 1.472663522 -0.019556975 -0.003770947 -0.011830148 -0.863799512 -0.009387711 0.503609359
1756587200225257728.000000 1.468240619 -0.019485459 -0.005312324 -0.011836696 -0.860767543 -0.010322157 0.508755982
1756587200258598400.000000 1.464158058 -0.019018708 -0.005945086 0.012357501 0.857816637 0.011519177 -0.513678133
1756587200291939328.000000 1.460004568 -0.019072112 -0.007056117 0.012385215 0.855015039 0.011707229 -0.518323183
1756587200325278720.000000 1.456157684 -0.019215899 -0.007612705 0.012614325 0.851962805 0.011492386 -0.523324192
1756587200391960064.000000 1.449799538 -0.019525453 -0.008507967 0.011184014 0.845516086 0.009649878 -0.533745646
1756587200425300992.000000 1.447278500 -0.019360077 -0.009465814 -0.010860811 -0.842236400 -0.008715994 0.538928449
1756587200458641408.000000 1.443740606 -0.019152204 -0.010230184 -0.010507704 -0.839210808 -0.008776807 0.543633938
1756587200491982336.000000 1.439553261 -0.019387245 -0.011270642 -0.010827980 -0.836220443 -0.008871774 0.548214734
1756587200525323008.000000 1.435439825 -0.018889945 -0.011858225 -0.010791052 -0.833283722 -0.008730365 0.552671373
1756587200558663680.000000 1.431384563 -0.019001238 -0.012379885 -0.010863042 -0.830144167 -0.008715844 0.557374895
1756587200592004096.000000 1.427416921 -0.019212075 -0.013173103 0.011532755 0.827063501 0.009011243 -0.561917961
1756587200625344512.000000 1.423865914 -0.019110620 -0.013561845 -0.011570760 -0.823839188 -0.008995737 0.566634059
1756587200658684928.000000 1.419629931 -0.019532429 -0.014545321 -0.012077067 -0.820586801 -0.009482767 0.571315646
1756587200725365760.000000 1.411334157 -0.019088332 -0.016185641 -0.012171948 -0.814667344 -0.009988477 0.579714835
1756587200758705664.000000 1.407727957 -0.019055776 -0.016942382 -0.011754404 -0.813651621 -0.009028999 0.581163883
1756587200792046080.000000 1.404650211 -0.018864922 -0.018418789 -0.011787726 -0.813946128 -0.010057525 0.580733657
1756587200825386496.000000 1.409980297 -0.021549050 -0.014892936 -0.015703579 -0.814801633 -0.012457504 0.579393387
1756587200858726912.000000 1.407623291 -0.021665517 -0.016282201 -0.015600485 -0.815731406 -0.011887529 0.578098297
1756587200892067328.000000 1.405848742 -0.022423215 -0.017198920 -0.014733058 -0.815930486 -0.010606230 0.577865064
1756587200958748416.000000 1.400655389 -0.023104751 -0.018759489 0.013587227 0.815966487 0.009269076 -0.577865362
1756587200992088832.000000 1.397630334 -0.023226352 -0.019836068 0.013643815 0.816093862 0.009208829 -0.577684939
1756587201025429248.000000 1.394140720 -0.022181369 -0.021085501 -0.014032333 -0.816305161 -0.009232709 0.577376723
1756587201058769664.000000 1.390579462 -0.022011364 -0.022518873 0.014918558 0.816242039 0.010524314 -0.577421546
1756587201092110080.000000 1.386386275 -0.021663344 -0.024255514 0.015867880 0.815957189 0.011990671 -0.577770174
1756587201125450496.000000 1.382713556 -0.021450803 -0.025626183 0.016151136 0.814762056 0.012585822 -0.579433858
1756587201158791168.000000 1.379106283 -0.021669425 -0.026521206 0.015015500 0.811818957 0.011702812 -0.583598912
1756587201225470720.000000 1.369968653 -0.021017678 -0.026453614 -0.015596262 -0.803473771 -0.012366297 0.595007420
1756587201258810880.000000 1.366065979 -0.020975210 -0.026258707 -0.015641365 -0.799314022 -0.012282331 0.600584328
1756587201292151552.000000 1.362214684 -0.020752698 -0.026131749 -0.015871091 -0.795257628 -0.011732872 0.605950296
1756587201325491968.000000 1.358735085 -0.020960912 -0.026106000 -0.015329291 -0.792300940 -0.011286454 0.609833419
1756587201358832384.000000 1.356066227 -0.021269331 -0.026752114 0.014952242 0.791413009 0.011688093 -0.610987246
1756587201392172544.000000 1.352897286 -0.021149851 -0.027494550 0.015094273 0.792401969 0.012283719 -0.609688878
1756587201425512960.000000 1.349059463 -0.020665970 -0.029163241 -0.015745794 -0.794200480 -0.013282967 0.607306480
1756587201458853120.000000 1.346669674 -0.020527624 -0.030209422 -0.015389502 -0.795131862 -0.012284869 0.606116831
1756587201525534208.000000 1.341839552 -0.020654738 -0.031667113 -0.014394412 -0.795587659 -0.010491797 0.605576634
1756587201558875392.000000 1.338831544 -0.020505965 -0.032348156 -0.014781716 -0.795699060 -0.010718827 0.605417013
1756587201592216320.000000 1.335411072 -0.020265207 -0.033490896 -0.015545688 -0.795578539 -0.011391825 0.605543852
1756587201625557504.000000 1.331575155 -0.020721577 -0.033813357 -0.016325356 -0.795472503 -0.012319036 0.605644584
1756587201658897408.000000 1.327743173 -0.020316917 -0.034684777 -0.016858084 -0.795166314 -0.013117138 0.606015086
1756587201692238592.000000 1.324185967 -0.020320760 -0.035746813 -0.017287938 -0.794805169 -0.013782939 0.606461823
1756587201758920704.000000 1.318606377 -0.020225059 -0.037186027 -0.016050143 -0.794476807 -0.012776997 0.606948018
1756587201792261632.000000 1.316135883 -0.020277822 -0.037847161 -0.015181775 -0.794546604 -0.011427493 0.606905818
1756587201825602816.000000 1.313452482 -0.020541558 -0.038815618 -0.014791952 -0.794773221 -0.010957420 0.606627405
1756587201858944000.000000 1.310326457 -0.020370036 -0.039848328 -0.015080664 -0.794862092 -0.011506748 0.606493711
1756587201925626112.000000 1.302762508 -0.019476544 -0.042292714 -0.016996486 -0.795054257 -0.013940332 0.606139958
1756587201958967040.000000 1.299169660 -0.019334665 -0.043067455 -0.017567916 -0.794961095 -0.014279410 0.606238008
1756587201992308224.000000 1.296883821 -0.019490806 -0.043681264 -0.016930647 -0.794914901 -0.013329567 0.606338263
1756587202025649152.000000 1.294489264 -0.019700345 -0.043907404 -0.015990354 -0.795152307 -0.011836514 0.606083333
1756587202058990336.000000 1.292391062 -0.020382509 -0.044384599 -0.015243102 -0.795100749 -0.010875399 0.606188297
1756587202125671168.000000 1.286550999 -0.021011705 -0.046151400 0.015038323 0.794689655 0.010525348 -0.606738389
1756587202159012352.000000 1.283278346 -0.020786643 -0.046889424 -0.015092194 -0.794621646 -0.011245070 0.606813252
1756587202192353280.000000 1.279799581 -0.020890631 -0.048117399 -0.015248231 -0.794456661 -0.012257667 0.607005656
1756587202225694464.000000 1.275817156 -0.019726763 -0.049749970 0.015424708 0.794390976 0.013122706 -0.607069194
1756587202259035392.000000 1.272409320 -0.019497409 -0.050629854 0.015943248 0.794441164 0.013551604 -0.606980562
1756587202292376576.000000 1.268796206 -0.019763021 -0.051049709 -0.016025275 -0.794498980 -0.013378963 0.606906652
1756587202359058688.000000 1.263275623 -0.019850977 -0.052497625 -0.015702905 -0.794787884 -0.012268509 0.606560171
1756587202392399360.000000 1.260225892 -0.019562233 -0.053286791 -0.015818311 -0.794804156 -0.012203222 0.606537163
1756587202425740544.000000 1.257434845 -0.019755356 -0.054279804 -0.015482226 -0.794624090 -0.012230513 0.606781065
1756587202459081728.000000 1.254347563 -0.019661872 -0.055156469 -0.015370679 -0.794570446 -0.012520676 0.606848359
1756587202492422656.000000 1.251111627 -0.019516174 -0.055916429 0.015672900 0.794524312 0.012497246 -0.606901467
1756587202559103232.000000 1.246070504 -0.018943418 -0.057192564 -0.014833888 -0.794776082 -0.011562519 0.606611252
1756587202592444160.000000 1.243584394 -0.018994659 -0.057900667 -0.014009171 -0.794726968 -0.010908238 0.606707335
1756587202625784576.000000 1.240980864 -0.019220632 -0.058691263 -0.013601790 -0.794551849 -0.010852519 0.606947005
1756587202659125504.000000 1.237792969 -0.019147139 -0.059538007 -0.013768862 -0.794491291 -0.010981037 0.607020199
1756587202725806848.000000 1.230763674 -0.018648069 -0.061226726 -0.014572540 -0.794578910 -0.011807566 0.606871247
1756587202759147520.000000 1.227259874 -0.017922802 -0.061889529 0.015105120 0.794793367 0.012201088 -0.606569529
1756587202792488448.000000 1.224052787 -0.018331513 -0.062692285 -0.015406636 -0.794786572 -0.012709283 0.606560409
1756587202825828864.000000 1.221191406 -0.018242804 -0.063282013 -0.015376065 -0.794906199 -0.011854582 0.606421649
1756587202859169792.000000 1.218790054 -0.018443948 -0.063962460 -0.015179642 -0.795103490 -0.011266584 0.606179178
1756587202925851136.000000 1.213520050 -0.018634778 -0.065769792 -0.014463941 -0.794825375 -0.010941253 0.606567144
1756587202959191552.000000 1.210899472 -0.018341316 -0.066969156 -0.013772338 -0.794626355 -0.010636222 0.606849372
1756587202992531200.000000 1.207039356 -0.018401131 -0.068350077 -0.013195874 -0.794608653 -0.010726947 0.606883824
1756587203025871872.000000 1.204163313 -0.018092461 -0.069620967 -0.012966633 -0.794488072 -0.010604341 0.607048810
1756587203059212800.000000 1.200926423 -0.017971069 -0.070710540 -0.013546016 -0.794601083 -0.011546621 0.606871009
1756587203125894144.000000 1.194790125 -0.018003393 -0.072472692 -0.014321141 -0.795215487 -0.011731476 0.606044352
1756587203159234560.000000 1.191909432 -0.018161301 -0.072899580 -0.014125274 -0.795395553 -0.010776798 0.605830312
1756587203192575232.000000 1.188574553 -0.018301735 -0.072868943 -0.014012238 -0.795589626 -0.010088929 0.605589807
1756587203225915904.000000 1.186179161 -0.018611889 -0.073293567 0.013660272 0.795334876 0.009470235 -0.605942369
1756587203259256576.000000 1.183110595 -0.018635871 -0.074055672 0.013796548 0.795038164 0.009488962 -0.606328309
1756587203325937664.000000 1.176883101 -0.018690992 -0.075980425 0.013713701 0.794267595 0.010398684 -0.607324362
1756587203359278592.000000 1.174143076 -0.018745298 -0.077045083 -0.013703419 -0.794092536 -0.010828117 0.607545972
1756587203392619008.000000 1.170767188 -0.018838529 -0.078056335 -0.013792911 -0.794156730 -0.011100618 0.607455134
1756587203425958656.000000 1.167434216 -0.018493941 -0.078561425 -0.013639366 -0.794417024 -0.011077462 0.607118607
1756587203492639744.000000 1.159678698 -0.016380068 -0.080063820 -0.013206018 -0.794903278 -0.009623257 0.606516182
1756587203525980672.000000 1.156639338 -0.016084054 -0.080666780 -0.012782156 -0.794910610 -0.008782267 0.606528342
1756587203559322624.000000 1.153583765 -0.016244905 -0.081827283 -0.012472820 -0.794821501 -0.008734872 0.606652319
1756587203592664064.000000 1.150148869 -0.015908455 -0.082858682 -0.012926533 -0.794818819 -0.009538239 0.606634259
1756587203626005760.000000 1.146751165 -0.015488929 -0.083888531 -0.013043114 -0.794857025 -0.010014733 0.606573939
1756587203692689152.000000 1.141428947 -0.015961183 -0.085803986 -0.012786518 -0.794959605 -0.009985004 0.606445551
1756587203726031104.000000 1.138093472 -0.015957804 -0.086442709 -0.012440383 -0.794790030 -0.009571068 0.606681585
1756587203759372800.000000 1.135282040 -0.016059088 -0.087279797 -0.011879294 -0.794565082 -0.008942699 0.606996953
1756587203792714240.000000 1.132126808 -0.016144410 -0.088200212 -0.011923684 -0.794693828 -0.009418393 0.606820345
1756587203826056192.000000 1.129064560 -0.015899656 -0.088802218 -0.012398240 -0.795059562 -0.009501230 0.606330276
1756587203892738816.000000 1.122809768 -0.015600262 -0.090007544 -0.012830778 -0.795254052 -0.008571465 0.606079996
1756587203926080256.000000 1.119096279 -0.015466389 -0.090933442 -0.013519734 -0.795060515 -0.009551252 0.606304288
1756587203959422208.000000 1.115344882 -0.016011791 -0.091990948 -0.014412655 -0.794764757 -0.011643798 0.606634796
1756587203992763904.000000 1.112230062 -0.015725866 -0.092676044 -0.014188050 -0.794569969 -0.012174054 0.606884718
1756587204026105600.000000 1.109653592 -0.015686229 -0.093096733 -0.013589593 -0.794513106 -0.011102390 0.606993437
1756587204092789248.000000 1.105749011 -0.016561635 -0.094145656 0.012306117 0.794812322 0.008389946 -0.606672585
1756587204126130944.000000 1.103349090 -0.016604606 -0.094812512 0.011980323 0.795153558 0.008070559 -0.606236160
1756587204159472640.000000 1.099748015 -0.016346512 -0.095580101 0.011843817 0.795588255 0.007878429 -0.605670810
1756587204226156032.000000 1.093188405 -0.015984014 -0.097713470 -0.013702749 -0.795623183 -0.009088403 0.605568767
1756587204259497984.000000 1.088254094 -0.015608632 -0.098845720 -0.014514820 -0.795401812 -0.009904985 0.605827689
1756587204292839424.000000 1.084583044 -0.015218063 -0.099944592 0.014529013 0.795068860 0.010639443 -0.606251895
1756587204326180352.000000 1.081668377 -0.015048910 -0.100819826 -0.013702395 -0.794591188 -0.009679134 0.606913030
1756587204392864000.000000 1.077164292 -0.015640182 -0.102002978 -0.012539261 -0.794776499 -0.008129270 0.606718242
1756587204426205952.000000 1.074743032 -0.016254120 -0.102538347 -0.012475659 -0.795104444 -0.007702211 0.606295347
1756587204459547392.000000 1.071975470 -0.016493509 -0.103348851 -0.012592230 -0.795211196 -0.007759100 0.606152177
1756587204526231040.000000 1.064319968 -0.015549907 -0.105215669 -0.013800442 -0.795396149 -0.009471561 0.605858862
1756587204559572736.000000 1.060366392 -0.014840974 -0.106370807 -0.014403093 -0.795306325 -0.010258281 0.605949879
1756587204592914688.000000 1.056407928 -0.014619358 -0.107551575 0.015024264 0.795211494 0.011055147 -0.606045127
1756587204659597824.000000 1.051133871 -0.014910566 -0.109243274 -0.014399736 -0.795171678 -0.009184836 0.606143892
1756587204692939776.000000 1.048986077 -0.015380721 -0.109487891 -0.013541403 -0.795111120 -0.007745396 0.606263101
1756587204759622144.000000 1.044379711 -0.016657414 -0.110260963 -0.012398494 -0.794668257 -0.006785101 0.606879532
1756587204792964096.000000 1.041732430 -0.015860597 -0.111210108 0.011950224 0.794855893 0.006878971 -0.606641591
1756587204826305536.000000 1.037890553 -0.015477974 -0.112198472 0.012525628 0.795212746 0.008057367 -0.606147647
1756587204892989184.000000 1.028816223 -0.014272378 -0.114617348 -0.015561148 -0.795448482 -0.012192916 0.605698764
1756587204926330880.000000 1.025712013 -0.014062719 -0.115856051 -0.015948903 -0.795345664 -0.012365368 0.605820119
1756587204959672576.000000 1.023335934 -0.013941507 -0.116354585 -0.015104931 -0.795629382 -0.011313222 0.605489731
1756587205026356224.000000 1.020112276 -0.014548540 -0.117076516 0.012848991 0.796513438 0.007012827 -0.604443669
1756587205059698176.000000 1.018127084 -0.015374145 -0.117291212 -0.012220285 -0.796786129 -0.005837488 0.604109645
1756587205126381312.000000 1.012683392 -0.015510665 -0.119030476 0.011938610 0.796324313 0.005878048 -0.604723513
1756587205159723008.000000 1.008919954 -0.015097764 -0.120145440 0.012432001 0.796106637 0.006679932 -0.604991853
1756587205193063936.000000 1.004610300 -0.014727589 -0.121596813 0.013512580 0.795995533 0.008400786 -0.605093420
1756587205259747584.000000 0.995184541 -0.013663193 -0.123298407 -0.015180722 -0.792611182 -0.011179765 0.609435916
1756587205293089280.000000 0.990825653 -0.013199819 -0.123615742 -0.015356401 -0.789057314 -0.011473831 0.614020467
1756587205326430976.000000 0.986692607 -0.013158825 -0.123386860 -0.015309169 -0.784879267 -0.011115625 0.619359851
1756587205393114624.000000 0.981714249 -0.014402146 -0.122538805 -0.013966764 -0.777566135 -0.009976443 0.628566980
1756587205426456320.000000 0.978556275 -0.014551705 -0.122466445 -0.013740933 -0.774152517 -0.009584412 0.632777393
1756587205493139968.000000 0.973323822 -0.014052705 -0.122837424 -0.013793379 -0.774264336 -0.008556230 0.632654130
1756587205526481664.000000 0.970254600 -0.013899324 -0.124246478 -0.013450291 -0.774833381 -0.009286509 0.631954193
1756587205559822592.000000 0.966884732 -0.013639331 -0.125231385 -0.013307149 -0.774975777 -0.009801844 0.631774843
1756587205626504448.000000 0.960360289 -0.013865346 -0.126788855 -0.014208577 -0.774969161 -0.010516606 0.631751776
1756587205659844096.000000 0.957083225 -0.013664518 -0.127107263 -0.014680951 -0.774767876 -0.010858380 0.631982148
1756587205726525952.000000 0.950910211 -0.013292471 -0.128313541 -0.013606769 -0.774477720 -0.010183845 0.632372856
1756587205793208064.000000 0.943380773 -0.012966258 -0.129221797 0.013651158 0.774568796 0.009360430 -0.632273138
1756587205826548736.000000 0.940294504 -0.013013056 -0.129854202 0.014174327 0.774593949 0.009692869 -0.632225811
1756587205859889920.000000 0.936699152 -0.012777563 -0.130288243 0.014370448 0.774547994 0.009720959 -0.632277131
1756587205926571776.000000 0.930583000 -0.012863631 -0.131384850 0.014001220 0.774287641 0.009936141 -0.632600904
1756587205993253376.000000 0.924520016 -0.012919398 -0.132955909 0.013880982 0.774123192 0.009841580 -0.632806242
1756587206026594304.000000 0.921386361 -0.012536717 -0.133414626 0.013835733 0.774257302 0.010156170 -0.632638276
1756587206093275136.000000 0.915103078 -0.012556632 -0.134984970 0.013934168 0.774520516 0.010410037 -0.632309675
1756587206126616064.000000 0.912742674 -0.012487043 -0.135516524 0.013741013 0.774847329 0.009825816 -0.631922722
1756587206193297920.000000 0.905359149 -0.011929194 -0.137308955 -0.013022506 -0.775460064 -0.008266757 0.631208241
1756587206226638592.000000 0.902092338 -0.011767887 -0.137862682 -0.013695095 -0.775600493 -0.008336481 0.631020486
1756587206259979776.000000 0.898573697 -0.011386033 -0.138192058 -0.014251998 -0.775529921 -0.008937476 0.631086707
1756587206326661376.000000 0.890254974 -0.010840583 -0.139927149 0.014757337 0.774333358 0.010774783 -0.632514119
1756587206393343232.000000 0.884199262 -0.010333633 -0.141045332 0.014463635 0.774245858 0.010738882 -0.632628560
1756587206426684160.000000 0.882051945 -0.010901542 -0.141984105 0.014475022 0.774517953 0.010405477 -0.632300794
1756587206493365760.000000 0.876810312 -0.011367023 -0.142532706 0.014056779 0.775335610 0.009101426 -0.631327450
1756587206526705664.000000 0.874301970 -0.011391655 -0.142843008 0.014031681 0.775484920 0.008492350 -0.631153107
1756587206593388032.000000 0.867909193 -0.011107325 -0.143781364 0.015403796 0.775343597 0.009172447 -0.631285131
1756587206626729472.000000 0.863858104 -0.010792434 -0.144444525 0.016085779 0.775238812 0.010015129 -0.631384015
1756587206660070912.000000 0.860342383 -0.010532906 -0.145179510 0.015907744 0.774794102 0.010380508 -0.631928265
1756587206726753280.000000 0.853481889 -0.010701196 -0.147490740 0.014769365 0.774062574 0.010335762 -0.632852435
1756587206793435904.000000 0.847826183 -0.010725718 -0.148422837 0.014593987 0.774655044 0.009561234 -0.632143378
1756587206826776832.000000 0.844957232 -0.010812467 -0.149095953 0.014226993 0.775046647 0.008437350 -0.631687582
1756587206893459456.000000 0.839247465 -0.010596441 -0.150016367 0.014927499 0.775275290 0.008070442 -0.631395578
1756587206960141824.000000 0.831086040 -0.009806504 -0.151345968 0.016324170 0.774548650 0.009945389 -0.632225394
1756587206993482240.000000 0.827596903 -0.009753639 -0.151962101 0.016237704 0.774331272 0.010144334 -0.632490814
1756587207026823168.000000 0.825627923 -0.009776546 -0.152432501 0.015792180 0.774442673 0.008973330 -0.632383347
1756587207093505792.000000 0.820094585 -0.009751727 -0.153619111 0.015456191 0.774977148 0.008800186 -0.631738961
1756587207160188160.000000 0.813746214 -0.009848325 -0.155047238 0.015810413 0.775675058 0.009262750 -0.630866468
1756587207193529344.000000 0.810815811 -0.010175255 -0.155504763 0.016029662 0.775951087 0.008682171 -0.630529642
1756587207260211968.000000 0.804770231 -0.010268370 -0.156369150 -0.015905641 -0.775779307 -0.008677246 0.630744219
1756587207293552896.000000 0.801744461 -0.010147215 -0.157025158 -0.016014054 -0.775617242 -0.008731732 0.630940020
1756587207360235520.000000 0.795279860 -0.009818715 -0.158011138 -0.016914010 -0.776043117 -0.009358473 0.630383551
1756587207393576704.000000 0.791925788 -0.009927605 -0.158772230 -0.017354447 -0.776324451 -0.009833766 0.630017877
1756587207426916864.000000 0.788703680 -0.009823696 -0.159156084 -0.017745826 -0.775505245 -0.009832011 0.631015122
1756587207493599488.000000 0.780833125 -0.009716283 -0.158891559 -0.017438872 -0.768001497 -0.009499389 0.640140235
1756587207560282112.000000 0.774742126 -0.009094871 -0.158068359 0.017429149 0.763795376 0.008210837 -0.645170808
1756587207593624064.000000 0.771576047 -0.009722417 -0.159061968 0.017336434 0.764735460 0.007741627 -0.644064546
1756587207660307712.000000 0.764599204 -0.008499886 -0.159915328 -0.017036753 -0.765632212 -0.008797706 0.642992735
1756587207693649408.000000 0.760901749 -0.008494098 -0.160761118 -0.017382247 -0.765345752 -0.009891668 0.643308640
1756587207760333312.000000 0.754395008 -0.008379292 -0.161814988 -0.017528208 -0.765361071 -0.009586815 0.643290997
1756587207793675008.000000 0.752153099 -0.008326784 -0.161996126 -0.016870273 -0.765542507 -0.008642253 0.643106043
1756587207860357888.000000 0.747240126 -0.008906117 -0.163191676 -0.016827261 -0.766372859 -0.008370619 0.642121077
1756587207893699328.000000 0.743908405 -0.008322502 -0.163776636 0.017566938 0.766873956 0.008346239 -0.641503096
1756587207960382976.000000 0.737267971 -0.008393818 -0.164969683 0.018797241 0.766916096 0.009714738 -0.641398489
1756587207993724928.000000 0.733811975 -0.008384638 -0.166019917 0.018768692 0.766299069 0.010404357 -0.642125607
1756587208060408576.000000 0.726650596 -0.008445813 -0.167745769 -0.017872171 -0.765039086 -0.010737915 0.643646300
1756587208093750528.000000 0.723680437 -0.008390950 -0.168251812 -0.017688673 -0.764801383 -0.010633303 0.643935561
1756587208160434176.000000 0.717852950 -0.008080551 -0.168879211 -0.017349435 -0.765851140 -0.009216722 0.642717779
1756587208193776128.000000 0.715021968 -0.008320088 -0.169274390 -0.016971190 -0.766211987 -0.008593279 0.642306268
1756587208260459776.000000 0.708838940 -0.008426146 -0.170177221 -0.017713614 -0.766016603 -0.009744769 0.642502725
1756587208293801728.000000 0.705364227 -0.008042722 -0.170900822 -0.017851716 -0.765922964 -0.009920034 0.642608047
1756587208360484608.000000 0.698876619 -0.007857324 -0.171679795 -0.018128302 -0.765758216 -0.010177938 0.642792404
1756587208393826560.000000 0.695709944 -0.007598229 -0.172261775 -0.017930407 -0.765110254 -0.010496872 0.643564105
1756587208460510208.000000 0.689019561 -0.007522189 -0.173698425 0.017688468 0.764585674 0.011079190 -0.644184172
1756587208493852416.000000 0.686344147 -0.007463953 -0.173903644 0.017408812 0.765126705 0.010449699 -0.643559635
1756587208560535808.000000 0.680523396 -0.007006309 -0.175301075 -0.016777631 -0.766523778 -0.008293589 0.641943157
1756587208593877760.000000 0.677691340 -0.007321783 -0.176311255 -0.016605468 -0.766816735 -0.008121315 0.641600013
1756587208660561152.000000 0.671860933 -0.007451640 -0.177142501 -0.017387437 -0.767009974 -0.008084293 0.641348600
1756587208693902848.000000 0.668577552 -0.007578398 -0.177764118 -0.017914252 -0.766931534 -0.008245351 0.641425908
1756587208760585472.000000 0.661172509 -0.006954252 -0.178947866 -0.018822614 -0.766475737 -0.009765126 0.641923249
1756587208793927168.000000 0.657240033 -0.006978653 -0.179463267 -0.019425470 -0.766464174 -0.010579156 0.641906083
1756587208827269120.000000 0.653615773 -0.006945417 -0.180104315 0.019930111 0.765920162 0.011145937 -0.642530143
1756587208893952512.000000 0.647996426 -0.007395808 -0.180518687 0.018613603 0.765200913 0.010433578 -0.643437922
1756587208960636160.000000 0.643493831 -0.007978970 -0.181831419 0.016972616 0.765564799 0.008595171 -0.643077552
1756587208993978368.000000 0.640546679 -0.008095734 -0.182522714 0.016747786 0.765626848 0.008949711 -0.643004656
1756587209027320064.000000 0.637273133 -0.008163113 -0.182884455 0.017435165 0.765927136 0.009154512 -0.642625749
1756587209094003712.000000 0.629140496 -0.006873858 -0.184267163 -0.018220766 -0.766323268 -0.009687158 0.642123699
1756587209127345664.000000 0.625583768 -0.006274368 -0.184954166 -0.018420244 -0.766374826 -0.009829544 0.642054319
1756587209194028032.000000 0.618835926 -0.005830431 -0.185670435 -0.018316552 -0.765808582 -0.009785057 0.642733276
1756587209260711936.000000 0.612969160 -0.006434852 -0.186243355 -0.017231200 -0.761231303 -0.008973056 0.648189425
1756587209294053888.000000 0.609615564 -0.006403810 -0.185295999 -0.017763671 -0.756540060 -0.009123581 0.653642476
1756587209360737536.000000 0.602104783 -0.006460954 -0.184682727 -0.018207787 -0.752158940 -0.008931763 0.658669591
1756587209394079488.000000 0.598279834 -0.007227840 -0.185928881 -0.019148916 -0.752924562 -0.010205694 0.657749057
1756587209460763136.000000 0.592814207 -0.006740292 -0.187486887 -0.017413663 -0.753607690 -0.010026656 0.657017350
1756587209494104832.000000 0.590192318 -0.007060496 -0.187569976 -0.016768536 -0.753632665 -0.009049660 0.657019675
1756587209560788480.000000 0.584346533 -0.007552967 -0.188263774 -0.016881933 -0.753982067 -0.008735765 0.656619966
1756587209594129920.000000 0.579625010 -0.005005278 -0.189124644 -0.016099265 -0.754110277 -0.008580385 0.656494439
1756587209660812032.000000 0.572602510 -0.004876295 -0.190020800 -0.016441926 -0.754667222 -0.008679575 0.655844390
1756587209694153728.000000 0.569520235 -0.004729065 -0.190258265 -0.017011924 -0.754730463 -0.008824927 0.655755043
1756587209760836864.000000 0.562712550 -0.004392247 -0.191826880 -0.016940953 -0.753978610 -0.009768326 0.656607926
1756587209794178560.000000 0.559349597 -0.004135866 -0.192544937 0.016912188 0.753722131 0.010193046 -0.656896532
1756587209860861696.000000 0.553003669 -0.003669669 -0.193186879 0.016677164 0.753581285 0.009982726 -0.657067358
1756587209894203392.000000 0.550681353 -0.004621919 -0.193159401 0.016470989 0.753788233 0.009992317 -0.656835079
1756587209927544832.000000 0.548083007 -0.004936598 -0.193796217 0.015971826 0.754011810 0.009841376 -0.656592965
1756587209994228480.000000 0.542241693 -0.005323403 -0.194834352 0.015893722 0.754831016 0.009038241 -0.655664444
1756587210027569664.000000 0.539042890 -0.005243525 -0.195076883 0.016038727 0.755291283 0.008719509 -0.655135036
1756587210094252032.000000 0.531074166 -0.004407503 -0.195786476 -0.016353326 -0.755157650 -0.009453196 0.655271053
1756587210160935424.000000 0.524351597 -0.004021632 -0.196335673 -0.016087873 -0.754680276 -0.009474096 0.655827105
1756587210194276864.000000 0.521548748 -0.003857261 -0.196914732 -0.015916366 -0.754632652 -0.008892817 0.655894220
1756587210260960000.000000 0.514531970 -0.003779106 -0.198230624 -0.015739426 -0.754079342 -0.009539811 0.656525433
1756587210294301696.000000 0.510805607 -0.003248665 -0.199052393 -0.015634434 -0.753494203 -0.010151539 0.657190382
1756587210360985088.000000 0.504807174 -0.004095739 -0.199945331 -0.016076466 -0.753711402 -0.010449985 0.656925738
1756587210394326784.000000 0.502230644 -0.004330591 -0.199687183 -0.016147194 -0.754405499 -0.009651454 0.656139135
1756587210461009920.000000 0.495829254 -0.004090915 -0.200683475 -0.015167927 -0.754291177 -0.008993790 0.656303346
1756587210494351872.000000 0.492815733 -0.004092602 -0.200755835 -0.014751072 -0.753827453 -0.008640372 0.656850040
1756587210527692288.000000 0.489770204 -0.004239207 -0.200924098 -0.014540818 -0.753412306 -0.008434293 0.657333612
1756587210594374400.000000 0.483664095 -0.003668038 -0.202215612 -0.014173860 -0.753752768 -0.008899562 0.656945050
1756587210627715840.000000 0.480731934 -0.002885701 -0.202845871 -0.014485070 -0.754246414 -0.009200352 0.656367242
1756587210694397952.000000 0.474760711 -0.003132332 -0.202812493 -0.014462317 -0.754790962 -0.008656566 0.655748785
1756587210727739392.000000 0.472180605 -0.003488827 -0.202793956 -0.014319311 -0.754624248 -0.008515812 0.655945778
1756587210761080320.000000 0.469280839 -0.003414575 -0.203022629 -0.014188441 -0.754489243 -0.008211942 0.656107783
1756587210827762688.000000 0.463009715 -0.002952754 -0.204118580 -0.014771502 -0.755011737 -0.008738130 0.655486703
1756587210861103872.000000 0.458768189 -0.003789767 -0.204844117 0.015300655 0.755056739 0.008412553 -0.655426919
1756587210927785984.000000 0.452226609 -0.003432360 -0.205701530 0.014898550 0.754778862 0.008317751 -0.655757487
1756587210961127168.000000 0.448060691 -0.003118350 -0.206757009 0.015356624 0.754512370 0.008749881 -0.656047881
1756587211027808512.000000 0.440387189 -0.002448965 -0.208564758 -0.016156573 -0.754051745 -0.010568664 0.656531334
1756587211061149440.000000 0.437093198 -0.002163568 -0.209488809 0.015602140 0.753739119 0.010669339 -0.656901836
1756587211094490880.000000 0.434365064 -0.002266910 -0.210048437 -0.015334358 -0.753867984 -0.010348570 0.656765521
1756587211161172992.000000 0.428674132 -0.002098775 -0.210790068 -0.015213950 -0.754359484 -0.010473703 0.656201780
1756587211194513920.000000 0.425392747 -0.001981719 -0.211177170 -0.015330410 -0.754631877 -0.010576334 0.655884087
1756587211261196032.000000 0.419763058 -0.001779087 -0.211951882 -0.014902291 -0.755341828 -0.009759212 0.655088842
1756587211294537216.000000 0.415690958 -0.001262357 -0.212622434 -0.014571931 -0.755329669 -0.009426955 0.655115187
1756587211361219328.000000 0.408428937 -0.001046366 -0.213432699 -0.014924355 -0.754677713 -0.010383469 0.655843735
1756587211394560512.000000 0.404856086 -0.000714652 -0.213921726 0.015317434 0.754415333 0.011363938 -0.656120360
1756587211461241600.000000 0.397451937 -0.000625185 -0.214955449 0.016220763 0.754076421 0.012579364 -0.656465888
1756587211494582528.000000 0.393666208 -0.000927797 -0.216257632 -0.015969295 -0.753916860 -0.013441413 0.656638205
1756587211561265152.000000 0.388420999 -0.001535567 -0.217494637 -0.015738817 -0.753993928 -0.012721524 0.656569600
1756587211594606336.000000 0.385451674 -0.001403841 -0.217519104 -0.015344389 -0.754038393 -0.012448388 0.656533182
1756587211627948032.000000 0.382484853 -0.001489244 -0.217805982 -0.014909550 -0.753866494 -0.012131527 0.656746447
1756587211694630656.000000 0.376534462 -0.001484111 -0.218853205 -0.014342655 -0.753962159 -0.012472704 0.656642914
1756587211761313280.000000 0.369951874 -0.000884250 -0.220149100 -0.015120132 -0.754899263 -0.012581292 0.655545652
1756587211794654720.000000 0.365781546 -0.000679029 -0.220912457 0.015866956 0.755505562 0.014052567 -0.654799402
1756587211861337344.000000 0.359180570 -0.000401440 -0.222257227 0.016070722 0.755418360 0.014293104 -0.654889762
1756587211894677760.000000 0.356277525 -0.000783321 -0.223071873 0.015871689 0.755098283 0.014261551 -0.655264258
1756587211928018944.000000 0.353081375 -0.000705614 -0.223688990 0.015804326 0.754932225 0.013876070 -0.655465603
1756587211994701568.000000 0.346772641 0.000152545 -0.223514736 -0.014842579 -0.755656004 -0.012645974 0.654678464
1756587212028043264.000000 0.344767302 0.000251260 -0.223961920 -0.014538415 -0.756262422 -0.011687727 0.654002488
1756587212094725888.000000 0.337911159 0.000419273 -0.224784672 -0.015076922 -0.757026374 -0.012116469 0.653098047
1756587212128067328.000000 0.334376395 0.000405401 -0.225367069 -0.015330308 -0.756794333 -0.012821932 0.653347492
1756587212161408512.000000 0.330710858 0.000710976 -0.225965887 -0.015560660 -0.756490111 -0.013476699 0.653681159
1756587212228091136.000000 0.324137032 0.000763818 -0.227007627 -0.015608936 -0.756362319 -0.013583469 0.653825641
1756587212261432576.000000 0.322173893 0.000960554 -0.227079004 0.015074528 0.756820738 0.013240214 -0.653314471
1756587212328114176.000000 0.316966712 0.000641823 -0.228039324 0.014124339 0.757842481 0.011083939 -0.652190566
1756587212361455872.000000 0.313580364 0.001125934 -0.228650689 -0.013943112 -0.758156896 -0.009952890 0.651847184
1756587212394797056.000000 0.310324878 0.001424799 -0.229176551 0.014363260 0.757903636 0.010249751 -0.652127922
1756587212461479680.000000 0.303001463 0.001944846 -0.230242550 0.015072958 0.757259429 0.012559140 -0.652819514
1756587212494821120.000000 0.299380213 0.002433201 -0.230956763 0.015322236 0.757146955 0.012742108 -0.652940691
1756587212561504000.000000 0.293274760 0.002659800 -0.231301636 0.014876784 0.757259607 0.011667245 -0.652840376
1756587212594845184.000000 0.290834188 0.002512265 -0.231567860 0.014329287 0.757502973 0.011032182 -0.652581215
1756587212661527552.000000 0.284672320 0.001667080 -0.233403563 0.014289897 0.757411122 0.011661766 -0.652677774
1756587212694868736.000000 0.281485260 0.001718877 -0.233697027 0.014439695 0.757460475 0.011456829 -0.652620852
1756587212761550336.000000 0.274918973 0.001742535 -0.234610736 0.014627521 0.757721186 0.011513418 -0.652312875
1756587212794891776.000000 0.271732479 0.002169427 -0.234958470 0.014468323 0.757829428 0.011567587 -0.652189732
1756587212861574400.000000 0.265708894 0.001401773 -0.235791415 -0.014141183 -0.757740498 -0.011466419 0.652302086
1756587212894915840.000000 0.262665063 0.001186178 -0.236170113 -0.014378496 -0.757832825 -0.011512856 0.652188778
1756587212961598464.000000 0.255761504 0.001267144 -0.237640917 -0.015134603 -0.757840872 -0.012992694 0.652134538
1756587212994939904.000000 0.252454847 0.001627598 -0.238496676 -0.014779268 -0.757859528 -0.013027393 0.652120292
1756587213061622016.000000 0.247092903 0.001666646 -0.238947943 -0.014653571 -0.758669257 -0.012030822 0.651200116
1756587213094963200.000000 0.244657010 0.001539531 -0.239238352 -0.014673644 -0.758921623 -0.011549999 0.650914252
1756587213128304640.000000 0.241041273 0.001702855 -0.239556581 -0.014828182 -0.759048343 -0.011285897 0.650767505
1756587213194986240.000000 0.234862462 0.001953080 -0.240488827 -0.015017010 -0.758866131 -0.011859916 0.650965512
1756587213228327680.000000 0.231627196 0.002076494 -0.241065308 -0.014694788 -0.758671165 -0.011457169 0.651207268
1756587213295010304.000000 0.225099549 0.002044986 -0.242250770 -0.014468907 -0.758461773 -0.011560356 0.651454389
1756587213328351488.000000 0.222054362 0.002163081 -0.243050009 -0.014213470 -0.758629978 -0.011167191 0.651270926
1756587213395034112.000000 0.215828151 0.001966595 -0.244214118 -0.014634395 -0.759621918 -0.011265443 0.650102675
1756587213428375552.000000 0.212263241 0.001996892 -0.244861320 0.014286928 0.758820951 0.010740156 -0.651054084
1756587213495057920.000000 0.204756975 0.001899255 -0.243699133 -0.014448863 -0.752590120 -0.011275756 0.658234119
1756587213528399104.000000 0.200881645 0.001893555 -0.242775902 -0.014775662 -0.747941494 -0.011829914 0.663494766
1756587213595081984.000000 0.193972677 0.001993546 -0.240791678 0.013868114 0.739203274 0.009624929 -0.673270822
1756587213628423680.000000 0.190765202 0.001924561 -0.239603624 0.013722747 0.735115409 0.009118466 -0.677741826
1756587213661763840.000000 0.187250525 0.002128663 -0.239153326 0.013402700 0.730886579 0.009809393 -0.682296813
1756587213728446720.000000 0.179360658 0.002658503 -0.238632932 -0.013498675 -0.723208845 -0.011677655 0.690398693
1756587213761788416.000000 0.174912781 0.002268774 -0.237853825 0.014297031 0.719662368 0.012735921 -0.694060147
1756587213828471296.000000 0.168122411 0.001449863 -0.235880673 0.013940986 0.712563396 0.010612812 -0.701389015
1756587213861812480.000000 0.164717615 0.001282065 -0.235380724 0.013024008 0.708227813 0.010042154 -0.705792367
1756587213928495616.000000 0.155930609 0.001157526 -0.234169304 -0.014735168 -0.699300945 -0.013618570 0.714545727
1756587213961836800.000000 0.151911974 0.001757434 -0.233100578 -0.014896066 -0.695614994 -0.013931163 0.718125284
1756587214028519936.000000 0.145740479 0.003235775 -0.230723515 -0.014511148 -0.688262284 -0.011952850 0.725218296
1756587214061861376.000000 0.143094331 0.003220909 -0.229287386 -0.014114241 -0.684475303 -0.010778147 0.728819788
1756587214128543232.000000 0.136220545 0.002713460 -0.227187485 -0.012634557 -0.675968766 -0.009906707 0.736755490
1756587214161884672.000000 0.132496580 0.003137870 -0.225940257 -0.013393191 -0.671852171 -0.010885185 0.740484238
1756587214195226112.000000 0.127806500 0.003855248 -0.225402236 -0.013732573 -0.667737424 -0.011994477 0.744173586
1756587214261908992.000000 0.119992271 0.004298760 -0.223170385 -0.013935213 -0.659325957 -0.012024291 0.751631916
1756587214295250432.000000 0.117330819 0.003776642 -0.221286252 -0.013684433 -0.655438364 -0.012090022 0.755027950
1756587214361933312.000000 0.110424653 0.004798084 -0.218265325 -0.013044384 -0.648262084 -0.011283619 0.761221886
1756587214395274752.000000 0.107520871 0.004868466 -0.217223659 -0.013102219 -0.644354999 -0.011088720 0.764533937
1756587214461957632.000000 0.100591525 0.004874394 -0.214090407 -0.014005527 -0.635606408 -0.011891111 0.771794617
1756587214495299328.000000 0.096788175 0.005248777 -0.212830335 -0.013770705 -0.631285071 -0.011507882 0.775343299
1756587214561981184.000000 0.090445951 0.005896195 -0.209996045 -0.013589450 -0.622824013 -0.011028638 0.782166302
1756587214595322880.000000 0.087169424 0.005234888 -0.208458543 -0.013704635 -0.618369162 -0.011282853 0.785687268
1756587214662005760.000000 0.080153093 0.004679451 -0.204204053 -0.013357576 -0.610184193 -0.010440354 0.792078257
1756587214695346944.000000 0.076903522 0.004282925 -0.202577740 -0.013129858 -0.605939567 -0.010824095 0.795328736
1756587214762030080.000000 0.070958987 0.005201185 -0.199379236 -0.013216181 -0.604337692 -0.011069852 0.796541810
1756587214795371520.000000 0.067995578 0.004960156 -0.198917031 -0.013264101 -0.605631471 -0.010813054 0.795561254
1756587214862054400.000000 0.061802939 0.004094806 -0.199421301 -0.011562994 -0.606166005 -0.009832277 0.795193374
1756587214895396096.000000 0.059091933 0.004190684 -0.198568434 -0.011174902 -0.606485724 -0.009229874 0.794962287
1756587214962078976.000000 0.052756980 0.003913975 -0.196916372 -0.012189604 -0.606795073 -0.009763611 0.794704974
1756587214995419392.000000 0.049268916 0.004600759 -0.196117759 -0.012304278 -0.606783807 -0.010037224 0.794708371
1756587215062102528.000000 0.042413160 0.004956003 -0.194640577 -0.012394768 -0.606860459 -0.010103393 0.794647634
1756587215095444224.000000 0.039455168 0.003987944 -0.193056569 -0.013027037 -0.607191205 -0.010434794 0.794380486
1756587215162127360.000000 0.032707185 0.004646679 -0.191760719 -0.012700305 -0.606850624 -0.010693114 0.794642508
1756587215195468544.000000 0.029779702 0.005194508 -0.190698951 -0.012107002 -0.606973052 -0.010353751 0.794562697
1756587215262151680.000000 0.024335258 0.005181843 -0.189212918 -0.011858913 -0.608005583 -0.009815411 0.793783545
1756587215295493120.000000 0.021130271 0.005381131 -0.188135609 -0.012076517 -0.608348489 -0.010019104 0.793514967
1756587215362176256.000000 0.014450341 0.005353131 -0.187221304 -0.012984727 -0.608491361 -0.011043653 0.793377399
1756587215395517952.000000 0.011480890 0.005083295 -0.186391309 -0.012992532 -0.608377039 -0.011217704 0.793462515
1756587215462199808.000000 0.005716369 0.004644059 -0.184839576 -0.012725659 -0.603128076 -0.010660662 0.797471642
1756587215495541504.000000 0.002379060 0.004374757 -0.182456508 -0.012356768 -0.597750664 -0.009683129 0.801528394
1756587215562224896.000000 -0.003952391 0.003627068 -0.177747071 -0.011976413 -0.586856425 -0.009044735 0.809551954
1756587215628908288.000000 -0.012048595 0.005090257 -0.173542008 -0.013336120 -0.577597260 -0.009685972 0.816155553
1756587215662250240.000000 -0.015357539 0.004900985 -0.171418518 -0.014071362 -0.573338330 -0.009992546 0.819136977
1756587215695591936.000000 -0.018482842 0.004844250 -0.169763505 -0.013784302 -0.568809748 -0.009800904 0.822295308
1756587215762275584.000000 -0.023585394 0.004442715 -0.164667279 -0.012414246 -0.560180485 -0.008859449 0.828230262
1756587215795617280.000000 -0.026304185 0.004266403 -0.162127674 -0.011899696 -0.555650413 -0.008273858 0.831289709
1756587215862300160.000000 -0.031300709 0.003263887 -0.157975942 -0.012079891 -0.546464324 -0.007354555 0.837363005
1756587215928983552.000000 -0.038169704 0.003168016 -0.153298095 -0.012787146 -0.536184013 -0.008344720 0.843963087
1756587215962324992.000000 -0.041756324 0.003460399 -0.150631636 -0.014109799 -0.531173050 -0.009554665 0.847092032
1756587216029009152.000000 -0.050131820 0.005174452 -0.145004913 -0.015590619 -0.521742463 -0.010666038 0.852893889
1756587216062350848.000000 -0.052422717 0.005459380 -0.142694980 -0.015016612 -0.517584205 -0.009839254 0.855443954
1756587216129034496.000000 -0.056098908 0.004561972 -0.137573436 -0.013242839 -0.509873033 -0.007779010 0.860112607
1756587216195718144.000000 -0.061120950 0.004610395 -0.132578418 -0.012856361 -0.499993116 -0.007490972 0.865901649
1756587216229059584.000000 -0.063587606 0.004837322 -0.129439086 -0.013855495 -0.495173544 -0.008102573 0.868645906
1756587216295743488.000000 -0.067281805 0.005433425 -0.124107130 -0.017527347 -0.484711826 -0.009804866 0.874443352
1756587216329084160.000000 -0.067554191 0.005663053 -0.123246223 -0.017172337 -0.481474698 -0.009775843 0.876237273
1756587216395767808.000000 -0.065477237 0.005202101 -0.124494560 -0.013177379 -0.476950020 -0.007743623 0.878797531
1756587216429109504.000000 -0.064098045 0.004669728 -0.125319168 -0.010434869 -0.473001420 -0.005684941 0.880981565
1756587216495793408.000000 -0.062579453 0.003945966 -0.124325149 -0.008942057 -0.462841183 -0.005548251 0.886378765
1756587216562476032.000000 -0.063463926 0.004225576 -0.120989710 -0.011184649 -0.452756196 -0.006507395 0.891540527
1756587216595817216.000000 -0.064230397 0.004882695 -0.119191736 -0.012389697 -0.447546989 -0.006992032 0.894147336
1756587216662499072.000000 -0.062832296 0.004403657 -0.115010537 -0.013525494 -0.437904477 -0.007351786 0.898889661
1756587216695840000.000000 -0.062354140 0.004665074 -0.114345685 -0.012904594 -0.432798505 -0.006706800 0.901373386
1756587216762520832.000000 -0.061326239 0.004317189 -0.112330928 -0.012022492 -0.422765434 -0.006383372 0.906136990
1756587216795861504.000000 -0.061423749 0.004258236 -0.111373045 -0.011786022 -0.417765081 -0.006341619 0.908456564
1756587216862543360.000000 -0.061263878 0.004236568 -0.109779418 -0.012009215 -0.407737315 -0.006302629 0.912998557
1756587216895884288.000000 -0.061728675 0.004568618 -0.108057283 -0.012051198 -0.402680874 -0.006523864 0.915237844
1756587216962566144.000000 -0.061457977 0.004318626 -0.106671959 -0.011780188 -0.392253637 -0.006579793 0.919758141
1756587217029248000.000000 -0.060756378 0.004179207 -0.105152994 -0.011210308 -0.381683588 -0.006558523 0.924201787
1756587217062588928.000000 -0.060223337 0.003777910 -0.104148246 -0.011140662 -0.376400501 -0.006509481 0.926367223
1756587217129270528.000000 -0.059750013 0.003640363 -0.102541283 -0.010977151 -0.365711600 -0.006108880 0.930643439
1756587217195952384.000000 -0.056138143 0.004630722 -0.099461675 -0.011124870 -0.356216222 -0.005639203 0.934320331
1756587217229292032.000000 -0.055972785 0.004868072 -0.098534971 -0.011247316 -0.350779742 -0.005558655 0.936374009
1756587217295973888.000000 -0.055492416 0.004826911 -0.096076176 -0.011773577 -0.340307564 -0.005560119 0.940224051
1756587217329314816.000000 -0.055418044 0.005374272 -0.094676934 -0.011688878 -0.335319966 -0.005436075 0.942016125
1756587217395996416.000000 -0.054940585 0.005689653 -0.092518635 -0.011466316 -0.325134069 -0.004993485 0.945585251
1756587217429337344.000000 -0.054022193 0.004914013 -0.091913022 -0.011592009 -0.320004046 -0.005230764 0.947330832
1756587217496018944.000000 -0.052452117 0.004504702 -0.090207711 -0.011649332 -0.309080184 -0.005110430 0.950950921
1756587217529359616.000000 -0.052427575 0.004614385 -0.089330442 -0.011598191 -0.303414941 -0.005179542 0.952773929
1756587217596042752.000000 -0.052016526 0.004213224 -0.087101370 -0.011738846 -0.293200344 -0.005223549 0.955964684
1756587217629383936.000000 -0.051360831 0.004229933 -0.086420260 -0.011445618 -0.288256377 -0.005090914 0.957471311
1756587217696066048.000000 -0.048644297 0.003745433 -0.084173940 -0.011405435 -0.278919220 -0.004788329 0.960234940
1756587217729407744.000000 -0.047933396 0.003316341 -0.083391748 -0.011380556 -0.273554593 -0.004525392 0.961778522
1756587217796090624.000000 -0.047045693 0.003449182 -0.081204981 -0.010770258 -0.262489617 -0.004675362 0.964863420
1756587217829432064.000000 -0.046235129 0.003422302 -0.080808111 -0.010282984 -0.256904989 -0.004645830 0.966370821
1756587217896115200.000000 -0.044936940 0.003683122 -0.079240337 -0.008874604 -0.245631784 -0.004299427 0.969313085
1756587217962798080.000000 -0.043731328 0.003474470 -0.078397267 -0.008785562 -0.234386310 -0.004326122 0.972094238
1756587217996139776.000000 -0.043096952 0.003010463 -0.077637754 -0.009200922 -0.228873640 -0.004436389 0.973402619
1756587218062822912.000000 -0.041855600 0.003233718 -0.075456209 -0.009356325 -0.217641190 -0.004398929 0.975974143
1756587218129504768.000000 -0.039920531 0.003392881 -0.073468380 -0.008979479 -0.206321910 -0.003910745 0.978435159
1756587218162846208.000000 -0.037010975 0.002223740 -0.072228387 -0.009565194 -0.201265261 -0.003536260 0.979483724
1756587218229529344.000000 -0.035060909 0.002555833 -0.070357375 -0.009419535 -0.190465122 -0.003204960 0.981643617
1756587218296212480.000000 -0.033702217 0.002722102 -0.068739749 -0.009264514 -0.179824874 -0.002970695 0.983650506
1756587218329553664.000000 -0.032898206 0.002713555 -0.067858279 -0.009336598 -0.174413115 -0.002978358 0.984623790
1756587218396236800.000000 -0.031269982 0.002540386 -0.066399775 -0.009432101 -0.163696066 -0.002585429 0.986462355
1756587218462919936.000000 -0.029932538 0.002124775 -0.065018646 -0.009883537 -0.152888358 -0.002560000 0.988190770
1756587218496261376.000000 -0.029339360 0.002283707 -0.064024791 -0.010035443 -0.147610530 -0.002344703 0.988991916
1756587218562943488.000000 -0.027386913 0.002511004 -0.061927777 -0.010622798 -0.137363404 -0.002266859 0.990461171
1756587218629626624.000000 -0.025713723 0.002306084 -0.060497481 -0.010070860 -0.126291305 -0.002392043 0.991939187
1756587218662968064.000000 -0.024912778 0.002207192 -0.059586890 -0.010084505 -0.120515503 -0.001990811 0.992658257
1756587218729651712.000000 -0.022971699 0.001915696 -0.058169417 -0.010191300 -0.109679401 -0.001982659 0.993912816
1756587218796335104.000000 -0.021455048 0.001710371 -0.056695648 -0.010011405 -0.098943941 -0.002001065 0.995040655
1756587218829676544.000000 -0.020514168 0.001813565 -0.056063034 -0.009752884 -0.093547449 -0.001970280 0.995565116
1756587218896359936.000000 -0.018579062 0.001761283 -0.055157408 -0.008766568 -0.082599670 -0.001568270 0.996543050
1756587218963043328.000000 -0.016688641 0.001437797 -0.054182321 -0.008253307 -0.071462832 -0.001672693 0.997407794
1756587219029725440.000000 -0.014826755 0.000967384 -0.053610992 -0.008049783 -0.060080335 -0.001521299 0.998160005
1756587219063067136.000000 -0.013845471 0.001015112 -0.052870221 -0.007878076 -0.054400690 -0.001555233 0.998486936
1756587219129750528.000000 -0.012020876 0.001268791 -0.051358037 -0.007302557 -0.043093007 -0.001254118 0.999043643
1756587219163092480.000000 -0.011020535 0.001354284 -0.050833516 -0.007180875 -0.037396103 -0.001137643 0.999274075
1756587219229775616.000000 -0.009194965 0.001176574 -0.049606219 -0.007370840 -0.026345791 -0.001100103 0.999625146
1756587219296459008.000000 -0.006937596 0.001084212 -0.048653945 -0.007626798 -0.016335385 -0.000635521 0.999837279
1756587219363141888.000000 -0.005687754 0.000832117 -0.048690997 -0.007794539 -0.013901469 -0.000377110 0.999872983
1756587219396483840.000000 -0.006582445 0.001465977 -0.048429146 -0.007340936 -0.015685108 -0.000538081 0.999849975
1756587219463166208.000000 -0.007184549 0.000635053 -0.049173024 -0.007497925 -0.015724253 -0.000751391 0.999848008
1756587219496507904.000000 -0.007043764 0.000506076 -0.049048178 -0.007794123 -0.016026715 -0.000805530 0.999840915
1756587219563191296.000000 -0.007228957 0.000400732 -0.049126279 -0.007802634 -0.016276581 -0.000727744 0.999836862
1756587219629875200.000000 -0.007062858 0.001432657 -0.048917782 -0.007285618 -0.016431317 -0.000420735 0.999838352
1756587219663217664.000000 -0.007084689 0.001497332 -0.048841849 -0.007247455 -0.016401378 -0.000488988 0.999839187
1756587219729901824.000000 -0.007057586 0.001465319 -0.048908103 -0.007280762 -0.016442986 -0.000442271 0.999838233
1756587219796586240.000000 -0.007167365 0.001488535 -0.048939798 -0.007249090 -0.016394341 -0.000483618 0.999839246
1756587219863269632.000000 -0.007161990 0.001444265 -0.048780423 -0.007330229 -0.016348768 -0.000476568 0.999839425
1756587219929954048.000000 -0.007146584 0.001380173 -0.048838578 -0.007204240 -0.015372382 -0.000531724 0.999855816
1756587219996638464.000000 -0.005324061 0.000977552 -0.048632182 -0.007365677 -0.004401727 -0.000596103 0.999963045
1756587220029980672.000000 -0.004065242 0.000551068 -0.048396453 -0.007092421 0.001322104 0.000297886 0.999974012
1756587220096665344.000000 -0.001926183 0.000346534 -0.047474124 -0.007294619 0.011530424 0.000532367 0.999906838
1756587220130007552.000000 -0.001770828 0.000821466 -0.047358684 -0.007201398 0.015253711 0.000556951 0.999857605
1756587220196692224.000000 -0.001913864 0.000883681 -0.047836870 -0.006308180 0.013416576 0.000822638 0.999889791
1756587220230034176.000000 -0.002331634 0.000867206 -0.048134960 -0.005664344 0.012330378 0.000801066 0.999907672
1756587220263376384.000000 -0.001787701 0.000634728 -0.046955265 -0.007071276 0.012367200 0.000571356 0.999898434
1756587220330060032.000000 -0.001624358 0.000976373 -0.046410535 -0.007525786 0.012096359 0.000580264 0.999898434
1756587220396744704.000000 -0.002160213 0.000867158 -0.047006451 -0.006599080 0.012553243 0.000574994 0.999899268
1756587220430087168.000000 -0.002072041 0.000896629 -0.046995152 -0.006612014 0.012427649 0.000581009 0.999900758
1756587220463429376.000000 -0.002184004 0.000903845 -0.046739385 -0.007037317 0.012526913 0.000525540 0.999896646
1756587220530114048.000000 -0.002321460 0.000690539 -0.046847414 -0.007159101 0.012605581 0.000466178 0.999894798
1756587220563456256.000000 -0.002163331 0.000633677 -0.046858717 -0.006944260 0.012478262 0.000581832 0.999897897
1756587220630140416.000000 -0.002095476 0.000923760 -0.047498178 -0.006895565 0.012599780 0.000508008 0.999896765
1756587220663482112.000000 -0.002341168 0.001025087 -0.047427103 -0.006948002 0.012663154 0.000495444 0.999895632
1756587220730166272.000000 -0.002293892 0.001213052 -0.047555398 -0.006665646 0.012633868 0.000535075 0.999897838
1756587220763507200.000000 -0.002155034 0.001091712 -0.047497809 -0.006708156 0.012621422 0.000537927 0.999897718
1756587220830191104.000000 -0.002093521 0.001067554 -0.047477022 -0.006891652 0.012582934 0.000546945 0.999896944
1756587220863533056.000000 -0.001538561 0.001607230 -0.046782054 -0.006579453 0.012422734 0.000549000 0.999901116
1756587220930216960.000000 -0.001568454 0.001422739 -0.047110312 -0.006104665 0.012810078 0.000655803 0.999899149
1756587220963559168.000000 -0.001290783 0.001290689 -0.047455434 -0.002049700 0.014083678 0.000774819 0.999898434
1756587220996900864.000000 -0.001541478 0.000175453 -0.047701661 0.002279195 0.014437945 0.001000730 0.999892712
1756587221063585024.000000 -0.001477703 -0.002022022 -0.043179367 0.005842430 0.014009954 0.001621968 0.999883533
1756587221096926976.000000 -0.001491289 -0.001498574 -0.038799245 0.004248322 0.014237399 0.001179544 0.999888957
1756587221130268928.000000 -0.001444333 -0.001301877 -0.033799775 0.000965218 0.014382861 0.000880896 0.999895692
1756587221196953088.000000 -0.001224688 -0.000397887 -0.022365402 -0.008599333 0.015399578 0.000532005 0.999844313
1756587221230294016.000000 -0.001218196 0.001260506 -0.015337232 -0.013476915 0.016987743 -0.000904350 0.999764502
1756587221296977920.000000 0.000150622 0.001197388 -0.009044319 -0.008325430 0.020685922 0.000418912 0.999751329
1756587221330320128.000000 -0.000216458 0.000856291 -0.005994720 -0.008843673 0.020306645 0.000018240 0.999754727
1756587221363662080.000000 0.000066295 0.001201907 -0.005401046 -0.008214792 0.018829944 -0.000065260 0.999788940
1756587221430346496.000000 -0.000035805 0.001369731 -0.005120793 -0.008818823 0.019687507 0.000194472 0.999767303
1756587221463688448.000000 -0.000404286 0.000519190 -0.006708244 -0.006442062 0.019376684 -0.000011156 0.999791503
1756587221530372608.000000 -0.000640347 0.000192304 -0.008054596 -0.004947362 0.018445481 0.000375847 0.999817610
1756587221563714560.000000 -0.000627180 0.000003746 -0.008202082 -0.005592649 0.018306276 0.000235396 0.999816775
1756587221630396160.000000 -0.000185857 0.000295776 -0.007730910 -0.006697096 0.018614564 0.000146403 0.999804318
1756587221663735808.000000 0.000034014 0.000530965 -0.007590098 -0.006839072 0.018449288 0.000406722 0.999806345
1756587221697076224.000000 0.000272043 0.000740030 -0.007670092 -0.006514432 0.018314002 0.000388736 0.999811053
1756587221763757312.000000 0.000050395 0.000886271 -0.007819575 -0.005872773 0.018363001 0.000413123 0.999814093
1756587221797097984.000000 -0.000019445 0.000816232 -0.007838760 -0.006012991 0.018458335 0.000547149 0.999811411
1756587221863779072.000000 0.000199733 0.000814723 -0.006944042 -0.006464571 0.018354569 0.000397198 0.999810636
1756587221897119488.000000 0.000128223 0.000889710 -0.006892109 -0.006204446 0.018337483 0.000470104 0.999812484
1756587221963800320.000000 -0.002009055 0.002288828 -0.009391741 -0.004320497 0.019566590 -0.001897481 0.999797404
1756587221997141248.000000 -0.002668377 0.002865757 -0.009549068 -0.004172883 0.019732201 -0.002127626 0.999794364
1756587222063822080.000000 -0.002698190 0.002852246 -0.009588804 -0.004195555 0.019851375 -0.002164264 0.999791861
1756587222097161472.000000 -0.001641140 0.002096023 -0.009977750 -0.004348080 0.019433042 -0.001976769 0.999799728
1756587222163842560.000000 -0.000203922 0.000023002 -0.007867648 -0.006495109 0.018342983 0.000379803 0.999810636
1756587222197183232.000000 -0.000376818 0.000226163 -0.007700868 -0.006398283 0.018579155 0.000323770 0.999806881
1756587222263864064.000000 -0.000576941 0.000045488 -0.008353681 -0.006288504 0.018698633 -0.000009748 0.999805391
1756587222330544896.000000 -0.000978282 -0.000236185 -0.008482924 -0.006418100 0.018898692 -0.000151112 0.999800801
1756587222363885056.000000 -0.000928381 -0.000322419 -0.008380815 -0.006426238 0.018833937 -0.000133712 0.999801993
1756587222430566144.000000 -0.001372329 -0.000510072 -0.008735341 -0.006472284 0.018914077 -0.000195038 0.999800205
1756587222497246720.000000 -0.001549972 -0.000697013 -0.008742627 -0.006635588 0.019039556 -0.000211138 0.999796748
1756587222530586368.000000 -0.000305094 -0.000046482 -0.008249476 -0.006433935 0.018521715 0.000181854 0.999807775
1756587222597268224.000000 -0.000305198 -0.000300990 -0.008451844 -0.006507994 0.018483296 0.000120131 0.999807954
1756587222663951872.000000 -0.000115606 0.000058551 -0.008053460 -0.006408171 0.018298877 0.000276679 0.999812007
1756587222730635520.000000 -0.000010997 0.000016304 -0.008128117 -0.006412863 0.018268609 0.000258691 0.999812543
1756587222797319936.000000 -0.000191504 -0.000176593 -0.007985177 -0.006503501 0.018345572 0.000190907 0.999810576
1756587222830661632.000000 -0.000236160 -0.000110567 -0.007867111 -0.006512024 0.018353539 0.000237309 0.999810398
1756587222897345536.000000 -0.000334952 0.000007069 -0.007957643 -0.006476169 0.018418262 0.000188265 0.999809444
1756587222964029440.000000 -0.000376625 0.000068774 -0.007797691 -0.006447248 0.018422849 0.000179273 0.999809504
1756587223030712320.000000 -0.000520028 0.000155413 -0.007612766 -0.006255453 0.018464969 0.000421500 0.999809861
1756587223097396224.000000 -0.000270799 0.000064189 -0.007946488 -0.006279311 0.018397991 0.000367333 0.999810934
1756587223130738176.000000 -0.000084835 0.000057522 -0.008009307 -0.006281895 0.018344823 0.000332560 0.999812007
1756587223197422080.000000 -0.000106278 0.000049417 -0.007756039 -0.006482381 0.018289855 0.000328272 0.999811709
1756587223264106240.000000 0.000447689 0.000038913 -0.007629450 -0.006421713 0.018227251 0.000303510 0.999813199
1756587223330790144.000000 0.000561335 0.000130869 -0.007682564 -0.006366724 0.018206542 0.000268498 0.999813974
1756587223364132096.000000 -0.000419662 -0.000128211 -0.007167870 -0.006341890 0.018479163 0.000413302 0.999809086
1756587223430814976.000000 -0.000165902 -0.000273229 -0.007082636 -0.006391666 0.018389095 0.000362997 0.999810457
1756587223497498880.000000 0.000718193 -0.000278454 -0.006852908 -0.006542664 0.018179018 0.000331093 0.999813318
1756587223530841088.000000 -0.000086172 -0.000294756 -0.007092593 -0.006405261 0.018333418 0.000423721 0.999811351
1756587223597524992.000000 0.000854186 -0.000269472 -0.007054550 -0.006525822 0.018105142 0.000396442 0.999814689
1756587223630867456.000000 -0.000049041 -0.000289092 -0.007306611 -0.006323894 0.018289601 0.000368374 0.999812722
1756587223697551616.000000 -0.000137698 0.000032469 -0.007840117 -0.006421701 0.018317683 0.000273260 0.999811590
1756587223764236032.000000 -0.000095848 -0.000165694 -0.008033591 -0.006515451 0.018345760 0.000188392 0.999810457
1756587223830920448.000000 -0.000192759 -0.000099995 -0.008005129 -0.006453521 0.018371129 0.000044173 0.999810457
1756587223864262656.000000 -0.000280993 -0.000064579 -0.007957602 -0.006433512 0.018414143 0.000064879 0.999809742
1756587223930946048.000000 -0.000295062 -0.000052851 -0.008042554 -0.006410471 0.018439811 0.000083464 0.999809384
1756587223997630720.000000 -0.000404266 0.000034388 -0.008022681 -0.006368998 0.018484095 0.000040204 0.999808848
1756587224030972672.000000 -0.000392057 0.000064552 -0.008046996 -0.006348772 0.018466404 0.000036259 0.999809325
1756587224097657088.000000 -0.000678766 -0.000071732 -0.008119738 -0.006323886 0.018522907 0.000020722 0.999808431
1756587224164341760.000000 -0.000608351 -0.000044940 -0.008223305 -0.006325415 0.018484462 0.000074960 0.999809206
1756587224231026176.000000 -0.000237807 -0.000156615 -0.008207556 -0.006428997 0.018318506 0.000199692 0.999811530
1756587224264368384.000000 -0.000279631 -0.000211107 -0.008110167 -0.006490157 0.018350594 0.000214406 0.999810517
1756587224331052032.000000 -0.000221798 -0.000185275 -0.007987290 -0.006452077 0.018270943 0.000185932 0.999812245
1756587224364394240.000000 -0.000273414 -0.000254641 -0.007973098 -0.006484987 0.018288413 0.000182919 0.999811769
1756587224431078912.000000 -0.000265845 -0.000147520 -0.007990115 -0.006452022 0.018312640 0.000183926 0.999811530
1756587224497763328.000000 -0.000269093 -0.000261462 -0.008066061 -0.006559182 0.018332137 0.000181247 0.999810457
1756587224531105792.000000 -0.000174712 -0.000314740 -0.007997417 -0.006589413 0.018259212 0.000148167 0.999811590
1756587224597789696.000000 -0.000046162 -0.000037659 -0.007949688 -0.006412486 0.018244633 0.000209515 0.999813020
1756587224664472576.000000 -0.000168576 -0.000148391 -0.008165000 -0.006396393 0.018307725 0.000246577 0.999811947
1756587224697814016.000000 -0.000311928 -0.000298480 -0.008232797 -0.006447266 0.018337436 0.000218076 0.999811053
1756587224764495616.000000 0.000023543 -0.000136838 -0.008064744 -0.006441177 0.018173166 0.000200356 0.999814093
1756587224831178496.000000 -0.000034656 0.000053185 -0.007970583 -0.006335915 0.018217450 0.000200738 0.999813974
1756587224897861120.000000 -0.000196065 -0.000213220 -0.008034224 -0.006396970 0.018319292 0.000297674 0.999811709
1756587224931202560.000000 0.000366338 0.000176891 -0.007952884 -0.006297098 0.018026320 0.000389152 0.999817610
1756587224997885440.000000 0.000151150 0.000149051 -0.008011646 -0.006216522 0.018108048 0.000332010 0.999816656
1756587225031226880.000000 0.000238792 0.000155310 -0.007984297 -0.006231482 0.018128468 0.000426112 0.999816120
1756587225097909760.000000 0.000262939 0.000135010 -0.008087678 -0.006208909 0.018102290 0.000434847 0.999816775
1756587225164592384.000000 0.000288014 0.000135301 -0.008136585 -0.006198647 0.018036371 0.000351272 0.999818027
1756587225197933824.000000 0.000360951 0.000190261 -0.008091359 -0.006233704 0.018060498 0.000389983 0.999817431
1756587225297956608.000000 0.000381090 0.000220931 -0.008041199 -0.006193949 0.017970083 0.000423920 0.999819279
1756587225331298304.000000 0.000373221 0.000177617 -0.007961935 -0.006267176 0.017978134 0.000403678 0.999818683
1756587225397980928.000000 0.000312602 0.000101380 -0.008215036 -0.006308078 0.018037975 0.000408369 0.999817371
1756587225431322624.000000 0.000321264 0.000044084 -0.008220659 -0.006302549 0.018004095 0.000406981 0.999817967
1756587225498005248.000000 0.000220858 0.000157204 -0.008016221 -0.006257251 0.018084725 0.000412225 0.999816835
1756587225564687872.000000 0.000061528 0.000107553 -0.007990571 -0.006309265 0.018158041 0.000312122 0.999815226
1756587225598029824.000000 0.000025527 0.000064451 -0.008026160 -0.006355512 0.018151656 0.000231790 0.999815047
1756587225664712448.000000 0.000224625 0.000212923 -0.008067023 -0.006199715 0.018114062 0.000407567 0.999816597
1756587225731396096.000000 -0.000262125 -0.000069361 -0.007859427 -0.006287260 0.018305894 0.000231370 0.999812663
1756587225798079744.000000 0.000107586 0.000176329 -0.007964274 -0.006280714 0.018147239 0.000325068 0.999815524
1756587225831421696.000000 0.000069881 0.000246123 -0.007868065 -0.006274391 0.018180838 0.000231541 0.999815047
1756587225898105344.000000 0.000231965 0.000188044 -0.007903534 -0.006264966 0.018125637 0.000287618 0.999816120
1756587225931447296.000000 0.000293338 0.000117601 -0.008129414 -0.006292342 0.018046854 0.000296188 0.999817371
1756587225998130944.000000 0.000237924 0.000038584 -0.008236073 -0.006385112 0.018069856 0.000292538 0.999816358
1756587226064815104.000000 0.000130204 -0.000040351 -0.008086850 -0.006345451 0.018131290 0.000229314 0.999815524
1756587226098155776.000000 -0.000019661 -0.000084254 -0.007990718 -0.006414493 0.018176982 0.000271544 0.999814212
1756587226164839424.000000 0.000003119 0.000130603 -0.007971874 -0.006298187 0.018197641 0.000209475 0.999814570
1756587226231523584.000000 -0.000678618 -0.000034805 -0.007878649 -0.006410304 0.018543201 0.000076101 0.999807477
1756587226298207232.000000 0.000091376 0.000179384 -0.007990870 -0.006295198 0.018140538 0.000221241 0.999815583
1756587226331549184.000000 0.000102579 0.000337155 -0.007979450 -0.006216281 0.018118203 0.000162714 0.999816537
1756587226398232832.000000 0.000066205 0.000172308 -0.008080500 -0.006250030 0.018172801 0.000110138 0.999815345
1756587226431575040.000000 0.000088892 0.000038236 -0.008229135 -0.006293890 0.018138874 0.000254658 0.999815702
1756587226498258944.000000 0.000129904 -0.000055476 -0.008250305 -0.006358908 0.018129485 0.000280056 0.999815404
1756587226564941312.000000 0.000029078 0.000145496 -0.008083157 -0.006326625 0.018166509 0.000209190 0.999814987
1756587226598282496.000000 0.000004418 0.000059796 -0.008100155 -0.006346644 0.018146368 0.000135892 0.999815226
1756587226664963328.000000 -0.000560061 -0.000099738 -0.007941000 -0.006379454 0.018472197 0.000069009 0.999809027
1756587226731644160.000000 -0.000585038 -0.000257690 -0.008172843 -0.006412188 0.018450106 0.000137957 0.999809206
1756587226764984320.000000 -0.000662556 -0.000334779 -0.008070396 -0.006455335 0.018515263 0.000065796 0.999807775
1756587226831665152.000000 0.000057023 -0.000084496 -0.008181348 -0.006355722 0.018164078 0.000331213 0.999814749
1756587226898345984.000000 0.000139992 0.000054663 -0.008258133 -0.006237395 0.018118719 0.000307585 0.999816358
1756587226931686144.000000 0.000168245 0.000072960 -0.008281416 -0.006276152 0.018069476 0.000279182 0.999817014
1756587226998365952.000000 0.000183662 0.000009298 -0.008083150 -0.006314634 0.018026624 0.000207341 0.999817550
1756587227031706368.000000 0.000071221 -0.000063917 -0.008160280 -0.006368362 0.018114936 0.000118433 0.999815643
1756587227098386944.000000 0.000137991 -0.000139159 -0.008128504 -0.006419217 0.018043822 0.000153231 0.999816656
1756587227165067520.000000 0.000202400 -0.000132772 -0.008134133 -0.006425719 0.018038277 0.000161275 0.999816656
1756587227231748096.000000 -0.000654845 -0.000329376 -0.008192681 -0.006436703 0.018466828 0.000016717 0.999808788
1756587227265088256.000000 -0.000782525 -0.000118639 -0.008139198 -0.006357827 0.018529629 -0.000048268 0.999808133
1756587227331768832.000000 -0.000106660 -0.000101214 -0.008242579 -0.006350004 0.018222664 0.000269725 0.999813795
1756587227398449408.000000 0.000022842 -0.000083621 -0.008314372 -0.006294267 0.018129058 0.000262365 0.999815822
1756587227465128960.000000 -0.000000726 0.000076088 -0.008350730 -0.006175721 0.018107112 0.000226474 0.999817014
1756587227498468864.000000 0.000215201 0.000034499 -0.008437507 -0.006225217 0.018046184 0.000302505 0.999817729
1756587227531809280.000000 0.000072140 -0.000140124 -0.008561826 -0.006289100 0.018071946 0.000283753 0.999816895
1756587227598490112.000000 -0.000049809 -0.000127390 -0.008478967 -0.006260513 0.018138951 0.000212289 0.999815881
1756587227665171712.000000 -0.000133835 -0.000278401 -0.008407339 -0.006356936 0.018214632 0.000254779 0.999813855
1756587227731853312.000000 -0.000184344 -0.000328746 -0.008503790 -0.006261873 0.018288076 0.000359167 0.999813080
1756587227765193984.000000 -0.000174083 -0.000550588 -0.008641776 -0.006388028 0.018274285 0.000246259 0.999812543
1756587227831875584.000000 0.000245444 0.000078214 -0.008319805 -0.006248617 0.018029859 0.000344075 0.999817908
1756587227898555904.000000 0.000058417 -0.000003479 -0.008322043 -0.006270729 0.018115697 0.000154651 0.999816239
1756587227931896576.000000 0.000268938 0.000255652 -0.008259365 -0.006144293 0.018025905 0.000375292 0.999818623
1756587227998578176.000000 0.000218350 0.000270088 -0.008277701 -0.006084256 0.018057806 0.000408784 0.999818385
1756587228031918848.000000 0.000269387 0.000098741 -0.008282131 -0.006184395 0.018049752 0.000466072 0.999817848
1756587228098600192.000000 0.000241385 -0.000059767 -0.008334880 -0.006285761 0.018105898 0.000510871 0.999816239
1756587228165281536.000000 0.000224469 -0.000014455 -0.008191606 -0.006251189 0.018089306 0.000515454 0.999816716
1756587228231962880.000000 -0.000038591 -0.000618817 -0.008622887 -0.006475264 0.018256294 0.000481397 0.999812245
1756587228265303296.000000 0.000251831 0.000093651 -0.008173318 -0.006245073 0.018038975 0.000355058 0.999817729
1756587228331983872.000000 0.000205655 0.000004819 -0.008312466 -0.006230114 0.018065136 0.000388986 0.999817371
1756587228398664960.000000 0.000029587 -0.000846553 -0.008752940 -0.006535492 0.018196484 0.000488251 0.999813020
1756587228432005888.000000 0.000043420 -0.000116899 -0.008396612 -0.006348786 0.018099986 0.000238446 0.999816060
1756587228498686976.000000 0.000080142 -0.000122636 -0.008427992 -0.006327786 0.018051261 0.000146586 0.999817073
1756587228532027392.000000 0.000047244 0.000206428 -0.008315517 -0.006171402 0.018084370 0.000233397 0.999817431
1756587228598709248.000000 0.000126034 0.000156635 -0.008202349 -0.006193812 0.018078133 0.000235170 0.999817431
1756587228665391360.000000 0.000201073 0.000078909 -0.008325398 -0.006228610 0.018010214 0.000282064 0.999818385
1756587228698732288.000000 0.000240188 0.000123961 -0.008333701 -0.006218975 0.018005190 0.000242306 0.999818563
1756587228765413376.000000 0.000124122 -0.000248966 -0.008567140 -0.006296523 0.018098174 0.000329673 0.999816358
1756587228832095488.000000 0.000295958 0.000096523 -0.008410087 -0.006152720 0.018036498 0.000446284 0.999818325
1756587228865436672.000000 0.000189815 0.000104814 -0.008403998 -0.006162961 0.018070979 0.000327398 0.999817669
1756587228932118528.000000 0.000294187 0.000311321 -0.008224606 -0.006084703 0.018030701 0.000389905 0.999818921
1756587228998800640.000000 0.000294224 0.000274400 -0.008285490 -0.006126773 0.018041464 0.000360163 0.999818385
1756587229032141568.000000 0.000459961 0.000184876 -0.008250721 -0.006158500 0.017954556 0.000498743 0.999819756
1756587229098823680.000000 0.000550752 0.000202916 -0.008243511 -0.006177709 0.017906507 0.000433726 0.999820530
1756587229132164352.000000 0.000432263 0.000221637 -0.008203859 -0.006129402 0.017976062 0.000417042 0.999819577
1756587229198846464.000000 0.000368320 0.000255753 -0.008359804 -0.006069672 0.018036438 0.000512889 0.999818742
1756587229265527552.000000 0.000432370 0.000127929 -0.008332894 -0.006188332 0.017970324 0.000558048 0.999819279
1756587229298868736.000000 0.000447714 0.000159668 -0.008327642 -0.006109760 0.017953448 0.000584773 0.999819994
1756587229365550592.000000 0.000234182 0.000328714 -0.008196473 -0.006094275 0.018052632 0.000413367 0.999818444
1756587229432232704.000000 0.000263665 0.000288345 -0.008253958 -0.006098193 0.018056313 0.000434300 0.999818265
1756587229465573632.000000 0.000303237 0.000253281 -0.008391054 -0.006090033 0.018014718 0.000481652 0.999819100
1756587229532255488.000000 0.000297192 0.000290757 -0.008185332 -0.006126781 0.018093299 0.000473870 0.999817491
1756587229565596416.000000 0.000391118 0.000268875 -0.008218203 -0.006069455 0.018010024 0.000467628 0.999819338
1756587229632276992.000000 0.000291310 0.000329263 -0.008280711 -0.006061502 0.018052427 0.000407259 0.999818623
1756587229665616384.000000 0.000193292 0.000304323 -0.008279466 -0.006092967 0.018092988 0.000420974 0.999817729
1756587229732296448.000000 0.000340118 0.000232430 -0.008550850 -0.006043961 0.018062159 0.000495908 0.999818504
1756587229798977024.000000 0.000336244 0.000078321 -0.008610898 -0.006148393 0.018010300 0.000565170 0.999818742
1756587229865657088.000000 0.000378308 0.000254164 -0.008306915 -0.006094982 0.017990131 0.000475026 0.999819517
1756587229898996992.000000 0.000398348 0.000303432 -0.008179579 -0.006100874 0.018060386 0.000537712 0.999818146
1756587229965677312.000000 0.000325594 0.000210493 -0.008310913 -0.006117670 0.017994080 0.000356509 0.999819338
1756587229999017216.000000 0.000246058 0.000389436 -0.008243999 -0.006032224 0.018009877 0.000373463 0.999819577
1756587230065697536.000000 0.000239716 0.000406615 -0.008275161 -0.006082639 0.018046478 0.000340239 0.999818563
1756587230132376320.000000 0.000231262 0.000270123 -0.008267097 -0.006110249 0.018029455 0.000313158 0.999818742
1756587230165716736.000000 0.000344584 0.000235331 -0.008205981 -0.006111018 0.017972181 0.000365079 0.999819756
1756587230232396544.000000 0.000016360 0.000079450 -0.008649661 -0.006088787 0.018229676 0.000503688 0.999815166
1756587230299076352.000000 -0.000031444 0.000008263 -0.008644480 -0.006112830 0.018224459 0.000489023 0.999815166
1756587230332416512.000000 0.000032139 -0.000091801 -0.008691670 -0.006129182 0.018189576 0.000474339 0.999815702
1756587230399096576.000000 0.000276239 0.000367240 -0.008163093 -0.006072077 0.018031694 0.000418488 0.999818921
1756587230432436224.000000 -0.000032525 0.000027035 -0.008471819 -0.006153132 0.018248823 0.000475451 0.999814451
1756587230499116288.000000 0.000386128 0.000419473 -0.008319956 -0.006013539 0.017977010 0.000493155 0.999820173
1756587230532455168.000000 0.000489307 0.000588391 -0.008341603 -0.005921735 0.017932015 0.000431504 0.999821603
1756587230599136768.000000 0.000503246 0.000425876 -0.008351514 -0.005998529 0.017955359 0.000522061 0.999820709
1756587230665821440.000000 0.000181100 0.000121765 -0.008614325 -0.006045050 0.018105911 0.000485775 0.999817729
1756587230732505856.000000 0.000398285 0.000294211 -0.008293081 -0.006041991 0.017952789 0.000496122 0.999820471
1756587230765848064.000000 0.000465292 0.000069719 -0.008383106 -0.006129081 0.017940996 0.000467891 0.999820232
1756587230832532736.000000 0.000401283 0.000192680 -0.008435135 -0.006134153 0.017987225 0.000450008 0.999819279
1756587230899217664.000000 0.000455298 0.000225443 -0.008487576 -0.006104773 0.017964520 0.000384695 0.999819934
1756587230932559616.000000 0.000377222 0.000301433 -0.008481873 -0.006039596 0.017949438 0.000407946 0.999820590
1756587230999243520.000000 0.000355849 0.000339245 -0.008357312 -0.006075812 0.018022412 0.000482270 0.999819040
1756587231032585728.000000 0.000279906 0.000384590 -0.008323492 -0.006017230 0.018037647 0.000404496 0.999819160
1756587231099270656.000000 0.000217757 0.000351886 -0.008390863 -0.006031407 0.018057685 0.000377942 0.999818742
1756587231165955072.000000 0.000150235 0.000223688 -0.008329313 -0.006084778 0.018110674 0.000476267 0.999817371
1756587231199297792.000000 0.000257446 0.000061123 -0.008440183 -0.006158987 0.018051563 0.000411943 0.999818027
1756587231265982208.000000 0.000113512 0.000367735 -0.008516082 -0.005947594 0.018145278 0.000480699 0.999817550
1756587231299324672.000000 0.000504131 0.000209489 -0.008483241 -0.006106460 0.017937759 0.000452803 0.999820352
1756587231366009344.000000 0.000490444 0.000210682 -0.008529680 -0.006052709 0.017932700 0.000523250 0.999820769
1756587231432692992.000000 0.000249428 0.000225908 -0.008328871 -0.006108657 0.018097274 0.000443732 0.999817491
1756587231466035712.000000 -0.000192243 0.000205837 -0.008554815 -0.006024512 0.018276334 0.000395696 0.999814749
1756587231499377920.000000 0.000190659 0.000077806 -0.008395389 -0.006180438 0.018116850 0.000403545 0.999816716
1756587231566062592.000000 0.000056498 -0.000078517 -0.008357245 -0.006256357 0.018183112 0.000336537 0.999815047
1756587231632745216.000000 0.000263456 0.000056971 -0.008306359 -0.006168354 0.018079882 0.000397417 0.999817491
1756587231666086656.000000 0.000164186 0.000060124 -0.008359060 -0.006213448 0.018128192 0.000394866 0.999816298
1756587231732769024.000000 0.000259394 -0.000007736 -0.008428059 -0.006196768 0.018078918 0.000483826 0.999817252
1756587231766110208.000000 0.000275655 0.000089694 -0.008438082 -0.006146010 0.018086117 0.000441029 0.999817491
1756587231832792576.000000 0.000461705 -0.000005277 -0.008296995 -0.006196415 0.017951010 0.000480676 0.999819577
1756587231899473664.000000 0.000395326 0.000161316 -0.008311316 -0.006198457 0.018004784 0.000413633 0.999818623
1756587231932814592.000000 0.000317959 0.000189478 -0.008362115 -0.006089015 0.018037407 0.000446157 0.999818742
1756587231999497216.000000 0.000445796 0.000226528 -0.008354374 -0.006108135 0.017921111 0.000338214 0.999820709
1756587232032838144.000000 0.000311768 0.000125088 -0.008390818 -0.006109568 0.018027848 0.000430460 0.999818742
1756587232099520512.000000 0.000297537 0.000037210 -0.008295768 -0.006209259 0.018048629 0.000501790 0.999817729
1756587232166202880.000000 0.000367035 0.000054074 -0.008557186 -0.006158800 0.018050773 0.000531617 0.999817967
1756587232199544064.000000 0.000395368 0.000078898 -0.008457953 -0.006162781 0.018038064 0.000455880 0.999818265
1756587232266226176.000000 0.000364381 0.000174150 -0.008508339 -0.006107811 0.018081468 0.000544522 0.999817729
1756587232332907520.000000 0.000061877 0.000046196 -0.008209326 -0.006166835 0.018188123 0.000422988 0.999815524
1756587232366248704.000000 0.000101415 0.000151246 -0.008168854 -0.006144263 0.018124864 0.000499367 0.999816775
1756587232432931072.000000 0.000260443 0.000210188 -0.008379082 -0.006079804 0.018063819 0.000478541 0.999818265
1756587232466272000.000000 0.000057363 0.000115774 -0.008204690 -0.006099955 0.018156094 0.000417779 0.999816477
1756587232532954368.000000 -0.000040242 0.000007603 -0.008192677 -0.006163538 0.018210128 0.000412240 0.999815166
1756587232566295296.000000 0.000177175 0.000149434 -0.008387169 -0.006098013 0.018137330 0.000452485 0.999816835
1756587232632976640.000000 0.000114903 0.000026938 -0.008286268 -0.006144592 0.018156538 0.000524783 0.999816179
1756587232666317312.000000 0.000235519 0.000074153 -0.008172415 -0.006160792 0.018100593 0.000556608 0.999817014
1756587232732998144.000000 0.000124662 0.000021030 -0.008137137 -0.006164244 0.018143386 0.000492557 0.999816239
1756587232766337280.000000 0.000167890 0.000058093 -0.008366808 -0.006232819 0.018161053 0.000509124 0.999815524
1756587232833018368.000000 0.000166533 0.000111505 -0.008338795 -0.006201728 0.018161593 0.000490203 0.999815762
1756587232899699200.000000 0.000259665 0.000088480 -0.008462111 -0.006150875 0.018109975 0.000511678 0.999816954
1756587232933039616.000000 0.000355610 0.000207730 -0.008413482 -0.006107179 0.018049372 0.000508409 0.999818325
1756587232999720448.000000 0.000417876 0.000245845 -0.008459280 -0.006097572 0.018047869 0.000555729 0.999818385
1756587233033060864.000000 0.000363203 0.000365785 -0.008333111 -0.006040884 0.018027063 0.000524693 0.999819160
1756587233099741440.000000 0.000383410 0.000534126 -0.008362838 -0.005984606 0.018040404 0.000509468 0.999819279
1756587233133081600.000000 0.000445885 0.000248530 -0.008357461 -0.006099541 0.018035654 0.000511047 0.999818623
1756587233199762688.000000 0.000485415 0.000218198 -0.008409294 -0.006093110 0.018004665 0.000571855 0.999819160
1756587233233102080.000000 0.000429533 0.000297880 -0.008386950 -0.006072502 0.018034767 0.000558098 0.999818802
1756587233299782656.000000 0.000383304 0.000096831 -0.008348333 -0.006172602 0.018057873 0.000506663 0.999817729
1756587233366463488.000000 0.000340464 0.000284684 -0.008285178 -0.006077573 0.018037794 0.000426464 0.999818742
1756587233433143808.000000 0.000427253 0.000179391 -0.008459292 -0.006066585 0.017966766 0.000504571 0.999820113
1756587233466483968.000000 0.000360717 0.000310171 -0.008411393 -0.006072039 0.018052060 0.000475812 0.999818504
1756587233533164800.000000 0.000566617 0.000215062 -0.008624520 -0.006066523 0.017964687 0.000550930 0.999820054
1756587233566505216.000000 0.000492475 0.000188946 -0.008610375 -0.006063330 0.017980179 0.000584801 0.999819815
1756587233633185536.000000 0.000502079 0.000109079 -0.008662273 -0.006066960 0.017981643 0.000607197 0.999819756
1756587233699865344.000000 0.000578730 0.000201537 -0.008505631 -0.006044778 0.017911805 0.000579416 0.999821126
1756587233733205248.000000 0.000523971 0.000208788 -0.008423623 -0.006055564 0.017966960 0.000577129 0.999820113
1756587233799886080.000000 0.000581014 0.000248453 -0.008281284 -0.006093458 0.017915359 0.000581708 0.999820828
1756587233866566400.000000 0.000590406 0.000131157 -0.008340470 -0.006159460 0.017890682 0.000398412 0.999820888
1756587233933246976.000000 0.000435672 0.000226023 -0.008336081 -0.006096322 0.017991386 0.000523471 0.999819458
1756587233966586880.000000 0.000430830 0.000305996 -0.008324185 -0.006080308 0.018032946 0.000497463 0.999818802
1756587234033267200.000000 0.000376906 -0.000051411 -0.008378073 -0.006199410 0.017984981 0.000548168 0.999818921
1756587234066607616.000000 0.000336778 -0.000005326 -0.008417184 -0.006185183 0.018031208 0.000542802 0.999818146
1756587234133286912.000000 0.000278015 0.000051251 -0.008490740 -0.006147092 0.018087687 0.000449942 0.999817431
1756587234166627072.000000 0.000317765 0.000053964 -0.008448987 -0.006152629 0.018066773 0.000500721 0.999817729
1756587234233307392.000000 0.000334356 0.000237325 -0.008410995 -0.006083459 0.018058673 0.000552439 0.999818325
1756587234266647808.000000 0.000393646 0.000178877 -0.008432482 -0.006142217 0.018010521 0.000517482 0.999818802
1756587234333327872.000000 0.000529026 -0.000073530 -0.008362249 -0.006206117 0.017943054 0.000488037 0.999819636
1756587234400007936.000000 0.000360647 0.000160039 -0.008385208 -0.006132619 0.018040154 0.000548065 0.999818325
1756587234433348096.000000 0.000254489 0.000031734 -0.008413902 -0.006156706 0.018081129 0.000480065 0.999817491
1756587234500028672.000000 0.000183470 0.000247054 -0.008454317 -0.006093570 0.018125439 0.000542629 0.999817014
1756587234566707712.000000 0.000377041 0.000168128 -0.008496393 -0.006070505 0.018010506 0.000481624 0.999819279
1756587234600048384.000000 0.000316386 0.000174377 -0.008465499 -0.006082806 0.018058931 0.000436301 0.999818385
1756587234666730240.000000 0.000304178 0.000103278 -0.008304500 -0.006140389 0.018056579 0.000441053 0.999818087
1756587234700071168.000000 0.000328118 0.000242757 -0.008249272 -0.006103101 0.018046368 0.000454019 0.999818444
1756587234766753024.000000 0.000412417 0.000276861 -0.008219371 -0.006064592 0.017996259 0.000462000 0.999819577
1756587234833434624.000000 0.000509795 0.000272507 -0.008304813 -0.006056956 0.017904865 0.000455076 0.999821246
1756587234900116480.000000 0.000515592 0.000292467 -0.008431652 -0.006073069 0.017950745 0.000492167 0.999820352
1756587234933457664.000000 0.000202829 -0.000034955 -0.008393528 -0.006223917 0.018098619 0.000361056 0.999816775
1756587235000138240.000000 0.000301852 0.000367420 -0.008252681 -0.006037142 0.018017454 0.000372068 0.999819458
1756587235033479168.000000 0.000334588 0.000296853 -0.008308610 -0.006038994 0.018005591 0.000398205 0.999819577
1756587235100160768.000000 0.000275274 0.000081090 -0.008389666 -0.006158833 0.018043078 0.000336852 0.999818206
1756587235166842624.000000 0.000276816 0.000035904 -0.008414896 -0.006166759 0.018063577 0.000444622 0.999817789
1756587235200183552.000000 0.000071995 -0.000317373 -0.008407856 -0.006348627 0.018172177 0.000345545 0.999814689
1756587235266865408.000000 0.000126828 -0.000238060 -0.008441227 -0.006339604 0.018154573 0.000340207 0.999815047
1756587235333547264.000000 0.000150270 0.000085415 -0.008386521 -0.006141437 0.018152241 0.000372444 0.999816358
1756587235366888192.000000 -0.000206049 -0.000034764 -0.008381593 -0.006186762 0.018316599 0.000306524 0.999813020
1756587235433569024.000000 0.000101744 0.000150627 -0.008320439 -0.006128037 0.018152982 0.000377361 0.999816418
1756587235466909952.000000 0.000384507 0.000181305 -0.008475418 -0.006064211 0.018013613 0.000451669 0.999819279
1756587235533591552.000000 0.000350909 0.000105617 -0.008477452 -0.006152286 0.018001540 0.000403412 0.999818921
1756587235600273664.000000 0.000214019 0.000068205 -0.008383933 -0.006171192 0.018113878 0.000393996 0.999816835
1756587235633614848.000000 0.000286676 0.000058726 -0.008420249 -0.006159083 0.018035565 0.000393077 0.999818325
1756587235700297472.000000 0.000238520 -0.000000635 -0.008371979 -0.006177307 0.018096022 0.000444200 0.999817073
1756587235733638656.000000 0.000243532 0.000158624 -0.008297835 -0.006091297 0.018116679 0.000483963 0.999817252
1756587235800321024.000000 0.000295990 0.000115083 -0.008192004 -0.006129117 0.018075883 0.000480724 0.999817729
1756587235867002624.000000 0.000229276 0.000232371 -0.008225041 -0.006078910 0.018105451 0.000491765 0.999817491
1756587235900343808.000000 0.000288591 0.000347618 -0.008330761 -0.006028627 0.018072834 0.000468561 0.999818385
1756587235967026432.000000 0.000023548 -0.000103925 -0.008455856 -0.006229832 0.018143335 0.000303505 0.999815941
1756587236000367616.000000 0.000262175 0.000101988 -0.008487525 -0.006153169 0.018048791 0.000401365 0.999818146
1756587236067050240.000000 0.000256248 -0.000072580 -0.008368410 -0.006215082 0.018034711 0.000365786 0.999818027
1756587236133732864.000000 0.000314600 -0.000091831 -0.008454716 -0.006230413 0.018020248 0.000429115 0.999818146
1756587236167074048.000000 0.000305059 -0.000079745 -0.008423476 -0.006222888 0.018042555 0.000435314 0.999817729
1756587236233756416.000000 0.000270359 -0.000178968 -0.008348991 -0.006280984 0.018056881 0.000368259 0.999817193
1756587236300439040.000000 0.000374112 -0.000020577 -0.008383518 -0.006216480 0.018003749 0.000429821 0.999818504
1756587236367120640.000000 0.000317402 0.000020222 -0.008389963 -0.006200718 0.018024536 0.000379012 0.999818265
1756587236400462080.000000 -0.000165407 0.000345117 -0.008065470 -0.005995779 0.018308749 0.000336431 0.999814332
1756587236467144448.000000 0.000279287 0.000153857 -0.008373293 -0.006087355 0.018102534 0.000501640 0.999817491
1756587236500485888.000000 -0.000084981 0.000350637 -0.007988686 -0.006024964 0.018306665 0.000431728 0.999814212
1756587236567168512.000000 0.000379437 0.000048105 -0.008398013 -0.006161936 0.018019747 0.000469938 0.999818563
1756587236633851904.000000 -0.000047816 0.000168770 -0.008031795 -0.006059517 0.018249281 0.000387661 0.999815047
1756587236667194112.000000 0.000318248 0.000037732 -0.008276637 -0.006186287 0.018072851 0.000414305 0.999817491
1756587236733878016.000000 0.000343494 0.000103558 -0.008204523 -0.006120843 0.018017549 0.000360723 0.999818861
1756587236800560640.000000 0.000479296 0.000097046 -0.008399931 -0.006158730 0.017960746 0.000451110 0.999819696
1756587236833902848.000000 -0.000027832 0.000271127 -0.008050901 -0.006031893 0.018254308 0.000437978 0.999815047
1756587236900586496.000000 0.000518830 0.000148009 -0.008485446 -0.006107565 0.017963409 0.000503966 0.999819875
1756587236967270656.000000 0.000298219 0.000006609 -0.008373494 -0.006179410 0.018086700 0.000496785 0.999817193
1756587237033954560.000000 0.000282729 0.000062229 -0.008337091 -0.006183873 0.018044909 0.000452983 0.999817967
1756587237067296768.000000 0.000246116 0.000141404 -0.008283618 -0.006143583 0.018092839 0.000417220 0.999817371
1756587237133980416.000000 0.000174248 0.000173383 -0.008265417 -0.006147058 0.018130990 0.000453408 0.999816656
1756587237167322368.000000 0.000271776 0.000245880 -0.008389085 -0.006061815 0.018043926 0.000399620 0.999818742
1756587237234005760.000000 0.000284909 0.000270615 -0.008454419 -0.006078602 0.018050689 0.000438755 0.999818563
1756587237300689664.000000 0.000288104 0.000265537 -0.008387491 -0.006064908 0.018044015 0.000365858 0.999818802
1756587237334031872.000000 0.000363866 0.000168364 -0.008362615 -0.006103154 0.018021280 0.000418047 0.999818861
1756587237400715776.000000 0.000480015 0.000132278 -0.008477643 -0.006121907 0.017977951 0.000481131 0.999819577
1756587237467399936.000000 0.000424374 -0.000050749 -0.008451474 -0.006215846 0.018005660 0.000500478 0.999818444
1756587237500741888.000000 0.000335019 0.000095437 -0.008414633 -0.006153254 0.018010845 0.000449853 0.999818742
1756587237567426048.000000 0.000197957 -0.000071306 -0.008433579 -0.006220553 0.018093931 0.000419446 0.999816895
1756587237634108416.000000 0.000243939 -0.000115936 -0.008485484 -0.006224323 0.018074803 0.000432051 0.999817193
1756587237667448576.000000 0.000345431 -0.000096383 -0.008499628 -0.006197059 0.018011456 0.000445703 0.999818444
1756587237734130688.000000 0.000341565 -0.000233793 -0.008473609 -0.006265732 0.018035064 0.000408825 0.999817669
1756587237767471872.000000 0.000316038 -0.000096468 -0.008406488 -0.006242625 0.018055426 0.000424394 0.999817431
1756587237834153984.000000 0.000446121 -0.000006134 -0.008397013 -0.006188193 0.017981302 0.000502224 0.999819040
1756587237900836096.000000 0.000385252 -0.000026207 -0.008556039 -0.006180882 0.018041633 0.000486882 0.999818027
1756587237934177024.000000 0.000386117 0.000042423 -0.008286171 -0.006175636 0.018017370 0.000487970 0.999818504
1756587238000859136.000000 0.000324321 0.000113739 -0.008390170 -0.006144343 0.018057620 0.000429392 0.999818027
1756587238067541248.000000 0.000286346 0.000147956 -0.008220441 -0.006163783 0.018065542 0.000427933 0.999817729
1756587238100881152.000000 0.000030985 -0.000063057 -0.008481385 -0.006172359 0.018214813 0.000422918 0.999814987
1756587238167563264.000000 0.000273379 -0.000039151 -0.008409915 -0.006230020 0.018083449 0.000428281 0.999817014
1756587238200904448.000000 -0.000022616 -0.000135188 -0.008545182 -0.006154328 0.018268397 0.000399633 0.999814093
1756587238267586304.000000 0.000364708 -0.000002377 -0.008502699 -0.006184284 0.018010659 0.000439596 0.999818563
1756587238334268416.000000 0.000265785 -0.000127430 -0.008488568 -0.006267252 0.018053889 0.000389580 0.999817371
1756587238400950272.000000 0.000273450 -0.000008110 -0.008384646 -0.006229093 0.018071720 0.000486463 0.999817193
1756587238434291456.000000 0.000269456 -0.000103156 -0.008304058 -0.006249543 0.018055687 0.000424970 0.999817371
1756587238500973312.000000 0.000360175 0.000051723 -0.008475939 -0.006138326 0.018016243 0.000485871 0.999818742
1756587238567654400.000000 0.000339280 0.000095260 -0.008387144 -0.006153481 0.018051077 0.000546071 0.999817967
1756587238600995072.000000 0.000351074 0.000181813 -0.008332177 -0.006087668 0.018040279 0.000570522 0.999818623
1756587238667676928.000000 0.000310060 0.000136832 -0.008322213 -0.006121374 0.018074358 0.000478259 0.999817848
1756587238734358784.000000 0.000298223 -0.000037465 -0.008332055 -0.006233053 0.018084323 0.000505239 0.999816954
1756587238767699968.000000 0.000370338 0.000079067 -0.008265612 -0.006198619 0.018054755 0.000484325 0.999817729
1756587238801040896.000000 0.000338214 0.000083890 -0.008263403 -0.006132462 0.018046141 0.000517406 0.999818265
1756587238867723008.000000 0.000404307 0.000168281 -0.008482870 -0.006081117 0.018032992 0.000511019 0.999818742
1756587238934404864.000000 0.000324979 0.000169000 -0.008387848 -0.006083849 0.018056730 0.000496998 0.999818385
1756587238967745536.000000 0.000358861 0.000036951 -0.008366806 -0.006218263 0.018052723 0.000479378 0.999817610
1756587239034426368.000000 0.000414473 0.000202140 -0.008426817 -0.006071331 0.017999694 0.000511712 0.999819398
1756587239067767552.000000 0.000017905 0.000172637 -0.008389317 -0.006016102 0.018141787 0.000310012 0.999817252
1756587239134449408.000000 0.000314751 0.000115277 -0.008289353 -0.006157496 0.018060919 0.000484836 0.999817848
1756587239201131264.000000 0.000289450 0.000013930 -0.008295838 -0.006198615 0.018081380 0.000458560 0.999817193
1756587239234472192.000000 0.000268364 0.000062071 -0.008255391 -0.006204049 0.018087631 0.000460490 0.999817073
1756587239301154048.000000 0.000367542 0.000045290 -0.008354906 -0.006194751 0.018036082 0.000477885 0.999818027
1756587239367835904.000000 0.000192980 0.000168481 -0.008280483 -0.006127188 0.018094633 0.000355666 0.999817431
1756587239401176832.000000 0.000277029 0.000078380 -0.008286917 -0.006188740 0.018077208 0.000384354 0.999817371
1756587239467857920.000000 0.000315845 0.000009907 -0.008323595 -0.006181993 0.018058581 0.000455570 0.999817729
1756587239501198848.000000 0.000220757 0.000045768 -0.008427975 -0.006186920 0.018126449 0.000375916 0.999816477
1756587239567880704.000000 0.000358430 0.000292282 -0.008298501 -0.006042697 0.018064918 0.000473234 0.999818444
1756587239601222656.000000 0.000384841 0.000055369 -0.008399502 -0.006152431 0.018010154 0.000451826 0.999818802
1756587239667908096.000000 0.000237880 -0.000062815 -0.008335819 -0.006207581 0.018086214 0.000411500 0.999817133
1756587239734593280.000000 0.000345132 0.000061900 -0.008459388 -0.006153870 0.018059628 0.000493025 0.999817848
1756587239801278976.000000 0.000388229 0.000101899 -0.008498106 -0.006116553 0.018049287 0.000498446 0.999818325
1756587239834621952.000000 0.000307637 0.000180552 -0.008368136 -0.006098725 0.018089419 0.000509790 0.999817669
1756587239901306368.000000 0.000180911 0.000182031 -0.008312627 -0.006089917 0.018138351 0.000426161 0.999816835
1756587239967991808.000000 0.000223288 0.000131667 -0.008413202 -0.006103815 0.018110709 0.000462365 0.999817312
1756587240001334784.000000 0.000174731 0.000086542 -0.008427295 -0.006174688 0.018123113 0.000421517 0.999816597
1756587240068020480.000000 0.000323997 0.000026105 -0.008350248 -0.006185037 0.018057659 0.000462571 0.999817729
1756587240134705920.000000 0.000218232 -0.000050893 -0.008438500 -0.006233813 0.018103443 0.000351403 0.999816656
1756587240201391872.000000 0.000189186 0.000048672 -0.008483869 -0.006178707 0.018153835 0.000404168 0.999816060
1756587240234734848.000000 0.000287362 0.000137218 -0.008480377 -0.006120897 0.018103220 0.000463115 0.999817312
1756587240301420800.000000 0.000367330 0.000215740 -0.008488575 -0.006054359 0.018059833 0.000488728 0.999818504
1756587240368105472.000000 0.000440789 0.000178793 -0.008634034 -0.006041995 0.018026389 0.000517514 0.999819160
1756587240434791680.000000 0.000486730 0.000016517 -0.008514540 -0.006195717 0.017973509 0.000504862 0.999819160
1756587240468134400.000000 0.000396105 0.000015251 -0.008550311 -0.006180272 0.018008189 0.000465587 0.999818683
1756587240534820608.000000 0.000257654 -0.000156431 -0.008402850 -0.006305806 0.018064760 0.000299383 0.999816895
1756587240601505792.000000 0.000461113 0.000165229 -0.008232137 -0.006130037 0.017948028 0.000557938 0.999819994
1756587240634847488.000000 0.000469079 -0.000106080 -0.008448247 -0.006257404 0.017963519 0.000474672 0.999818921
1756587240701530624.000000 0.000383422 0.000126499 -0.008433199 -0.006166964 0.018015672 0.000396693 0.999818683
1756587240768212992.000000 0.000360614 0.000111460 -0.008400706 -0.006189718 0.018031226 0.000417445 0.999818206
1756587240801554944.000000 0.000321475 0.000016679 -0.008413299 -0.006191360 0.018037323 0.000407954 0.999818087
1756587240868238336.000000 0.000454631 0.000260974 -0.008399417 -0.006047154 0.017991640 0.000539753 0.999819696
1756587240934921728.000000 0.000561083 0.000285667 -0.008336448 -0.006069029 0.017935945 0.000621190 0.999820590
1756587240968263424.000000 0.000488847 0.000263855 -0.008305881 -0.006074100 0.017970566 0.000600984 0.999819875
1756587241034946560.000000 0.000239764 0.000133411 -0.008181150 -0.006191540 0.018111181 0.000457929 0.999816775
1756587241101630208.000000 0.000244065 0.000172633 -0.008348061 -0.006070815 0.018129043 0.000509855 0.999817133
1756587241134971904.000000 0.000163805 0.000127908 -0.008338174 -0.006135466 0.018130826 0.000477205 0.999816716
1756587241201654272.000000 0.000244459 0.000250102 -0.008320201 -0.006051328 0.018104628 0.000493399 0.999817729
1756587241234995968.000000 0.000255399 0.000208231 -0.008313757 -0.006089401 0.018087579 0.000452411 0.999817789
1756587241301679616.000000 0.000302073 0.000332765 -0.008187857 -0.006097902 0.018062770 0.000476464 0.999818206
1756587241335021312.000000 0.000298307 0.000209098 -0.008251638 -0.006082495 0.018076843 0.000510462 0.999818027
1756587241401704704.000000 0.000461494 0.000138178 -0.008387119 -0.006162705 0.018014237 0.000523584 0.999818683
1756587241468388352.000000 0.000429417 0.000075592 -0.008316391 -0.006171566 0.018025313 0.000478257 0.999818385
1756587241501730304.000000 0.000333290 0.000112602 -0.008315623 -0.006162860 0.018060448 0.000510334 0.999817789
1756587241568413440.000000 0.000107183 0.000158298 -0.008261058 -0.006137702 0.018137295 0.000393473 0.999816656
1756587241601755648.000000 0.000263924 0.000140028 -0.008395826 -0.006128069 0.018108834 0.000507289 0.999817133
1756587241668438784.000000 0.000280798 0.000127235 -0.008391253 -0.006124701 0.018105814 0.000507871 0.999817193
1756587241701780992.000000 0.000296716 0.000086028 -0.008236857 -0.006181118 0.018079355 0.000504272 0.999817371
1756587241768465152.000000 0.000303169 0.000082015 -0.008281484 -0.006190935 0.018073780 0.000463284 0.999817431
1756587241835149568.000000 0.000374419 -0.000035664 -0.008471387 -0.006198573 0.018008202 0.000476598 0.999818504
1756587241868491776.000000 0.000407880 0.000023745 -0.008490665 -0.006160713 0.018010316 0.000468683 0.999818742
1756587241935176192.000000 0.000282875 -0.000051565 -0.008442845 -0.006258477 0.018100310 0.000431132 0.999816537
1756587242001860352.000000 0.000435605 0.000144384 -0.008429383 -0.006125212 0.018016042 0.000508203 0.999818802
1756587242035202560.000000 0.000291773 0.000222211 -0.008330537 -0.006075900 0.018079590 0.000491485 0.999818027
1756587242101885952.000000 0.000371794 0.000035552 -0.008365049 -0.006171422 0.017997550 0.000502018 0.999818921
1756587242168570368.000000 0.000319371 0.000020795 -0.008376655 -0.006211529 0.018077824 0.000501565 0.999817133
1756587242201912576.000000 0.000354901 0.000061856 -0.008486156 -0.006165273 0.018054275 0.000459762 0.999817908
1756587242268597248.000000 0.000425903 0.000134229 -0.008498990 -0.006147167 0.018011037 0.000462627 0.999818861
1756587242335281920.000000 0.000366399 0.000057081 -0.008439342 -0.006138384 0.018037116 0.000468936 0.999818385
1756587242368623616.000000 0.000162079 0.000102556 -0.008323402 -0.006122631 0.018131640 0.000457121 0.999816775
1756587242435308544.000000 0.000124042 0.000126131 -0.008398871 -0.006126368 0.018104140 0.000445391 0.999817252
1756587242501993216.000000 0.000196921 0.000246923 -0.008301142 -0.006063589 0.018103965 0.000518324 0.999817610
1756587242535334656.000000 0.000086199 0.000089779 -0.008314556 -0.006125544 0.018144935 0.000471693 0.999816537
1756587242602018304.000000 0.000500249 -0.000181606 -0.008517217 -0.006233574 0.017998831 0.000592377 0.999818385
1756587242668700672.000000 0.000396863 -0.000058443 -0.008477718 -0.006212074 0.018018080 0.000539217 0.999818206
1756587242735383040.000000 0.000469546 -0.000013834 -0.008468716 -0.006185911 0.018006604 0.000572229 0.999818563
1756587242768724224.000000 0.000311740 -0.000072685 -0.008328283 -0.006249794 0.018085169 0.000536059 0.999816835
1756587242835406592.000000 0.000143246 0.000100913 -0.008150411 -0.006191345 0.018118447 0.000414628 0.999816597
1756587242902088704.000000 0.000322692 0.000061588 -0.008306473 -0.006189950 0.018084673 0.000546541 0.999817133
1756587242935429632.000000 0.000089813 0.000026989 -0.008201933 -0.006254202 0.018185893 0.000401479 0.999815047
1756587243002111232.000000 0.000203008 -0.000040561 -0.008390990 -0.006246779 0.018119449 0.000458542 0.999816239
1756587243068793344.000000 0.000543600 -0.000508774 -0.008447716 -0.001479629 0.017602362 0.000895569 0.999843597
1756587243102134272.000000 0.000319657 -0.001115825 -0.007937285 0.001466415 0.017280743 0.000648398 0.999849439
1756587243168816640.000000 0.000481100 -0.002305612 -0.003538649 0.004436569 0.015515263 0.001428071 0.999868810
1756587243202157824.000000 0.000197508 -0.002243627 0.000913937 0.002484505 0.015570793 0.001109091 0.999875128
1756587243268839936.000000 0.000205964 -0.001927280 0.011752602 -0.004474623 0.016739232 0.000765115 0.999849677
1756587243302181120.000000 0.000399874 -0.001382987 0.017791726 -0.009297123 0.017079899 0.000488732 0.999810815
1756587243368863232.000000 0.001526608 -0.000006043 0.027435478 -0.010585790 0.019496607 0.001467810 0.999752879
1756587243435544576.000000 0.002040996 -0.000388145 0.034018569 -0.009723038 0.021461634 0.000163515 0.999722421
1756587243502226688.000000 0.002008972 -0.001050538 0.038849790 -0.008793192 0.020045403 0.000628036 0.999760211
1756587243535567616.000000 0.001822822 -0.001316920 0.041295975 -0.007701640 0.018985109 0.001190685 0.999789417
1756587243602249728.000000 0.001646059 -0.001441460 0.047585603 -0.006259128 0.018700724 0.000643971 0.999805391
1756587243635590400.000000 0.001327406 -0.002115211 0.050461803 -0.006667846 0.018800402 0.000319972 0.999800980
1756587243702271744.000000 0.001937263 -0.002259593 0.058240764 -0.008489383 0.018881384 0.000801458 0.999785423
1756587243768953088.000000 0.002222341 -0.001898796 0.065488614 -0.009322707 0.018833930 0.000721150 0.999778926
1756587243802293760.000000 0.002426150 -0.001692851 0.068514541 -0.008686643 0.018412946 0.000915806 0.999792337
1756587243868975104.000000 0.003080722 -0.001613233 0.074898168 -0.007286605 0.018457733 0.001214455 0.999802351
1756587243902315008.000000 0.003047372 -0.001691685 0.078079037 -0.007387249 0.019083658 0.001164596 0.999789953
1756587243968996352.000000 0.003233068 -0.002064499 0.084956348 -0.008829595 0.019579619 0.000744677 0.999769092
1756587244035677440.000000 0.003286631 -0.001616677 0.092510290 -0.009603373 0.019566910 0.000763188 0.999762177
1756587244069018368.000000 0.003123984 -0.001489056 0.095967188 -0.009522421 0.019672737 0.000398450 0.999761045
1756587244135699456.000000 0.002811899 -0.001965292 0.101151682 -0.009122252 0.019709390 0.000232850 0.999764144
1756587244202380800.000000 0.002641147 -0.002050332 0.107444189 -0.007627077 0.019487683 0.000004570 0.999781072
1756587244269062144.000000 0.002817135 -0.002215355 0.113786288 -0.008265957 0.018963234 0.000142020 0.999786019
1756587244302402816.000000 0.002871259 -0.002492262 0.117651448 -0.009271623 0.018734472 0.000001819 0.999781549
1756587244369082880.000000 0.003283117 -0.002505621 0.125078559 -0.010604792 0.018640917 0.000397120 0.999769986
1756587244435763968.000000 0.003473223 -0.002780530 0.131513551 -0.011189569 0.018907364 0.000085116 0.999758601
1756587244469104640.000000 0.003633734 -0.002911622 0.134806201 -0.010880384 0.019176221 0.000159475 0.999756932
1756587244535785984.000000 0.004073082 -0.002881029 0.140714556 -0.009317415 0.019683378 -0.000205134 0.999762893
1756587244602467840.000000 0.003942249 -0.003033831 0.147110835 -0.009280043 0.019296985 -0.000013328 0.999770820
1756587244635809536.000000 0.003967714 -0.002273225 0.150836855 -0.009529424 0.019029340 -0.000322294 0.999773502
1756587244702492416.000000 0.004189436 -0.002368138 0.157929152 -0.010995460 0.019204214 0.000088597 0.999755204
1756587244769174528.000000 0.004044688 -0.002598995 0.164450869 -0.008522544 0.025578404 -0.000254748 0.999636531
1756587244802516224.000000 0.005056924 -0.002734223 0.167617202 -0.007369162 0.032621570 -0.000498905 0.999440551
1756587244869199616.000000 0.008217849 -0.003072736 0.174787477 -0.007110628 0.046954691 0.000107538 0.998871803
1756587244902540800.000000 0.009963979 -0.001230440 0.177733570 -0.005063133 0.053265560 -0.000026854 0.998567581
1756587244969224192.000000 0.013276899 -0.001556964 0.183496594 -0.002433091 0.064409696 0.000545128 0.997920454
1756587245035907584.000000 0.016722266 -0.001852728 0.190293595 -0.002692865 0.075337000 0.000775427 0.997154176
1756587245069249024.000000 0.018315623 -0.001820595 0.194816858 -0.003640993 0.080836467 0.000690666 0.996720552
1756587245135932160.000000 0.020807365 -0.002083575 0.202056274 -0.004488900 0.092708774 0.001214222 0.995682478
1756587245202614528.000000 0.024431681 -0.002538966 0.209277242 -0.004270269 0.103899583 0.001450827 0.994577646
1756587245235955968.000000 0.025890667 -0.002696681 0.212596968 -0.004664493 0.109650858 0.001186225 0.993958592
1756587245302639360.000000 0.028692657 -0.002880200 0.219730645 -0.005295655 0.121244855 0.001080928 0.992607951
1756587245335980800.000000 0.030124364 -0.002865433 0.223204866 -0.005243324 0.127158746 0.000957419 0.991868138
1756587245402663936.000000 0.033659931 -0.003633521 0.228803977 -0.004108366 0.138168961 0.001650332 0.990398824
1756587245436005888.000000 0.035776526 -0.003732631 0.231915966 -0.003783251 0.143787339 0.002141471 0.989599049
1756587245502688768.000000 0.039436202 -0.004202634 0.238724723 -0.004340125 0.155638799 0.002016864 0.987802505
1756587245569372416.000000 0.043990050 -0.003900113 0.245233729 -0.004200698 0.166769251 0.002275435 0.985984385
1756587245602713856.000000 0.046570711 -0.003895788 0.248383492 -0.004252007 0.172128811 0.002925750 0.985060930
1756587245669395968.000000 0.051170122 -0.003971602 0.255366564 -0.003771792 0.184191898 0.002821525 0.982879043
1756587245736078848.000000 0.054753374 -0.003791121 0.260733932 -0.002323286 0.195441470 0.002920575 0.980708241
1756587245769420288.000000 0.056975450 -0.004028559 0.263437867 -0.001298810 0.200548619 0.003051199 0.979678154
1756587245836103424.000000 0.060901746 -0.004288419 0.268922061 -0.000016700 0.210407808 0.002277064 0.977611125
1756587245902786560.000000 0.064665362 -0.004921580 0.274552703 -0.001477683 0.207521811 0.002883572 0.978225052
1756587245936128000.000000 0.065964147 -0.003795814 0.278979123 -0.002937381 0.204578832 0.003452855 0.978839636
1756587246002810880.000000 0.068079844 -0.003598557 0.286118478 -0.003325766 0.202873915 0.003304808 0.979193687
1756587246036152320.000000 0.069678783 -0.003861815 0.288542241 -0.002666371 0.203009114 0.003861790 0.979165673
1756587246102834432.000000 0.072267331 -0.004242218 0.294452965 -0.003262997 0.203781798 0.003621655 0.979004264
1756587246169517312.000000 0.074990787 -0.004451668 0.300427526 -0.003385487 0.204126880 0.003248803 0.978933215
1756587246202859008.000000 0.076121122 -0.004135442 0.303573221 -0.002711368 0.203922674 0.003219797 0.978977978
1756587246269541632.000000 0.078463636 -0.004117077 0.309525311 -0.002828035 0.203304291 0.003205240 0.979106247
1756587246336224768.000000 0.081036702 -0.004160597 0.315478325 -0.003137995 0.203441516 0.002886270 0.979077816
1756587246369566208.000000 0.082397148 -0.004225887 0.318281621 -0.002978963 0.203605279 0.002983392 0.979044020
1756587246436249344.000000 0.084998205 -0.004084343 0.325030833 -0.003152439 0.206081823 0.002764260 0.978525817
1756587246502931968.000000 0.089440815 -0.005250712 0.330921501 -0.003722154 0.217917144 0.003230617 0.975954831
1756587246536272640.000000 0.091910839 -0.005537929 0.333715916 -0.004125712 0.224832773 0.003089805 0.974383771
1756587246602955776.000000 0.096821472 -0.005567073 0.337733775 -0.002032682 0.237813592 0.003679546 0.971301734
1756587246669639424.000000 0.101591825 -0.005408055 0.343162209 -0.000712734 0.249189585 0.003699313 0.968447447
1756587246702981376.000000 0.103930041 -0.006001931 0.345990151 -0.001467277 0.254481941 0.003658805 0.967069507
1756587246769665024.000000 0.109797485 -0.005433265 0.352056324 -0.002580566 0.264900208 0.004117465 0.964263618
1756587246803007232.000000 0.112322897 -0.005025118 0.354821861 -0.002449680 0.270567060 0.004356069 0.962688208
1756587246869690880.000000 0.117518984 -0.005480316 0.360032946 -0.001873477 0.281277627 0.004303293 0.959614933
1756587246903032832.000000 0.120338231 -0.005234126 0.362620324 -0.001074901 0.286126971 0.004469984 0.958180726
1756587246969716480.000000 0.125422254 -0.005713842 0.367400438 0.000479660 0.288553655 0.004373231 0.957453668
1756587247036399360.000000 0.128635153 -0.005430534 0.374088913 -0.002741512 0.285348624 0.004589829 0.958408892
1756587247103083520.000000 0.131492198 -0.005176555 0.379474759 -0.002097498 0.283873945 0.004292422 0.958849728
1756587247169767424.000000 0.134955510 -0.005337992 0.383608460 -0.001947914 0.283112496 0.004447186 0.959074438
1756587247203109376.000000 0.136077896 -0.005422561 0.386668384 -0.002193831 0.283274949 0.004132743 0.959027350
1756587247269793536.000000 0.139588803 -0.005988514 0.392579108 -0.003315713 0.283327371 0.004415077 0.959007382
1756587247336477440.000000 0.143321499 -0.006121644 0.398504883 -0.003147114 0.283176631 0.004240054 0.959053278
1756587247369819648.000000 0.144481599 -0.006508539 0.400997937 -0.002300770 0.283183008 0.003886612 0.959055245
1756587247436502784.000000 0.148085430 -0.006534949 0.405752242 -0.002680515 0.282970011 0.003930935 0.959116936
1756587247503186688.000000 0.151512146 -0.005790860 0.411658198 -0.003202130 0.283266515 0.003788205 0.959028423
1756587247536528896.000000 0.153187141 -0.005874883 0.414369345 -0.003171557 0.283348054 0.003536636 0.959005356
1756587247603212800.000000 0.156647101 -0.005963093 0.420411408 -0.003038440 0.283604026 0.003302930 0.958931029
1756587247669896192.000000 0.161635488 -0.007029420 0.424910218 -0.002332338 0.290196896 0.003709737 0.956956983
1756587247703237888.000000 0.164341390 -0.006661761 0.427977622 -0.002566588 0.297005296 0.003847723 0.954864740
1756587247769921536.000000 0.170757189 -0.006376368 0.432585686 -0.003044720 0.310592502 0.003819667 0.950530589
1756587247836605184.000000 0.177222311 -0.007022304 0.436745048 -0.001662914 0.322419226 0.003748176 0.946588099
1756587247869945856.000000 0.180163726 -0.006988122 0.439071029 -0.001482127 0.327114969 0.003784433 0.944975793
1756587247936629248.000000 0.185530216 -0.006724428 0.444214702 -0.000887236 0.336567760 0.004062781 0.941650152
1756587248003312896.000000 0.192339391 -0.006647106 0.448845714 -0.001752447 0.347147971 0.004876678 0.937796116
1756587248036654592.000000 0.195646465 -0.007241359 0.449823260 -0.001690151 0.352226049 0.004589745 0.935902178
1756587248103338240.000000 0.201790243 -0.007671118 0.453530580 0.000298952 0.363810688 0.003805909 0.931465089
1756587248170021888.000000 0.206376076 -0.007333132 0.459322751 0.000843692 0.374369711 0.003023370 0.927274287
1756587248203363328.000000 0.210361719 -0.007945608 0.459680557 0.001144278 0.378555894 0.003774343 0.925570071
1756587248270047232.000000 0.217313215 -0.008098006 0.463544309 0.000813366 0.389073223 0.004221115 0.921196878
1756587248336729856.000000 0.223204568 -0.008498266 0.467741549 0.000197651 0.398084909 0.003671406 0.917341292
1756587248370071552.000000 0.226105228 -0.008609643 0.470160425 0.000231203 0.398577780 0.003602930 0.917127490
1756587248436755200.000000 0.231185347 -0.008158894 0.475779474 -0.002123163 0.396329880 0.004146030 0.918096423
1756587248503438592.000000 0.234965473 -0.008073589 0.480378121 0.000059870 0.395215958 0.003421058 0.918581903
1756587248570122240.000000 0.237097025 -0.009110382 0.484487295 0.001417423 0.394117862 0.002399564 0.919055700
1756587248603464192.000000 0.238941461 -0.009293306 0.487134337 0.001712494 0.394209713 0.001828429 0.919017136
1756587248670146816.000000 0.244949698 -0.008474674 0.490596771 0.001938902 0.394177914 0.002251372 0.919029415
1756587248736829952.000000 0.249270514 -0.008950330 0.496898293 -0.000734079 0.394839406 0.002595616 0.918746233
1756587248770170624.000000 0.252925664 -0.007823811 0.498506546 0.000209219 0.393957525 0.002617398 0.919124961
1756587248836853504.000000 0.257223070 -0.007866051 0.502418220 0.001914152 0.393018126 0.002594250 0.919525087
1756587248870195200.000000 0.259584367 -0.007945844 0.504577637 0.001799848 0.393128484 0.002781208 0.919477642
1756587248936878080.000000 0.264813632 -0.007903220 0.509209275 0.000878532 0.393525571 0.002866299 0.919308901
1756587249003561216.000000 0.270465583 -0.007856178 0.514148057 0.000294953 0.393064678 0.003474376 0.919504285
1756587249070244096.000000 0.274721324 -0.008077542 0.518381417 0.001402133 0.392926008 0.003142680 0.919563711
1756587249136927232.000000 0.279617697 -0.008122571 0.522770882 0.001008133 0.393041551 0.002865632 0.919515789
1756587249203609344.000000 0.282807767 -0.009507206 0.525901198 0.001970593 0.391377181 0.003463599 0.920221746
1756587249236950784.000000 0.285788238 -0.008890755 0.527779400 0.003114797 0.390337586 0.003978087 0.920657992
1756587249303633664.000000 0.290560901 -0.009721852 0.532794714 0.002420223 0.391156971 0.004568743 0.920309544
1756587249370317056.000000 0.296648920 -0.009352375 0.539133549 -0.000790411 0.393089265 0.004949751 0.919486701
1756587249403658496.000000 0.299422175 -0.009234479 0.540905595 -0.001772405 0.393449664 0.005669598 0.919327021
1756587249470341120.000000 0.303527653 -0.009434318 0.544779360 0.000686888 0.393829465 0.004416741 0.919172645
1756587249537024512.000000 0.307157487 -0.010185337 0.548386037 0.001722768 0.392949253 0.004154096 0.919549167
1756587249570365952.000000 0.308943510 -0.010400643 0.550205469 0.002810148 0.391736984 0.004256914 0.920063138
1756587249637048832.000000 0.313454926 -0.010929300 0.554366112 0.003309613 0.391297847 0.004453911 0.920247436
1756587249670389760.000000 0.316652268 -0.010673815 0.556785226 0.002783679 0.391962916 0.004891040 0.919963896
1756587249737072896.000000 0.322440952 -0.010047030 0.562145412 0.000799447 0.393218696 0.005470365 0.919428408
1756587249803756032.000000 0.328084946 -0.009923681 0.566777885 0.000490192 0.393116415 0.005891746 0.919469714
1756587249837097728.000000 0.330058306 -0.010270298 0.568917572 0.001470401 0.394479126 0.005469376 0.918887496
1756587249903780864.000000 0.336535543 -0.010990892 0.572940886 0.000175197 0.405964315 0.005354149 0.913873255
1756587249937122560.000000 0.341542214 -0.009789588 0.574781299 0.000415235 0.413566947 0.006023621 0.910453677
1756587250003805696.000000 0.348414451 -0.009836169 0.577265322 0.002320790 0.425307840 0.005561780 0.905028701
1756587250070488832.000000 0.355144590 -0.010096358 0.580305815 0.003015674 0.434996784 0.005519258 0.900410116
1756587250137170944.000000 0.362178028 -0.009782526 0.584133387 0.002575023 0.442746788 0.005591698 0.896625578
1756587250170512640.000000 0.365252733 -0.010108665 0.586142719 0.002663297 0.442703307 0.006453552 0.896640956
1756587250237195776.000000 0.370241702 -0.009720055 0.590416849 0.001375565 0.438997239 0.007141547 0.898459017
1756587250303878912.000000 0.373318076 -0.010425668 0.594127655 0.003384779 0.437224567 0.006304851 0.899323881
1756587250337220608.000000 0.375515103 -0.010480577 0.596120477 0.003546392 0.437207222 0.006412955 0.899331033
1756587250403903744.000000 0.381321192 -0.010599613 0.600015759 0.003130436 0.437843114 0.006459597 0.899022758
1756587250470587136.000000 0.386688709 -0.010614328 0.604397416 0.002127565 0.437734723 0.006394028 0.899078965
1756587250503928320.000000 0.389452636 -0.010723081 0.606579721 0.001883890 0.437058955 0.006876716 0.899404645
1756587250570610432.000000 0.394139588 -0.010932919 0.610215068 0.003427097 0.436187565 0.007037865 0.899821758
1756587250637293824.000000 0.398062646 -0.011575306 0.614254951 0.002995400 0.436637312 0.006648418 0.899608076
1756587250670635264.000000 0.400905490 -0.011533918 0.616316378 0.002609696 0.436962873 0.006652206 0.899451256
1756587250737318400.000000 0.408285558 -0.011075934 0.620250821 0.003117985 0.438969761 0.006490260 0.898473024
1756587250770660096.000000 0.411808699 -0.010996152 0.622455955 0.003218556 0.443944573 0.006373458 0.896025836
1756587250837343232.000000 0.419941813 -0.010665456 0.625783205 0.001938329 0.456620693 0.007413433 0.889628470
1756587250904026368.000000 0.425692171 -0.011443649 0.626480699 0.004259884 0.466977715 0.006842229 0.884232342
1756587250937367808.000000 0.428634048 -0.011877934 0.627207875 0.005061135 0.471995085 0.006904606 0.881559670
1756587251004049920.000000 0.435951233 -0.012726631 0.629764020 0.004331860 0.482367903 0.007304645 0.875927627
1756587251070733312.000000 0.443993807 -0.012818361 0.633277655 0.002772663 0.492665529 0.008062894 0.870176971
1756587251104075008.000000 0.447362900 -0.012732297 0.634380817 0.003117146 0.497516870 0.007959932 0.867412210
1756587251170757888.000000 0.454256743 -0.013175589 0.635635138 0.004386390 0.506822109 0.007937111 0.862002969
1756587251204099584.000000 0.457601964 -0.013701471 0.636144817 0.004645992 0.511292815 0.008175403 0.859355152
1756587251270782720.000000 0.465824932 -0.013061300 0.638531566 0.004846418 0.521063030 0.008892884 0.853458107
1756587251337465856.000000 0.473256111 -0.013418037 0.640385091 0.004369954 0.530813992 0.009247715 0.847426713
1756587251370807296.000000 0.476614356 -0.013297463 0.641005337 0.004486693 0.535600722 0.009518004 0.844405890
1756587251437489664.000000 0.484910965 -0.012954812 0.642189562 0.005150904 0.543478727 0.009920496 0.839348614
1756587251470831360.000000 0.488281548 -0.013186980 0.643648386 0.006048586 0.544108450 0.010016893 0.838933349
1756587251537514496.000000 0.494622707 -0.012834303 0.647298217 0.003820597 0.541251302 0.010819117 0.840782642
1756587251604196864.000000 0.500467062 -0.013074968 0.650604963 0.003923707 0.540276468 0.010750905 0.841409802
1756587251637537024.000000 0.503331184 -0.013326250 0.651901245 0.004560078 0.540405273 0.010507359 0.841326952
1756587251704217600.000000 0.508498311 -0.014016343 0.654505849 0.004955145 0.540051281 0.010307232 0.841554523
1756587251737558016.000000 0.511848271 -0.013711262 0.655925512 0.004664666 0.540016949 0.010565842 0.841574967
1756587251804238848.000000 0.516932189 -0.014404016 0.658735275 0.003342381 0.539930463 0.011003817 0.841631055
1756587251870918400.000000 0.523198545 -0.014370902 0.661055803 0.004497428 0.539712787 0.010768909 0.841768444
1756587251904258560.000000 0.526220679 -0.014316287 0.662419081 0.005232181 0.539619625 0.010518571 0.841826975
1756587251970938880.000000 0.531982005 -0.014489550 0.665198922 0.005782224 0.539037943 0.010827392 0.842192113
1756587252037619712.000000 0.538790464 -0.014152753 0.668185115 0.004515327 0.539196670 0.011410548 0.842090487
1756587252104300032.000000 0.544046640 -0.014770965 0.671575010 0.003440329 0.539941311 0.011156128 0.841621757
1756587252137640192.000000 0.546656191 -0.015065341 0.672883868 0.003649591 0.540070236 0.010843377 0.841542184
1756587252204320768.000000 0.552410603 -0.015362825 0.675595939 0.003711210 0.540009737 0.011110778 0.841577351
1756587252237660928.000000 0.555811644 -0.015308718 0.676973403 0.002801493 0.539807379 0.011136921 0.841710329
1756587252304340992.000000 0.562443852 -0.014741661 0.679435134 0.003398003 0.539029777 0.011535238 0.842200935
1756587252371020544.000000 0.567224205 -0.015380779 0.682250857 0.004310384 0.539162695 0.010731290 0.842122197
1756587252437700864.000000 0.573016167 -0.015748374 0.685185671 0.004362367 0.539422691 0.009935357 0.841965258
1756587252471040768.000000 0.576236784 -0.015565999 0.686613321 0.003667939 0.539473951 0.010265937 0.841931701
1756587252537721088.000000 0.582470655 -0.015401370 0.690133810 0.002705413 0.539906383 0.010937324 0.841649652
1756587252571061248.000000 0.585514605 -0.015244036 0.691779852 0.002707821 0.539971530 0.010375426 0.841615021
1756587252637743104.000000 0.591696858 -0.015622103 0.694420397 0.003330448 0.539019346 0.010649303 0.842219472
1756587252671084032.000000 0.594422102 -0.015862707 0.695554793 0.003721106 0.538486362 0.010779170 0.842557132
1756587252737766144.000000 0.600013375 -0.016177312 0.697530031 0.004336761 0.538652897 0.010508901 0.842451096
1756587252804447488.000000 0.606074810 -0.015899237 0.699982584 0.004737477 0.539490521 0.009487512 0.841924965
1756587252837788672.000000 0.608600378 -0.015844893 0.701356649 0.004255912 0.539799154 0.009422932 0.841730416
1756587252904471040.000000 0.614690900 -0.016105613 0.704455972 0.003093433 0.540311277 0.009497211 0.841405928
1756587252937811968.000000 0.617753923 -0.015929403 0.705931902 0.003687023 0.540256321 0.009300121 0.841440976
1756587253004494080.000000 0.623626649 -0.016075457 0.708558142 0.004584760 0.539465189 0.009180575 0.841945469
1756587253037835264.000000 0.626729369 -0.015995950 0.709851861 0.004543509 0.539391279 0.009355824 0.841991067
1756587253104517376.000000 0.633249521 -0.015826885 0.713015020 0.003556171 0.539635777 0.009852624 0.841833472
1756587253137858560.000000 0.636309505 -0.015883636 0.714490294 0.002629995 0.539780498 0.009783529 0.841744900
1756587253204540928.000000 0.642088592 -0.016337750 0.717153251 0.003018775 0.539282978 0.009713028 0.842063248
1756587253237881088.000000 0.644877315 -0.016434178 0.718490243 0.003645898 0.538881421 0.009478849 0.842320502
1756587253304563200.000000 0.649946928 -0.016814383 0.721250951 0.004042910 0.538555145 0.009332899 0.842528939
1756587253371245312.000000 0.655956805 -0.016879017 0.723755121 0.003941515 0.538999438 0.008996498 0.842248976
1756587253404586496.000000 0.659199357 -0.016868759 0.724970818 0.004004622 0.538959324 0.009048250 0.842273653
1756587253471268864.000000 0.665634274 -0.016366292 0.729060531 0.003603829 0.538983524 0.009472031 0.842255414
1756587253504609792.000000 0.668624401 -0.016550230 0.730324090 0.002939356 0.539123952 0.009646673 0.842166126
1756587253604633344.000000 0.676403344 -0.017003711 0.733854830 0.003498468 0.538757980 0.008629988 0.842409134
1756587253637974784.000000 0.679054379 -0.016998818 0.735451937 0.003322017 0.538597941 0.008794235 0.842510581
1756587253704656896.000000 0.684789896 -0.017231775 0.738086641 0.003938744 0.538692057 0.008580591 0.842449903
1756587253737998336.000000 0.687417269 -0.017686609 0.739200175 0.004227480 0.538590372 0.008474144 0.842514634
1756587253804680960.000000 0.693098605 -0.018219467 0.742257059 0.004415665 0.538738012 0.008425030 0.842419744
1756587253838022400.000000 0.696144521 -0.018154278 0.743418872 0.004321464 0.539007902 0.008883419 0.842242718
1756587253904705536.000000 0.702239156 -0.017683389 0.746492028 0.003576461 0.539379716 0.008577654 0.842011452
1756587253938046976.000000 0.705106974 -0.017909892 0.748257756 0.003630058 0.539326012 0.008050404 0.842050850
1756587254004729856.000000 0.710884452 -0.017775241 0.751017213 0.004125692 0.539167702 0.008065555 0.842149734
1756587254038071296.000000 0.714200377 -0.018058952 0.752400756 0.003638597 0.539081156 0.008174150 0.842206359
1756587254104753152.000000 0.719456255 -0.018198485 0.754900753 0.003983062 0.539297581 0.007661449 0.842071056
1756587254138094592.000000 0.722174764 -0.018267771 0.755469382 0.005361894 0.539327145 0.007256592 0.842048109
1756587254204777472.000000 0.728198588 -0.018556055 0.758100450 0.004677858 0.539498508 0.007337977 0.841941595
1756587254271460608.000000 0.734207034 -0.018860886 0.760974348 0.004384524 0.539739668 0.007220543 0.841789663
1756587254304802048.000000 0.736983061 -0.018378619 0.763912380 0.003894363 0.540226698 0.006307472 0.841486931
1756587254371484672.000000 0.741455913 -0.019002542 0.766546309 0.003756664 0.539493382 0.006671923 0.841955066
1756587254404826368.000000 0.745467126 -0.018147619 0.768276870 0.004064150 0.539145827 0.006663680 0.842176318
1756587254471509248.000000 0.751464963 -0.018563583 0.771421969 0.004390298 0.539917529 0.006129225 0.841684163
1756587254504850688.000000 0.754650235 -0.018364120 0.772898912 0.004151205 0.539931595 0.006183112 0.841675937
1756587254571532800.000000 0.760927141 -0.018735437 0.775542438 0.004000632 0.538944483 0.007110980 0.842301786
1756587254604873984.000000 0.763888657 -0.018781273 0.776963770 0.003443642 0.538892746 0.007141328 0.842337132
1756587254671556096.000000 0.769587457 -0.019076508 0.779769897 0.002858840 0.539437115 0.007222856 0.841990113
1756587254704897024.000000 0.772425294 -0.018978976 0.781202793 0.002713436 0.539575398 0.007113119 0.841902971
1756587254771579136.000000 0.778110147 -0.018640183 0.783718586 0.003432422 0.539437175 0.006893228 0.841990650
1756587254838261248.000000 0.784203410 -0.019132471 0.786490023 0.003774103 0.538764775 0.006686991 0.842421293
1756587254871602176.000000 0.787007987 -0.019274978 0.787802160 0.003580351 0.538047254 0.007253377 0.842875957
1756587254938284032.000000 0.793096244 -0.019082837 0.790615499 0.003780350 0.537325084 0.008014143 0.843328714
1756587254971625216.000000 0.796145737 -0.019105904 0.792123914 0.003961902 0.537276030 0.008127771 0.843358099
1756587255038306560.000000 0.802638352 -0.019244326 0.794370770 0.003609225 0.537673771 0.007666310 0.843110383
1756587255071647232.000000 0.805819273 -0.019314438 0.795266747 0.003511007 0.538066924 0.007694455 0.842859805
1756587255138329344.000000 0.811896563 -0.018937849 0.798454702 0.003341177 0.538286924 0.007295900 0.842723429
1756587255171670272.000000 0.814229965 -0.018974977 0.800573409 0.004262181 0.538324773 0.007004166 0.842697680
1756587255238352384.000000 0.819292665 -0.019259058 0.803166747 0.005513700 0.537662864 0.006699787 0.843115330
1756587255271693312.000000 0.822324634 -0.019367378 0.804522157 0.005257348 0.537680864 0.006832542 0.843104422
1756587255338375168.000000 0.828289747 -0.020178052 0.807290435 0.002909765 0.538003087 0.008249672 0.842897534
1756587255371716096.000000 0.832418442 -0.019773532 0.809625566 0.001993562 0.537816823 0.008628621 0.843015194
1756587255438396928.000000 0.839594364 -0.019204818 0.812811255 0.001743171 0.537194192 0.009207822 0.843406618
1756587255471737856.000000 0.842444897 -0.019601036 0.813905835 0.002262416 0.536904216 0.009138517 0.843590796
1756587255505078784.000000 0.845352113 -0.019453663 0.815352976 0.002668583 0.537058473 0.008669201 0.843496263
1756587255571760640.000000 0.850915074 -0.019582056 0.817367435 0.004041668 0.537050545 0.008329948 0.843499243
1756587255638444288.000000 0.856877327 -0.019794649 0.819986761 0.003922323 0.537592411 0.008356031 0.843154311
1756587255671785984.000000 0.860060513 -0.020175099 0.821477830 0.002900604 0.537561834 0.008934741 0.843172073
1756587255738470144.000000 0.865132689 -0.021101139 0.824448347 0.002192141 0.536350727 0.009480864 0.843939126
1756587255771811840.000000 0.868262529 -0.020953465 0.825507939 0.003258514 0.535864472 0.009509225 0.844244182
1756587255838496256.000000 0.873297334 -0.021094956 0.828017116 0.002697152 0.536403894 0.009396459 0.843904793
1756587255871838208.000000 0.876557827 -0.021095384 0.828804255 0.003024615 0.536393583 0.009400235 0.843910217
1756587255938520832.000000 0.881800950 -0.021400917 0.831565261 0.003663822 0.536190152 0.009993218 0.844030201
1756587255971863040.000000 0.885826647 -0.020410571 0.833041370 0.003723613 0.536303818 0.010236355 0.843954682
1756587256038546944.000000 0.892403901 -0.020068297 0.836033404 0.002232220 0.537030518 0.010737521 0.843491614
1756587256071889152.000000 0.895349264 -0.020331837 0.837460935 0.002272483 0.536724031 0.010515532 0.843689322
1756587256105231360.000000 0.898026705 -0.020613268 0.838782310 0.002676974 0.536606371 0.010593427 0.843761921
1756587256171915520.000000 0.903151274 -0.021247039 0.841738582 0.003536397 0.537724078 0.009543374 0.843059480
1756587256205257728.000000 0.906137228 -0.021452969 0.843312800 0.003773812 0.538151622 0.009041510 0.842791140
1756587256271941632.000000 0.912616014 -0.021660510 0.846776664 0.003377358 0.537917614 0.009322839 0.842939079
1756587256305283840.000000 0.915313363 -0.021676645 0.848324835 0.003102513 0.537583649 0.009684333 0.843149126
1756587256371966976.000000 0.920509160 -0.022447959 0.850247920 0.002231950 0.536402404 0.010500126 0.843894124
1756587256405309184.000000 0.924377978 -0.021410309 0.852532566 0.002618450 0.536721766 0.010610362 0.843688548
1756587256471993344.000000 0.929962277 -0.021464702 0.854664385 0.003599881 0.537341535 0.009779348 0.843300343
1756587256505335296.000000 0.932303786 -0.021500446 0.855980158 0.003870632 0.537424147 0.009519397 0.843249500
1756587256572019712.000000 0.938133359 -0.021051060 0.858144522 0.004148070 0.537208200 0.009618897 0.843384743
1756587256605361408.000000 0.941276729 -0.021817632 0.859682381 0.003601824 0.537315249 0.009619346 0.843318939
1756587256672045312.000000 0.947442114 -0.022695396 0.862626612 0.004393954 0.543661833 0.008696348 0.839247882
1756587256705386752.000000 0.951874852 -0.022900809 0.862618864 0.003245668 0.549384952 0.009351433 0.835510790
1756587256772068864.000000 0.960239708 -0.022810774 0.862877727 0.003400656 0.562162280 0.010493020 0.826953471
1756587256805410816.000000 0.963533044 -0.022776395 0.862617791 0.004596299 0.567992687 0.009905999 0.822961152
1756587256872094208.000000 0.970107675 -0.022814739 0.863766730 0.004845540 0.578389943 0.008863277 0.815697968
1756587256905436160.000000 0.974122763 -0.023046512 0.864517868 0.004359712 0.582456291 0.009158286 0.812798798
1756587256972119552.000000 0.981665373 -0.023362659 0.865378678 0.004187162 0.590288341 0.010063636 0.807118952
1756587257005461248.000000 0.985774755 -0.023242224 0.865363657 0.004571174 0.594311833 0.009976340 0.804159939
1756587257072144640.000000 0.993154585 -0.023182005 0.866526604 0.004926849 0.596780777 0.010455204 0.802321076
1756587257105486336.000000 0.997607827 -0.022783324 0.868719578 0.003000541 0.595737338 0.011454212 0.803092122
1756587257172169984.000000 1.003594995 -0.021830313 0.871372104 0.003456512 0.592577517 0.011332109 0.805426359
1756587257238852352.000000 1.007234812 -0.022688366 0.872344255 0.006329214 0.592284083 0.009508391 0.805648386
1756587257272194048.000000 1.009432435 -0.023209741 0.873090148 0.006875581 0.592518628 0.009216595 0.805474758
1756587257338877696.000000 1.015566111 -0.023404626 0.875218928 0.007109172 0.592798889 0.009139480 0.805267394
1756587257372219392.000000 1.019064307 -0.023920577 0.876179814 0.006748186 0.593118429 0.009242225 0.805033982
1756587257405561088.000000 1.022166014 -0.023784025 0.876973093 0.006046834 0.593215406 0.009878192 0.804960489
1756587257472244736.000000 1.029327512 -0.023361959 0.879289269 0.003536405 0.592639804 0.010921863 0.805385828
1756587257505586432.000000 1.032730341 -0.022873159 0.880290866 0.003262813 0.592576444 0.011106079 0.805431008
1756587257538928384.000000 1.035752892 -0.023018826 0.881282270 0.003483555 0.592369497 0.011525845 0.805576503
1756587257605611520.000000 1.042081594 -0.022803217 0.883637846 0.004249578 0.592197120 0.011058259 0.805706143
1756587257638953216.000000 1.044844389 -0.023093479 0.884328783 0.004747506 0.592253566 0.010947420 0.805663347
1756587257705635072.000000 1.051000357 -0.023436733 0.886356354 0.005529437 0.592833459 0.010177637 0.805241823
1756587257738976512.000000 1.054442525 -0.023146950 0.887185037 0.005502355 0.592837751 0.010122826 0.805239558
1756587257805659648.000000 1.060349464 -0.024216287 0.889356732 0.003526298 0.592065871 0.010789066 0.805809677
1756587257839000832.000000 1.063722014 -0.024072088 0.890394449 0.003357120 0.591932297 0.011205439 0.805902839
1756587257872342528.000000 1.067830324 -0.023317840 0.893299460 0.004192310 0.592321157 0.011166237 0.805613756
1756587257939025408.000000 1.073051572 -0.023996569 0.892198920 0.004918680 0.592019260 0.011393154 0.805828333
1756587257972367104.000000 1.077711582 -0.023212545 0.895910800 0.004595197 0.592694283 0.011591434 0.805331051
1756587258039049984.000000 1.085009575 -0.022916660 0.898607194 0.003280621 0.592651010 0.012369053 0.805357754
1756587258072391168.000000 1.087962151 -0.022884047 0.899322093 0.003624821 0.592419088 0.012495802 0.805524945
1756587258139073280.000000 1.093147039 -0.023210175 0.900389552 0.005384643 0.592468917 0.011300524 0.805496156
1756587258172414976.000000 1.095417976 -0.023511929 0.901359856 0.005749023 0.592647552 0.011092863 0.805365086
1756587258239097856.000000 1.101370573 -0.023888521 0.902590036 0.005705529 0.592548311 0.010989808 0.805439770
1756587258272439552.000000 1.104724169 -0.023967598 0.904092669 0.004637816 0.592848063 0.011550167 0.805218220
1756587258339122432.000000 1.112401128 -0.023276806 0.906722784 0.002683979 0.593145072 0.012822820 0.804989100
1756587258372464128.000000 1.115314007 -0.023892883 0.907988489 0.001778158 0.592871368 0.012682136 0.805195451
1756587258439147008.000000 1.120957494 -0.023622500 0.910021782 0.004067571 0.592128634 0.012000935 0.805743873
1756587258472488704.000000 1.122985005 -0.024801753 0.909899175 0.004755740 0.592145026 0.011417064 0.805736601
1756587258539170816.000000 1.128874540 -0.024981402 0.911453664 0.005046169 0.593391478 0.010995186 0.804823160
1756587258572512256.000000 1.131867647 -0.024630476 0.913471997 0.004335399 0.593834817 0.010816300 0.804502606
1756587258639195392.000000 1.138955355 -0.024628647 0.916163862 0.002564983 0.593558967 0.011926033 0.804698050
1756587258672537344.000000 1.141978264 -0.024541050 0.917202353 0.002333289 0.593257546 0.012162119 0.804917455
1756587258705879296.000000 1.145020962 -0.024519047 0.918487966 0.002077914 0.592959702 0.012090547 0.805138767
1756587258772562432.000000 1.151347876 -0.024730694 0.919855297 0.003056670 0.592983663 0.012326533 0.805114388
1756587258805904384.000000 1.154475093 -0.024922699 0.920624435 0.003698148 0.593322217 0.011777296 0.804870486
1756587258872588032.000000 1.160481215 -0.024754025 0.921422184 0.004579151 0.593630552 0.011632524 0.804640651
1756587258905929728.000000 1.162933469 -0.024667688 0.922979772 0.004236361 0.594163775 0.011173765 0.804255366
1756587258972613120.000000 1.169282913 -0.024613753 0.925331175 0.003522669 0.594679713 0.010754969 0.803883135
1756587259005953792.000000 1.172336221 -0.024362339 0.926388562 0.003154698 0.594514728 0.010789077 0.804006219
1756587259072637440.000000 1.178763032 -0.024506880 0.928576767 0.003170024 0.594210744 0.011237305 0.804224730
1756587259105979136.000000 1.181605220 -0.024610402 0.929753959 0.003764956 0.594130754 0.010639527 0.804289341
1756587259172662784.000000 1.186572075 -0.025121640 0.931524932 0.004673296 0.594062030 0.009639739 0.804347932
1756587259206004736.000000 1.189390421 -0.025167925 0.932762742 0.004766394 0.594014227 0.009913897 0.804379284
1756587259239346432.000000 1.193623900 -0.024979323 0.934010565 0.004989966 0.593797624 0.010586808 0.804529369
1756587259306030080.000000 1.199503422 -0.025097139 0.936141253 0.004155168 0.594114125 0.010658075 0.804299533
1756587259339372032.000000 1.202819824 -0.025059560 0.937078357 0.003565090 0.594158828 0.011164851 0.804262400
1756587259406055424.000000 1.209154606 -0.025464607 0.938896060 0.003491273 0.593521357 0.010894165 0.804737031
1756587259439396096.000000 1.211780190 -0.024949655 0.940624356 0.004290600 0.593457282 0.010645805 0.804783762
1756587259472738048.000000 1.214518309 -0.025264051 0.941801548 0.004833105 0.593082786 0.010342453 0.805060625
1756587259539421440.000000 1.220386147 -0.025446676 0.943704128 0.005756708 0.592089832 0.010028080 0.805789113
1756587259572763392.000000 1.223466039 -0.025258288 0.944659233 0.005505558 0.591987193 0.010494432 0.805860221
1756587259639446016.000000 1.230341196 -0.025737414 0.945621967 0.004781606 0.592176259 0.011901054 0.805706501
1756587259672787456.000000 1.233976007 -0.025582673 0.946679711 0.004093870 0.592657566 0.012106143 0.805353165
1756587259739469824.000000 1.241004229 -0.026259493 0.948610306 0.003334668 0.592665374 0.011737430 0.805356443
1756587259772810752.000000 1.243545532 -0.026683822 0.949468017 0.003662293 0.592723668 0.011869555 0.805310190
1756587259839493376.000000 1.248297930 -0.026736418 0.951771021 0.003791650 0.592826724 0.011290669 0.805242002
1756587259872833280.000000 1.251289845 -0.027250590 0.952635884 0.003900517 0.592678845 0.011027086 0.805354059
1756587259906174464.000000 1.254521728 -0.027205234 0.953546047 0.004384411 0.592369616 0.011036160 0.805578887
1756587259972856832.000000 1.261104822 -0.027123438 0.955986857 0.003454867 0.592622757 0.011591446 0.805389404
1756587260006197760.000000 1.264710665 -0.027200539 0.956987023 0.003211782 0.593029141 0.011695271 0.805089712
1756587260072880128.000000 1.270193934 -0.027334929 0.959187031 0.002380823 0.593500316 0.011279698 0.804751277
1756587260106221312.000000 1.273307562 -0.027449710 0.960022926 0.002790022 0.593520164 0.011027103 0.804738820
1756587260172903424.000000 1.279392004 -0.028005959 0.961777091 0.003092142 0.592419565 0.011049856 0.805547953
1756587260206244608.000000 1.281740189 -0.027036730 0.963101983 0.002850098 0.592243791 0.010987371 0.805678964
1756587260272926720.000000 1.288994312 -0.026927333 0.965066195 0.002584585 0.592394888 0.011834807 0.805556655
1756587260306267648.000000 1.293419361 -0.027141390 0.966152072 0.003153293 0.592682481 0.012038356 0.805340111
1756587260372948992.000000 1.299236536 -0.027688393 0.968340516 0.002635998 0.593885124 0.011814043 0.804458857
1756587260406290176.000000 1.301849604 -0.027474258 0.969187856 0.002450556 0.594276488 0.011452530 0.804175556
1756587260439631104.000000 1.304891706 -0.028129205 0.969916224 0.002234899 0.594537735 0.011790643 0.803978145
1756587260506313216.000000 1.311196208 -0.027738810 0.972007155 0.001986765 0.594194233 0.011789339 0.804232776
1756587260539654144.000000 1.314342260 -0.028374428 0.973149061 0.001763147 0.593993604 0.011757967 0.804381967
1756587260572995584.000000 1.317149162 -0.028502524 0.974046588 0.001383030 0.593736291 0.011847716 0.804571331
1756587260639677952.000000 1.323086977 -0.028914114 0.976679325 0.001677026 0.593025088 0.011690849 0.805097401
1756587260673019136.000000 1.326249719 -0.028361304 0.977454543 0.002470567 0.592864096 0.011417970 0.805217803
1756587260706360576.000000 1.328399062 -0.028491322 0.978268862 0.003239896 0.592780054 0.011283459 0.805278897
1756587260773042176.000000 1.335027099 -0.028672108 0.980783701 0.003092743 0.592846990 0.011639919 0.805225134
1756587260806383616.000000 1.337984562 -0.028701890 0.981472969 0.002256797 0.592858613 0.011814225 0.805216789
1756587260873066496.000000 1.346943736 -0.027636670 0.985520601 0.002455070 0.593231082 0.011494061 0.804946482
1756587260906407936.000000 1.347942829 -0.028238203 0.985330343 0.001899625 0.592788100 0.011968327 0.805267274
1756587260973090304.000000 1.354224920 -0.027669864 0.987651587 0.001170805 0.592901528 0.012488485 0.805177391
1756587261006431488.000000 1.359183431 -0.026837401 0.989357710 0.001485884 0.592686474 0.012790428 0.805330336
1756587261039772928.000000 1.360284686 -0.027825331 0.988788724 0.001180852 0.591856003 0.013202385 0.805934727
1756587261106455552.000000 1.365198374 -0.028534880 0.990259290 0.002213652 0.592054248 0.012314169 0.805801034
1756587261139796992.000000 1.368280768 -0.028627293 0.991242051 0.002841281 0.592423320 0.011664080 0.805537462
1756587261206479616.000000 1.374305487 -0.029339617 0.992970705 0.003568738 0.592608750 0.011171933 0.805405080
1756587261239819776.000000 1.377540588 -0.029158056 0.993862152 0.003744551 0.592631459 0.011235915 0.805386722
1756587261306502400.000000 1.383504272 -0.029358922 0.996664047 0.002696227 0.592886090 0.011521560 0.805199385
1756587261339843840.000000 1.387403250 -0.029113632 0.997859120 0.002092384 0.593280375 0.011939678 0.804904699
1756587261406526208.000000 1.394044161 -0.029297803 1.000153422 0.000284719 0.593806505 0.012664846 0.804508209
1756587261439867648.000000 1.397168279 -0.027537325 1.000552297 0.001382904 0.592763901 0.012734534 0.805274487
1756587261506550272.000000 1.402351618 -0.027937334 1.002449274 0.003156918 0.591811359 0.012004565 0.805980921
1756587261539891712.000000 1.404836535 -0.028550569 1.003322601 0.004047757 0.591774464 0.011472059 0.806011856
1756587261573233152.000000 1.407004833 -0.030824669 1.005264521 0.003357449 0.592443824 0.011451247 0.805523396
1756587261639915008.000000 1.413106203 -0.031209055 1.007612109 0.002608756 0.592509568 0.011645873 0.805475056
1756587261673254912.000000 1.416746140 -0.031053187 1.008720517 0.001852111 0.592626274 0.012406305 0.805379868
1756587261739936512.000000 1.423868775 -0.030459374 1.011509657 0.000805588 0.592085779 0.013194095 0.805766523
1756587261773277184.000000 1.427336931 -0.030465627 1.011988401 0.001068292 0.592123985 0.013407893 0.805734694
1756587261839958784.000000 1.433249593 -0.031067744 1.014093637 0.001826702 0.592413604 0.013113562 0.805525243
1756587261873299712.000000 1.436115265 -0.031428419 1.014790893 0.002262811 0.592515469 0.012839925 0.805453658
1756587261906640384.000000 1.439242482 -0.030039366 1.015050173 0.002938338 0.592057586 0.012316971 0.805796266
1756587261973321984.000000 1.445322394 -0.030481070 1.017538905 0.002086984 0.591829836 0.012541081 0.805962622
1756587262006662912.000000 1.448805571 -0.030647103 1.018336415 0.001652311 0.591619790 0.012650850 0.806116223
1756587262040003840.000000 1.451422930 -0.030289929 1.018967986 0.001764270 0.591682851 0.012583338 0.806070745
1756587262106684160.000000 1.456951141 -0.030035755 1.021088481 0.002599172 0.590990126 0.011809263 0.806588233
1756587262140025088.000000 1.459295988 -0.030076589 1.021661401 0.003372951 0.588016093 0.011298713 0.808763266
1756587262173366016.000000 1.461736083 -0.030379595 1.023468971 0.004359840 0.582964897 0.011427427 0.812405348
1756587262240047360.000000 1.465943336 -0.030416878 1.028887868 0.002587134 0.571515262 0.011641994 0.820504844
1756587262273388032.000000 1.468900204 -0.030562323 1.031185389 0.001649896 0.566878259 0.011459611 0.823720276
1756587262340069888.000000 1.474719405 -0.030754134 1.035548806 -0.000067149 0.559953511 0.012394456 0.828431368
1756587262373410816.000000 1.477507234 -0.030722044 1.036967278 0.000004116 0.559405863 0.012097965 0.828805625
1756587262406751232.000000 1.481642008 -0.029589519 1.037762761 0.000966779 0.559315622 0.012009878 0.828867316
1756587262473432832.000000 1.484456062 -0.032736510 1.039682388 0.001501256 0.561609983 0.011809844 0.827316523
1756587262506773760.000000 1.489213705 -0.030532049 1.040110946 0.003389110 0.562270999 0.010624018 0.826877832
1756587262540113408.000000 1.491671681 -0.030400746 1.040701866 0.003999359 0.562566638 0.010654969 0.826673627
1756587262606795264.000000 1.497332573 -0.030816615 1.043200850 0.003942248 0.562620997 0.010214934 0.826642513
1756587262640137472.000000 1.500467300 -0.030654058 1.044161320 0.003733873 0.562566400 0.010955502 0.826671124
1756587262706821120.000000 1.507313848 -0.030695632 1.047180057 0.002269858 0.562762678 0.011515990 0.826535225
1756587262740163072.000000 1.510383129 -0.030476207 1.048597693 0.001715286 0.562970877 0.011521747 0.826394737
1756587262806846976.000000 1.516000390 -0.030771334 1.050613761 0.003022437 0.562937081 0.010725811 0.826424658
1756587262840188928.000000 1.519347548 -0.030801894 1.051941037 0.004102338 0.565158129 0.009989223 0.824912012
1756587262906872832.000000 1.528134465 -0.031417333 1.053458095 0.002257161 0.576501131 0.011248187 0.817015827
1756587262940214784.000000 1.532696128 -0.031301625 1.054108739 0.001065660 0.582270443 0.011657487 0.812910914
1756587262973556736.000000 1.534707069 -0.032324318 1.053847551 0.000909738 0.587529063 0.012165984 0.809111178
1756587263040239872.000000 1.543350935 -0.030269919 1.054048419 0.004440742 0.597139299 0.010820325 0.802052319
1756587263073581568.000000 1.546850204 -0.030242631 1.053846121 0.004307877 0.602203667 0.010142366 0.798266470
1756587263140265472.000000 1.553931952 -0.030070329 1.054048419 0.004231182 0.608189940 0.009874021 0.793718934
1756587263173607424.000000 1.556817770 -0.030559570 1.054062486 0.004014968 0.607123554 0.010753148 0.794524610
1756587263240291328.000000 1.563306093 -0.030937556 1.056940675 0.002510690 0.604349613 0.011473081 0.796632648
1756587263273633280.000000 1.566292763 -0.030932970 1.058249593 0.002388783 0.604125023 0.011029975 0.796809733
1756587263306975488.000000 1.569131851 -0.031145548 1.059231162 0.003153611 0.603725076 0.011229440 0.797107339
1756587263373659136.000000 1.574324965 -0.031362534 1.061222076 0.003838144 0.603166938 0.011268090 0.797526240
1756587263407001344.000000 1.578573585 -0.031763360 1.064270616 0.004154144 0.604338288 0.010455209 0.796648443
1756587263473683968.000000 1.583654404 -0.031946093 1.065268397 0.003642241 0.605168700 0.010111550 0.796024680
1756587263507026176.000000 1.586574793 -0.031897720 1.066078067 0.003265030 0.605157137 0.009825445 0.796038806
1756587263540368128.000000 1.589764714 -0.032570876 1.066790700 0.003224284 0.605207443 0.010095439 0.795997322
1756587263607052032.000000 1.596169114 -0.032367438 1.068939209 0.002769487 0.605292857 0.010029981 0.795934856
1756587263640393472.000000 1.599870205 -0.032497287 1.069969296 0.002401702 0.605347395 0.010689976 0.795885980
1756587263673735168.000000 1.604234219 -0.032424968 1.071253419 0.001519266 0.605687022 0.011568855 0.795617461
1756587263740418304.000000 1.611325145 -0.032105729 1.074092865 0.000457784 0.605995834 0.011319846 0.795387208
1756587263773760000.000000 1.613691568 -0.031892046 1.075266242 0.001226560 0.605908632 0.011093690 0.795455992
1756587263840443136.000000 1.618804455 -0.032091670 1.077480555 0.001390630 0.606004179 0.010480764 0.795391262
1756587263873783552.000000 1.622192621 -0.032926295 1.078202486 0.001279571 0.605904341 0.011000101 0.795460403
1756587263940467200.000000 1.629953146 -0.032184880 1.079917431 0.000619744 0.605511725 0.011085576 0.795758963
1756587263973808640.000000 1.633042336 -0.032100927 1.080984473 0.001494816 0.605636537 0.010942400 0.795664847
1756587264007150080.000000 1.635120392 -0.032543134 1.082148314 0.002179928 0.605727494 0.010978974 0.795593500
1756587264073833472.000000 1.641372204 -0.032850713 1.083037257 0.002499703 0.605531216 0.010405830 0.795749605
1756587264107175168.000000 1.644277334 -0.033076361 1.083750367 0.002863176 0.605453253 0.010635381 0.795804679
1756587264173858304.000000 1.650961280 -0.033574767 1.086197853 0.001941850 0.605607688 0.010724283 0.795688748
1756587264207200000.000000 1.654273510 -0.033228375 1.087260365 0.001668025 0.605785429 0.010717827 0.795554161
1756587264273883136.000000 1.661221147 -0.032960348 1.089485765 0.001514000 0.605630934 0.010478103 0.795675278
1756587264307224832.000000 1.664186001 -0.032815777 1.090245128 0.002005843 0.605602622 0.010467012 0.795695901
1756587264340565504.000000 1.667864203 -0.033368580 1.091426849 0.001807956 0.605581880 0.011246081 0.795701504
1756587264407248640.000000 1.673593044 -0.032306805 1.091890693 0.001138774 0.604432464 0.011568889 0.796571612
1756587264473931776.000000 1.680627584 -0.031587675 1.093285322 0.001484337 0.603406370 0.011740464 0.797345996
1756587264507273728.000000 1.683595777 -0.031651966 1.094456673 0.001517880 0.603392243 0.011992359 0.797352970
1756587264573956608.000000 1.689578891 -0.031938307 1.096400380 0.000955774 0.603211641 0.012527226 0.797482193
1756587264607298304.000000 1.692820907 -0.031762250 1.097656608 0.001202042 0.603254497 0.011958821 0.797458172
1756587264640639232.000000 1.695226312 -0.032299053 1.098873138 0.001903603 0.603444040 0.011862811 0.797314823
1756587264707321600.000000 1.700163126 -0.032858811 1.100570202 0.003233693 0.603596032 0.011320886 0.797203422
1756587264740662528.000000 1.703137994 -0.032849368 1.101577640 0.003805990 0.603994846 0.010758194 0.796906531
1756587264774002688.000000 1.706218481 -0.033431008 1.102107406 0.003675184 0.604317427 0.010966089 0.796659708
1756587264840684800.000000 1.715184450 -0.033018678 1.104069352 0.003162396 0.606966853 0.011413355 0.794638932
1756587264874025728.000000 1.720236182 -0.031729873 1.105543494 0.002919754 0.612224460 0.011415534 0.790596306
1756587264940708096.000000 1.730182171 -0.030163055 1.106001496 0.001621509 0.624558747 0.012579018 0.780874848
1756587264974049280.000000 1.733841181 -0.030140227 1.105368972 0.001918650 0.629508913 0.012235007 0.776894629
1756587265007390464.000000 1.736571789 -0.030260492 1.105637193 0.002784331 0.634006798 0.011295342 0.773240089
1756587265040731392.000000 1.739168882 -0.030758983 1.105203509 0.003509568 0.636263371 0.010707955 0.771389723
1756587265107413504.000000 1.745035172 -0.030779751 1.105929255 0.003181557 0.633616269 0.011665050 0.773553073
1756587265140754688.000000 1.748219967 -0.029532218 1.107581496 0.002907212 0.632122040 0.011634690 0.774776101
1756587265207435776.000000 1.753970146 -0.029373506 1.109972119 0.002573472 0.632063806 0.011741959 0.774823189
1756587265240776704.000000 1.757557869 -0.030647529 1.111129284 0.001692062 0.632215500 0.012668465 0.774687171
1756587265274117888.000000 1.761293173 -0.031991273 1.110155463 0.001077925 0.631712079 0.013876590 0.775078237
1756587265340800000.000000 1.767755032 -0.030404374 1.111956716 0.002208854 0.632318377 0.012303948 0.774607837
1756587265374141184.000000 1.769812346 -0.032433815 1.113598704 0.002070950 0.633132875 0.012082313 0.773946106
1756587265407482112.000000 1.773397923 -0.030933389 1.113660812 0.002602021 0.633238614 0.011654559 0.773864508
1756587265474163968.000000 1.780153990 -0.030737154 1.115362287 0.000142004 0.633274674 0.012838174 0.773820698
1756587265507505152.000000 1.783514500 -0.030896790 1.116750598 -0.000159578 0.633269250 0.013053553 0.773821533
1756587265540846080.000000 1.786966920 -0.030849915 1.117771506 0.000102645 0.633175969 0.012811644 0.773901880
1756587265607528448.000000 1.792382240 -0.031075513 1.119205594 0.001162388 0.632934988 0.012125568 0.774109185
1756587265640869632.000000 1.794758797 -0.031248329 1.119743228 0.001946140 0.632325470 0.011778901 0.774610937
1756587265674210048.000000 1.798136950 -0.031802587 1.120464087 0.002314863 0.631940365 0.011277477 0.774931610
1756587265740892672.000000 1.804572105 -0.030662838 1.121811986 0.002908599 0.631859004 0.011532074 0.774992108
1756587265774233856.000000 1.808204174 -0.030822568 1.122473955 0.002376251 0.631996155 0.011967470 0.774875522
1756587265840916480.000000 1.816028595 -0.030385640 1.124248505 0.001834510 0.632164598 0.012465913 0.774731755
1756587265874257920.000000 1.819332123 -0.030182822 1.125657797 0.001433852 0.632623732 0.012207383 0.774361849
1756587265940940288.000000 1.825172424 -0.030585486 1.126293659 0.002084772 0.632322252 0.011654136 0.774614990
1756587265974281472.000000 1.827718854 -0.030743880 1.126389384 0.003094226 0.632038236 0.011350174 0.774847984
1756587266007622656.000000 1.830376387 -0.030869799 1.126769781 0.003960187 0.632054448 0.010758427 0.774839282
1756587266040964096.000000 1.832893729 -0.031034825 1.127723813 0.004092007 0.632235646 0.010300185 0.774696946
1756587266107645696.000000 1.839413166 -0.031234704 1.128556728 0.003845650 0.632401109 0.010756641 0.774556935
1756587266140987136.000000 1.843194366 -0.031061484 1.129843712 0.003711030 0.632206202 0.011163554 0.774710894
1756587266207669760.000000 1.850313902 -0.030881444 1.131233692 0.003415210 0.632307827 0.011997034 0.774616838
1756587266241010944.000000 1.853698373 -0.031007102 1.133693814 0.002640356 0.633310556 0.011945862 0.773801088
1756587266274352384.000000 1.857236743 -0.030298227 1.133748651 0.002793260 0.633393705 0.011864820 0.773733675
1756587266341035008.000000 1.861773729 -0.030834816 1.134581089 0.003786217 0.633460641 0.011147650 0.773685396
1756587266374376192.000000 1.864187956 -0.031618744 1.135777354 0.004427316 0.633662581 0.010782749 0.773521781
1756587266407717376.000000 1.867555380 -0.031291530 1.135990620 0.005169578 0.633679688 0.010214113 0.773510873
1756587266441058816.000000 1.870187521 -0.031144938 1.136507273 0.005665546 0.633723259 0.009779779 0.773477376
1756587266507741440.000000 1.877080679 -0.030957364 1.138540149 0.004812206 0.634652853 0.010183917 0.772715330
1756587266541081856.000000 1.880607843 -0.030460717 1.139240742 0.004414894 0.634658694 0.010226863 0.772712350
1756587266574423040.000000 1.884670973 -0.030298498 1.140425682 0.004414211 0.634700954 0.009994786 0.772680640
1756587266607764480.000000 1.888096333 -0.030535839 1.141363025 0.004153480 0.634600401 0.009945418 0.772765338
1756587266674447872.000000 1.894466400 -0.031484291 1.142968774 0.004194526 0.634419739 0.010253720 0.772909403
1756587266707789312.000000 1.898023486 -0.031042088 1.143434048 0.004878142 0.634103954 0.009584456 0.773173034
1756587266741130752.000000 1.900254250 -0.031554371 1.143984079 0.005702738 0.633532524 0.009259081 0.773639679
1756587266807814144.000000 1.905906200 -0.031634346 1.144891381 0.006936931 0.633086681 0.008739044 0.774000525
1756587266841155840.000000 1.909236550 -0.031698924 1.145718932 0.006476987 0.633516252 0.008828776 0.773651958
1756587266907838976.000000 1.915862560 -0.031722561 1.147240281 0.005494496 0.634234786 0.009019036 0.773068428
1756587266941180672.000000 1.919494390 -0.031551056 1.147973776 0.004626243 0.634327054 0.009515072 0.772992432
1756587266974522368.000000 1.923665643 -0.031240489 1.148324490 0.003898016 0.634113550 0.010076206 0.773164511
1756587267041204736.000000 1.929942846 -0.031040441 1.149939537 0.004346677 0.633711874 0.009863164 0.773494005
1756587267074546432.000000 1.932329416 -0.031664938 1.150813699 0.005022279 0.633541226 0.009664068 0.773632288
1756587267141229568.000000 1.938748002 -0.032480247 1.152562261 0.005424112 0.633852243 0.009067287 0.773382008
1756587267174571264.000000 1.941974401 -0.032904997 1.153278112 0.005324756 0.634015501 0.009057647 0.773249030
1756587267207912960.000000 1.945246696 -0.032724679 1.154028893 0.005158834 0.634096563 0.009099619 0.773183227
1756587267274596096.000000 1.951745749 -0.032224420 1.155608296 0.004231879 0.634373486 0.008908771 0.772963881
1756587267307938048.000000 1.955135107 -0.031974215 1.156091213 0.004147157 0.634526372 0.009110223 0.772836387
1756587267341279488.000000 1.958910823 -0.031789739 1.156626821 0.004379468 0.634515524 0.009182836 0.772843242
1756587267407963136.000000 1.965067387 -0.032322865 1.158095717 0.004352750 0.634609640 0.009344812 0.772764087
1756587267441303808.000000 1.968325377 -0.032131601 1.158700943 0.004808885 0.634677172 0.009127725 0.772708535
1756587267474645504.000000 1.970834732 -0.033214949 1.159433365 0.005061569 0.634512186 0.009422433 0.772838891
1756587267541328896.000000 1.977481365 -0.032500274 1.160624266 0.004567329 0.634165883 0.009713558 0.773122549
1756587267574670336.000000 1.980819225 -0.032223530 1.161396027 0.004131307 0.634248912 0.010190529 0.773050785
1756587267641353216.000000 1.988136530 -0.032116383 1.162914276 0.003189456 0.634762704 0.011357077 0.772617102
1756587267674693888.000000 1.991554022 -0.032350495 1.163681984 0.002664878 0.635102928 0.011380685 0.772339165
1756587267708035072.000000 1.994129419 -0.032325648 1.164732218 0.002907710 0.635469735 0.010540960 0.772048414
1756587267774716928.000000 1.999820948 -0.032159798 1.165450096 0.004356958 0.635603487 0.009440167 0.771945715
1756587267808057856.000000 2.002061367 -0.032385204 1.165954351 0.005098355 0.635216117 0.008885214 0.772266567
1756587267841399040.000000 2.004816771 -0.032518230 1.166706562 0.005632170 0.635203719 0.008441292 0.772277951
1756587267908079872.000000 2.011971474 -0.032222208 1.168347597 0.006727420 0.634683132 0.008270294 0.772698939
1756587267941420544.000000 2.015838146 -0.031736381 1.169165969 0.006619096 0.634676874 0.008493727 0.772702634
1756587268008102912.000000 2.022843838 -0.032071568 1.170914769 0.005308530 0.635418236 0.010065633 0.772084296
1756587268041443584.000000 2.025812626 -0.032252591 1.171555281 0.005894571 0.637861669 0.009625793 0.770068169
1756587268074784768.000000 2.029808044 -0.032651909 1.171659708 0.005635371 0.642525315 0.009134507 0.766189396
1756587268141466624.000000 2.038214922 -0.032054089 1.169988275 0.003093218 0.653879762 0.011623007 0.756502807
1756587268174807296.000000 2.041861057 -0.031233311 1.168632984 0.002595571 0.658404410 0.012787996 0.752551317
1756587268208148224.000000 2.043173790 -0.030869476 1.168011665 0.001837994 0.661793768 0.013072615 0.749569774
1756587268274830080.000000 2.042517424 -0.030949943 1.167710781 0.004647669 0.667719901 0.011190913 0.744314015
1756587268308170752.000000 2.040017128 -0.031593550 1.165485978 0.006900622 0.670195162 0.009966965 0.742085993
1756587268341510912.000000 2.038665533 -0.032334603 1.164366245 0.009061377 0.673873723 0.008193798 0.738745630
1756587268408192512.000000 2.038758039 -0.033214130 1.162736058 0.010346113 0.681931317 0.007288715 0.731306791
1756587268441533440.000000 2.040052891 -0.032709390 1.161726832 0.009627606 0.685428441 0.008092050 0.728031456
1756587268474874624.000000 2.042058468 -0.032406576 1.160624146 0.007875745 0.689076662 0.009525225 0.724583089
1756587268541556224.000000 2.045375109 -0.031458665 1.158211231 0.005189998 0.696782172 0.011847302 0.717166245
1756587268574897152.000000 2.046128750 -0.031276919 1.157920599 0.005476284 0.700889468 0.011984546 0.713148236
1756587268608238080.000000 2.046653986 -0.031516224 1.156739712 0.005962819 0.704702318 0.011818220 0.709379673
1756587268674920448.000000 2.045585155 -0.032825284 1.155923128 0.006987816 0.712836087 0.010827305 0.701212406
1756587268708261376.000000 2.045234442 -0.033204313 1.154469252 -0.007717748 -0.716869295 -0.010500408 -0.697085798
1756587268774942976.000000 2.045749903 -0.032893285 1.152020216 -0.008479563 -0.725149035 -0.009957258 -0.688467860
1756587268808284160.000000 2.046707392 -0.032861888 1.150331259 -0.008524302 -0.728975177 -0.010291079 -0.684409738
1756587268841625088.000000 2.047145844 -0.032842364 1.149628401 -0.008280107 -0.733029485 -0.010861215 -0.680059791
1756587268908307200.000000 2.048885345 -0.033051334 1.147615194 -0.006945723 -0.740557671 -0.012724245 -0.671836376
1756587268941648384.000000 2.049541712 -0.033107728 1.146347046 -0.007094176 -0.744044662 -0.013089344 -0.667964041
1756587269008330496.000000 2.049517632 -0.033514898 1.144813061 -0.007099452 -0.751659751 -0.012755877 -0.659389555
1756587269041671936.000000 2.049695015 -0.034139305 1.143952370 -0.007353807 -0.755620062 -0.012757397 -0.654844701
1756587269075012864.000000 2.049889565 -0.034418277 1.143341303 -0.007723666 -0.759571135 -0.013169708 -0.650245130
1756587269141694976.000000 2.050018311 -0.035277523 1.140886784 -0.007662748 -0.766922176 -0.013692040 -0.641548276
1756587269208377088.000000 2.050002813 -0.035919905 1.139275551 -0.007222365 -0.774309278 -0.014695366 -0.632595599
1756587269241717248.000000 2.049772501 -0.036091320 1.138151169 -0.007038771 -0.777599752 -0.014869558 -0.628544509
1756587269275058432.000000 2.049943209 -0.035680480 1.137599945 -0.007345652 -0.781308949 -0.014587078 -0.623930812
1756587269308399616.000000 2.050664663 -0.035962369 1.136315584 -0.007771617 -0.784655511 -0.014571495 -0.619712114
1756587269375081728.000000 2.051766872 -0.035832789 1.133804798 -0.008383396 -0.791485369 -0.014338365 -0.610962451
1756587269408422912.000000 2.051989079 -0.035924722 1.132968903 -0.007837687 -0.794998288 -0.014627122 -0.606384754
1756587269475105024.000000 2.054091930 -0.033748336 1.130559683 0.008675376 0.801858604 0.015214283 0.597257078
1756587269508445952.000000 2.055238008 -0.033625659 1.129467726 0.008416857 0.805128038 0.015784744 0.592831194
1756587269575128064.000000 2.054329157 -0.035630912 1.128040314 -0.007261046 -0.811236262 -0.016901545 -0.584429145
1756587269608469248.000000 2.054087877 -0.035505325 1.126866579 -0.008030886 -0.814223826 -0.016501976 -0.580261111
1756587269641810944.000000 2.053786516 -0.035127506 1.125510693 -0.008387626 -0.817286074 -0.015660161 -0.575958312
1756587269708492800.000000 2.053291559 -0.035911519 1.123885393 -0.009633062 -0.824124992 -0.014482047 -0.566141009
1756587269741833984.000000 2.053349733 -0.036298461 1.122755527 -0.009817939 -0.827381432 -0.014502440 -0.561367333
1756587269808516864.000000 2.053344965 -0.037045307 1.120385170 -0.009302559 -0.833673835 -0.015653973 -0.551956832
1756587269841858048.000000 2.053947449 -0.037008479 1.118900299 -0.008930949 -0.836787045 -0.016453499 -0.547208369
1756587269875199488.000000 2.054135323 -0.036706418 1.117642760 -0.008516377 -0.839838088 -0.016965996 -0.542505085
1756587269941882368.000000 2.054047823 -0.036952976 1.116700768 0.008152913 0.845889211 0.016725348 0.533034027
1756587270008565248.000000 2.053616524 -0.038145192 1.114277005 0.008494297 0.851612449 0.016619336 0.523839712
1756587270041906688.000000 2.053690910 -0.038703304 1.113781214 0.008583962 0.854483366 0.016804038 0.519136012
1756587270108588544.000000 2.053452492 -0.038179621 1.113010049 -0.008785632 -0.860464096 -0.017261337 -0.509142816
1756587270141929728.000000 2.053601503 -0.038911421 1.112100482 -0.008448747 -0.863319397 -0.017572239 -0.504281282
1756587270175271168.000000 2.054090738 -0.038460672 1.111092329 -0.008679503 -0.866361141 -0.017286872 -0.499043405
1756587270241954048.000000 2.053968430 -0.038166832 1.108868361 -0.008981151 -0.871859908 -0.016906481 -0.489381135
1756587270275295488.000000 2.054359674 -0.037999872 1.108296275 -0.009063626 -0.874639928 -0.016778089 -0.484398007
1756587270308636672.000000 2.054095507 -0.038093440 1.107585549 -0.009307476 -0.877271414 -0.016888274 -0.479607224
1756587270341978368.000000 2.053901196 -0.037985232 1.106558442 -0.009384604 -0.880033493 -0.017096927 -0.474510968
1756587270408660992.000000 2.053894997 -0.038403396 1.104232669 -0.008915411 -0.885364354 -0.017350307 -0.464488417
1756587270442002432.000000 2.053132296 -0.039321560 1.103099585 0.008304241 0.887877047 0.017522413 0.459672153
1756587270475343616.000000 2.053557873 -0.039832983 1.102448940 0.008169784 0.890444815 0.017341541 0.454687446
1756587270508685312.000000 2.054103851 -0.040455740 1.101963401 0.008322209 0.893034279 0.017588446 0.449567735
1756587270575366912.000000 2.053818226 -0.039428156 1.100771546 -0.009359048 -0.897971272 -0.017562345 -0.439604044
1756587270608708864.000000 2.054560661 -0.039984096 1.100802302 -0.008770566 -0.900681496 -0.017953467 -0.434020430
1756587270675393280.000000 2.054611683 -0.039794896 1.099174738 -0.008899233 -0.905850112 -0.018897969 -0.423083127
1756587270708735744.000000 2.054630280 -0.040033415 1.098384738 -0.008676739 -0.908268392 -0.019383302 -0.417848706
1756587270742077952.000000 2.054607391 -0.039914910 1.097424269 -0.008502901 -0.910642982 -0.019852091 -0.412629426
1756587270808762880.000000 2.054078579 -0.040052578 1.095672965 -0.009025996 -0.915286601 -0.019366803 -0.402236313
1756587270842104832.000000 2.054106236 -0.040113986 1.095616221 -0.009136543 -0.917602181 -0.018944155 -0.396943301
1756587270875447296.000000 2.053528309 -0.039942931 1.094677925 -0.009286857 -0.919854522 -0.018609572 -0.391708106
1756587270908789760.000000 2.052892685 -0.038464796 1.091148853 0.010482980 0.921369791 0.018137906 0.388122141
1756587270975474432.000000 2.050467968 -0.037980020 1.088569522 -0.010998163 -0.925503850 -0.016890252 -0.378201693
1756587271008815872.000000 2.049664974 -0.037849642 1.087773681 -0.011058917 -0.927585900 -0.016690210 -0.373073339
1756587271075500544.000000 2.049101353 -0.036953583 1.085714579 -0.011387123 -0.931712568 -0.016829113 -0.362627715
1756587271108842752.000000 2.048974037 -0.036754813 1.084932208 -0.011474968 -0.933656096 -0.016890774 -0.357588142
1756587271175527680.000000 2.047239304 -0.036421012 1.082987547 -0.011853182 -0.937437415 -0.017013997 -0.347535968
1756587271208869888.000000 2.046655893 -0.036478799 1.081644058 -0.011965783 -0.939254284 -0.016809134 -0.342601389
1756587271242212352.000000 2.045761824 -0.036677949 1.081166983 -0.011844928 -0.941298902 -0.016993357 -0.336938143
1756587271308897024.000000 2.045706749 -0.036028042 1.078957558 -0.012116609 -0.945167184 -0.017696666 -0.325882047
1756587271342239744.000000 2.044569492 -0.035755809 1.077326059 -0.012501051 -0.946846962 -0.018110059 -0.320931047
1756587271375581952.000000 2.043565273 -0.035332240 1.076744080 -0.012936482 -0.948630154 -0.018051719 -0.315606922
1756587271442266112.000000 2.043267012 -0.035763815 1.074963331 -0.012922708 -0.952037096 -0.018157991 -0.305169880
1756587271475608064.000000 2.042377710 -0.034741644 1.074900866 -0.013424505 -0.953624725 -0.017771624 -0.300173134
1756587271542292992.000000 2.040724277 -0.033984222 1.072819710 -0.013711610 -0.956624806 -0.017692139 -0.290461868
1756587271575635456.000000 2.040477991 -0.033721685 1.071863890 -0.014130530 -0.958248019 -0.017304050 -0.285064340
1756587271642319616.000000 2.039723158 -0.034238823 1.070450425 -0.014151891 -0.961473167 -0.017328219 -0.273987025
1756587271675661312.000000 2.038758755 -0.034461997 1.069876194 -0.014356446 -0.963042974 -0.017551843 -0.268391430
1756587271709003520.000000 2.038995266 -0.036363624 1.068554521 -0.013134737 -0.964762449 -0.018264905 -0.262159139
1756587271775687168.000000 2.038238525 -0.036946096 1.067181706 -0.012909705 -0.967786849 -0.018955631 -0.250724375
1756587271809029120.000000 2.038684130 -0.036543444 1.066529632 -0.013148431 -0.969273746 -0.018683605 -0.244921461
1756587271842370816.000000 2.038239717 -0.036500350 1.066110373 -0.013224689 -0.970748782 -0.018694136 -0.239003271
1756587271909053696.000000 2.038057089 -0.036485612 1.064265609 -0.013158130 -0.973385334 -0.018085025 -0.228080601
1756587271942395392.000000 2.036085844 -0.037222661 1.063891768 -0.013143867 -0.974645495 -0.018126961 -0.222631738
1756587271975737600.000000 2.034619331 -0.038264416 1.063387275 -0.012991387 -0.975880265 -0.018042138 -0.217171609
1756587272042421248.000000 2.033373594 -0.037386768 1.062716007 -0.013301373 -0.978190780 -0.017863158 -0.206510961
1756587272075763200.000000 2.031353951 -0.036872488 1.062979579 0.013342755 0.979262054 0.018179106 0.201338947
1756587272142447104.000000 2.028350353 -0.036454033 1.059810281 -0.013616965 -0.981264472 -0.018208353 -0.191319361
1756587272175789056.000000 2.027451754 -0.036589634 1.058879972 -0.013794255 -0.982330263 -0.018236095 -0.185753718
1756587272242472960.000000 2.026337862 -0.036915123 1.058178425 -0.013739966 -0.984438896 -0.017824292 -0.174279943
1756587272275814912.000000 2.026078224 -0.037748501 1.057775617 -0.013610168 -0.985384703 -0.017944485 -0.168848500
1756587272309156608.000000 2.026401997 -0.038009617 1.057222843 -0.013930355 -0.986348450 -0.017786944 -0.163114175
1756587272375839744.000000 2.024720430 -0.038034577 1.056401968 -0.013726776 -0.987997949 -0.017692577 -0.152835354
1756587272409181696.000000 2.023677826 -0.039165631 1.055266380 -0.013579705 -0.988823712 -0.018199604 -0.147350430
1756587272442523648.000000 2.023464918 -0.038629960 1.055462003 -0.013488780 -0.989633322 -0.018102746 -0.141831666
1756587272509207552.000000 2.020980835 -0.037747879 1.056778908 0.014075298 0.991132200 0.018296210 0.130859315
1756587272542549504.000000 2.019531012 -0.038453151 1.052377105 -0.013783497 -0.991748273 -0.018235084 -0.126146615
1756587272609233408.000000 2.019361734 -0.038116731 1.050894976 -0.013957194 -0.993163228 -0.017999046 -0.114490613
1756587272642575360.000000 2.018764257 -0.037915211 1.051076293 -0.013730256 -0.993821681 -0.017982749 -0.108658403
1756587272675917056.000000 2.017861128 -0.037469313 1.050188780 -0.013877879 -0.994397640 -0.017924815 -0.103244588
1756587272742600960.000000 2.017405033 -0.037589014 1.048877001 -0.013846515 -0.995500863 -0.018352324 -0.091921113
1756587272775941888.000000 2.018124580 -0.037233196 1.048295856 -0.014001136 -0.996043742 -0.017962439 -0.085896499
1756587272809283840.000000 2.017371655 -0.037804008 1.048690200 -0.014239722 -0.996511400 -0.017653529 -0.080316544
1756587272875967488.000000 2.011642456 -0.038604893 1.049145222 0.013930265 0.997299433 0.018360844 0.069733895
1756587272942651392.000000 2.011389732 -0.037359022 1.048228979 0.014141098 0.998072803 0.018289849 0.057587024
1756587272975993088.000000 2.011216402 -0.037568744 1.047578335 0.014130785 0.998380244 0.018048955 0.052071590
1756587273009335296.000000 2.006247520 -0.039054871 1.045013309 -0.013991140 -0.998585522 -0.018036054 -0.048020318
1756587273076018944.000000 2.004849195 -0.039190229 1.043431997 -0.014541906 -0.999057889 -0.017274888 -0.037060738
1756587273109360896.000000 2.004123449 -0.039102152 1.042994976 -0.014544382 -0.999259233 -0.016837999 -0.031402577
1756587273142702848.000000 2.002900839 -0.038558967 1.043023109 -0.014203059 -0.999421000 -0.016680282 -0.026033042
1756587273209386752.000000 2.001989126 -0.038752940 1.042318463 -0.014221232 -0.999645472 -0.016538441 -0.015275107
1756587273242727680.000000 2.000778437 -0.038224667 1.040916920 -0.014800308 -0.999734998 -0.014503798 -0.010030988
1756587273276069632.000000 1.998245239 -0.038672831 1.044254780 0.014299726 0.999800324 0.013465013 0.003687003
1756587273342753536.000000 1.997565389 -0.041398749 1.035917044 -0.015067142 -0.999760687 -0.013816008 0.007788030
1756587273409437440.000000 1.995804191 -0.040308144 1.025864840 -0.014581772 -0.999547839 -0.017356502 0.019757759
1756587273442779648.000000 1.994520783 -0.040499110 1.022183776 -0.014260181 -0.999446213 -0.018807512 0.023459155
1756587273509463296.000000 1.994693041 -0.040780652 1.015435457 -0.014150668 -0.999445021 -0.019272722 0.023196308
1756587273542805504.000000 1.994923115 -0.040949490 1.012764931 -0.014463776 -0.999485850 -0.018593194 0.021753049
1756587273609488896.000000 1.995527744 -0.040931880 1.007953882 -0.014041584 -0.999572515 -0.016695578 0.019467406
1756587273676170752.000000 1.995416760 -0.040208120 1.001438141 0.014276115 0.999592781 0.016443206 -0.018441068
1756587273709512192.000000 1.995229721 -0.040027622 0.998282909 0.014241992 0.999593675 0.016418945 -0.018443018
1756587273776195072.000000 1.995040417 -0.040029626 0.991213560 0.014297169 0.999562085 0.017772965 -0.018850774
1756587273842877696.000000 1.995658636 -0.041012619 0.985027671 -0.013633250 -0.999566674 -0.017822726 0.019053340
1756587273876219392.000000 1.995723248 -0.040877979 0.981998801 -0.013789927 -0.999577582 -0.017222736 0.018916691
1756587273942901760.000000 1.995615959 -0.040864933 0.975966692 -0.014031651 -0.999590039 -0.016846137 0.018415639
1756587274009584640.000000 1.995703340 -0.040738869 0.969691753 -0.014303534 -0.999586046 -0.017012401 0.018271146
1756587274042926080.000000 1.994931340 -0.041094072 0.966487288 -0.014467202 -0.999542534 -0.016225588 0.021029258
1756587274109607680.000000 1.992838860 -0.040858883 0.957803249 -0.014004735 -0.999135196 -0.017589411 0.034977276
1756587274176290560.000000 1.989990473 -0.041244015 0.952487469 -0.014602185 -0.998540282 -0.017416436 0.048997968
1756587274242973184.000000 1.987102389 -0.041192036 0.946097732 -0.015050500 -0.998011470 -0.016335325 0.058990546
1756587274309655808.000000 1.984380364 -0.041007642 0.939383507 -0.014684734 -0.997300684 -0.015985025 0.070143841
1756587274376338688.000000 1.982564449 -0.040813692 0.931866646 -0.015113670 -0.997136235 -0.017637890 0.071971148
1756587274409680128.000000 1.982711554 -0.040670272 0.928351879 -0.015064329 -0.997269511 -0.018660208 0.069845833
1756587274476362752.000000 1.983413219 -0.040562667 0.921611905 0.013857671 0.997295856 0.019456215 -0.069500767
1756587274543044352.000000 1.982434988 -0.040174909 0.914807320 0.013771383 0.997293174 0.018909991 -0.069707245
1756587274609727488.000000 1.982463837 -0.040707372 0.910177231 0.013851683 0.997336209 0.018078201 -0.069295362
1756587274643068672.000000 1.982139111 -0.040798303 0.907256722 0.013630310 0.997349620 0.017964294 -0.069176085
1756587274709752064.000000 1.981056213 -0.040696554 0.901115894 -0.014123417 -0.997421205 -0.018352693 0.067931309
1756587274776435456.000000 1.980150938 -0.040333297 0.894262671 -0.014262528 -0.997407734 -0.019022770 0.067916721
1756587274843118592.000000 1.979598045 -0.040008411 0.887352109 -0.013878718 -0.997365117 -0.020114684 0.068305895
1756587274876460288.000000 1.979401350 -0.040263794 0.884331822 -0.014025573 -0.997392237 -0.020102156 0.067882754
1756587274943143424.000000 1.978846431 -0.040583860 0.878847957 -0.014199169 -0.997410119 -0.018841103 0.067944989
1756587275009825792.000000 1.977946401 -0.040687740 0.873360753 0.014032778 0.997373521 0.018085323 -0.068718217
1756587275076508672.000000 1.976483941 -0.040519036 0.867235422 0.014082002 0.997375131 0.017741559 -0.068773076
1756587275143192064.000000 1.975593686 -0.040358551 0.859883308 0.014299013 0.997298002 0.019134657 -0.069471031
1756587275209875456.000000 1.975243449 -0.039285000 0.852453709 -0.014090631 -0.997219980 -0.019845290 0.070426427
1756587275276558592.000000 1.974814892 -0.039137747 0.845900059 -0.013916843 -0.997262537 -0.019569401 0.069934599
1756587275309900032.000000 1.974253893 -0.039248630 0.843053102 -0.014023482 -0.997302532 -0.019657122 0.069316298
1756587275376583680.000000 1.973448396 -0.039220255 0.837437868 -0.014039634 -0.997353494 -0.018525107 0.068889171
1756587275443265792.000000 1.972556710 -0.039161693 0.831102967 -0.013887904 -0.997327209 -0.018497152 0.069306754
1756587275509948928.000000 1.971534610 -0.038744632 0.824061990 -0.014032835 -0.997263670 -0.020581540 0.069604635
1756587275543290880.000000 1.971524477 -0.038560454 0.820201516 0.013874318 0.997225344 0.021132126 -0.070019133
1756587275609974016.000000 1.970694304 -0.038628113 0.814184785 0.013979889 0.997235835 0.020568883 -0.070016272
1756587275676656896.000000 1.969994307 -0.038616117 0.808426380 0.014187000 0.997271419 0.019347951 -0.069815218
1756587275743340032.000000 1.969665289 -0.038571447 0.802883506 -0.014269572 -0.997276306 -0.018876147 0.069857508
1756587275810023424.000000 1.968688369 -0.038387362 0.796754837 -0.014556168 -0.997305691 -0.019325150 0.069253750
1756587275876706048.000000 1.967689157 -0.038401484 0.790354848 -0.014708463 -0.997319520 -0.020019060 0.068823732
1756587275943388160.000000 1.966911912 -0.038620159 0.784096837 -0.014928505 -0.997282743 -0.019728398 0.069391489
1756587275976729600.000000 1.966710210 -0.038454261 0.780742526 -0.014435942 -0.997280121 -0.019337289 0.069642588
1756587276076754432.000000 1.965423226 -0.038524996 0.772402287 -0.014575532 -0.997304618 -0.018013678 0.069617406
1756587276110095616.000000 1.964929104 -0.037669320 0.768548727 0.014323678 0.997302592 0.017877208 -0.069733553
1756587276176778752.000000 1.964783192 -0.037990481 0.762042046 0.014492883 0.997289777 0.018645613 -0.069682010
1756587276243461888.000000 1.963420987 -0.037706625 0.755373240 -0.014820940 -0.997359931 -0.019166164 0.068455979
1756587276310145024.000000 1.962331295 -0.037581444 0.749127746 -0.014999361 -0.997334421 -0.019034922 0.068824090
1756587276376827136.000000 1.961652875 -0.037248991 0.743386507 -0.014576493 -0.997294784 -0.017769560 0.069820687
1756587276443510272.000000 1.960856318 -0.036971897 0.737286925 -0.015049899 -0.997372568 -0.016927950 0.068811752
1756587276476851712.000000 1.960552216 -0.037176870 0.734191775 -0.015199991 -0.997376561 -0.017267210 0.068635494
1756587276543535104.000000 1.960049629 -0.037231788 0.727867126 -0.014945899 -0.997347474 -0.016857173 0.069213137
1756587276610217984.000000 1.958543181 -0.037467390 0.721928239 0.015355011 0.997353673 0.016424557 -0.069139019
1756587276676901632.000000 1.957858562 -0.037206184 0.714574814 0.014894586 0.997302949 0.017229987 -0.069772094
1756587276743584768.000000 1.957082033 -0.036455303 0.707533836 -0.015224036 -0.997280478 -0.018398283 0.069724537
1756587276810267648.000000 1.956547618 -0.036503386 0.701388359 -0.015338534 -0.997336507 -0.016838329 0.069290340
1756587276843609344.000000 1.956397772 -0.036439907 0.698686481 -0.015187204 -0.997334361 -0.016400149 0.069459483
1756587276910292736.000000 1.955568552 -0.036452353 0.693141103 -0.015062387 -0.997328579 -0.015916865 0.069681108
1756587276976976640.000000 1.955116153 -0.036962554 0.686789870 -0.014781335 -0.997321188 -0.016057087 0.069815591
1756587277043660288.000000 1.954815984 -0.036924470 0.680236936 -0.014686736 -0.997286201 -0.016494662 0.070232503
1756587277110343680.000000 1.953921556 -0.035571560 0.672477484 0.014412331 0.997305393 0.017286256 -0.069824032
1756587277177027328.000000 1.953002214 -0.035724249 0.665781617 0.014819264 0.997271776 0.018490050 -0.069911227
1756587277243709952.000000 1.950961709 -0.035845608 0.661087871 -0.014582088 -0.997333646 -0.016634341 0.069544002
1756587277277051648.000000 1.950557828 -0.035941251 0.658538818 -0.014668304 -0.997358620 -0.016103895 0.069291033
1756587277343735552.000000 1.949960828 -0.035995796 0.653308511 -0.014401734 -0.997407019 -0.014171428 0.069072857
1756587277410419200.000000 1.949212313 -0.035971634 0.647028804 -0.014507085 -0.997384548 -0.014157005 0.069377050
1756587277477102848.000000 1.948361993 -0.035399757 0.639420152 -0.014073368 -0.997316539 -0.016357001 0.069958739
1756587277543786240.000000 1.947460890 -0.035020206 0.631976247 -0.014305873 -0.997266293 -0.018026199 0.070217162
1756587277610470144.000000 1.946747184 -0.035514660 0.626387954 0.014296154 0.997310460 0.017007546 -0.069844395
1756587277677152512.000000 1.946022034 -0.035637904 0.620628357 0.014033504 0.997349799 0.016058017 -0.069560029
1756587277710494464.000000 1.945729017 -0.035823837 0.617501736 0.014273805 0.997357666 0.016101060 -0.069388568
1756587277777178368.000000 1.944908738 -0.035929415 0.610980511 -0.013940115 -0.997343600 -0.016320057 0.069606721
1756587277843861760.000000 1.943876266 -0.035950769 0.604193211 -0.013900196 -0.997349143 -0.017341916 0.069287993
1756587277910545664.000000 1.942890644 -0.035512652 0.597523928 -0.014383932 -0.997392774 -0.017312314 0.068564832
1756587277977229312.000000 1.942169189 -0.035559408 0.591690660 -0.014099107 -0.997400343 -0.016586725 0.068693601
1756587278010571008.000000 1.942107320 -0.035538122 0.588646889 -0.013842200 -0.997407854 -0.015548317 0.068879388
1756587278077254656.000000 1.941320777 -0.035526324 0.582848907 -0.014044003 -0.997448087 -0.014428237 0.068497241
1756587278143937536.000000 1.940473676 -0.035857204 0.576243281 0.013970916 0.997417033 0.015548086 -0.068719961
1756587278210621184.000000 1.939130664 -0.035547115 0.568986535 0.014012087 0.997417212 0.017033555 -0.068356112
1756587278277304576.000000 1.939032316 -0.035550013 0.561703801 -0.013994484 -0.997383893 -0.017901642 0.068622671
1756587278343988224.000000 1.938662648 -0.035502546 0.555699587 -0.013568564 -0.997355223 -0.016998719 0.069350675
1756587278410672128.000000 1.937627792 -0.035644382 0.549406528 -0.013923038 -0.997388899 -0.017159365 0.068754502
1756587278444013824.000000 1.937553763 -0.035486296 0.546234846 -0.014141172 -0.997416139 -0.017190600 0.068304822
1756587278510697728.000000 1.936694622 -0.035248611 0.539023280 -0.014323730 -0.997372270 -0.017889615 0.068726212
1756587278577380096.000000 1.935783505 -0.035215430 0.532694936 -0.013779915 -0.997369945 -0.018343626 0.068752259
1756587278644064512.000000 1.935056686 -0.034886468 0.526496172 0.014295466 0.997378230 0.017795000 -0.068670914
1756587278710749184.000000 1.933817148 -0.034298573 0.520200968 0.014231704 0.997395813 0.017069088 -0.068613008
1756587278777433856.000000 1.933458567 -0.033955432 0.513105512 -0.014037186 -0.997426689 -0.017399713 0.068119399
1756587278844118528.000000 1.932556391 -0.034214843 0.506760597 -0.014233212 -0.997402608 -0.017725764 0.068347320
1756587278877460992.000000 1.932214022 -0.033936501 0.502726912 -0.013945444 -0.997376740 -0.017801154 0.068763159
1756587278977488128.000000 1.930639625 -0.033800345 0.492330074 -0.014415263 -0.997350633 -0.019227475 0.068660855
1756587279044171776.000000 1.929555655 -0.033572212 0.486547172 -0.014354954 -0.997391999 -0.018585626 0.068248086
1756587279077514496.000000 1.929224133 -0.033661790 0.483711720 -0.014643311 -0.997397602 -0.017728206 0.068332121
1756587279144199168.000000 1.928264141 -0.033683255 0.477400482 0.014449885 0.997429132 0.017118394 -0.068069339
1756587279210884096.000000 1.927692413 -0.033859599 0.471096456 -0.014924164 -0.997400701 -0.017548127 0.068272986
1756587279277569024.000000 1.927009463 -0.033462856 0.463769376 -0.014942600 -0.997342587 -0.018410506 0.068888217
1756587279344253952.000000 1.926020861 -0.033328976 0.457619190 -0.015056833 -0.997347116 -0.017802658 0.068957694
1756587279377596416.000000 1.925411344 -0.033246983 0.454768956 -0.015028494 -0.997356057 -0.017642451 0.068875581
1756587279444280576.000000 1.924664855 -0.033684045 0.448530436 -0.014788730 -0.997349977 -0.017629135 0.069018498
1756587279510965504.000000 1.924000740 -0.033520129 0.441894829 -0.014966634 -0.997342646 -0.017827028 0.069035895
1756587279577650432.000000 1.923469663 -0.033195261 0.435227454 0.014701801 0.997357905 0.017765077 -0.068887591
1756587279677677568.000000 1.921765685 -0.033532195 0.426434100 -0.014690340 -0.997395515 -0.017241841 0.068476945
1756587279711020288.000000 1.921231031 -0.033411872 0.423482001 -0.014739612 -0.997423470 -0.016627226 0.068212003
1756587279777705216.000000 1.920748115 -0.033470571 0.417266846 -0.014886213 -0.997431517 -0.016394252 0.068118259
1756587279844389888.000000 1.919789195 -0.033269737 0.410510540 -0.014691089 -0.997404337 -0.017696274 0.068232521
1756587279911074048.000000 1.919036031 -0.033596769 0.403964520 -0.014693663 -0.997392476 -0.018030984 0.068317711
1756587279977758976.000000 1.918451786 -0.033714913 0.397063673 -0.014357415 -0.997366846 -0.018850448 0.068542212
1756587280044443648.000000 1.917663097 -0.033784755 0.389559388 -0.014162743 -0.997330308 -0.020672243 0.068588927
1756587280111128576.000000 1.916966319 -0.034065872 0.383370757 0.014395650 0.997392952 0.019613054 -0.067937389
1756587280177813760.000000 1.916438460 -0.032089215 0.376739144 -0.014399652 -0.997443974 -0.017902985 0.067658432
1756587280244498688.000000 1.915675044 -0.031821292 0.370393038 -0.014415152 -0.997429609 -0.018030614 0.067832977
1756587280277841408.000000 1.915182471 -0.031848416 0.367083192 -0.014536340 -0.997422636 -0.018072823 0.067898542
1756587280344525056.000000 1.914307594 -0.031584516 0.360029995 -0.014414656 -0.997382641 -0.019316286 0.068168491
1756587280411210240.000000 1.913036227 -0.031263392 0.353059292 -0.014811804 -0.997406960 -0.019650182 0.067630649
1756587280477895424.000000 1.911925673 -0.031846181 0.346980214 -0.015066447 -0.997408748 -0.018970279 0.067741781
1756587280544580352.000000 1.910892129 -0.031925473 0.340701699 -0.014778919 -0.997376442 -0.018660177 0.068364017
1756587280611265536.000000 1.910214782 -0.032426294 0.333995223 0.014937346 0.997392356 0.019227233 -0.067939870
1756587280677948672.000000 1.909833074 -0.031249050 0.327382147 -0.014835586 -0.997420490 -0.019141588 0.067572176
1756587280744632320.000000 1.908519864 -0.031053774 0.320631504 -0.015387487 -0.997444749 -0.019176593 0.067077920
1756587280811314688.000000 1.907747746 -0.031040095 0.314522684 -0.015175115 -0.997457564 -0.018079916 0.067240916
1756587280877998336.000000 1.906590700 -0.030981239 0.308450282 -0.015278669 -0.997435570 -0.017512854 0.067692168
1756587280944681728.000000 1.905674934 -0.031273335 0.302481353 -0.015336234 -0.997449160 -0.017440503 0.067497700
1756587281011364864.000000 1.904616237 -0.030526266 0.295038342 -0.015500785 -0.997449994 -0.018173810 0.067254052
1756587281044706816.000000 1.904118061 -0.030452542 0.291455090 -0.015586327 -0.997438669 -0.019202424 0.067116201
1756587281111390464.000000 1.903023005 -0.030284435 0.284487486 0.016361322 0.997421801 0.019149372 -0.067197308
1756587281211415552.000000 1.901736617 -0.029621780 0.275824547 -0.015933139 -0.997368276 -0.017926192 0.068420842
1756587281278097920.000000 1.901371837 -0.029843125 0.269946218 -0.015074306 -0.997359455 -0.016536038 0.069090635
1756587281344781056.000000 1.900589585 -0.029889073 0.263773382 -0.014867298 -0.997341573 -0.015888533 0.069543116
1756587281411464960.000000 1.900122523 -0.029869411 0.256779492 -0.014814858 -0.997355044 -0.016788304 0.069150172
1756587281444806400.000000 1.899440885 -0.030041378 0.253570378 -0.015136633 -0.997376025 -0.016615516 0.068818435
1756587281511490048.000000 1.898521185 -0.029717211 0.246946871 -0.015140533 -0.997373283 -0.016507231 0.068882450
1756587281578173440.000000 1.897801042 -0.029377941 0.239435077 -0.015026059 -0.997321963 -0.017328702 0.069447659
1756587281644856832.000000 1.896465898 -0.028270647 0.232762337 -0.015035533 -0.997317851 -0.016862143 0.069618776
1756587281711539456.000000 1.895670414 -0.028096747 0.227464855 -0.015296403 -0.997397900 -0.015426152 0.068743370
1756587281778223104.000000 1.895162106 -0.028341632 0.221155643 -0.015043514 -0.997419775 -0.014483080 0.068686828
1756587281844907008.000000 1.894189715 -0.028086491 0.214301109 -0.014721656 -0.997403920 -0.014708847 0.068938501
1756587281911590656.000000 1.893127918 -0.027458716 0.207062662 -0.014852540 -0.997385859 -0.015774956 0.068934940
1756587281978274048.000000 1.891954660 -0.027445972 0.200260282 -0.015415917 -0.997387230 -0.016682202 0.068577036
1756587282044958208.000000 1.891400814 -0.027537949 0.193621278 -0.015348888 -0.997378647 -0.016418563 0.068780541
1756587282111640576.000000 1.890940309 -0.028237551 0.187464118 0.015270945 0.997286499 0.016308039 -0.070145957
1756587282178324224.000000 1.890760422 -0.027641229 0.180582702 -0.014777942 -0.997224748 -0.016410563 0.071100354
1756587282245007872.000000 1.890073776 -0.027523134 0.173823655 -0.014990875 -0.997203350 -0.016934680 0.071232818
1756587282278349568.000000 1.889750123 -0.027223144 0.170409501 -0.014770093 -0.997210383 -0.017063215 0.071148433
1756587282345033472.000000 1.888825417 -0.027272839 0.163998663 -0.014895449 -0.997192979 -0.016505029 0.071498305
1756587282411716864.000000 1.888141513 -0.027358782 0.157928407 -0.014540587 -0.997167706 -0.016200295 0.071991690
1756587282478400768.000000 1.887587428 -0.027413823 0.150954962 -0.014521454 -0.997187555 -0.016722012 0.071600184
1756587282545084160.000000 1.886955738 -0.027208462 0.143887103 -0.014602936 -0.997151494 -0.017689448 0.071853355
1756587282611766784.000000 1.885486960 -0.027288709 0.137721121 0.014591887 0.997214079 0.016493250 -0.071268447
1756587282678450176.000000 1.885598302 -0.026655208 0.131847978 -0.014395216 -0.997195303 -0.014933201 0.071912512
1756587282745133312.000000 1.884422898 -0.026128322 0.125584900 -0.014562500 -0.997276962 -0.014578474 0.070811152
1756587282778474752.000000 1.883790016 -0.025874194 0.121534944 -0.014861893 -0.997283936 -0.015589864 0.070433818
1756587282845158144.000000 1.882610321 -0.025520936 0.114103913 -0.015050195 -0.997245193 -0.017473757 0.070499830
1756587282911841280.000000 1.881751776 -0.025472183 0.107452333 -0.014948064 -0.997240603 -0.016899899 0.070725724
1756587282978524672.000000 1.881260395 -0.025594067 0.101112902 -0.015165700 -0.997258127 -0.016234536 0.070588276
1756587283045206784.000000 1.880280852 -0.025398079 0.094481766 -0.015190125 -0.997266173 -0.016706986 0.070359595
1756587283111890176.000000 1.879261136 -0.025861748 0.087536812 0.015048501 0.997302055 0.017144687 -0.069772787
1756587283178573056.000000 1.879515409 -0.025323775 0.081362486 -0.015279776 -0.997281253 -0.016817950 0.070098430
1756587283245256704.000000 1.878659129 -0.025372490 0.075254142 -0.015324937 -0.997133255 -0.018114215 0.071849510
1756587283311939840.000000 1.877340436 -0.024705857 0.070389450 -0.015306397 -0.996601939 -0.021441812 0.078041643
1756587283378622720.000000 1.875245094 -0.025001202 0.070519507 -0.015165642 -0.995715976 -0.018460708 0.089325406
1756587283411964672.000000 1.874577641 -0.025006495 0.071266949 -0.015222035 -0.995275795 -0.017112743 0.094348215
1756587283478646784.000000 1.873239398 -0.025774259 0.072509229 -0.015221104 -0.994302988 -0.015741436 0.104317479
1756587283545329920.000000 1.871388197 -0.025894787 0.071910620 -0.015114973 -0.993119359 -0.015281498 0.115117684
1756587283612013056.000000 1.868520379 -0.025765888 0.070751667 0.015257876 0.991932929 0.016074255 -0.124811709
1756587283678696960.000000 1.866513133 -0.026482861 0.070144534 -0.015204033 -0.990489304 -0.016630784 0.135732263
1756587283745380352.000000 1.864737868 -0.026607465 0.070031047 -0.015137925 -0.988930583 -0.016220596 0.146710962
1756587283812064000.000000 1.862850428 -0.026435271 0.070013046 -0.014931117 -0.987237811 -0.015410974 0.157800630
1756587283878747392.000000 1.860836625 -0.026446760 0.070081592 -0.015135558 -0.985324740 -0.014929398 0.169361249
1756587283945430272.000000 1.858877182 -0.026870921 0.068973422 -0.015097043 -0.983310044 -0.016174929 0.180587709
1756587284012113920.000000 1.856808543 -0.026592113 0.068480611 -0.015213244 -0.981276155 -0.016113278 0.191327333
1756587284078797312.000000 1.854759932 -0.027678486 0.067287803 -0.013673873 -0.978622317 -0.011207056 0.204904601
1756587284145480960.000000 1.850229621 -0.028851682 0.064933896 -0.013901906 -0.975841045 -0.003028200 0.218018189
1756587284212164608.000000 1.844896078 -0.028062431 0.059219956 0.014154040 0.973323822 0.003754156 -0.228967860
1756587284278848256.000000 1.839049220 -0.027388461 0.049596786 -0.014281174 -0.970514894 -0.010253024 0.240399241
1756587284312189952.000000 1.835035563 -0.026609022 0.044353127 -0.015277172 -0.968922257 -0.014434231 0.246471062
1756587284378872576.000000 1.827607751 -0.024715174 0.034766197 -0.015627660 -0.965301812 -0.021441694 0.259785563
1756587284445556224.000000 1.822667837 -0.025787562 0.030592322 -0.015927495 -0.962122679 -0.017458230 0.271590650
1756587284512239616.000000 1.819214463 -0.026623234 0.028041840 -0.014623609 -0.959530950 -0.012537361 0.280943573
1756587284578923264.000000 1.814989567 -0.027181741 0.023380160 -0.013328511 -0.956505597 -0.010869521 0.291206568
1756587284645605888.000000 1.808543205 -0.026736766 0.017571211 0.014098369 0.953623831 0.013260992 -0.300378174
1756587284712287232.000000 1.801183939 -0.025261417 0.010222077 -0.015867162 -0.950243950 -0.016814308 0.310647845
1756587284778967808.000000 1.794991493 -0.024872057 0.004326344 -0.016106917 -0.946434796 -0.017132904 0.322037548
1756587284812308224.000000 1.792501569 -0.025277209 0.003041625 -0.015190515 -0.944670379 -0.015367788 0.327308655
1756587284878989824.000000 1.787980556 -0.026290387 0.000830889 -0.014152987 -0.940942824 -0.011565349 0.338071853
1756587284945671168.000000 1.782566309 -0.026425134 -0.002636909 -0.013781663 -0.937280416 -0.010695936 0.348139614
1756587285012352512.000000 1.775266171 -0.026832595 -0.007893085 -0.014937802 -0.933309138 -0.012291608 0.358552545
1756587285079033856.000000 1.768125653 -0.024491601 -0.014303923 0.017070280 0.928579211 0.021199785 -0.370134950
1756587285145715200.000000 1.766239762 -0.024333246 -0.015396118 0.016773330 0.925581336 0.022551527 -0.377504110
1756587285212396288.000000 1.767098665 -0.026358798 -0.011509418 -0.015800273 -0.922328770 -0.015964450 0.385752767
1756587285279076864.000000 1.768046618 -0.027539160 -0.008306980 -0.013174306 -0.918560088 -0.010326029 0.394926786
1756587285345757952.000000 1.766263485 -0.028428806 -0.007364273 -0.013041129 -0.914039373 -0.009689852 0.405300051
1756587285412439040.000000 1.762879014 -0.027685028 -0.008414984 -0.014352147 -0.909520984 -0.012907278 0.415209651
1756587285445779712.000000 1.760760903 -0.027032848 -0.009688377 -0.015505060 -0.906891525 -0.015995931 0.420774847
1756587285512461056.000000 1.756759048 -0.026155304 -0.010023832 -0.016328203 -0.902146816 -0.018076628 0.430741102
1756587285579142144.000000 1.754731536 -0.026948158 -0.008871794 -0.013912475 -0.897442460 -0.011836705 0.440753251
1756587285645823744.000000 1.750805855 -0.028823813 -0.007651329 -0.010453490 -0.890300930 -0.004182626 0.455233485
1756587285712504064.000000 1.743137240 -0.027504202 -0.011254072 -0.011872387 -0.885175467 -0.006356671 0.465062410
1756587285745844736.000000 1.737958550 -0.026505407 -0.014478683 0.012881376 0.882469893 0.009923427 -0.470087767
1756587285812526336.000000 1.726674914 -0.024780914 -0.020464897 0.015597690 0.875851095 0.018275544 -0.481983066
1756587285879207680.000000 1.717716217 -0.024810869 -0.022331238 0.015822168 0.868426740 0.015221265 -0.495331287
1756587285945889024.000000 1.711993694 -0.025173649 -0.024576664 0.014130648 0.863224506 0.014544643 -0.504412830
1756587286012570368.000000 1.706502199 -0.025346337 -0.026383877 0.013780294 0.859438479 0.013421515 -0.510877252
1756587286079251456.000000 1.698751926 -0.024711171 -0.028942347 0.012942106 0.853742659 0.013021674 -0.520371437
1756587286145932032.000000 1.691545486 -0.025203116 -0.030288219 0.013205213 0.847866118 0.013457051 -0.529875219
1756587286179272448.000000 1.687388897 -0.025421992 -0.031747580 0.013795991 0.844739318 0.014004236 -0.534816861
1756587286245953536.000000 1.680205345 -0.025372000 -0.031382799 -0.013820387 -0.838818729 -0.014364423 0.544045806
1756587286312634624.000000 1.672118425 -0.025133148 -0.032779217 -0.013651208 -0.832316995 -0.014082727 0.553952873
1756587286345975552.000000 1.668199301 -0.024856608 -0.033828020 -0.013753973 -0.829160333 -0.014310000 0.558658481
1756587286412656896.000000 1.660871029 -0.024763068 -0.035283566 -0.013743946 -0.822760522 -0.014224171 0.568044007
1756587286479337728.000000 1.653527975 -0.025125671 -0.035754442 -0.014054461 -0.816784859 -0.014651085 0.576585054
1756587286546018816.000000 1.646655560 -0.025083611 -0.036652088 -0.012774368 -0.810341537 -0.013338571 0.585666776
1756587286612699392.000000 1.640084743 -0.024508514 -0.036322594 0.012738246 0.803851247 0.012717078 -0.594558001
1756587286646040576.000000 1.635717750 -0.023537323 -0.035787582 -0.013313067 -0.800693691 -0.012623285 0.598793030
1756587286712723968.000000 1.627159119 -0.023807487 -0.036511064 -0.013148718 -0.793868601 -0.013659981 0.607793808
1756587286779407360.000000 1.620060325 -0.023770453 -0.036469817 -0.012792985 -0.787710130 -0.012701216 0.615782320
1756587286812748544.000000 1.617163181 -0.023711499 -0.035820127 -0.012497433 -0.784795463 -0.011350665 0.619524956
1756587286879431936.000000 1.610163212 -0.023616355 -0.035082102 -0.012075054 -0.777994752 -0.010390580 0.628068805
1756587286912773376.000000 1.606422424 -0.023464069 -0.035105586 -0.011702095 -0.774137735 -0.010541569 0.632821202
1756587286979457024.000000 1.597748280 -0.022973724 -0.034931421 -0.012466497 -0.766664922 -0.012041369 0.641813517
1756587287046138880.000000 1.590331793 -0.022591336 -0.035313010 0.014303818 0.760551751 0.013914316 -0.648970664
1756587287112822016.000000 1.587291002 -0.021847900 -0.034637690 -0.016101688 -0.753829837 -0.014840608 0.656704724
1756587287146163712.000000 1.587855577 -0.022137573 -0.033341765 -0.015135285 -0.750612736 -0.014036956 0.660419881
1756587287212847104.000000 1.590811253 -0.022761986 -0.031743050 -0.013336283 -0.745826840 -0.011043565 0.665914834
1756587287246188288.000000 1.591750264 -0.023003992 -0.030785799 -0.011933605 -0.742440462 -0.009531669 0.669737875
1756587287312871936.000000 1.590422392 -0.023458801 -0.029287815 -0.012289607 -0.734141350 -0.009852847 0.678814054
1756587287379555072.000000 1.588285685 -0.023868866 -0.027261615 -0.013596825 -0.726280510 -0.011569023 0.687166572
1756587287446237440.000000 1.587603331 -0.023675514 -0.025224686 -0.013440228 -0.718610764 -0.011017744 0.695195436
1756587287479578880.000000 1.586760759 -0.023381449 -0.024755120 0.012927660 0.714503646 0.011217942 -0.699422300
1756587287546262272.000000 1.585018396 -0.022446847 -0.023007751 -0.012571242 -0.707136333 -0.009961524 0.706895351
1756587287612945664.000000 1.584341645 -0.022643479 -0.020821929 -0.012487958 -0.699233472 -0.009874194 0.714716196
1756587287646287360.000000 1.583605409 -0.022733266 -0.019614577 -0.012679081 -0.694866955 -0.009621045 0.718962193
1756587287712971520.000000 1.582165003 -0.021969967 -0.017597318 -0.012770876 -0.686155081 -0.009903859 0.727275789
1756587287779655168.000000 1.581252694 -0.021284755 -0.015577555 -0.012186130 -0.677809656 -0.008927280 0.735082269
1756587287846339584.000000 1.579858303 -0.020891896 -0.013131261 -0.012054351 -0.669716775 -0.008847670 0.742466092
1756587287879680512.000000 1.579733610 -0.021155111 -0.012248993 -0.012277913 -0.665737033 -0.009074010 0.746030331
1756587287946364160.000000 1.580525637 -0.022487383 -0.010056138 -0.011950010 -0.657592297 -0.009440458 0.753220141
1756587288013048320.000000 1.578585982 -0.021175731 -0.010144711 -0.011192461 -0.648624897 -0.009176327 0.760970652
1756587288046390272.000000 1.578278661 -0.021186657 -0.009593368 -0.010993365 -0.644223750 -0.008883585 0.764706492
1756587288113074432.000000 1.577078938 -0.020821217 -0.008106351 -0.011480376 -0.635676205 -0.009136223 0.771816373
1756587288146416128.000000 1.577029824 -0.021187587 -0.006373525 -0.011833352 -0.631667435 -0.009415702 0.775092065
1756587288213100544.000000 1.577602506 -0.021156013 -0.004567623 -0.011577740 -0.623293519 -0.009391986 0.781845868
1756587288279784448.000000 1.576949716 -0.021355333 -0.003447771 -0.011446164 -0.614210069 -0.009086459 0.789007246
1756587288313126656.000000 1.577196479 -0.022232745 -0.001388788 -0.011314938 -0.609798312 -0.008880694 0.792426169
1756587288379809536.000000 1.576377153 -0.021982629 0.000859022 -0.011221439 -0.600398660 -0.008965227 0.799571931
1756587288413151488.000000 1.575957775 -0.021844583 0.001376033 -0.011286224 -0.595762432 -0.008763050 0.803033650
1756587288479835648.000000 1.575575352 -0.021732595 0.003185272 -0.011214029 -0.586681902 -0.008754279 0.809692562
1756587288546519808.000000 1.575640082 -0.021269500 0.005636334 -0.011119643 -0.577152014 -0.008717456 0.816514552
1756587288579861760.000000 1.576209784 -0.021649618 0.006758690 -0.011010395 -0.572555125 -0.008651195 0.819746673
1756587288646544896.000000 1.575663567 -0.021683346 0.008964062 -0.011150160 -0.563457072 -0.008455701 0.826026857
1756587288679886592.000000 1.575011969 -0.021048341 0.009876907 -0.011083435 -0.558759332 -0.008369880 0.829213619
1756587288746569216.000000 1.574831009 -0.021912908 0.011850834 -0.011335179 -0.550069213 -0.008773513 0.834996104
1756587288813250816.000000 1.574248075 -0.022104055 0.014389455 -0.012123261 -0.540839136 -0.008606270 0.840994656
1756587288846592000.000000 1.574751377 -0.022695636 0.014343023 -0.012316923 -0.535785437 -0.008687762 0.844219625
1756587288913274880.000000 1.575355411 -0.022931248 0.016246557 -0.012249302 -0.526253641 -0.008333061 0.850198627
1756587288979957248.000000 1.576215267 -0.023612669 0.018122792 -0.012103846 -0.517057538 -0.007918455 0.855828524
1756587289013298432.000000 1.577195168 -0.024135357 0.019503891 -0.011883399 -0.512588739 -0.007729158 0.858517230
1756587289079981056.000000 1.577588558 -0.024368353 0.022680759 -0.012008040 -0.502956510 -0.007429818 0.864196420
1756587289146663936.000000 1.576032519 -0.022892829 0.022982538 -0.011376163 -0.492752731 -0.007485072 0.870062888
1756587289180005120.000000 1.576267481 -0.022194097 0.024821579 -0.011259750 -0.488415152 -0.007177225 0.872509241
1756587289246686720.000000 1.577096462 -0.021922221 0.026418984 -0.011314895 -0.479309857 -0.007132530 0.877543867
1756587289280028160.000000 1.577794909 -0.022306794 0.027905941 -0.011151299 -0.475111932 -0.006666821 0.879829466
1756587289346710784.000000 1.577874064 -0.022424407 0.029516459 -0.010797543 -0.465713412 -0.006094018 0.884848773
1756587289413393152.000000 1.578496337 -0.022417801 0.031921595 -0.010204811 -0.456017673 -0.005593864 0.889894664
1756587289480075776.000000 1.578515768 -0.022684639 0.034447759 -0.010589963 -0.445728570 -0.005283322 0.895089924
1756587289513417216.000000 1.577761889 -0.021852667 0.034946084 -0.010674763 -0.440146297 -0.004756881 0.897850096
1756587289580099840.000000 1.577460051 -0.021180112 0.037996411 -0.010555326 -0.430122197 -0.004711768 0.902696669
1756587289646782208.000000 1.578167796 -0.021877121 0.040438324 -0.010595663 -0.420361072 -0.004221466 0.907285333
1756587289680122368.000000 1.577774167 -0.021730112 0.041016221 -0.010554986 -0.414878517 -0.004054615 0.909806609
1756587289746804480.000000 1.578471899 -0.021379912 0.043057233 -0.010553953 -0.404175341 -0.004110167 0.914611459
1756587289813486848.000000 1.579094172 -0.021668561 0.045808375 -0.011291609 -0.393451422 -0.004226538 0.919266403
1756587289846828032.000000 1.579547644 -0.021988584 0.047108382 -0.011346521 -0.388002336 -0.004212082 0.921578944
1756587289913510144.000000 1.580360770 -0.021905323 0.049907476 -0.011337940 -0.377850652 -0.003986235 0.925788581
1756587289980192256.000000 1.581372619 -0.021743251 0.051813617 -0.011141440 -0.367624044 -0.003668978 0.929900527
1756587290013533184.000000 1.582665682 -0.022515126 0.051735669 -0.010706846 -0.362736374 -0.003700559 0.931822956
1756587290080215296.000000 1.583913803 -0.022736343 0.052780613 -0.009876792 -0.352561623 -0.003258113 0.935730815
1756587290146896640.000000 1.584362984 -0.023072919 0.055604681 -0.010027653 -0.342670530 -0.002656233 0.939398408
1756587290180237568.000000 1.584753871 -0.022791395 0.056713372 -0.010027196 -0.337625355 -0.002391020 0.941224217
1756587290246919680.000000 1.585996985 -0.022748314 0.058952838 -0.010083344 -0.327919960 -0.002494590 0.944648445
1756587290313601536.000000 1.586831093 -0.022962581 0.060662784 -0.009997144 -0.317843825 -0.002250220 0.948087692
1756587290380283648.000000 1.587600470 -0.023239400 0.062617868 -0.010388417 -0.307234734 -0.002367264 0.951574087
1756587290413624832.000000 1.587939262 -0.023255743 0.063465223 -0.010599065 -0.301666558 -0.002416793 0.953351557
1756587290480306688.000000 1.588685393 -0.023407221 0.065728664 -0.010693184 -0.290737629 -0.002162339 0.956740677
1756587290546987776.000000 1.590413809 -0.023093324 0.067213878 -0.010374703 -0.280217677 -0.001886136 0.959878623
1756587290613669632.000000 1.591392279 -0.022504196 0.068806767 -0.009938239 -0.269615114 -0.001444662 0.962915778
1756587290680352512.000000 1.592785835 -0.023829443 0.069363266 -0.010538877 -0.258931905 -0.000738432 0.965837836
1756587290713693952.000000 1.593418837 -0.024058904 0.070454910 -0.010421299 -0.253547579 -0.000705940 0.967266619
1756587290780376576.000000 1.594963074 -0.024298035 0.072180934 -0.010191368 -0.242464393 -0.000379870 0.970106781
1756587290847059200.000000 1.596424103 -0.024217745 0.073941477 -0.010220842 -0.231411457 -0.000178642 0.972802281
1756587290913741824.000000 1.597874999 -0.024487151 0.075350344 -0.009811423 -0.220709249 -0.000193751 0.975290298
1756587290980424960.000000 1.599757552 -0.024756985 0.077092707 -0.009809964 -0.210144475 -0.000034895 0.977621138
1756587291013765120.000000 1.600308895 -0.024694048 0.077925324 -0.009918209 -0.204727054 -0.000079667 0.978768945
1756587291080447744.000000 1.601089120 -0.024195474 0.079992980 -0.009903657 -0.193670586 -0.000279260 0.981016576
1756587291147130368.000000 1.602835655 -0.024551218 0.080785677 -0.009164363 -0.182837948 -0.000102022 0.983100355
1756587291213812992.000000 1.604923487 -0.024421649 0.082238354 -0.008708991 -0.172261596 0.000540678 0.985012650
1756587291280495616.000000 1.606445074 -0.024912450 0.083703645 -0.009135760 -0.161386535 0.000629615 0.986848831
1756587291347178240.000000 1.608197808 -0.024792382 0.085800923 -0.009574498 -0.150471553 0.000868330 0.988567650
1756587291413860864.000000 1.610134006 -0.025265507 0.086919494 -0.009475444 -0.139599055 0.001300056 0.990161896
1756587291480542464.000000 1.611971736 -0.025575435 0.087911278 -0.009410610 -0.128511399 0.001491328 0.991662323
1756587291547225088.000000 1.614290237 -0.025897615 0.089442164 -0.009693088 -0.117109522 0.001837649 0.993070066
1756587291613907712.000000 1.616039276 -0.026104201 0.090835556 -0.009812613 -0.106101051 0.002137718 0.994304657
1756587291647248896.000000 1.616641283 -0.025662210 0.091433719 -0.009160907 -0.100442559 0.001935038 0.994898856
1756587291747272960.000000 1.619660974 -0.025827495 0.093314916 -0.009535202 -0.083757482 0.002753978 0.996436775
1756587291780614400.000000 1.620466590 -0.025719756 0.093757875 -0.009377308 -0.078316078 0.002885201 0.996880293
1756587291847297024.000000 1.622271657 -0.025842307 0.094778217 -0.008893274 -0.067312852 0.003066477 0.997687638
1756587291913978624.000000 1.624272704 -0.025960492 0.095909469 -0.008635382 -0.055846769 0.003229420 0.998396814
1756587291980660992.000000 1.626125574 -0.026056228 0.096894294 -0.008279914 -0.044184290 0.003362741 0.998983443
1756587292047343616.000000 1.628349543 -0.026539618 0.097569287 -0.008188144 -0.032828871 0.003447264 0.999421537
1756587292114025984.000000 1.630753398 -0.026516274 0.099216476 -0.008009120 -0.021927146 0.003760975 0.999720454
1756587292180708352.000000 1.632645607 -0.028089296 0.100817233 -0.002936698 -0.008707894 0.004024394 0.999949694
1756587292247391232.000000 1.633680940 -0.029461147 0.102534786 0.005442897 0.003521325 0.004678350 0.999968112
1756587292280732416.000000 1.634703040 -0.029088782 0.105578914 0.005299969 0.008135482 0.004904194 0.999940932
1756587292347413760.000000 1.635869741 -0.028302632 0.115211532 0.000375380 0.014875077 0.004122578 0.999880850
1756587292414096384.000000 1.637086749 -0.027249945 0.128543034 -0.009557308 0.012498741 0.004055685 0.999868035
1756587292447437568.000000 1.636900783 -0.026089661 0.134014562 -0.012378589 0.012995030 0.003341495 0.999833405
1756587292514120192.000000 1.637896657 -0.026195826 0.140218243 -0.008856546 0.014944530 0.005141811 0.999835908
1756587292547461376.000000 1.638125300 -0.026589746 0.142637461 -0.007989312 0.015080070 0.004606632 0.999843776
1756587292614143488.000000 1.637349486 -0.026897378 0.147796080 -0.007509666 0.013436820 0.004457823 0.999871612
1756587292680824320.000000 1.637242556 -0.026748227 0.153300032 -0.006897679 0.012705280 0.004327882 0.999886155
1756587292747505152.000000 1.636348724 -0.027064970 0.159267232 -0.008976732 0.012676969 0.003991288 0.999871433
1756587292780844544.000000 1.636472464 -0.026956119 0.163051903 -0.010236580 0.013056712 0.004014749 0.999854326
1756587292847525120.000000 1.636497021 -0.026987702 0.169162422 -0.008039549 0.016921677 0.003978375 0.999816656
1756587292914205696.000000 1.638434768 -0.027611308 0.175428972 -0.008598069 0.029810578 0.004988350 0.999506235
1756587292947546112.000000 1.640563607 -0.027954474 0.178701222 -0.009892111 0.037403584 0.004907980 0.999239206
1756587293014226688.000000 1.643936038 -0.028024063 0.185529098 -0.008593200 0.049695872 0.004968228 0.998715162
1756587293080907264.000000 1.646642923 -0.028411847 0.192085654 -0.008308438 0.060168397 0.004911306 0.998141587
1756587293114247424.000000 1.648170590 -0.028013378 0.196222648 -0.008056066 0.064530887 0.005247081 0.997869492
1756587293180928000.000000 1.649244189 -0.027410194 0.204275370 -0.008086745 0.065330498 0.005920076 0.997813404
1756587293247607552.000000 1.649215341 -0.027272379 0.209273607 -0.008746273 0.063032843 0.005716818 0.997956753
1756587293280947456.000000 1.649532199 -0.027262665 0.212501153 -0.008148263 0.063093588 0.005569937 0.997958839
1756587293347627776.000000 1.650302649 -0.027422477 0.217842221 -0.007314235 0.063882656 0.005380781 0.997916162
1756587293414308352.000000 1.651456475 -0.027092414 0.225002870 -0.007667850 0.063403390 0.005087771 0.997945607
1756587293447648768.000000 1.651906371 -0.027021173 0.228523821 -0.007962802 0.063307278 0.005057301 0.997949481
1756587293514328832.000000 1.653290749 -0.026864849 0.235413283 -0.008624885 0.063369192 0.005294497 0.997938931
1756587293547669248.000000 1.653766632 -0.027031898 0.238218769 -0.008587819 0.063228756 0.004993976 0.997949600
1756587293614349312.000000 1.654531837 -0.027140183 0.243926868 -0.007506225 0.062556945 0.005300269 0.997999191
1756587293681029632.000000 1.654671907 -0.027258739 0.249381348 -0.006985968 0.062302284 0.005036973 0.998020172
1756587293714369792.000000 1.654736161 -0.026471090 0.253182083 -0.007112563 0.062524959 0.004360302 0.998008549
1756587293781050624.000000 1.655675530 -0.026795352 0.259638786 -0.007423927 0.063104257 0.004346533 0.997969925
1756587293814391296.000000 1.656174541 -0.027173577 0.263273746 -0.007705031 0.063098118 0.004640046 0.997966826
1756587293881072384.000000 1.656529903 -0.026751159 0.269631445 -0.008131763 0.063350335 0.004458098 0.997948289
1756587293947753216.000000 1.657315850 -0.026495112 0.275835097 -0.008755005 0.063321225 0.004615031 0.997944117
1756587294014433792.000000 1.657742739 -0.026374726 0.281946719 -0.008210618 0.063118629 0.004279620 0.997963071
1756587294047774208.000000 1.658082485 -0.026528567 0.284564376 -0.007055124 0.062649556 0.004438315 0.998000860
1756587294114454016.000000 1.658591628 -0.026677022 0.290140688 -0.005694513 0.061892036 0.004484857 0.998056591
1756587294181134848.000000 1.659080267 -0.026976706 0.296686769 -0.007263300 0.062616967 0.004278125 0.998002052
1756587294214475520.000000 1.660151362 -0.026756093 0.300043553 -0.008200124 0.062278420 0.004654219 0.998014331
1756587294247815680.000000 1.660919428 -0.026931979 0.303219408 -0.007933852 0.062224969 0.004797787 0.998019099
1756587294314496512.000000 1.662243247 -0.026147498 0.310859412 -0.006911479 0.062059779 0.005062772 0.998035669
1756587294381177088.000000 1.663259745 -0.025924113 0.316606045 -0.006812298 0.061763883 0.005451621 0.998052716
1756587294414517760.000000 1.663304806 -0.025955265 0.319393635 -0.006514885 0.062042128 0.005362585 0.998037875
1756587294481198336.000000 1.664136767 -0.026175385 0.325131029 -0.006022462 0.062307648 0.005119281 0.998025715
1756587294514538496.000000 1.664630413 -0.026162881 0.328372478 -0.006430962 0.062159084 0.004915218 0.998033464
1756587294581218304.000000 1.665192127 -0.025986863 0.334935665 -0.007373046 0.062690020 0.004578090 0.997995317
1756587294647899648.000000 1.666102409 -0.026007105 0.341407895 -0.006933691 0.062739387 0.004438181 0.997996032
1756587294681240832.000000 1.666514993 -0.025906293 0.344429433 -0.006339114 0.062664092 0.004614979 0.998003900
1756587294747923200.000000 1.667070746 -0.026231313 0.350790977 -0.006384960 0.063115321 0.004471535 0.997975826
1756587294814605312.000000 1.668376803 -0.025851924 0.357672721 -0.005838915 0.062907606 0.004518988 0.997992039
1756587294847946496.000000 1.668838859 -0.025860311 0.360974908 -0.006149664 0.062748984 0.004540646 0.998000145
1756587294914628608.000000 1.669776082 -0.025780229 0.367486715 -0.006369451 0.062448990 0.004246400 0.998018861
1756587294981310720.000000 1.670275092 -0.026143521 0.373306662 -0.005405737 0.062309939 0.004363290 0.998032749
1756587295014650624.000000 1.670288563 -0.026046513 0.376441807 -0.005446101 0.062942445 0.003999847 0.997994363
1756587295081332736.000000 1.671465993 -0.025889179 0.382890344 -0.005857618 0.062877335 0.004523107 0.997993827
1756587295114673920.000000 1.671667099 -0.025830088 0.386163116 -0.005710341 0.062931277 0.004504525 0.997991383
1756587295181356032.000000 1.672691107 -0.025700649 0.393007576 -0.006332278 0.063277900 0.004132656 0.997967362
1756587295248038144.000000 1.673009872 -0.025756752 0.399908483 -0.007143414 0.063599519 0.004135451 0.997941375
1756587295281379328.000000 1.673506260 -0.025752097 0.402710348 -0.006935051 0.063607797 0.004422526 0.997941077
1756587295348061440.000000 1.673855662 -0.026482377 0.408124477 -0.007215043 0.063556567 0.004253533 0.997943163
1756587295381402368.000000 1.674766064 -0.026499521 0.411322266 -0.007302736 0.063536771 0.004692351 0.997941792
1756587295448083456.000000 1.675360322 -0.027060514 0.417356759 -0.006771903 0.063764721 0.004453182 0.997932076
1756587295514765312.000000 1.676678538 -0.027144244 0.423063517 -0.005796020 0.063410319 0.004702555 0.997959673
1756587295548106496.000000 1.676863551 -0.027056610 0.425941229 -0.006138809 0.063694380 0.004556220 0.997940183
1756587295614788608.000000 1.677966475 -0.027168464 0.433026224 -0.006490561 0.063716345 0.004676912 0.997936010
1756587295648130048.000000 1.678606033 -0.027231455 0.436448544 -0.006848266 0.063383766 0.004688189 0.997954786
1756587295714812672.000000 1.678842425 -0.026610777 0.443520576 -0.007007683 0.063467078 0.004717222 0.997948170
1756587295781495296.000000 1.680840135 -0.026642870 0.450223029 -0.006535709 0.062993422 0.004715346 0.997981429
1756587295814836992.000000 1.681580544 -0.026819937 0.452997625 -0.006235873 0.062869139 0.004949548 0.997990072
1756587295881518592.000000 1.681777239 -0.027092328 0.459246129 -0.006511630 0.063718952 0.005049222 0.997933865
1756587295914859776.000000 1.682183266 -0.027020978 0.462535709 -0.006528864 0.067105688 0.004571979 0.997714102
1756587295981542912.000000 1.685029030 -0.027512139 0.468940914 -0.007408588 0.081257224 0.004549456 0.996655226
1756587296048225280.000000 1.688912392 -0.027724830 0.475528777 -0.006648033 0.093226597 0.004992552 0.995610297
1756587296081566720.000000 1.690165520 -0.027490484 0.479069382 -0.006038370 0.099040695 0.004548018 0.995054722
1756587296148249600.000000 1.693813205 -0.027574291 0.485450029 -0.004836299 0.106027395 0.004567562 0.994341016
1756587296214932480.000000 1.694977283 -0.027693275 0.492623538 -0.006506325 0.104809716 0.004481690 0.994460940
1756587296248273664.000000 1.694220424 -0.027059117 0.496324569 -0.007459570 0.103917755 0.004401960 0.994548202
1756587296281615360.000000 1.694888592 -0.027050657 0.498383850 -0.005943445 0.102882542 0.004861456 0.994663894
1756587296348296960.000000 1.695886016 -0.027648050 0.503560066 -0.003373669 0.102619670 0.004461270 0.994704962
1756587296414979584.000000 1.697279334 -0.027742233 0.509634316 -0.003260929 0.101748042 0.004610762 0.994794190
1756587296448321024.000000 1.698063850 -0.027374737 0.513459802 -0.004201720 0.101841897 0.004833442 0.994780064
1756587296515003904.000000 1.699370742 -0.026713271 0.520379901 -0.005634917 0.102802202 0.004341368 0.994676471
1756587296548345344.000000 1.700279951 -0.026838431 0.523662865 -0.005303471 0.102827154 0.004453059 0.994675100
1756587296615028224.000000 1.701796651 -0.027509686 0.530230701 -0.005880176 0.101709224 0.004843500 0.994785011
1756587296681710592.000000 1.702587247 -0.026735783 0.535649538 -0.005238960 0.093515933 0.004774347 0.995592535
1756587296715051520.000000 1.702330232 -0.026454726 0.538381219 -0.005875978 0.086437285 0.004627104 0.996229231
1756587296781732864.000000 1.700441360 -0.026916482 0.544903636 -0.006225998 0.073498808 0.004910421 0.997263849
1756587296815074048.000000 1.699478388 -0.026486861 0.547577500 -0.006027895 0.068299599 0.004404129 0.997636914
1756587296881756416.000000 1.698681593 -0.026912482 0.553194702 -0.004583031 0.067684062 0.003550461 0.997690022
1756587296915097600.000000 1.699486971 -0.026484674 0.556733489 -0.004850799 0.069526784 0.003746971 0.997561276
1756587296981779712.000000 1.701912522 -0.026405744 0.563589036 -0.004458199 0.070125744 0.004967652 0.997515857
1756587297048462080.000000 1.702904940 -0.026109060 0.570216477 -0.005071862 0.069454148 0.004484721 0.997562170
1756587297081803264.000000 1.703930974 -0.026111843 0.573569596 -0.004927190 0.068969451 0.004840296 0.997594893
1756587297148485632.000000 1.704162717 -0.028184876 0.578175664 -0.004708580 0.069145627 0.004818177 0.997583866
1756587297215166976.000000 1.705832720 -0.028042199 0.584741116 -0.004503637 0.068570867 0.005064966 0.997623205
1756587297248507904.000000 1.706127763 -0.027763359 0.587995291 -0.004291195 0.065470241 0.004973933 0.997832894
1756587297315190272.000000 1.704580426 -0.028027082 0.593935728 -0.005801929 0.054924067 0.005193620 0.998460233
1756587297381872640.000000 1.703693271 -0.027898312 0.600213766 -0.005972730 0.049325276 0.004787459 0.998753488
1756587297415213824.000000 1.703811407 -0.028254597 0.603315115 -0.005865605 0.050137147 0.004404167 0.998715401
1756587297481895936.000000 1.704936028 -0.028285637 0.608875573 -0.004841898 0.053902261 0.004755246 0.998523235
1756587297515237376.000000 1.705534816 -0.028382190 0.610942662 -0.003146610 0.054058235 0.004581655 0.998522341
1756587297581919488.000000 1.705930948 -0.028715657 0.616477728 -0.002853291 0.054584678 0.004591681 0.998494506
1756587297615260928.000000 1.706665635 -0.028888181 0.619793952 -0.003728054 0.054361966 0.004814851 0.998502731
1756587297681941760.000000 1.709249616 -0.029858530 0.628129363 -0.006690004 0.053055238 0.004958552 0.998556912
1756587297748623616.000000 1.708646536 -0.028383248 0.636510372 -0.006778528 0.053886011 0.004192218 0.998515368
1756587297781964288.000000 1.708319068 -0.028103180 0.640038311 -0.006631494 0.054303061 0.004154663 0.998493910
1756587297848646144.000000 1.708524585 -0.028135045 0.645888567 -0.006059328 0.054142881 0.004101921 0.998506427
1756587297881987328.000000 1.709158897 -0.028198754 0.648665726 -0.005321789 0.054042906 0.004243626 0.998515487
1756587297948669184.000000 1.710057020 -0.029215392 0.654747784 -0.004771846 0.053457893 0.004044572 0.998550534
1756587297982010112.000000 1.710041642 -0.028655576 0.658295691 -0.004757083 0.053599104 0.004110259 0.998542786
1756587298048691968.000000 1.710848451 -0.028403211 0.663826883 -0.004726397 0.048960891 0.003878327 0.998782039
1756587298115372800.000000 1.711736798 -0.029052101 0.670214474 -0.006803151 0.034636956 0.004193425 0.999368012
1756587298148713472.000000 1.708443761 -0.028767034 0.673620880 -0.006506654 0.032666992 0.004046779 0.999436975
1756587298215395328.000000 1.707379341 -0.028484173 0.680777609 -0.006255880 0.035472225 0.003335248 0.999345541
1756587298248736512.000000 1.708724022 -0.028596886 0.683743954 -0.006172844 0.036262985 0.004031939 0.999315143
1756587298315418368.000000 1.709489822 -0.028105628 0.690265179 -0.005036263 0.036085080 0.004300701 0.999326766
1756587298348759296.000000 1.709625840 -0.027948724 0.693442225 -0.004758093 0.036460925 0.004108708 0.999315321
1756587298415441152.000000 1.709927559 -0.027673621 0.699710727 -0.004711393 0.037557568 0.004164364 0.999274731
1756587298482123264.000000 1.710927606 -0.027849995 0.706338704 -0.005658345 0.037127938 0.004656097 0.999283731
1756587298515463936.000000 1.711869597 -0.029353265 0.709865630 -0.006348767 0.036662277 0.004948288 0.999295294
1756587298582144768.000000 1.712125659 -0.029436925 0.716657281 -0.005651358 0.036775406 0.004240708 0.999298632
1756587298648826880.000000 1.712688684 -0.029447487 0.722219050 -0.005174106 0.036841147 0.004345578 0.999298394
1756587298682168320.000000 1.712957740 -0.029386662 0.725221097 -0.005044554 0.037165597 0.004249573 0.999287367
1756587298748850688.000000 1.713486433 -0.029668741 0.732206464 -0.005807960 0.037341345 0.004155757 0.999277115
1756587298782191872.000000 1.713919163 -0.029471336 0.735771060 -0.006091206 0.037242673 0.004103937 0.999279320
1756587298848874240.000000 1.714417934 -0.029414371 0.742891669 -0.005829624 0.037291713 0.004038697 0.999279261
1756587298915556608.000000 1.714331865 -0.029493378 0.749520957 -0.006349585 0.037563074 0.004001588 0.999266088
1756587298948897792.000000 1.715938210 -0.029503169 0.753295958 -0.006634990 0.036285240 0.004472430 0.999309480
1756587299015579392.000000 1.715077877 -0.028966308 0.760104418 -0.006210282 0.036788873 0.004571703 0.999293327
1756587299048920320.000000 1.715173006 -0.029438831 0.763716578 -0.006752735 0.036966689 0.004516570 0.999283493
1756587299115602688.000000 1.715456128 -0.029209772 0.770225465 -0.006698633 0.036630444 0.004527909 0.999296188
1756587299148944128.000000 1.715764642 -0.029373540 0.773144066 -0.006417476 0.036703240 0.004768551 0.999294281
1756587299215626496.000000 1.716934800 -0.029036878 0.779948533 -0.006143344 0.036421292 0.005035469 0.999305010
1756587299282308864.000000 1.717095017 -0.029381478 0.786991179 -0.007686784 0.036737517 0.005265326 0.999281526
1756587299315650304.000000 1.717406034 -0.029400179 0.790684700 -0.008321008 0.036981884 0.004973586 0.999268949
1756587299382332672.000000 1.718070984 -0.029402137 0.797756791 -0.008124199 0.037393216 0.005081929 0.999254704
1756587299449014016.000000 1.718546152 -0.029503103 0.803513288 -0.006924964 0.036140356 0.005380716 0.999308288
1756587299482355200.000000 1.718994379 -0.029589947 0.806494653 -0.006628426 0.035923727 0.005609744 0.999316871
1756587299549037568.000000 1.719365478 -0.030022509 0.812151968 -0.006190655 0.036321037 0.005559948 0.999305546
1756587299582378752.000000 1.719465137 -0.030295612 0.814869344 -0.005758368 0.036403116 0.005825296 0.999303699
1756587299649060608.000000 1.720554471 -0.030305557 0.821412742 -0.005455046 0.036300559 0.006279125 0.999306321
1756587299682401536.000000 1.720708132 -0.030178813 0.824672520 -0.005501298 0.036650781 0.006049724 0.999294758
1756587299749083136.000000 1.721300364 -0.030873679 0.832439661 -0.006948098 0.036751553 0.006113198 0.999281585
1756587299815764480.000000 1.720772982 -0.029620370 0.840075731 -0.006704050 0.037599195 0.005451655 0.999255538
1756587299849105152.000000 1.721051931 -0.030073622 0.843029082 -0.006697728 0.037834805 0.005571013 0.999246061
1756587299915785472.000000 1.721491456 -0.030026454 0.849217534 -0.006362667 0.037889939 0.005405232 0.999247074
1756587299949126144.000000 1.721518755 -0.030259790 0.852496564 -0.005833859 0.037657630 0.005936762 0.999256074
1756587300015807744.000000 1.722342968 -0.030014902 0.858870983 -0.005465480 0.036748283 0.005743461 0.999293149
1756587300049148416.000000 1.722380161 -0.030097743 0.861503601 -0.004627781 0.033161927 0.005826605 0.999422312
1756587300115830016.000000 1.721288443 -0.030248772 0.866566718 -0.006429604 0.019547461 0.005380680 0.999773800
1756587300182511360.000000 1.718007922 -0.030622857 0.873026133 -0.006891002 0.004650150 0.004659447 0.999954641
1756587300215852032.000000 1.716787696 -0.030353935 0.875559449 -0.005060392 -0.000039142 0.006252338 0.999967694
1756587300282533376.000000 1.714914322 -0.030627985 0.880589783 -0.004675548 -0.010817716 0.005472894 0.999915659
1756587300315874048.000000 1.713912845 -0.030320525 0.882463276 -0.003967033 -0.016055297 0.005051221 0.999850512
1756587300349213696.000000 1.712372184 -0.030411245 0.884539485 -0.003480049 -0.022010099 0.005049149 0.999738932
1756587300415895040.000000 1.710206389 -0.030868933 0.890022874 -0.004792999 -0.034121681 0.005015782 0.999393582
1756587300482576384.000000 1.708483100 -0.030629901 0.894229233 -0.006918516 -0.044108484 0.004815784 0.998991251
1756587300549257728.000000 1.706642628 -0.029687094 0.893126607 -0.006837335 -0.052242246 0.004366570 0.998601556
1756587300615939072.000000 1.706007600 -0.030091241 0.891327560 -0.004077553 -0.059957746 0.004380086 0.998183012
1756587300649280512.000000 1.705482483 -0.030223377 0.889678240 -0.002168598 -0.064415395 0.005009659 0.997908354
1756587300715962624.000000 1.704301715 -0.030792553 0.888191223 -0.002926708 -0.075950213 0.004861515 0.997095525
1756587300782643968.000000 1.702061772 -0.029824285 0.888934851 -0.006067642 -0.086841978 0.003961147 0.996195793
1756587300849326336.000000 1.700472236 -0.029645203 0.888456702 -0.006451111 -0.097679511 0.003470111 0.995191038
1756587300916008704.000000 1.698193550 -0.029510515 0.886912584 -0.005270174 -0.108922966 0.003343595 0.994030654
1756587300982690816.000000 1.697886467 -0.030717479 0.884885848 0.000164662 -0.123865031 0.003776331 0.992291868
1756587301016032256.000000 1.694378734 -0.031081641 0.884825170 0.003150233 -0.131505117 0.003955921 0.991302609
1756587301082714368.000000 1.690091491 -0.032026481 0.889319301 0.001306570 -0.144686952 0.003696201 0.989469767
1756587301149396736.000000 1.685519576 -0.031542137 0.898124218 -0.005055917 -0.155623212 0.002744559 0.987799764
1756587301216077824.000000 1.680324316 -0.029656919 0.906938970 -0.011592244 -0.167192861 0.000314625 0.985856056
1756587301282760192.000000 1.676764607 -0.029727153 0.910411060 -0.009120416 -0.179198623 0.000585946 0.983770490
1756587301316101376.000000 1.675747514 -0.029875169 0.910900772 -0.006656141 -0.184933797 0.001211547 0.982727706
1756587301382783488.000000 1.672885180 -0.030704284 0.913502395 -0.004020005 -0.196632847 0.001681952 0.980467498
1756587301449465856.000000 1.669234753 -0.030419169 0.917570710 -0.003365065 -0.206833094 0.002742279 0.978366613
1756587301482807040.000000 1.667362452 -0.030243378 0.919914782 -0.003949731 -0.211973011 0.002434785 0.977264524
1756587301549489152.000000 1.661959291 -0.029982597 0.925678968 -0.007948363 -0.221959427 0.000737359 0.975023270
1756587301616171264.000000 1.656415343 -0.028798269 0.931859136 -0.010433256 -0.232071742 -0.000870831 0.972642362
1756587301682852864.000000 1.652510762 -0.027941033 0.934439540 -0.011865598 -0.242986202 -0.002169466 0.969954789
1756587301749535488.000000 1.651574850 -0.027895370 0.933688641 -0.010580652 -0.247418582 -0.001875568 0.968849182
1756587301816218368.000000 1.653784752 -0.029239945 0.929766893 -0.006993553 -0.255027086 -0.000176628 0.966908634
1756587301849559552.000000 1.653695583 -0.029900044 0.927729189 -0.006206377 -0.259682775 0.000143378 0.965674043
1756587301916242176.000000 1.652917027 -0.030559301 0.924880266 -0.005023104 -0.271880269 0.000856616 0.962317646
1756587301982924800.000000 1.651317120 -0.030299220 0.924289882 -0.007770232 -0.282023281 -0.000133713 0.959376097
1756587302049607424.000000 1.648963690 -0.029197786 0.924167812 -0.009930510 -0.291995674 -0.001302135 0.956367195
1756587302082948608.000000 1.648365736 -0.028941900 0.923513591 -0.009703317 -0.297567248 -0.001475384 0.954650462
1756587302149630208.000000 1.647963166 -0.029059518 0.920857549 -0.009273455 -0.308957249 -0.001274559 0.951029897
1756587302216312832.000000 1.646687984 -0.029034384 0.918622196 -0.009089270 -0.319863588 -0.001413534 0.947418988
1756587302249654016.000000 1.645835161 -0.028807556 0.917462826 -0.008992211 -0.325174034 -0.001647771 0.945609987
1756587302316336640.000000 1.646446943 -0.030082513 0.915333033 -0.009326014 -0.336432695 -0.001632559 0.941659987
1756587302383019264.000000 1.645072937 -0.029879212 0.913399637 -0.008972240 -0.346698910 -0.002005558 0.937931478
1756587302449701888.000000 1.644287467 -0.029415913 0.912062526 -0.008908044 -0.356347680 -0.001929332 0.934309006
1756587302516384512.000000 1.643704772 -0.029554039 0.910117090 -0.008997638 -0.366784781 -0.002054905 0.930260062
1756587302549725696.000000 1.643601298 -0.029215563 0.908549726 -0.008795372 -0.371910214 -0.001887773 0.928225160
1756587302616407296.000000 1.642547607 -0.029446533 0.906517923 -0.009389233 -0.382489741 -0.002446010 0.923908830
1756587302683091968.000000 1.641383290 -0.028844070 0.905002713 -0.010289957 -0.392614007 -0.003122556 0.919640541
1756587302716433920.000000 1.641051531 -0.028570253 0.903979361 -0.010627018 -0.397339314 -0.003439401 0.917603850
1756587302783118848.000000 1.640958071 -0.028367193 0.902396798 -0.010223471 -0.407793909 -0.003313682 0.913010776
1756587302849803264.000000 1.641519547 -0.028063666 0.899446070 -0.006236176 -0.419833362 -0.001522335 0.907578528
1756587302916487680.000000 1.640571237 -0.029072873 0.896822691 0.003399684 -0.432637244 0.002732697 0.901557565
1756587302949830144.000000 1.639062405 -0.030348532 0.897113025 0.004614734 -0.438860685 0.003825992 0.898535132
1756587303016513536.000000 1.631587744 -0.030816030 0.898778737 0.000942017 -0.449022114 0.001599022 0.893518746
1756587303083198208.000000 1.623311877 -0.031007882 0.904790282 -0.006812119 -0.458987027 -0.001490891 0.888415694
1756587303149882880.000000 1.613004684 -0.028851477 0.910036206 -0.014472712 -0.468900710 -0.007257353 0.883102536
1756587303183225344.000000 1.610308647 -0.027674522 0.910939097 -0.012907736 -0.474014103 -0.005890055 0.880402982
1756587303249909760.000000 1.604966640 -0.027159337 0.911628485 -0.011880032 -0.483399749 -0.006046061 0.875298262
1756587303316594944.000000 1.601948619 -0.028180722 0.911329865 -0.008190586 -0.492969960 -0.003164497 0.870002031
1756587303383279616.000000 1.596654773 -0.029037293 0.911617696 -0.006879339 -0.502405167 -0.001933683 0.864602864
1756587303449963008.000000 1.589777946 -0.029906336 0.912249327 -0.008596802 -0.510905385 -0.003378486 0.859587371
1756587303483305728.000000 1.585770845 -0.029784549 0.913005590 -0.010051224 -0.515150011 -0.004538828 0.857029140
1756587303549990400.000000 1.578468919 -0.028662490 0.916083455 -0.015623000 -0.524043024 -0.008856645 0.851502478
1756587303616675328.000000 1.576208234 -0.027157394 0.914986372 -0.015509462 -0.532127857 -0.009050502 0.846473575
1756587303683358976.000000 1.578467846 -0.027398579 0.912507892 -0.012323450 -0.536459744 -0.007296464 0.843804479
1756587303716700672.000000 1.580883741 -0.026843786 0.910420299 -0.009632281 -0.539456069 -0.005374311 0.841941535
1756587303783384576.000000 1.582639217 -0.028498201 0.907707632 -0.007864013 -0.549248457 -0.003697691 0.835613966
1756587303850067968.000000 1.582103491 -0.029404949 0.905737102 -0.009060233 -0.558750689 -0.004472201 0.829274118
1756587303916750848.000000 1.579706192 -0.028241064 0.904278457 -0.012318875 -0.566899061 -0.007026472 0.823665202
1756587303950092800.000000 1.579449058 -0.027489256 0.904929399 -0.012855317 -0.571507394 -0.006997340 0.820466459
1756587304050118656.000000 1.580574036 -0.027284183 0.901373744 -0.012007183 -0.584204853 -0.007118789 0.811486244
1756587304083460352.000000 1.580252409 -0.028457701 0.901734889 -0.012353236 -0.589017332 -0.007199657 0.807993889
1756587304150144256.000000 1.580786467 -0.028639849 0.899069726 -0.012762638 -0.598360956 -0.007617840 0.801088810
1756587304216828160.000000 1.581036329 -0.028651912 0.896876454 -0.013565498 -0.607462227 -0.008357201 0.794188678
1756587304283511808.000000 1.580842972 -0.028780967 0.894752741 -0.014251596 -0.616107106 -0.008999649 0.787482023
1756587304350195200.000000 1.581022263 -0.028213998 0.893165946 -0.013842458 -0.625153482 -0.009077418 0.780326366
1756587304416878848.000000 1.583115578 -0.027977027 0.889706731 -0.013306333 -0.634399951 -0.009101708 0.772836864
1756587304450221056.000000 1.581938267 -0.027275972 0.889818668 -0.012897574 -0.638823390 -0.009275063 0.769189358
1756587304516904704.000000 1.581810713 -0.027842429 0.887788057 -0.012975652 -0.647100389 -0.009284839 0.762237906
1756587304550246656.000000 1.583128452 -0.028310250 0.886195064 -0.013272626 -0.652030766 -0.009580303 0.758015871
1756587304616931072.000000 1.582634211 -0.028385352 0.884579301 -0.013599835 -0.659578562 -0.009643527 0.751450777
1756587304683749376.000000 1.583125949 -0.028536364 0.882210076 -0.013780525 -0.668150008 -0.009849186 0.743833840
1756587304750592000.000000 1.583297014 -0.028005498 0.880629182 -0.014107467 -0.676602364 -0.009820597 0.736148000
1756587304784013312.000000 1.584910154 -0.027754074 0.878649950 -0.014151775 -0.680599630 -0.010255588 0.732447147
1756587304850859264.000000 1.583073616 -0.027068641 0.879418314 -0.014956164 -0.689291954 -0.010820054 0.724248469
1756587304917706752.000000 1.582527995 -0.026500208 0.878747344 -0.014646929 -0.697499156 -0.010419746 0.716360271
1756587304951131392.000000 1.583464861 -0.026414527 0.877827048 -0.014315435 -0.701564789 -0.010274951 0.712387800
1756587305017982208.000000 1.584775329 -0.026480757 0.875123620 0.013963911 0.709684849 0.009663275 -0.704314709
1756587305084835328.000000 1.586628079 -0.026463635 0.873461246 0.014042472 0.717363775 0.009910641 -0.696486831
1756587305151689984.000000 1.588053703 -0.026341269 0.870706975 0.014312441 0.724476159 0.010292899 -0.689074457
1756587305218546944.000000 1.587933064 -0.026927736 0.870799422 -0.014397259 -0.732062340 -0.010567505 0.681003511
1756587305251975168.000000 1.589188099 -0.026637413 0.869574428 -0.014342114 -0.735694647 -0.010511914 0.677080035
1756587305318835200.000000 1.589800119 -0.026880132 0.867819905 -0.014115399 -0.743456841 -0.010747259 0.668548584
1756587305352265728.000000 1.590138674 -0.026527595 0.866471171 -0.014330802 -0.747053564 -0.010658917 0.664523900
1756587305419128832.000000 1.590054750 -0.026120650 0.864004731 -0.014247181 -0.754634321 -0.010681040 0.655904055
1756587305485993984.000000 1.590525627 -0.026792729 0.862095714 -0.014535286 -0.762000799 -0.011121136 0.647317410
1756587305552860928.000000 1.594730496 -0.026668843 0.858777165 0.014453415 0.769032300 0.011254610 -0.638947427
1756587305619730176.000000 1.595036745 -0.027523508 0.862404346 -0.015117765 -0.776792407 -0.010495686 0.629487872
1756587305653091072.000000 1.595890045 -0.027261198 0.861187935 -0.015220643 -0.779989004 -0.010538774 0.625519395
1756587305719755520.000000 1.596270084 -0.026767524 0.859280586 -0.015309716 -0.786360621 -0.011144239 0.617477477
1756587305753088000.000000 1.597093344 -0.026609980 0.858317018 -0.015404795 -0.789574683 -0.011327297 0.613356590
1756587305819752704.000000 1.598914146 -0.026796322 0.856971145 -0.014759346 -0.796153188 -0.011389832 0.604807913
1756587305886417152.000000 1.600725412 -0.027173586 0.855460405 -0.014844367 -0.802903295 -0.011222486 0.595818758
1756587305953081600.000000 1.603268862 -0.027853658 0.854528427 0.015189599 0.809736252 0.012185998 -0.586470783
1756587306019745280.000000 1.601793885 -0.027929062 0.854895473 -0.015566545 -0.816418946 -0.013329918 0.577096343
1756587306053077504.000000 1.601156354 -0.027320437 0.853782058 -0.015561458 -0.819548130 -0.013583106 0.572638035
1756587306119739648.000000 1.603250861 -0.027939366 0.852217078 -0.015144208 -0.825951636 -0.013212387 0.563382685
1756587306186403072.000000 1.606548548 -0.028001502 0.850637674 -0.014683045 -0.832600951 -0.012512354 0.553537309
1756587306219734784.000000 1.608432651 -0.028234240 0.850558281 -0.014720291 -0.835843861 -0.012251644 0.548633099
1756587306286397440.000000 1.609204292 -0.028317379 0.849762201 -0.014978920 -0.842057288 -0.012531349 0.539034426
1756587306353060096.000000 1.612238050 -0.028165173 0.847720742 0.014773878 0.847667277 0.012471667 -0.530175924
1756587306419721984.000000 1.613132954 -0.028132562 0.849940658 -0.014160725 -0.853969753 -0.012122887 0.519988716
1756587306453053184.000000 1.614373446 -0.028108783 0.849765182 -0.014230342 -0.857032180 -0.011997443 0.514926732
1756587306519714816.000000 1.615417838 -0.027803108 0.848646164 -0.014603444 -0.862429380 -0.012123127 0.505821526
1756587306586375424.000000 1.616855860 -0.027828638 0.847937465 -0.014867533 -0.867411852 -0.012292244 0.497216910
1756587306653039104.000000 1.619095802 -0.027694393 0.847568035 -0.015107052 -0.872703910 -0.012285843 0.487861484
1756587306686373120.000000 1.619844556 -0.027848059 0.847573400 -0.015154025 -0.875491142 -0.012665244 0.482830435
1756587306753040384.000000 1.621634483 -0.028752448 0.845091224 0.015301930 0.880815625 0.013156712 -0.473029196
1756587306819707648.000000 1.622766852 -0.029092222 0.846996784 -0.014924943 -0.886518240 -0.013562508 0.462254077
1756587306886374144.000000 1.624973416 -0.029524703 0.845830441 -0.014673026 -0.891675353 -0.013206945 0.452244818
1756587306953040896.000000 1.627376080 -0.030067358 0.846317530 -0.014549791 -0.896769106 -0.013495497 0.442053676
1756587306986374144.000000 1.628579855 -0.030039886 0.846079111 -0.014630237 -0.899275482 -0.013542023 0.436928272
1756587307053039360.000000 1.631182909 -0.030283023 0.845283270 -0.014612674 -0.904124677 -0.014064821 0.426787198
1756587307119705088.000000 1.631762981 -0.030942209 0.842783451 0.014973682 0.908598661 0.014945039 -0.417134285
1756587307186370816.000000 1.633253217 -0.030248672 0.843991995 -0.014973514 -0.913025916 -0.015068642 0.407348126
1756587307253036032.000000 1.635332346 -0.030378787 0.843833923 -0.015164713 -0.917517304 -0.014355115 0.397147417
1756587307286368768.000000 1.636639118 -0.030408178 0.844059467 -0.015104832 -0.919706345 -0.014427699 0.392050952
1756587307353033984.000000 1.639570475 -0.031128239 0.843082428 -0.014926308 -0.923975646 -0.014718013 0.381876498
1756587307419698688.000000 1.640680075 -0.030677266 0.842089653 -0.015162399 -0.928011894 -0.014886306 0.371944159
1756587307486361856.000000 1.642681599 -0.030346852 0.841160297 0.015557275 0.931962371 0.014959906 -0.361912131
1756587307553026560.000000 1.643657088 -0.030256484 0.840685368 -0.015071926 -0.936049581 -0.015261041 0.351213902
1756587307619690496.000000 1.645503163 -0.029950149 0.839890480 -0.015331903 -0.940188468 -0.015575057 0.339953095
1756587307653025024.000000 1.646623611 -0.029935766 0.839371681 -0.015468253 -0.942121148 -0.015875109 0.334539354
1756587307719696640.000000 1.648730516 -0.029498708 0.838801146 -0.015276096 -0.945721865 -0.015903926 0.324228138
1756587307786367744.000000 1.651327372 -0.029534891 0.839090109 -0.015354889 -0.949395776 -0.015574818 0.313319981
1756587307853038848.000000 1.653295040 -0.029497363 0.838683367 -0.015005420 -0.953071773 -0.015470688 0.301976115
1756587307886373888.000000 1.654481530 -0.030398939 0.838391304 0.014896399 0.954828322 0.015849791 -0.296360880
1756587307953043712.000000 1.656508684 -0.030585777 0.837751627 0.015425611 0.958120048 0.016098706 -0.285497844
1756587308019714048.000000 1.658114433 -0.030692246 0.838463068 -0.014947074 -0.961316526 -0.016310891 0.274556249
1756587308086384384.000000 1.660813451 -0.030927557 0.838734388 -0.014709022 -0.964273512 -0.016170330 0.264005363
1756587308153054464.000000 1.662873268 -0.031050507 0.839325905 -0.014468273 -0.967317045 -0.015970869 0.252652705
1756587308186389504.000000 1.663883090 -0.031203177 0.839699030 -0.014591161 -0.968728423 -0.015966106 0.247179091
1756587308253059072.000000 1.665659428 -0.031519502 0.839510918 -0.014744500 -0.971351326 -0.016505823 0.236615345
1756587308319728640.000000 1.667912245 -0.031392634 0.839626670 0.015233452 0.973785639 0.017256174 -0.226300180
1756587308386396672.000000 1.669335008 -0.030932821 0.840139270 0.015156204 0.976194859 0.016411873 -0.215741858
1756587308453065984.000000 1.671678901 -0.031450033 0.841306329 0.014508368 0.978865266 0.012002539 -0.203637779
1756587308519734784.000000 1.674107075 -0.033639520 0.838805914 -0.013430737 -0.981803596 -0.007005817 0.189294472
1756587308553069056.000000 1.674201012 -0.034180865 0.836591959 0.013288729 0.982987821 0.007385348 -0.183040544
1756587308619737856.000000 1.673924565 -0.033656791 0.827220082 0.013837062 0.984808862 0.013929176 -0.172528431
1756587308686404352.000000 1.671820641 -0.031189203 0.817255259 0.014916071 0.986495793 0.020619722 -0.161797211
1756587308753070336.000000 1.672415018 -0.031789973 0.811992407 0.015142124 0.988632619 0.018159870 -0.148480445
1756587308819734784.000000 1.673151493 -0.031883456 0.808690906 0.014300014 0.989879251 0.015595453 -0.140326068
1756587308886400256.000000 1.673836708 -0.032242399 0.803521633 0.014637752 0.991306067 0.014434337 -0.129960373
1756587308919732480.000000 1.673727989 -0.031387143 0.800133586 0.014508272 0.992021620 0.015520837 -0.124265194
1756587308986397440.000000 1.674245715 -0.031483542 0.793908596 0.014554564 0.993273079 0.016891453 -0.113628864
1756587309053061888.000000 1.674737453 -0.031563446 0.787535191 -0.014894892 -0.994495928 -0.015994601 0.102470323
1756587309119726336.000000 1.676255584 -0.031945869 0.782683253 -0.014416449 -0.995523274 -0.015570261 0.092104077
1756587309186390272.000000 1.677388668 -0.031984318 0.776541114 -0.013722234 -0.996381581 -0.016362602 0.082266271
1756587309253052928.000000 1.677763224 -0.031967007 0.770202160 -0.013385813 -0.996855557 -0.016453320 0.076348945
1756587309286384896.000000 1.677317500 -0.031734273 0.766684175 -0.013410334 -0.996775508 -0.016756529 0.077317640
1756587309353047808.000000 1.675751567 -0.031422358 0.760632396 -0.013960388 -0.996529460 -0.016701983 0.080344163
1756587309419710976.000000 1.673901320 -0.031222537 0.753926277 0.014197780 0.996548831 0.016904421 -0.080019236
1756587309519704832.000000 1.672927260 -0.031090498 0.744618416 0.014125828 0.996570945 0.016534837 -0.079833925
1756587309553036032.000000 1.672426939 -0.031162880 0.741388202 0.013875396 0.996560991 0.016212553 -0.080067970
1756587309619697920.000000 1.671191931 -0.030648228 0.734510660 -0.014000153 -0.996597171 -0.015797434 0.079678655
1756587309686361600.000000 1.670085788 -0.030536782 0.728128433 -0.014503008 -0.996642530 -0.016112963 0.078955002
1756587309753026560.000000 1.668684006 -0.030600045 0.721871257 -0.014873152 -0.996671677 -0.017049141 0.078318022
1756587309819690496.000000 1.667422891 -0.030623458 0.714960337 -0.014811134 -0.996641338 -0.018050892 0.078491896
1756587309886354432.000000 1.665942073 -0.030335285 0.708116055 -0.014801703 -0.996601701 -0.019078439 0.078753024
1756587309953018368.000000 1.665334344 -0.030205458 0.702196121 -0.014306595 -0.996604800 -0.018152775 0.079023950
1756587310019681792.000000 1.665142059 -0.030521523 0.696441174 0.014207105 0.996672451 0.016415820 -0.078567080
1756587310086344704.000000 1.663891673 -0.030388512 0.690663457 0.014586139 0.996713281 0.015768411 -0.078111187
1756587310153006336.000000 1.662597299 -0.031313945 0.683508515 -0.014576863 -0.996642232 -0.017133877 0.078729406
1756587310219668992.000000 1.661396384 -0.031027075 0.676422358 -0.014544789 -0.996584833 -0.017889546 0.079292133
1756587310252999936.000000 1.661136627 -0.030718975 0.673149943 -0.014436634 -0.996543705 -0.018389601 0.079713032
1756587310352993024.000000 1.659558058 -0.030565567 0.662680387 -0.014457480 -0.996527016 -0.019535236 0.079645380
1756587310419654400.000000 1.658909082 -0.030488793 0.656570792 -0.014488979 -0.996543109 -0.019092968 0.079545245
1756587310486315520.000000 1.657996297 -0.030555364 0.650957465 -0.013971682 -0.996539533 -0.017663943 0.080011867
1756587310519645952.000000 1.657819986 -0.030771222 0.647878647 0.013784315 0.996571362 0.017546717 -0.079672843
1756587310619635968.000000 1.656236410 -0.030364014 0.637571812 0.014082147 0.996569097 0.018904628 -0.079337977
1756587310652968960.000000 1.655364871 -0.030038483 0.633821607 0.014013545 0.996550143 0.019476088 -0.079449572
1756587310719635456.000000 1.654050350 -0.030098151 0.627969027 -0.013883573 -0.996621251 -0.020001322 0.078442924
1756587310786301952.000000 1.652974367 -0.030116290 0.622070670 -0.014489955 -0.996667624 -0.019264257 0.077927440
1756587310852967424.000000 1.652325392 -0.030266762 0.616164923 -0.014165070 -0.996600807 -0.018775878 0.078953803
1756587310919633408.000000 1.651230097 -0.030632064 0.609934092 -0.014092385 -0.996590853 -0.018960129 0.079048432
1756587310986298624.000000 1.650311589 -0.030325200 0.603596330 -0.014136344 -0.996564329 -0.019526925 0.079237305
1756587311052962560.000000 1.649407029 -0.030144222 0.596900225 -0.013827602 -0.996617854 -0.019386595 0.078650549
1756587311119627520.000000 1.648845315 -0.030084286 0.591287017 0.014088593 0.996632636 0.017879356 -0.078774013
1756587311186291968.000000 1.647807240 -0.029997319 0.584584475 0.013802144 0.996642470 0.018247489 -0.078615703
1756587311252956416.000000 1.646222949 -0.029814787 0.577401638 -0.014163535 -0.996650577 -0.018440967 0.078402974
1756587311319620096.000000 1.645059347 -0.029614296 0.570977330 -0.014114829 -0.996614695 -0.018238904 0.078912869
1756587311386283776.000000 1.644190073 -0.029796690 0.564613461 -0.013689851 -0.996570349 -0.018744096 0.079429165
1756587311452946176.000000 1.642991304 -0.029791150 0.557600737 -0.013925165 -0.996618509 -0.019269940 0.078653723
1756587311486277888.000000 1.642474771 -0.029566474 0.554002643 -0.014126157 -0.996619761 -0.019991487 0.078421578
1756587311586272256.000000 1.641254306 -0.029090598 0.544481993 -0.013944837 -0.996575415 -0.019805631 0.079061650
1756587311619603712.000000 1.641463041 -0.029182885 0.541416645 0.013459796 0.996544540 0.018947549 -0.079742312
1756587311719601408.000000 1.640158296 -0.029431041 0.532178760 0.013536524 0.996587455 0.018632706 -0.079266421
1756587311786266624.000000 1.638470650 -0.029582027 0.525263190 -0.013516114 -0.996557951 -0.020219501 0.079251908
1756587311819599104.000000 1.638213873 -0.029177118 0.521705627 -0.013299255 -0.996538043 -0.020225836 0.079535931
1756587311886262784.000000 1.637042165 -0.029378206 0.515524387 -0.013677303 -0.996584535 -0.019009508 0.079188876
1756587311952927232.000000 1.635964155 -0.029248662 0.509813428 -0.013514891 -0.996652961 -0.018749710 0.078413613
1756587312019591680.000000 1.635242581 -0.029603675 0.503815353 -0.013529089 -0.996634662 -0.018146332 0.078785688
1756587312119587328.000000 1.633769274 -0.029459979 0.493967950 -0.013522021 -0.996638417 -0.018615032 0.078629211
1756587312186250752.000000 1.632177234 -0.029170614 0.486700356 0.013642354 0.996614397 0.020185126 -0.078525834
1756587312252913920.000000 1.631368756 -0.028766159 0.480543613 -0.014117855 -0.996615648 -0.018981721 0.078725189
1756587312319577088.000000 1.630208969 -0.028652247 0.474710584 -0.013980550 -0.996623278 -0.018052209 0.078872710
1756587312386238464.000000 1.629517674 -0.028703101 0.468434215 -0.013997353 -0.996661484 -0.017905349 0.078418784
1756587312452900864.000000 1.628247380 -0.028732654 0.461957335 -0.014129630 -0.996630251 -0.018078081 0.078751646
1756587312519562752.000000 1.627460361 -0.028928492 0.455080867 -0.013830972 -0.996577382 -0.019071395 0.079237610
1756587312586224640.000000 1.625648737 -0.028679974 0.448228061 -0.014216552 -0.996548951 -0.019150093 0.079507343
1756587312652888576.000000 1.624733567 -0.028608695 0.442237258 0.013973274 0.996584177 0.017962780 -0.079386123
1756587312719556096.000000 1.624227405 -0.029047839 0.437161267 0.014067138 0.996569395 0.016558250 -0.079859383
1756587312786222848.000000 1.623043776 -0.027664661 0.430693209 -0.013554062 -0.996506035 -0.015694700 0.080906294
1756587312852890368.000000 1.622163296 -0.027491864 0.423242629 -0.013219342 -0.996461630 -0.017759403 0.081081636
1756587312886223872.000000 1.621393800 -0.026852004 0.419301152 -0.013281457 -0.996459246 -0.018923890 0.080836587
1756587312952890880.000000 1.620311618 -0.026684299 0.412629902 -0.013055694 -0.996519029 -0.018732687 0.080178648
1756587313019557632.000000 1.619168401 -0.026542686 0.407438159 -0.013595158 -0.996574879 -0.017175663 0.079742275
1756587313086223872.000000 1.618205905 -0.026659016 0.401273012 -0.013417364 -0.996587574 -0.016901681 0.079672270
1756587313152890112.000000 1.617488027 -0.026795805 0.394403696 0.013141764 0.996517479 0.017917773 -0.080369115
1756587313219555072.000000 1.616298556 -0.026732810 0.387050271 0.012657965 0.996483266 0.019581981 -0.080483012
1756587313252888064.000000 1.615870714 -0.026446182 0.383231282 0.012861842 0.996523678 0.020131342 -0.079812489
1756587313319553280.000000 1.614982128 -0.026597191 0.377185762 -0.013397761 -0.996579230 -0.018813107 0.079350330
1756587313386218752.000000 1.614390969 -0.026892439 0.371558070 -0.013088718 -0.996594429 -0.018509695 0.079282649
1756587313452883712.000000 1.613080382 -0.026606388 0.365286827 -0.013833786 -0.996595621 -0.018835375 0.079063959
1756587313519548672.000000 1.611953020 -0.026758850 0.358706832 -0.013814190 -0.996629775 -0.018474476 0.078720503
1756587313586213120.000000 1.610927939 -0.026746683 0.351934731 -0.013864315 -0.996620536 -0.019013716 0.078700773
1756587313652878848.000000 1.609454751 -0.026324097 0.345749974 -0.014177635 -0.996635556 -0.018263722 0.078632571
1756587313719545344.000000 1.609035373 -0.026578706 0.339941800 0.014156342 0.996638656 0.017098738 -0.078858607
1756587313752879104.000000 1.608422995 -0.025531001 0.336623847 -0.014489754 -0.996636689 -0.016657863 0.078918047
1756587313819546368.000000 1.607065320 -0.025740106 0.329822361 -0.015187353 -0.996634126 -0.017483620 0.078639306
1756587313886213376.000000 1.606163740 -0.026017699 0.323148727 -0.015210791 -0.996578932 -0.017810196 0.079258822
1756587313952880128.000000 1.605171084 -0.025782790 0.316534579 -0.014764937 -0.996538103 -0.017653314 0.079889700
1756587314019546624.000000 1.603832722 -0.025961582 0.310197473 -0.014908988 -0.996547639 -0.017359277 0.079807080
1756587314086212864.000000 1.602877617 -0.025434904 0.303841531 -0.014559024 -0.996552348 -0.017057031 0.079878859
1756587314152877568.000000 1.602728367 -0.025460567 0.297628582 0.014648210 0.996586800 0.016534792 -0.079541937
1756587314219543552.000000 1.600737333 -0.025747653 0.290975034 0.014986116 0.996635079 0.017135033 -0.078742109
1756587314252876032.000000 1.600264072 -0.025787618 0.287267029 0.014941784 0.996594548 0.017630931 -0.079153866
1756587314319541248.000000 1.600725293 -0.025232833 0.280825853 -0.014186639 -0.996535718 -0.016319513 0.080306329
1756587314386206464.000000 1.599461436 -0.025084667 0.274753809 -0.014293854 -0.996585310 -0.015816823 0.079770215
1756587314452871168.000000 1.598799706 -0.024685849 0.267771304 -0.014234331 -0.996588588 -0.016061584 0.079691082
1756587314519535360.000000 1.598214626 -0.024745539 0.261718571 -0.013723944 -0.996545017 -0.015803119 0.080375060
1756587314586198784.000000 1.597127795 -0.024733871 0.255791068 -0.013875642 -0.996559083 -0.014984383 0.080330878
1756587314652864000.000000 1.596272707 -0.024885584 0.249269962 -0.013554246 -0.996525466 -0.015504684 0.080702841
1756587314686197760.000000 1.594910145 -0.025758062 0.246015251 0.014004651 0.996558607 0.016122561 -0.080093406
1756587314786198272.000000 1.593659520 -0.024665605 0.235721290 0.014378353 0.996581316 0.016191347 -0.079730272
1756587314819532032.000000 1.592626929 -0.024756528 0.232708514 0.014651719 0.996598065 0.016012620 -0.079506598
1756587314886198784.000000 1.592153311 -0.024726108 0.226807714 -0.014069286 -0.996531069 -0.014864774 0.080665931
1756587314952865024.000000 1.591227174 -0.025073834 0.221496940 -0.014032258 -0.996528149 -0.012770102 0.081066616
1756587315019530496.000000 1.590111136 -0.025084998 0.215351760 -0.014431277 -0.996510267 -0.012087311 0.081320606
1756587315086196480.000000 1.589017510 -0.024636883 0.207288623 -0.014228155 -0.996425509 -0.014605667 0.081978433
1756587315119529216.000000 1.588249445 -0.024417609 0.203384459 -0.014264033 -0.996379316 -0.015503149 0.082368284
1756587315186194944.000000 1.587238431 -0.023941841 0.196658909 -0.014185618 -0.996321440 -0.014745772 0.083216459
1756587315252860160.000000 1.586479187 -0.023952710 0.190861166 -0.013956426 -0.996329010 -0.013632571 0.083354749
1756587315319525120.000000 1.585381866 -0.024648122 0.183950782 0.013746595 0.996317267 0.013729007 -0.083512828
1756587315386189824.000000 1.584071159 -0.024536813 0.177965343 -0.013929537 -0.996311665 -0.014699196 0.083385453
1756587315452853248.000000 1.582937479 -0.024114851 0.171406448 -0.013795078 -0.996345878 -0.014855964 0.082969598
1756587315486185472.000000 1.582291842 -0.023871165 0.167918622 -0.014015847 -0.996340096 -0.014802211 0.083011977
1756587315552849408.000000 1.581258535 -0.024146244 0.161767125 -0.013756013 -0.996341348 -0.014481916 0.083096929
1756587315619513600.000000 1.580523491 -0.024707580 0.155550003 -0.013604092 -0.996326804 -0.013996703 0.083378531
1756587315686179584.000000 1.579548717 -0.024659215 0.149471760 -0.013715220 -0.996361256 -0.013630566 0.083008662
1756587315752846336.000000 1.578534722 -0.024246845 0.142131984 0.013361205 0.996319890 0.014209425 -0.083464928
1756587315819512320.000000 1.578257322 -0.024165435 0.135374129 -0.013446765 -0.996310651 -0.015656786 0.083301663
1756587315886177536.000000 1.577171922 -0.024314493 0.128539920 -0.013552097 -0.996305764 -0.016712740 0.083137751
1756587315919510272.000000 1.576513648 -0.024263857 0.125248969 -0.013660982 -0.996298075 -0.016443728 0.083266243
1756587315986175744.000000 1.575741649 -0.024193835 0.119571507 -0.013711676 -0.996327519 -0.015588644 0.083069421
1756587316052840960.000000 1.574632764 -0.024305051 0.112902284 -0.014173272 -0.996342003 -0.015679151 0.082800679
1756587316119506176.000000 1.573588848 -0.024441369 0.105605125 -0.014386549 -0.996337831 -0.017109392 0.082530446
1756587316186170624.000000 1.571935058 -0.024575293 0.100042939 0.014806149 0.996357977 0.015506513 -0.082529470
1756587316252835072.000000 1.570926428 -0.024365641 0.094193041 -0.014608203 -0.996353507 -0.014052296 0.082878634
1756587316319499008.000000 1.570082664 -0.023682328 0.087378025 -0.014248357 -0.996299088 -0.014684374 0.083484277
1756587316386161920.000000 1.568975806 -0.023406316 0.079985499 -0.014480247 -0.996337056 -0.016041797 0.082737908
1756587316452825600.000000 1.567726851 -0.023294486 0.072482944 -0.014747219 -0.996351004 -0.016820628 0.082367063
1756587316519488768.000000 1.566788316 -0.023009643 0.065590918 -0.014977436 -0.996274054 -0.017368825 0.083139271
1756587316552819968.000000 1.566340208 -0.023595918 0.062867105 -0.014841008 -0.996278405 -0.017191578 0.083147772
1756587316619482880.000000 1.565063596 -0.024119530 0.057330310 -0.015055030 -0.996291161 -0.015882414 0.083217360
1756587316686147584.000000 1.564507723 -0.024186390 0.050586879 0.014769700 0.996269882 0.016141761 -0.083472930
1756587316752812288.000000 1.563763618 -0.023206506 0.043996036 -0.014708200 -0.996253252 -0.015781861 0.083750352
1756587316819475968.000000 1.562711477 -0.023012832 0.037033975 -0.014396982 -0.996221423 -0.016531581 0.084037364
1756587316886140160.000000 1.561496496 -0.023168499 0.031099141 -0.014463415 -0.996277630 -0.015284766 0.083595037
1756587316952803840.000000 1.560359001 -0.023534121 0.025673032 -0.014688374 -0.996297479 -0.014384859 0.083478555
1756587317019467520.000000 1.559822321 -0.023390058 0.018824279 -0.014524463 -0.996257186 -0.015034732 0.083872423
1756587317086130688.000000 1.558700204 -0.023110274 0.012399137 -0.015223457 -0.996250272 -0.014287357 0.083961584
1756587317119462144.000000 1.557907939 -0.022916112 0.009042680 0.014948133 0.996226311 0.014359653 -0.084282659
1756587317186125056.000000 1.557551026 -0.022262558 0.002347052 -0.014457834 -0.996215045 -0.014204850 0.084527344
1756587317252786688.000000 1.556296587 -0.022462267 -0.004119098 -0.014798054 -0.996196508 -0.014035474 0.084714793
1756587317319448832.000000 1.555134535 -0.022024931 -0.011102736 -0.014186179 -0.996114790 -0.015290185 0.085558593
1756587317352779776.000000 1.555039525 -0.021726757 -0.014327526 -0.014073711 -0.996104777 -0.014996824 0.085745677
1756587317419441664.000000 1.553885818 -0.021770608 -0.019723475 -0.014028351 -0.996123254 -0.013100948 0.085849263
1756587317486103040.000000 1.553138614 -0.021738712 -0.025529772 -0.014055938 -0.996126175 -0.011927891 0.085981496
1756587317552764160.000000 1.552276134 -0.022153186 -0.032360524 -0.014285780 -0.996119440 -0.012520951 0.085937418
1756587317619425024.000000 1.549915195 -0.021813041 -0.039236993 0.014427250 0.996103287 0.013988333 -0.085874468
1756587317686090240.000000 1.549977422 -0.022016905 -0.046344817 -0.013928921 -0.996011615 -0.014647712 0.086904407
1756587317719423744.000000 1.549387455 -0.021806400 -0.049358100 -0.014222919 -0.995991349 -0.014970162 0.087034285
1756587317786090496.000000 1.548015118 -0.021155883 -0.055174083 -0.014334592 -0.995708883 -0.018392334 0.089555629
1756587317852756992.000000 1.546917081 -0.020741483 -0.056647956 -0.014019311 -0.994966745 -0.017005781 0.097752422
1756587317919423488.000000 1.545093060 -0.021204013 -0.055444241 -0.014126412 -0.994093716 -0.014829309 0.106575459
1756587317986089728.000000 1.543390751 -0.021910392 -0.054692268 -0.014149416 -0.993093371 -0.013475027 0.115688466
1756587318052755456.000000 1.541298389 -0.021577070 -0.056211531 0.014103869 0.991795659 0.014131907 -0.126265407
1756587318119419648.000000 1.538619399 -0.021700103 -0.056874394 0.014022319 0.990408361 0.014776525 -0.136661381
1756587318186084864.000000 1.536230803 -0.021727949 -0.056876659 0.014105749 0.988790572 0.013313267 -0.148044005
1756587318219417600.000000 1.535595298 -0.021578370 -0.056633174 -0.014120514 -0.987844110 -0.012743298 0.154279709
1756587318286082304.000000 1.532913327 -0.021308484 -0.056371093 -0.014281186 -0.986148536 -0.011897405 0.164819658
1756587318352746752.000000 1.530843973 -0.020663153 -0.057185948 -0.013990650 -0.984371066 -0.012274208 0.175120443
1756587318419411200.000000 1.528618693 -0.020374957 -0.057970405 -0.013876368 -0.982371330 -0.012468785 0.186007291
1756587318486075136.000000 1.526575089 -0.020537805 -0.058659196 -0.013700664 -0.980098844 -0.012964778 0.197611943
1756587318552738048.000000 1.524247527 -0.020237714 -0.058668613 -0.013615767 -0.977782786 -0.012834143 0.208783925
1756587318619401472.000000 1.522691846 -0.021054331 -0.059303403 0.013270237 0.975224495 0.013974062 -0.220376611
1756587318686067968.000000 1.520525813 -0.020609684 -0.059567809 0.013369322 0.972738683 0.013881816 -0.231102049
1756587318752735232.000000 1.518813491 -0.021424737 -0.060620666 -0.013421473 -0.969998121 -0.014740701 0.242293760
1756587318819402240.000000 1.516777158 -0.021864872 -0.060579896 -0.013450605 -0.967134058 -0.014775260 0.253480703
1756587318886068480.000000 1.514610529 -0.021970380 -0.060689688 -0.013058592 -0.964116216 -0.014713627 0.264750749
1756587318952734976.000000 1.512788534 -0.022088591 -0.060535312 -0.012854186 -0.961005449 -0.014452646 0.275852442
1756587319019400192.000000 1.510944366 -0.021993879 -0.060634375 -0.013011990 -0.957916498 -0.014296494 0.286395252
1756587319086065920.000000 1.508542418 -0.021945376 -0.060343862 -0.013139274 -0.954715073 -0.013961681 0.296903282
1756587319152731392.000000 1.506422997 -0.021335907 -0.059793949 0.013038835 0.951398432 0.013793823 -0.307377219
1756587319219396864.000000 1.504340887 -0.021496639 -0.059789419 0.013012776 0.947826803 0.014623161 -0.318184346
1756587319286062080.000000 1.501979828 -0.022061225 -0.059093237 -0.013425274 -0.944260955 -0.014733755 0.328594148
1756587319352726784.000000 1.499842882 -0.022674736 -0.058618903 -0.013296101 -0.940482140 -0.015127600 0.339245945
1756587319419391488.000000 1.497684598 -0.022470806 -0.058368683 -0.013582303 -0.936552227 -0.014652374 0.349958211
1756587319452722432.000000 1.496816874 -0.022898659 -0.058058858 -0.013645693 -0.934482455 -0.014762280 0.355441332
1756587319519386880.000000 1.494879007 -0.023051899 -0.057722092 -0.013862066 -0.930377960 -0.014810288 0.366040170
1756587319586050560.000000 1.492576003 -0.023345198 -0.057122111 -0.014319975 -0.926139832 -0.015390906 0.376594186
1756587319652716032.000000 1.490444899 -0.023305483 -0.056498766 -0.014245296 -0.921751082 -0.015162148 0.387223691
1756587319719383296.000000 1.488240004 -0.023192119 -0.056734204 0.014382167 0.917271912 0.015001054 -0.397719115
1756587319786050816.000000 1.486512661 -0.023434043 -0.056485653 0.014206871 0.912671924 0.014844206 -0.408176333
1756587319852718080.000000 1.484309077 -0.023523252 -0.054417253 -0.012699533 -0.907888710 -0.010792210 0.418879956
1756587319919384064.000000 1.479802012 -0.024195988 -0.054732203 0.011196805 0.901711762 0.005802924 -0.432153732
1756587319986050816.000000 1.471891046 -0.024216656 -0.058190346 0.012481130 0.895968020 0.007509449 -0.443879604
1756587320052717056.000000 1.461155295 -0.023319311 -0.064322710 -0.014695465 -0.890001655 -0.013412211 0.455523014
1756587320086050304.000000 1.456168056 -0.022658121 -0.066935778 -0.015441070 -0.886642575 -0.015454510 0.461939156
1756587320152716288.000000 1.447860718 -0.022809949 -0.069836736 -0.015597868 -0.880492568 -0.015722990 0.473542422
1756587320219382016.000000 1.443221331 -0.023035252 -0.070429683 -0.014189406 -0.876100659 -0.010759474 0.481799304
1756587320286047744.000000 1.436731577 -0.023175929 -0.071563363 0.013134063 0.871059775 0.008056019 -0.490935445
1756587320352711936.000000 1.429547787 -0.022778679 -0.073171258 -0.013656740 -0.864894927 -0.008348488 0.501697719
1756587320386044416.000000 1.425637007 -0.022438508 -0.074907184 -0.014300136 -0.861852050 -0.010299734 0.506853521
1756587320452709120.000000 1.416432977 -0.021667674 -0.078033447 -0.016788937 -0.856619596 -0.013919664 0.515487492
1756587320519373824.000000 1.408202529 -0.021542557 -0.079553962 -0.017154930 -0.850810289 -0.012753258 0.525038123
1756587320586038272.000000 1.401290536 -0.021279002 -0.080833673 -0.015981337 -0.843755603 -0.011702946 0.536361933
1756587320619370496.000000 1.398255587 -0.021593859 -0.081221581 -0.015220296 -0.840675950 -0.010746506 0.541217923
1756587320686107392.000000 1.391222000 -0.021642694 -0.082412243 -0.014918442 -0.834568620 -0.009903164 0.550612986
1756587320752864000.000000 1.382497072 -0.021112122 -0.085184097 0.015765551 0.828433037 0.012044816 -0.559736729
1756587320853001472.000000 1.370851755 -0.019673930 -0.085442781 -0.018026425 -0.818692267 -0.014446463 0.573767722
1756587320919763200.000000 1.366379857 -0.018382981 -0.085167885 -0.019604206 -0.812713146 -0.018030619 0.582055032
1756587320953145088.000000 1.367101192 -0.018571317 -0.084077954 -0.018417079 -0.810623825 -0.015264789 0.585078597
1756587321019909888.000000 1.369785190 -0.019711334 -0.081349015 -0.016436744 -0.806699991 -0.011799545 0.590614796
1756587321086676480.000000 1.369969726 -0.020553466 -0.079759836 -0.015242618 -0.800543010 -0.010177802 0.598994970
1756587321120060672.000000 1.368889809 -0.020402972 -0.079269409 -0.015626580 -0.797214806 -0.010942858 0.603394330
1756587321186830592.000000 1.366016865 -0.020174807 -0.078285336 -0.016759090 -0.790701687 -0.012884015 0.611836612
1756587321253601280.000000 1.364951491 -0.019916864 -0.076460242 0.017004678 0.783962548 0.012381382 -0.620451748
1756587321320375296.000000 1.364289522 -0.019942325 -0.074697495 -0.016069483 -0.777343214 -0.011199445 0.628771722
1756587321387151360.000000 1.363589764 -0.020242091 -0.072919488 -0.016038667 -0.770280302 -0.010671312 0.637414515
1756587321453929216.000000 1.361766458 -0.020382695 -0.071398139 -0.016377324 -0.762891114 -0.011196684 0.646222651
1756587321487319040.000000 1.360714555 -0.020468963 -0.070538878 -0.016394615 -0.759195805 -0.011715765 0.650550365
1756587321554099968.000000 1.358992577 -0.020324502 -0.068539381 -0.016441699 -0.751832962 -0.011920079 0.659040868
1756587321587491328.000000 1.358798265 -0.020114984 -0.067698002 -0.016300729 -0.748254180 -0.011390473 0.663114130
1756587321654243584.000000 1.358416677 -0.020859400 -0.065328002 -0.016005615 -0.740951598 -0.011138075 0.671275377
1756587321720924160.000000 1.356941700 -0.020114044 -0.064567566 0.015888108 0.733313203 0.010627791 -0.679622293
1756587321787605760.000000 1.354841590 -0.019027999 -0.063165903 -0.015370587 -0.725587368 -0.010767909 0.687874138
1756587321854287360.000000 1.354192734 -0.019188898 -0.060653448 -0.015363428 -0.718158424 -0.010352362 0.695632994
1756587321887628032.000000 1.354408264 -0.019948596 -0.059664965 -0.015191078 -0.714468837 -0.010397322 0.699425101
1756587321954309632.000000 1.353995562 -0.020007798 -0.058097839 -0.015197679 -0.706490278 -0.010324303 0.707484305
1756587322020991488.000000 1.353265643 -0.019714333 -0.056036472 0.015228442 0.698572516 0.010278168 -0.715303481
1756587322087672832.000000 1.352041960 -0.020105077 -0.054095626 0.015192031 0.690485418 0.010114823 -0.723116040
1756587322154353664.000000 1.351647377 -0.020600498 -0.051610231 0.015095600 0.682707787 0.010005826 -0.730467081
1756587322221035008.000000 1.350684643 -0.020435225 -0.049436092 0.015358217 0.674519241 0.010029800 -0.738029361
1756587322254375680.000000 1.349943757 -0.020003114 -0.048579335 0.015476974 0.670360386 0.009848599 -0.741808891
1756587322321057024.000000 1.348092318 -0.017994177 -0.048272371 -0.015601522 -0.661637366 -0.009962777 0.749595463
1756587322387738624.000000 1.346632361 -0.018247139 -0.045288920 -0.015761916 -0.653490424 -0.009415006 0.756712139
1756587322421079296.000000 1.347760201 -0.017840089 -0.045384407 -0.015267534 -0.649310052 -0.009386457 0.760312676
1756587322487760896.000000 1.347972989 -0.018008035 -0.043929815 -0.015134108 -0.641232967 -0.009010803 0.767144084
1756587322554441216.000000 1.347729921 -0.017847637 -0.041560888 -0.015577606 -0.632484019 -0.009288846 0.774361014
1756587322621122560.000000 1.347436666 -0.018414596 -0.039384484 -0.015371989 -0.623622000 -0.008844892 0.781524956
1756587322687804928.000000 1.346675515 -0.018130068 -0.037926495 -0.014982685 -0.614346743 -0.008725243 0.788845718
1756587322754487808.000000 1.345624208 -0.017800052 -0.035940886 -0.015015655 -0.605211020 -0.008469326 0.795878410
1756587322821170432.000000 1.347364664 -0.020809405 -0.031989157 -0.015266102 -0.596770108 -0.008104869 0.802226067
1756587322887853056.000000 1.346854448 -0.018618723 -0.031639755 -0.014313874 -0.587529719 -0.007337068 0.809042692
1756587322954535680.000000 1.346301675 -0.019579520 -0.028632462 -0.014450346 -0.579405963 -0.007189528 0.814879358
1756587322987877120.000000 1.346518517 -0.019779949 -0.028407753 -0.014587158 -0.574844360 -0.007064114 0.818102300
1756587323087900160.000000 1.346448183 -0.020702925 -0.024970889 -0.015053639 -0.561738431 -0.007157887 0.827147007
1756587323121241600.000000 1.346199512 -0.020090668 -0.023529708 -0.014956699 -0.557549834 -0.006923371 0.829979897
1756587323187924224.000000 1.347182155 -0.020567471 -0.021846831 -0.015025201 -0.548913836 -0.006830281 0.835716009
1756587323254606848.000000 1.345971584 -0.020275237 -0.019852161 -0.014424421 -0.540002167 -0.006135450 0.841517687
1756587323321289472.000000 1.347992063 -0.021634836 -0.016001463 -0.014109236 -0.530607641 -0.006284777 0.847476900
1756587323387972096.000000 1.347750664 -0.021018496 -0.013001323 -0.014338983 -0.520140409 -0.006284426 0.853937328
1756587323454653952.000000 1.349192739 -0.020935761 -0.011387944 -0.014183428 -0.509742975 -0.006159681 0.860187769
1756587323521336576.000000 1.348137140 -0.021188479 -0.009656847 -0.013840562 -0.500171781 -0.006062361 0.865794420
1756587323588019456.000000 1.347967267 -0.020862402 -0.006672144 -0.013384729 -0.490737498 -0.005364534 0.871188223
1756587323654702592.000000 1.348612428 -0.020919919 -0.003949046 -0.013536682 -0.481289625 -0.005119387 0.876442194
1756587323754729984.000000 1.349775553 -0.021249358 -0.000488222 -0.013240448 -0.466332883 -0.005199910 0.884494960
1756587323821414656.000000 1.349497795 -0.020664722 0.001473218 -0.013372014 -0.456205636 -0.005032518 0.889759719
1756587323888099072.000000 1.349271894 -0.020934492 0.003539264 -0.013670741 -0.446063876 -0.005209716 0.894881606
1756587323954784000.000000 1.350567341 -0.021019353 0.005126566 -0.013346300 -0.436324984 -0.005106654 0.899675667
1756587324021468928.000000 1.352559209 -0.021803882 0.006401777 -0.012695280 -0.426759034 -0.004528293 0.904264987
1756587324088154112.000000 1.353327632 -0.021786328 0.007985264 -0.011837137 -0.416387409 -0.004112578 0.909100950
1756587324154839040.000000 1.353376746 -0.021718580 0.010319829 -0.011669256 -0.405967236 -0.003908537 0.913804770
1756587324221524480.000000 1.353675365 -0.021832492 0.011857092 -0.012368464 -0.395818412 -0.003982638 0.918236911
1756587324288209664.000000 1.354106665 -0.021175276 0.014300644 -0.012284904 -0.386404246 -0.003869597 0.922239661
1756587324354894080.000000 1.355900407 -0.021267397 0.017050311 -0.011596029 -0.376963794 -0.003637803 0.926148295
1756587324421579520.000000 1.357027173 -0.021610759 0.018504575 -0.011796610 -0.366402566 -0.003462611 0.930375218
1756587324488264704.000000 1.358861327 -0.021703141 0.021180585 -0.012255779 -0.355736613 -0.003600383 0.934499025
1756587324554950400.000000 1.359306335 -0.021592800 0.023563460 -0.012277663 -0.344353616 -0.003269547 0.938754082
1756587324654977792.000000 1.360535860 -0.022111058 0.025474280 -0.011249410 -0.328282833 -0.002528370 0.944509149
1756587324754999552.000000 1.360468149 -0.020580556 0.029857233 -0.009920013 -0.312714875 -0.001940818 0.949793339
1756587324821679872.000000 1.362265110 -0.020221269 0.032381587 -0.009933609 -0.302178323 -0.002414196 0.953196645
1756587324888361216.000000 1.364884138 -0.022142986 0.031963885 -0.010820838 -0.290883690 -0.002559024 0.956693888
1756587324988383232.000000 1.366108418 -0.022285176 0.036154009 -0.006001577 -0.272542536 -0.000622483 0.962124825
1756587325055064320.000000 1.366009474 -0.023879874 0.043057755 -0.005183750 -0.261565328 0.000703459 0.965171635
1756587325121745920.000000 1.362576485 -0.022928961 0.053293668 -0.009704448 -0.250522673 -0.000905384 0.968061745
1756587325188427008.000000 1.359876752 -0.022449508 0.062330343 -0.012512417 -0.237296969 -0.002897826 0.971352220
1756587325255107328.000000 1.359659791 -0.022939835 0.068912759 -0.009857719 -0.226887122 -0.001393626 0.973870218
1756587325355129344.000000 1.358232141 -0.024240104 0.078014091 -0.008668966 -0.211975083 -0.000729025 0.977236390
1756587325421810432.000000 1.356938839 -0.021425556 0.082691893 -0.008580570 -0.200113237 -0.000116185 0.979735255
1756587325488491520.000000 1.355127811 -0.021180857 0.091235436 -0.010052715 -0.188474447 -0.000803842 0.982026339
1756587325588513024.000000 1.355265379 -0.024849391 0.106140457 -0.009662210 -0.173553944 -0.000370650 0.984776974
1756587325655194624.000000 1.354339004 -0.021829283 0.110213727 -0.008353066 -0.162099510 0.000770573 0.986738801
1756587325721875968.000000 1.353948712 -0.021802424 0.118128709 -0.008031198 -0.151084960 0.001153262 0.988487542
1756587325821899776.000000 1.353982091 -0.022002535 0.129660785 -0.008776571 -0.135072246 0.001414273 0.990795910
1756587325888581888.000000 1.352883935 -0.022847487 0.136089027 -0.008624401 -0.135604531 0.001788479 0.990723908
1756587325955264000.000000 1.349842310 -0.023242204 0.141165718 -0.008449686 -0.136712670 0.000933117 0.990574300
1756587326021946368.000000 1.347931385 -0.023150090 0.148213834 -0.009175694 -0.136554971 0.000466191 0.990589917
1756587326121968896.000000 1.346564054 -0.023878193 0.158632025 -0.009203332 -0.137028411 0.001203838 0.990523696
1756587326221992448.000000 1.344251037 -0.024090428 0.167264819 -0.008148621 -0.136956155 0.001793889 0.990541995
1756587326288674816.000000 1.341169000 -0.023387648 0.172905833 -0.009385846 -0.135629967 0.000845998 0.990714788
1756587326388698368.000000 1.337958097 -0.023134317 0.182641327 -0.009131750 -0.134295225 0.000902101 0.990898907
1756587326455380480.000000 1.337725401 -0.024288658 0.187999457 -0.008594436 -0.134141266 0.001240130 0.990924180
1756587326522062848.000000 1.335003495 -0.023782633 0.195201546 -0.009461727 -0.133392736 0.001088465 0.991017520
1756587326622084864.000000 1.332148194 -0.023902008 0.204409435 -0.010110900 -0.132706732 0.000669984 0.991103590
1756587326688768768.000000 1.330653548 -0.024089161 0.210420877 -0.009371565 -0.131967336 0.000725473 0.991209507
1756587326755453440.000000 1.330281019 -0.024047641 0.218918949 -0.007923692 -0.127667993 0.001846300 0.991783559
1756587326855479808.000000 1.330604911 -0.023173908 0.233158648 -0.011391714 -0.106689714 0.001407719 0.994226158
1756587326922164224.000000 1.332958937 -0.024829097 0.236399427 -0.010222103 -0.093527555 0.001570023 0.995563030
1756587326988848640.000000 1.333221793 -0.023977850 0.244459003 -0.007402198 -0.082674444 0.002207912 0.996546745
1756587327088874240.000000 1.334517002 -0.023768436 0.256292939 -0.008190410 -0.066303015 0.002667185 0.997762382
1756587327155558912.000000 1.334609032 -0.023915796 0.263906062 -0.009117023 -0.060379915 0.002197722 0.998131394
1756587327255585792.000000 1.332830548 -0.023639321 0.273716837 -0.008559722 -0.064359494 0.003018290 0.997885525
1756587327322270208.000000 1.331899881 -0.023527689 0.279751897 -0.007684025 -0.063806899 0.003047251 0.997928083
1756587327388954880.000000 1.331442475 -0.023363769 0.286044955 -0.007973810 -0.063517384 0.003336536 0.997943342
1756587327488980736.000000 1.330335259 -0.024238307 0.294227123 -0.007664232 -0.064094037 0.003047381 0.997909844
1756587327555665152.000000 1.329706430 -0.024388734 0.300664455 -0.007763536 -0.064123377 0.003128629 0.997906864
1756587327622349824.000000 1.328768849 -0.025245752 0.307263494 -0.008409411 -0.063972339 0.002973499 0.997911811
1756587327722375936.000000 1.327753663 -0.025383780 0.316808879 -0.007759907 -0.064476170 0.003807280 0.997881889
1756587327822402048.000000 1.326321006 -0.024995733 0.326524377 -0.007592588 -0.062118731 0.003150608 0.998034894
1756587327889086208.000000 1.325507164 -0.024796745 0.332996339 -0.007527875 -0.061680887 0.002871803 0.998063445
1756587327989111296.000000 1.324431539 -0.025138814 0.340793163 -0.005949766 -0.062555827 0.003462761 0.998017788
1756587328089137664.000000 1.322997928 -0.025323074 0.351607829 -0.006833505 -0.061450426 0.003173750 0.998081744
1756587328155821568.000000 1.322144628 -0.025360063 0.358746856 -0.007219114 -0.061160024 0.003255467 0.998096585
1756587328255847680.000000 1.321180701 -0.025542611 0.367795557 -0.005910915 -0.061201543 0.003745577 0.998100936
1756587328322531584.000000 1.320437670 -0.026329352 0.373726189 -0.005814793 -0.060674857 0.004189849 0.998131871
1756587328422556928.000000 1.319567442 -0.025006238 0.383927524 -0.006673859 -0.060032681 0.003913429 0.998166502
1756587328489240832.000000 1.318830848 -0.024749881 0.390337288 -0.005961186 -0.059297781 0.004192408 0.998213768
1756587328589266944.000000 1.317497134 -0.024544707 0.400001764 -0.005748448 -0.060026053 0.003953252 0.998172462
1756587328655951616.000000 1.316437006 -0.025103904 0.406332076 -0.005305975 -0.059776086 0.003561325 0.998191416
1756587328755977984.000000 1.315481782 -0.025202865 0.416350037 -0.006179507 -0.060997341 0.003794239 0.998111606
1756587328822661632.000000 1.315078259 -0.025414770 0.422613829 -0.006083181 -0.061113883 0.003955770 0.998104513
1756587328922688256.000000 1.314304233 -0.025758049 0.432826817 -0.006089606 -0.061153736 0.004617911 0.998099089
1756587328989372672.000000 1.313153267 -0.025242411 0.438931972 -0.005536985 -0.059880894 0.004322235 0.998180807
1756587329089399808.000000 1.312264562 -0.025568707 0.448280692 -0.005092924 -0.059190072 0.003981675 0.998225868
1756587329156084480.000000 1.311482549 -0.026052454 0.454767168 -0.005076879 -0.059417054 0.004230123 0.998211384
1756587329256110336.000000 1.310089588 -0.025197463 0.465422809 -0.007616704 -0.059090417 0.004422292 0.998213768
1756587329322795264.000000 1.309687018 -0.025460500 0.471409976 -0.006248585 -0.058815680 0.004768030 0.998237967
1756587329422822144.000000 1.309316635 -0.026054522 0.479920447 -0.004114532 -0.058091301 0.005636084 0.998286963
1756587329489507072.000000 1.308873057 -0.025784632 0.486756355 -0.003733234 -0.057091217 0.005162102 0.998348713
1756587329589534208.000000 1.307527542 -0.025615642 0.497784913 -0.007000718 -0.056906167 0.004913970 0.998342931
1756587329689560576.000000 1.306320548 -0.025238847 0.507989407 -0.007136988 -0.057802904 0.005160568 0.998289168
1756587329789587712.000000 1.303816319 -0.026528921 0.518481970 -0.007843270 -0.056665126 0.004223966 0.998353541
1756587329889615104.000000 1.304382563 -0.024800837 0.527144551 -0.006301771 -0.057980575 0.004355624 0.998288333
1756587329956299776.000000 1.303580642 -0.024913836 0.533535361 -0.006356131 -0.057785809 0.004433953 0.998298943
1756587330022984960.000000 1.302281618 -0.025547944 0.540907800 -0.007429540 -0.057674587 0.004246591 0.998298764
1756587330123011072.000000 1.301407695 -0.025337614 0.551368773 -0.008423806 -0.057724450 0.004324241 0.998287678
1756587330189696256.000000 1.301171184 -0.024944061 0.557077169 -0.007142799 -0.057582218 0.004499458 0.998305142
1756587330289723904.000000 1.300225139 -0.025184264 0.566445708 -0.006704565 -0.056666426 0.004834964 0.998359025
1756587330356409088.000000 1.299942017 -0.025314691 0.573413014 -0.007046501 -0.056486040 0.004927997 0.998366356
1756587330456436992.000000 1.298143029 -0.026635090 0.584697366 -0.007786493 -0.056052692 0.004815066 0.998385847
1756587330556463616.000000 1.297687888 -0.025850452 0.594331443 -0.008588027 -0.055933684 0.005043664 0.998384833
1756587330623148800.000000 1.297274947 -0.025642673 0.600887895 -0.008651413 -0.055636462 0.005073640 0.998400748
1756587330689832448.000000 1.296523452 -0.025659526 0.607627511 -0.008352322 -0.055221301 0.004940656 0.998427033
1756587330756515840.000000 1.295828581 -0.025690546 0.613917053 -0.008009371 -0.054736417 0.004933334 0.998456538
1756587330856540416.000000 1.294321299 -0.025417186 0.623461306 -0.007118443 -0.054076925 0.004177367 0.998502731
1756587330923223808.000000 1.293697476 -0.025497027 0.629802644 -0.007055504 -0.054246925 0.003758487 0.998495579
1756587330989906688.000000 1.293277144 -0.025662350 0.636519074 -0.006741603 -0.055900551 0.003814689 0.998406351
1756587331089930752.000000 1.292041779 -0.026054792 0.646835387 -0.007676919 -0.055708271 0.003874110 0.998410106
1756587331156613888.000000 1.291311264 -0.025693430 0.653657854 -0.007672613 -0.055088785 0.003587453 0.998445511
1756587331256638720.000000 1.290268898 -0.025727177 0.662113428 -0.006680608 -0.055894889 0.003879653 0.998406827
1756587331323322112.000000 1.289171934 -0.025883479 0.668475628 -0.007442882 -0.055556551 0.003299027 0.998422444
1756587331423346944.000000 1.287960410 -0.025631983 0.679060340 -0.008319177 -0.055495348 0.003267917 0.998418987
1756587331490029056.000000 1.287451506 -0.025651732 0.686065078 -0.008134926 -0.055189889 0.003427911 0.998436928
1756587331556712448.000000 1.287022352 -0.025322195 0.692767322 -0.007675648 -0.054814011 0.003156885 0.998462141
1756587331623395328.000000 1.286486745 -0.025695452 0.698095381 -0.007155933 -0.055103071 0.003295626 0.998449624
1756587331723422720.000000 1.284955859 -0.025985386 0.707709849 -0.007538561 -0.054935947 0.003142898 0.998456538
1756587331790107904.000000 1.284075022 -0.025642188 0.715388894 -0.007862462 -0.054409385 0.003006669 0.998483300
1756587331890135808.000000 1.282646656 -0.024707258 0.724201679 -0.007416098 -0.053865187 0.003008842 0.998516142
1756587331956819712.000000 1.281644225 -0.024644054 0.730701327 -0.007112360 -0.053952001 0.002892946 0.998514056
1756587332023505152.000000 1.281108975 -0.024670418 0.737402141 -0.006863352 -0.054581903 0.002919963 0.998481512
1756587332123533056.000000 1.280876637 -0.025690839 0.747712851 -0.007416944 -0.055629205 0.003207579 0.998418808
1756587332190218240.000000 1.280366778 -0.025151372 0.754218042 -0.007246193 -0.056078635 0.003326124 0.998394549
1756587332290246144.000000 1.279407859 -0.025481703 0.763399661 -0.006648266 -0.056689762 0.003694527 0.998362899
1756587332356930816.000000 1.278294563 -0.025316507 0.770193756 -0.007052979 -0.056445312 0.003323093 0.998375356
1756587332423616256.000000 1.277795315 -0.025280617 0.777162969 -0.006858001 -0.056298070 0.003036472 0.998385906
1756587332523644160.000000 1.276590943 -0.025104621 0.786560535 -0.006725985 -0.057093326 0.003340739 0.998340607
1756587332590329856.000000 1.275628448 -0.024629736 0.793071687 -0.006716088 -0.056949437 0.003185299 0.998349369
1756587332657014272.000000 1.275019526 -0.025290815 0.800996602 -0.008502891 -0.056893520 0.003079694 0.998339295
1756587332723696384.000000 1.274625778 -0.025190851 0.807320297 -0.007891001 -0.056742068 0.003074122 0.998352945
1756587332823718912.000000 1.273716569 -0.025696250 0.816209137 -0.006341349 -0.056804623 0.003219324 0.998360038
1756587332890400768.000000 1.272850990 -0.025978234 0.823253512 -0.007260479 -0.056430895 0.003063746 0.998375475
1756587332957082624.000000 1.272533298 -0.025595294 0.830231965 -0.006843246 -0.056353766 0.003388639 0.998381674
1756587333023764736.000000 1.272053957 -0.025757289 0.836239517 -0.006358207 -0.056058548 0.003564186 0.998400927
1756587333123787776.000000 1.270702720 -0.025759790 0.846138895 -0.006635106 -0.055628527 0.003350974 0.998423874
1756587333190469888.000000 1.269810557 -0.025371300 0.852846682 -0.006327698 -0.055498529 0.002798697 0.998434842
1756587333257150976.000000 1.269472122 -0.025797943 0.858072579 -0.005135563 -0.056461610 0.003018287 0.998387039
1756587333323832832.000000 1.268707037 -0.025786024 0.864402711 -0.004877160 -0.056587130 0.003291719 0.998380363
1756587333423855616.000000 1.266800761 -0.025139280 0.874915957 -0.005706558 -0.056276303 0.003009852 0.998394430
1756587333490537472.000000 1.266162515 -0.025262756 0.880983472 -0.005114535 -0.056792591 0.003167786 0.998367906
1756587333557219328.000000 1.265635490 -0.025758229 0.887583137 -0.004950482 -0.056895755 0.002940940 0.998363554
1756587333623901184.000000 1.264569163 -0.025830027 0.894067168 -0.005111827 -0.056872375 0.002831634 0.998364389
1756587333690583296.000000 1.263630748 -0.025861587 0.901363909 -0.005290178 -0.057263624 0.003761314 0.998337984
1756587333790608896.000000 1.261890888 -0.025302555 0.910297930 -0.010124943 -0.060365885 0.002571783 0.998121679
1756587333857292544.000000 1.261785507 -0.025627086 0.909825921 -0.008087937 -0.067543678 0.003944755 0.997675717
1756587333923976704.000000 1.260684848 -0.025281252 0.906970501 -0.005849659 -0.075819619 0.003245309 0.997099102
1756587333990660352.000000 1.259053707 -0.026157374 0.904822528 -0.005403491 -0.086286016 0.003167027 0.996250749
1756587334057344256.000000 1.257450938 -0.025909578 0.904249251 -0.006712727 -0.096667148 0.003053843 0.995289505
1756587334124026880.000000 1.255830526 -0.025650924 0.903182268 -0.006550379 -0.107231043 0.002757274 0.994208753
1756587334190710784.000000 1.253747940 -0.026060540 0.902505934 -0.006226288 -0.117827140 0.002219270 0.993012190
1756587334257394432.000000 1.252326488 -0.025733668 0.900977612 -0.006179946 -0.129442930 0.002007845 0.991565645
1756587334324078336.000000 1.250888109 -0.025593385 0.898461342 -0.006770543 -0.141329065 0.002332355 0.989936829
1756587334424104192.000000 1.247440457 -0.025584036 0.897550464 -0.007062260 -0.156450942 0.001208201 0.987659812
1756587334490788096.000000 1.246263862 -0.025400734 0.896100879 -0.006932970 -0.167372867 0.001042912 0.985868812
1756587334557470976.000000 1.244769573 -0.025331216 0.894372523 -0.007279560 -0.178769559 0.000965944 0.983863592
1756587334624154880.000000 1.243449807 -0.025425609 0.893123925 -0.007678067 -0.189919680 0.000921139 0.981769204
1756587334724178432.000000 1.241091490 -0.024816222 0.891210258 -0.007220977 -0.205969900 0.000874945 0.978531361
1756587334790860288.000000 1.239696503 -0.024275128 0.889587045 -0.007168578 -0.216933578 0.000760942 0.976159811
1756587334857542144.000000 1.238800526 -0.024117786 0.888061285 -0.007599219 -0.228557318 0.000582882 0.973500669
1756587334924224000.000000 1.237606168 -0.024680419 0.886396110 -0.007999901 -0.239401087 0.000572818 0.970887661
1756587335024245504.000000 1.235087156 -0.025318133 0.882632911 -0.008476914 -0.255114645 -0.000072689 0.966873646
1756587335090927616.000000 1.233648658 -0.024520006 0.880897582 -0.008037920 -0.265563637 -0.000164825 0.964059830
1756587335157609216.000000 1.232413411 -0.024367200 0.879342854 -0.008244250 -0.275865436 -0.000205855 0.961160958
1756587335224291072.000000 1.230031967 -0.024081178 0.876054525 -0.008255665 -0.285051793 -0.000366099 0.958476484
1756587335290972672.000000 1.228963852 -0.024236144 0.873968303 -0.008536646 -0.295278817 -0.000304398 0.955372989
1756587335390995200.000000 1.228653550 -0.024926629 0.872447729 -0.009308065 -0.312626481 -0.000783717 0.949830294
1756587335457676032.000000 1.226559281 -0.024756376 0.868693471 -0.009192740 -0.322258383 -0.000622659 0.946606934
1756587335524357632.000000 1.225460291 -0.024607098 0.867075622 -0.009286743 -0.333326370 -0.000793282 0.942765474
1756587335624380160.000000 1.223507762 -0.024617914 0.863660336 -0.009366728 -0.347653061 -0.001168008 0.937575758
1756587335691063040.000000 1.223047495 -0.025095638 0.861831009 -0.009336022 -0.357602030 -0.001583896 0.933826149
1756587335791088384.000000 1.222727895 -0.026158217 0.859387577 -0.010061404 -0.374270409 -0.001563050 0.927263737
1756587335891113472.000000 1.221110106 -0.024404362 0.854997277 -0.009562620 -0.389167130 -0.001832096 0.921115756
1756587335957795840.000000 1.220553041 -0.024186311 0.853062212 -0.009518377 -0.399750173 -0.002012137 0.916572511
1756587336057821184.000000 1.219397902 -0.024453402 0.849770963 -0.010418914 -0.415633380 -0.002452906 0.909469306
1756587336124504576.000000 1.219390035 -0.023841029 0.848891318 -0.009591573 -0.426251411 -0.002191036 0.904551268
1756587336224529920.000000 1.218277335 -0.023681415 0.845855236 -0.010196307 -0.441101730 -0.002873671 0.897394657
1756587336291213312.000000 1.218997955 -0.025248017 0.844548702 -0.011958146 -0.452423692 -0.003690195 0.891715407
1756587336391237632.000000 1.218938112 -0.025645837 0.841068208 -0.011904887 -0.467852890 -0.003749533 0.883718252
1756587336457921024.000000 1.218531609 -0.025563205 0.838660300 -0.011100538 -0.477396160 -0.003600396 0.878610730
1756587336524604672.000000 1.217444062 -0.025730750 0.836109042 -0.010711112 -0.486497521 -0.003353609 0.873609841
1756587336591288320.000000 1.217301846 -0.025505424 0.833938241 -0.010772337 -0.495929360 -0.003452250 0.868289292
1756587336657971456.000000 1.216959715 -0.025681023 0.832072616 -0.010788563 -0.505221426 -0.003888762 0.862913609
1756587336724653568.000000 1.216712713 -0.025380582 0.829173923 -0.010688804 -0.514250219 -0.004051552 0.857564092
1756587336791334656.000000 1.217425108 -0.025656667 0.828376770 -0.011830803 -0.525041521 -0.004552060 0.850982249
1756587336858016512.000000 1.215203404 -0.023524933 0.824114144 -0.011469249 -0.533821940 -0.005167182 0.845503390
1756587336924698880.000000 1.214853764 -0.023518259 0.821784973 -0.011836516 -0.543102443 -0.005407719 0.839565635
1756587336958039808.000000 1.215015769 -0.023734011 0.820520997 -0.011768676 -0.547619164 -0.005516421 0.836626828
1756587337024721920.000000 1.216061592 -0.026044264 0.821041107 -0.013585990 -0.557354927 -0.006057871 0.830141127
1756587337091403776.000000 1.215210199 -0.026119623 0.819208980 -0.014366223 -0.566570878 -0.006741685 0.823860228
1756587337158085888.000000 1.215825796 -0.026286956 0.816869438 -0.014397986 -0.575999379 -0.007078789 0.817292750
1756587337224766720.000000 1.216927528 -0.025815398 0.814495742 -0.012718030 -0.585623801 -0.006178110 0.810459733
1756587337324789760.000000 1.216595650 -0.027156873 0.811139405 -0.003147574 -0.603831053 0.000855344 0.797105670
1756587337391471616.000000 1.212027550 -0.029230390 0.807820499 -0.005333112 -0.613116324 0.000117570 0.789974689
1756587337491494656.000000 1.197206020 -0.027273506 0.810143471 -0.013076052 -0.624991834 -0.006578297 0.780494094
1756587337558176512.000000 1.186266899 -0.023184380 0.813354909 -0.016467623 -0.634729207 -0.012340699 0.772460580
1756587337624858368.000000 1.181581974 -0.023658348 0.812663913 -0.013660729 -0.643951476 -0.009630964 0.764883757
1756587337691540224.000000 1.179091334 -0.024385488 0.811515033 -0.010151029 -0.651903152 -0.006671952 0.758205056
1756587337758223360.000000 1.175434589 -0.025674891 0.810517907 -0.009280906 -0.661143541 -0.005709969 0.750180364
1756587337824906240.000000 1.168070078 -0.025347687 0.808264613 -0.011965728 -0.669659615 -0.007182909 0.742537081
1756587337891589376.000000 1.161834240 -0.024190245 0.804970980 -0.018698795 -0.677288949 -0.014691745 0.735332727
1756587337958272512.000000 1.162225127 -0.022679219 0.803464770 -0.017672980 -0.682939947 -0.013986464 0.730126798
1756587338024955392.000000 1.166960001 -0.023375336 0.799739480 -0.012159128 -0.688607574 -0.010138275 0.724961400
1756587338091638272.000000 1.171910763 -0.024044693 0.797775388 -0.008484450 -0.696708322 -0.005312341 0.717284739
1756587338158320640.000000 1.173066378 -0.026532058 0.798900247 -0.010184280 -0.704688728 -0.004298472 0.709430516
1756587338225003520.000000 1.170215368 -0.025448993 0.798323631 0.013688008 0.712688744 0.008576187 -0.701294482
1756587338291686656.000000 1.167306900 -0.023558661 0.796349168 0.016030444 0.720168591 0.012101929 -0.693508446
1756587338358369536.000000 1.169436216 -0.025147222 0.794729650 -0.015872607 -0.727561116 -0.011481128 0.685763180
1756587338425052416.000000 1.170336723 -0.023864059 0.793905795 0.014781788 0.735482633 0.010512230 -0.677300751
1756587338458394112.000000 1.170835257 -0.023533201 0.792476356 0.014606365 0.739302993 0.010789081 -0.673128068
1756587338558417664.000000 1.172642231 -0.025605220 0.787977517 0.016548319 0.750617325 0.011779614 -0.660425007
1756587338625100544.000000 1.174152255 -0.025050933 0.786256850 0.016566876 0.758024395 0.011760565 -0.651909828
1756587338658441472.000000 1.176959515 -0.024448937 0.787059486 -0.015953530 -0.762065768 -0.011131270 0.647207379
1756587338725123584.000000 1.177973628 -0.024255471 0.785157561 -0.015360007 -0.769372880 -0.010892960 0.638522506
1756587338791805184.000000 1.179628730 -0.023456242 0.783721149 -0.015430635 -0.776606143 -0.010755947 0.629705548
1756587338858486784.000000 1.176213384 -0.023412690 0.783148408 -0.015439798 -0.783552051 -0.011193416 0.621033430
1756587338925168640.000000 1.181685448 -0.023265008 0.780132353 -0.015697375 -0.789985001 -0.011434966 0.612818539
1756587338991850240.000000 1.182593226 -0.023089513 0.778097928 -0.015957516 -0.796595573 -0.011755398 0.604187608
1756587339058530816.000000 1.182256460 -0.022892989 0.776823580 0.015774636 0.803287804 0.011527355 -0.595270574
1756587339125212416.000000 1.182260752 -0.023530982 0.776914120 -0.015857231 -0.809973300 -0.011420169 0.586141109
1756587339191894016.000000 1.184352040 -0.024263293 0.775397062 -0.015910292 -0.816141844 -0.011551401 0.577517092
1756587339258575360.000000 1.185360432 -0.024395498 0.774546981 -0.015941154 -0.822417319 -0.011426137 0.568546414
1756587339325256960.000000 1.185719490 -0.024775973 0.774058223 -0.015956787 -0.829098821 -0.011000775 0.558766067
1756587339358597888.000000 1.185510874 -0.023314640 0.773046374 -0.015904857 -0.832395792 -0.011005988 0.553844094
1756587339425279488.000000 1.188357115 -0.024818743 0.771436214 -0.015744107 -0.838418663 -0.011485942 0.544678211
1756587339491960064.000000 1.189862132 -0.023985691 0.769932508 -0.015779974 -0.844203413 -0.011466717 0.535667896
1756587339558641408.000000 1.190458655 -0.023443874 0.765885472 0.015073683 0.849783301 0.011342120 -0.526794672
1756587339625322752.000000 1.192277551 -0.022718107 0.766947865 -0.015545329 -0.855954349 -0.011478455 0.516690373
1756587339692004352.000000 1.193112850 -0.021633346 0.766905189 -0.015637755 -0.861649930 -0.011427464 0.507133484
1756587339758685952.000000 1.194220781 -0.021393128 0.765560865 -0.015531897 -0.867296040 -0.011015260 0.497428507
1756587339825367808.000000 1.195258737 -0.020297993 0.763733745 -0.015665716 -0.872733653 -0.010906086 0.487823397
1756587339892049664.000000 1.196798325 -0.023540067 0.766596317 -0.015663730 -0.878398359 -0.012085137 0.477519631
1756587339925389312.000000 1.198249698 -0.020586813 0.763359785 -0.015336372 -0.881214738 -0.011303428 0.472332269
1756587340025411840.000000 1.201430440 -0.017591514 0.761884809 0.014739126 0.888392508 0.010356395 -0.458731145
1756587340092093184.000000 1.202685952 -0.023382217 0.763353229 -0.015784869 -0.893776417 -0.011811760 0.448079437
1756587340158774784.000000 1.203818321 -0.023328125 0.762894154 -0.016208747 -0.898809075 -0.012539447 0.437861085
1756587340225456384.000000 1.206093550 -0.024290863 0.763491273 -0.016310593 -0.903413236 -0.012375782 0.428281963
1756587340292137984.000000 1.208796263 -0.024663495 0.763862014 -0.016085964 -0.908049405 -0.011804290 0.418387711
1756587340358818560.000000 1.211070061 -0.025027791 0.763046145 -0.016438890 -0.912724078 -0.012264954 0.408061415
1756587340425499904.000000 1.209627032 -0.025574971 0.764144659 -0.016681751 -0.917511463 -0.014530145 0.397093743
1756587340492181504.000000 1.211072803 -0.025724264 0.764037728 -0.016770225 -0.921943426 -0.014911415 0.386673957
1756587340558862848.000000 1.213540077 -0.026123475 0.764250994 -0.016820000 -0.926264465 -0.014194087 0.376230955
1756587340592203776.000000 1.214328885 -0.026587816 0.763376832 -0.016936621 -0.928386092 -0.014332376 0.370954216
1756587340692225024.000000 1.217373013 -0.025973884 0.762335658 -0.017257977 -0.934674084 -0.014788332 0.354778737
1756587340758905088.000000 1.219976068 -0.026303343 0.762065172 -0.017254075 -0.938534737 -0.015259053 0.344415426
1756587340792244224.000000 1.220930576 -0.025780525 0.761485457 -0.017084431 -0.940436721 -0.014934294 0.339210749
1756587340858924288.000000 1.222618222 -0.024864990 0.761055350 -0.016712509 -0.944083512 -0.014291257 0.328972280
1756587340925604352.000000 1.222230673 -0.026453318 0.762647271 -0.016127473 -0.947914124 -0.015160356 0.317755997
1756587340992284416.000000 1.224518299 -0.026902052 0.762495637 -0.016048571 -0.951304197 -0.015616009 0.307439506
1756587341058963968.000000 1.226547122 -0.026803840 0.762707353 -0.015952220 -0.954610646 -0.015456229 0.297027349
1756587341125643776.000000 1.228309512 -0.027202379 0.762465954 -0.015902605 -0.957831979 -0.015429180 0.286473274
1756587341225662464.000000 1.231579661 -0.027095936 0.762388945 -0.015752727 -0.962566078 -0.015132209 0.270165741
1756587341292342016.000000 1.233499169 -0.026877839 0.762900949 -0.015950924 -0.965698361 -0.015169692 0.258731961
1756587341359021568.000000 1.235366583 -0.026439104 0.762485147 -0.015844073 -0.968665004 -0.015312342 0.247391790
1756587341425701376.000000 1.237238526 -0.025234994 0.762619257 -0.015721204 -0.971447229 -0.014950616 0.236261755
1756587341492380928.000000 1.239814520 -0.025185719 0.762530327 -0.015388852 -0.973946750 -0.015008486 0.225755841
1756587341559060224.000000 1.241708159 -0.024944723 0.762571454 -0.015320596 -0.976308167 -0.014574620 0.215349242
1756587341659079680.000000 1.244538426 -0.024565440 0.762911201 -0.015067264 -0.979633272 -0.014027712 0.199737117
1756587341725759232.000000 1.247025847 -0.024607539 0.763057828 -0.014913419 -0.981725097 -0.014483821 0.189165816
1756587341792440064.000000 1.248790503 -0.024680600 0.763347864 -0.014900908 -0.983800709 -0.014667229 0.178042278
1756587341859120384.000000 1.251218438 -0.024822570 0.763431072 -0.015085935 -0.985762060 -0.014915659 0.166802615
1756587341959141120.000000 1.254142523 -0.024714673 0.764185786 -0.014891411 -0.988632917 -0.011739321 0.149148881
1756587342025821440.000000 1.256914616 -0.025850533 0.762830734 0.013968009 0.990785956 0.005163851 -0.134616271
1756587342125841152.000000 1.257503510 -0.024956118 0.751309156 -0.014526803 -0.992958128 -0.011574167 0.117001295
1756587342192521472.000000 1.257045507 -0.023603387 0.741888523 -0.014507632 -0.994031310 -0.017472126 0.106705368
1756587342259201792.000000 1.258141279 -0.023867581 0.737287998 -0.014596363 -0.995398641 -0.014648108 0.093562938
1756587342325882112.000000 1.259079933 -0.024411753 0.733203530 -0.015069587 -0.996331632 -0.012186453 0.083353408
1756587342425902336.000000 1.260391474 -0.024444286 0.725831747 -0.015758272 -0.997552156 -0.013217255 0.066832855
1756587342492582656.000000 1.261163354 -0.023301348 0.717364192 -0.015087727 -0.998119593 -0.013943167 0.057753321
1756587342559261696.000000 1.261720896 -0.023645660 0.711412549 -0.014270491 -0.998290956 -0.012450217 0.055286974
1756587342625941760.000000 1.260097265 -0.023862660 0.704865575 -0.014573442 -0.998062849 -0.013200952 0.059025504
1756587342725963264.000000 1.258946419 -0.023765258 0.695575953 -0.014550366 -0.998112679 -0.013477724 0.058118563
1756587342792644864.000000 1.257608771 -0.023105830 0.688709438 -0.015012159 -0.998152256 -0.013808686 0.057236753
1756587342859326208.000000 1.257249832 -0.022754520 0.682115614 -0.015028343 -0.998114824 -0.014513522 0.057709534
1756587342959348224.000000 1.256134868 -0.023092613 0.672240078 -0.014805116 -0.998086095 -0.015166599 0.058095325
1756587343026028288.000000 1.256578803 -0.023202360 0.665425181 -0.014923953 -0.998081684 -0.013691984 0.058505375
1756587343092709888.000000 1.255752325 -0.023198385 0.660080135 -0.015378974 -0.998124063 -0.012302019 0.057969756
1756587343159390976.000000 1.255109191 -0.023505546 0.654140770 -0.015465617 -0.998118937 -0.012341660 0.058026932
1756587343226072320.000000 1.254284620 -0.023496967 0.647312045 -0.015424264 -0.998085618 -0.013355661 0.058385771
1756587343326093824.000000 1.253126025 -0.023278918 0.637105763 -0.015167315 -0.998023748 -0.014161349 0.059313077
1756587343392775424.000000 1.251936197 -0.023445860 0.631163001 -0.015473993 -0.998068988 -0.013676967 0.058581207
1756587343459455488.000000 1.250939488 -0.023566630 0.625234425 -0.015500200 -0.998091757 -0.013143696 0.058308773
1756587343526136576.000000 1.250512123 -0.023872282 0.619872451 -0.015725719 -0.998090684 -0.012933000 0.058313839
1756587343626158592.000000 1.249334812 -0.024249695 0.610508442 -0.015834261 -0.998098433 -0.012894707 0.058160141
1756587343692840704.000000 1.248819828 -0.024086528 0.604246378 -0.015694998 -0.998079777 -0.012572881 0.058586713
1756587343759523072.000000 1.248848677 -0.024117757 0.597628117 -0.015674207 -0.998450041 -0.013162147 0.051756721
1756587343826205696.000000 1.250446200 -0.022599619 0.590686500 -0.015568117 -0.999071181 -0.015274861 0.037163928
1756587343926228480.000000 1.253629088 -0.023532797 0.584953249 -0.015225872 -0.999631166 -0.010286102 0.019996759
1756587343992911104.000000 1.253640294 -0.023663083 0.578673303 -0.015368754 -0.999584317 -0.011249453 0.021645140
1756587344059593472.000000 1.252917647 -0.022237934 0.570691288 -0.015698005 -0.999496579 -0.012656862 0.024497323
1756587344126276096.000000 1.253469706 -0.022299604 0.564202011 -0.014698016 -0.999502242 -0.012217567 0.025100816
1756587344192958720.000000 1.253538609 -0.022938356 0.558973014 -0.014763092 -0.999518394 -0.010378145 0.025247805
1756587344259641344.000000 1.253283501 -0.022862086 0.552617669 -0.014843008 -0.999539733 -0.010937428 0.024092373
1756587344359663872.000000 1.253147840 -0.022548473 0.542483568 -0.014915243 -0.999525845 -0.010880556 0.024645332
1756587344426346752.000000 1.252195597 -0.022921268 0.536309719 -0.015186232 -0.999517500 -0.011789118 0.024396982
1756587344493029376.000000 1.251919866 -0.023346359 0.529957116 -0.015067763 -0.999496400 -0.011770914 0.025324335
1756587344559712000.000000 1.251749396 -0.021996981 0.523220420 -0.015192484 -0.999515951 -0.010875579 0.024876531
1756587344626394624.000000 1.251706839 -0.023076016 0.516204357 0.015226161 0.999499142 0.012121310 -0.024954595
1756587344726417152.000000 1.251715899 -0.021787263 0.507007957 -0.014499775 -0.999515176 -0.011476650 0.025050705
1756587344793097216.000000 1.251337647 -0.021934887 0.500728905 -0.014862454 -0.999509335 -0.011998203 0.024825709
1756587344859778560.000000 1.251118422 -0.021792971 0.493532717 -0.014403849 -0.999498725 -0.013066424 0.024982126
1756587344926459904.000000 1.251542091 -0.021466587 0.486719787 -0.013776038 -0.999498308 -0.012921963 0.025424199
1756587344993141504.000000 1.250760794 -0.021435997 0.480674982 -0.014180472 -0.999511838 -0.012456182 0.024899660
1756587345093163264.000000 1.250295043 -0.021244531 0.470952392 -0.014290744 -0.999527454 -0.012399286 0.024226200
1756587345159844352.000000 1.249986410 -0.020527603 0.463804841 -0.014160556 -0.999525666 -0.013334884 0.023876827
1756587345259865600.000000 1.249530435 -0.020726457 0.453966618 -0.014348126 -0.999526918 -0.013396814 0.023677621
1756587345293206016.000000 1.249125957 -0.020639272 0.450780094 -0.014602127 -0.999512851 -0.013390062 0.024116626
1756587345393228032.000000 1.248869658 -0.021343403 0.441906452 -0.014423034 -0.999514222 -0.012374397 0.024701228
1756587345459909120.000000 1.248603106 -0.021071820 0.435257018 -0.014306961 -0.999503076 -0.013238965 0.024772877
1756587345526590464.000000 1.247957706 -0.020665394 0.427619636 -0.014745965 -0.999480188 -0.015459907 0.024146553
1756587345626612224.000000 1.248505354 -0.020897767 0.418677330 -0.014133422 -0.999465525 -0.015384786 0.025143910
1756587345726635008.000000 1.248160720 -0.021967091 0.410532892 -0.013772937 -0.999495745 -0.013640067 0.025153812
1756587345793318144.000000 1.247820973 -0.021303277 0.403382421 -0.013657774 -0.999496877 -0.014427098 0.024728743
1756587345860001024.000000 1.247238517 -0.020853229 0.395240486 -0.013537808 -0.999452770 -0.017474018 0.024611158
1756587345926683904.000000 1.247063637 -0.020215793 0.387494087 -0.013187109 -0.999436915 -0.018908389 0.024381934
1756587345993367040.000000 1.247286797 -0.020510657 0.382526398 -0.013271268 -0.999468863 -0.016693154 0.024641212
1756587346093391360.000000 1.247201324 -0.020992748 0.374973655 -0.013010888 -0.999523878 -0.013445259 0.024534503
1756587346160073216.000000 1.246948719 -0.020694571 0.368334740 -0.013052471 -0.999524891 -0.012970123 0.024728095
1756587346226756352.000000 1.246859074 -0.020588016 0.360652953 -0.013369932 -0.999484241 -0.015254325 0.024899248
1756587346326780672.000000 1.246533513 -0.020175319 0.348314941 -0.013056471 -0.999402821 -0.019502759 0.025362924
1756587346393463808.000000 1.246479511 -0.020539647 0.343315542 -0.012560107 -0.999450862 -0.017220799 0.025372664
1756587346460146944.000000 1.246075511 -0.021303412 0.339094132 -0.012645066 -0.999492943 -0.014166059 0.025562903
1756587346526829824.000000 1.245693207 -0.021092359 0.332684189 -0.012578794 -0.999486566 -0.013824158 0.026027119
1756587346593511936.000000 1.245432854 -0.020072803 0.324523926 -0.012090349 -0.999441326 -0.016413467 0.026486527
1756587346660194816.000000 1.245234489 -0.020425854 0.316935539 -0.012340588 -0.999372602 -0.019173574 0.027101681
1756587346760217088.000000 1.244985461 -0.020205425 0.308048427 -0.012330192 -0.999394000 -0.017005743 0.027756656
1756587346826898688.000000 1.244622231 -0.020585872 0.302389681 -0.012297124 -0.999367237 -0.015565843 0.029524760
1756587346893580800.000000 1.242535472 -0.021032106 0.295655578 -0.012333997 -0.999005556 -0.015268917 0.040033702
1756587346960262400.000000 1.239725113 -0.020392768 0.288056731 -0.012620559 -0.998582602 -0.016276540 0.049076926
1756587347026942976.000000 1.239290714 -0.020731511 0.281175077 -0.012464494 -0.998652995 -0.016306575 0.047654741
1756587347093624576.000000 1.240101814 -0.020398438 0.275155604 -0.012079780 -0.998755395 -0.017318461 0.045186605
1756587347160306176.000000 1.238912582 -0.020101728 0.269535601 -0.012405591 -0.998824716 -0.015260551 0.044300415
1756587347226987776.000000 1.238457322 -0.020034021 0.263660252 -0.012420554 -0.998869658 -0.014616706 0.043492440
1756587347293669376.000000 1.237972498 -0.020221809 0.257249206 -0.012654332 -0.998835564 -0.015428264 0.043925893
1756587347393691904.000000 1.237466335 -0.020041987 0.247637182 -0.012423263 -0.998780966 -0.014612460 0.045484416
1756587347460372224.000000 1.237257957 -0.019825561 0.240681916 -0.012112556 -0.998792946 -0.016067386 0.044808105
1756587347560394496.000000 1.236220479 -0.019882569 0.231381804 -0.012465655 -0.998794615 -0.015111844 0.045007352
1756587347627076096.000000 1.235272288 -0.019702163 0.224834889 -0.012685737 -0.998815656 -0.015896657 0.044201545
1756587347693759232.000000 1.235250473 -0.020688191 0.219439059 -0.012973115 -0.998813212 -0.014921286 0.044510655
1756587347793784832.000000 1.234821796 -0.020953732 0.210455537 -0.013089111 -0.998790681 -0.014452619 0.045132227
1756587347860468480.000000 1.233947635 -0.020763600 0.203736156 -0.013052318 -0.998760819 -0.015059502 0.045604944
1756587347927151360.000000 1.233388662 -0.020283453 0.196659565 -0.013060560 -0.998726249 -0.016705355 0.045786787
1756587348027177216.000000 1.232316017 -0.019578973 0.186873347 -0.012840227 -0.998706818 -0.016588949 0.046311367
1756587348093860864.000000 1.232109189 -0.019979589 0.181407213 -0.012653894 -0.998754382 -0.015050210 0.045860711
1756587348160544512.000000 1.231473446 -0.019588187 0.175221592 0.012855479 0.998789728 0.014310181 -0.045266919
1756587348227228672.000000 1.231875777 -0.020216201 0.168577999 -0.012584412 -0.998748183 -0.015744831 0.045779940
1756587348327254528.000000 1.231078029 -0.020552447 0.159190774 -0.012471124 -0.998740256 -0.016298035 0.045790024
1756587348360595456.000000 1.230544925 -0.020459738 0.156262666 -0.012711558 -0.998754323 -0.016180325 0.045458473
1756587348427279360.000000 1.230324030 -0.020474665 0.150131255 -0.012282343 -0.998756349 -0.015323281 0.045827463
1756587348493963520.000000 1.229597092 -0.020432631 0.142941982 -0.011951998 -0.998768985 -0.016644027 0.045174345
1756587348560647424.000000 1.229376197 -0.019731246 0.136017263 -0.012168344 -0.998766065 -0.016626658 0.045187417
1756587348660673280.000000 1.228060722 -0.019548822 0.125733346 -0.013506732 -0.998794258 -0.017260240 0.043930247
1756587348727355648.000000 1.227438927 -0.019634193 0.119448721 -0.014455317 -0.998742461 -0.017101085 0.044856284
1756587348827378176.000000 1.226814628 -0.019630719 0.110540301 -0.014262267 -0.998676419 -0.016598202 0.046545543
1756587348894060800.000000 1.226885796 -0.019551391 0.104219526 -0.014135239 -0.998664916 -0.015720751 0.047133096
1756587348960743168.000000 1.226392746 -0.019707497 0.097922504 -0.013992433 -0.998656034 -0.015673518 0.047378622
1756587349027425536.000000 1.225837350 -0.020014880 0.091919333 -0.014106148 -0.998671532 -0.015434232 0.047095373
1756587349094107904.000000 1.225047112 -0.020144872 0.085514158 -0.014544257 -0.998664618 -0.015464030 0.047099233
1756587349160790272.000000 1.224070311 -0.019759210 0.078832120 0.014063166 0.998670280 0.016316719 -0.046837240
1756587349227472896.000000 1.223934650 -0.019505467 0.072815090 -0.013858530 -0.998663127 -0.015489362 0.047329601
1756587349294154496.000000 1.223950744 -0.019559586 0.066379905 -0.012909398 -0.998669982 -0.017095100 0.046898447
1756587349360836864.000000 1.223387480 -0.019554587 0.061534971 -0.013641425 -0.998774350 -0.015948871 0.044827867
1756587349427518976.000000 1.222936511 -0.020122606 0.056775659 -0.014534663 -0.998864710 -0.014567764 0.042962410
1756587349527542784.000000 1.221716523 -0.019686714 0.046053559 -0.014803004 -0.998782456 -0.017290743 0.043767195
1756587349594225152.000000 1.221107006 -0.019463884 0.039620310 -0.014510866 -0.998524845 -0.020115450 0.048301190
1756587349660907776.000000 1.219944954 -0.018670866 0.037589401 0.014235281 0.997964442 0.017868724 -0.059541486
1756587349727590400.000000 1.217510462 -0.019447073 0.038806230 -0.014836545 -0.997403502 -0.016849769 0.068427965
1756587349827616000.000000 1.215360403 -0.018921331 0.038906991 -0.014491951 -0.996467590 -0.015793728 0.081197336
1756587349894299648.000000 1.213086724 -0.018670732 0.038139522 -0.014321084 -0.995586455 -0.016211528 0.091321945
1756587349960983808.000000 1.211167216 -0.018719992 0.037872076 -0.013899430 -0.994653881 -0.012399181 0.101571389
1756587350027667200.000000 1.207851291 -0.019206321 0.034193039 -0.013981353 -0.993120670 -0.011737429 0.115663931
1756587350094351104.000000 1.203856349 -0.019156219 0.026582837 -0.014832168 -0.991706133 -0.013915539 0.126906976
1756587350161033984.000000 1.199349642 -0.018878728 0.018575668 0.015248477 0.989986360 0.015975952 -0.139424980
1756587350227717888.000000 1.196024537 -0.019680338 0.011722028 -0.015162066 -0.987986147 -0.014857118 0.153077900
1756587350294401536.000000 1.192326784 -0.019092260 0.005395591 -0.014881404 -0.986288667 -0.014926250 0.163678065
1756587350361085696.000000 1.188315630 -0.018607914 -0.001212418 -0.014654553 -0.984405041 -0.014980737 0.174664348
1756587350427769344.000000 1.184226036 -0.018734545 -0.008040130 -0.014758539 -0.982355595 -0.015403732 0.185802132
1756587350494453504.000000 1.179998994 -0.018395184 -0.014411092 -0.014309932 -0.980280638 -0.015074913 0.196514189
1756587350594478592.000000 1.173691273 -0.018259961 -0.022870183 -0.013889046 -0.977227211 -0.014747945 0.211226553
1756587350661162240.000000 1.168383121 -0.018217649 -0.028530300 0.014469363 0.975195050 0.013774767 -0.220443964
1756587350727844864.000000 1.164478779 -0.017845921 -0.033822596 -0.014537013 -0.972550809 -0.014818261 0.231763095
1756587350827869440.000000 1.158471346 -0.017024383 -0.039296031 -0.015524689 -0.968769312 -0.018968008 0.246749401
1756587350894552320.000000 1.158145070 -0.017442405 -0.036423802 -0.014875793 -0.967227936 -0.014817512 0.253040075
1756587350961234944.000000 1.157899261 -0.017866738 -0.033859372 -0.014001164 -0.965020955 -0.010664331 0.261581361
1756587351061258496.000000 1.154378653 -0.017517416 -0.035113096 -0.014297709 -0.960554898 -0.013596642 0.277389795
1756587351127941376.000000 1.152281523 -0.017234938 -0.035311460 -0.014119004 -0.957367539 -0.013501393 0.288211554
1756587351194624256.000000 1.150304079 -0.017070165 -0.035347223 0.014067865 0.953743339 0.012711810 -0.300023675
1756587351294648576.000000 1.146190166 -0.017132811 -0.035281301 -0.014382418 -0.948150814 -0.013513021 0.317207545
1756587351361331456.000000 1.143870115 -0.017490529 -0.035479069 -0.014490583 -0.944471896 -0.013896865 0.327978373
1756587351428014592.000000 1.142406225 -0.017984498 -0.035091281 -0.014478842 -0.940730393 -0.014106433 0.338552475
1756587351494696448.000000 1.140677691 -0.018024215 -0.034808755 -0.014306652 -0.937224209 -0.013456592 0.348174036
1756587351561379072.000000 1.139069915 -0.017802170 -0.034205794 -0.014035514 -0.933481276 -0.012532548 0.358132273
1756587351628061952.000000 1.137161851 -0.018094102 -0.033542037 -0.013958032 -0.929300070 -0.012569421 0.368847698
1756587351694745600.000000 1.134937763 -0.018343791 -0.032436371 0.014292466 0.925050378 0.012758122 -0.379360974
1756587351761429504.000000 1.132711768 -0.018608637 -0.032369256 0.013924102 0.920637012 0.013183003 -0.389948547
1756587351828113152.000000 1.130667448 -0.017723586 -0.031884313 -0.014231652 -0.916018188 -0.013240569 0.400665551
1756587351894795776.000000 1.128583312 -0.018160198 -0.031211376 -0.014245915 -0.911215246 -0.013864541 0.411450803
1756587351994821888.000000 1.126309037 -0.018387275 -0.030266047 -0.013760828 -0.904226601 -0.012920924 0.426635563
1756587352061505536.000000 1.124575257 -0.018223424 -0.029378057 -0.013879993 -0.899324536 -0.012452175 0.436884075
1756587352128189440.000000 1.122894406 -0.018277416 -0.028940558 -0.013586842 -0.894357264 -0.012765392 0.446964920
1756587352194873344.000000 1.121154547 -0.018359752 -0.027832270 -0.013359355 -0.889446378 -0.012299934 0.456678659
1756587352228215296.000000 1.119941711 -0.019038828 -0.027459979 0.013443795 0.886916041 0.012578839 -0.461563587
1756587352328241152.000000 1.117108822 -0.017249873 -0.024629593 -0.013417944 -0.879110277 -0.011735427 0.476284951
1756587352361582336.000000 1.116246462 -0.017436799 -0.023990989 -0.013455240 -0.876389623 -0.012176432 0.481260955
1756587352428266240.000000 1.114085913 -0.017614091 -0.022844315 -0.013488412 -0.870841205 -0.011943852 0.491234243
1756587352494950400.000000 1.112581730 -0.017582677 -0.021882176 -0.013609955 -0.865302682 -0.011936749 0.500922680
1756587352561634304.000000 1.111357689 -0.017691428 -0.020964265 -0.013678857 -0.859734058 -0.011948327 0.510419011
1756587352661660160.000000 1.108563900 -0.018167362 -0.018586636 -0.012129989 -0.849988699 -0.007797374 0.526603639
1756587352695001088.000000 1.106050134 -0.018129714 -0.017898798 -0.010893982 -0.846427679 -0.005385794 0.532365024
1756587352761683712.000000 1.099419117 -0.018211795 -0.018833637 -0.011478111 -0.841482520 -0.005755567 0.540131748
1756587352828365056.000000 1.089360714 -0.016651675 -0.022146702 -0.013454552 -0.835106730 -0.012132849 0.549789608
1756587352895047424.000000 1.080674648 -0.015726738 -0.022867680 -0.014538710 -0.828121424 -0.011645508 0.560239196
1756587352961729536.000000 1.074659467 -0.015656933 -0.022903085 -0.013451017 -0.821960807 -0.009511180 0.569305837
1756587353028411904.000000 1.069190025 -0.016040726 -0.023430824 -0.012448238 -0.815993428 -0.008021657 0.577871561
1756587353095094272.000000 1.061555624 -0.015802333 -0.023368120 -0.013036833 -0.809160829 -0.009139764 0.587371588
1756587353128435456.000000 1.057304740 -0.016089402 -0.023770452 -0.013627687 -0.805860460 -0.009964602 0.591864824
1756587353228459008.000000 1.046172857 -0.016759008 -0.024215937 0.013711133 0.796246588 0.010367589 -0.604727864
1756587353295140096.000000 1.040014029 -0.016893808 -0.022843122 -0.013666716 -0.790552497 -0.008494695 0.612182856
1756587353361822720.000000 1.032918811 -0.015528928 -0.022816777 -0.014151672 -0.783841908 -0.007182879 0.620757580
1756587353395163648.000000 1.027933240 -0.014936117 -0.023010969 -0.014465705 -0.780159473 -0.007706401 0.625366032
1756587353461845760.000000 1.019838095 -0.014200042 -0.023866415 0.014625145 0.772574365 0.008588731 -0.634697855
1756587353528528128.000000 1.012566447 -0.013557174 -0.022520423 -0.014605682 -0.765617728 -0.007323173 0.643088400
1756587353595210752.000000 1.006119251 -0.013380593 -0.022352934 -0.013423880 -0.757968843 -0.006331313 0.652121961
1756587353661893120.000000 0.999516189 -0.013549745 -0.021187425 -0.013854688 -0.750611246 -0.006291490 0.660568893
1756587353728576000.000000 0.992002606 -0.013483705 -0.020085216 0.014975049 0.743553221 0.008148843 -0.668459415
1756587353795259648.000000 0.984056056 -0.013039038 -0.018395782 -0.014312859 -0.736297011 -0.007310899 0.676467657
1756587353861943808.000000 0.977465510 -0.014643279 -0.016646504 -0.014632196 -0.728746533 -0.008133310 0.684578896
1756587353928627712.000000 0.970438778 -0.014352646 -0.015410781 0.014368960 0.721683264 0.008011996 -0.692027986
1756587353995311616.000000 0.962965250 -0.013643050 -0.013002992 0.015137631 0.713462055 0.008685350 -0.700476527
1756587354061995264.000000 0.954863369 -0.013519176 -0.011443019 0.016389664 0.705152035 0.010240979 -0.708792746
1756587354128678656.000000 0.948945582 -0.013774949 -0.009930730 -0.016035361 -0.697372913 -0.009369726 0.716467857
1756587354195362304.000000 0.942311585 -0.014239876 -0.007997632 -0.015308819 -0.688838243 -0.009311736 0.724693596
1756587354262046464.000000 0.935070276 -0.014200305 -0.006546974 0.014574549 0.681319535 0.009239356 -0.731782734
1756587354362072576.000000 0.923085570 -0.014449372 -0.000712872 -0.015921324 -0.669905007 -0.009101581 0.742220402
1756587354395414528.000000 0.919662416 -0.014271716 0.000332892 -0.015583451 -0.665514171 -0.009038173 0.746167898
1756587354462098688.000000 0.912557006 -0.013987137 0.002983689 -0.015728291 -0.656793296 -0.008820063 0.753855109
1756587354528782592.000000 0.905962825 -0.014459780 0.006033897 -0.015653616 -0.648297787 -0.008862034 0.761174500
1756587354595465984.000000 0.898327708 -0.014259683 0.009362280 -0.015993843 -0.640187562 -0.008820864 0.768001556
1756587354662149888.000000 0.891437590 -0.014051295 0.012564242 -0.016370095 -0.630937815 -0.008698837 0.775611997
1756587354728833536.000000 0.885353684 -0.013792431 0.015750825 -0.015961256 -0.621516585 -0.009381092 0.783182204
1756587354795517184.000000 0.877757132 -0.014403872 0.019723296 -0.016252885 -0.612222791 -0.009119374 0.790465653
1756587354862200832.000000 0.872058034 -0.014194344 0.023384988 -0.016103055 -0.603378534 -0.008916263 0.797242463
1756587354928884224.000000 0.865043879 -0.013842886 0.027991593 -0.016390316 -0.594317734 -0.008692484 0.804016352
1756587354995567872.000000 0.857845008 -0.012978680 0.032638192 -0.017351491 -0.584890485 -0.008935260 0.810877502
1756587355028908800.000000 0.854702413 -0.012718182 0.035058558 -0.017205883 -0.580288053 -0.008954196 0.814180374
1756587355095592192.000000 0.849138737 -0.013041224 0.039515674 -0.016630288 -0.571424425 -0.008229305 0.820444942
1756587355162275840.000000 0.843638599 -0.013321268 0.044301182 -0.015367784 -0.561256230 -0.007499185 0.827465415
1756587355262301184.000000 0.834053040 -0.012032451 0.051191807 -0.018929660 -0.546305418 -0.010041662 0.837311864
1756587355328985088.000000 0.831232011 -0.011412471 0.052652180 -0.021229248 -0.539517283 -0.011454115 0.841628909
1756587355395668736.000000 0.834418356 -0.012766154 0.052788287 -0.016994534 -0.534611821 -0.009104546 0.844877899
1756587355462351360.000000 0.837446749 -0.014049323 0.053990602 -0.013113670 -0.526148081 -0.005626826 0.850273311
1756587355529035008.000000 0.837487996 -0.013914720 0.056388378 -0.013398932 -0.516474366 -0.005704592 0.856178880
1756587355595718912.000000 0.835544586 -0.013446477 0.059788615 -0.015691221 -0.506939948 -0.007314160 0.861807585
1756587355662402560.000000 0.834399223 -0.012924042 0.061869919 -0.016136365 -0.496892840 -0.007214129 0.867631853
1756587355729086208.000000 0.834756911 -0.012639648 0.063920498 -0.015633181 -0.486758709 -0.007177605 0.873367190
1756587355795769600.000000 0.835536838 -0.012262177 0.066177458 -0.015329293 -0.477452457 -0.007375941 0.878492951
1756587355829111552.000000 0.835568786 -0.012428701 0.066906691 -0.015277425 -0.472959161 -0.007483528 0.880920172
1756587355895795200.000000 0.835936368 -0.011368418 0.068009198 -0.014077966 -0.463447750 -0.006509991 0.885988474
1756587355962477568.000000 0.836809576 -0.011649815 0.069158375 -0.013574394 -0.453564435 -0.006168943 0.891098797
1756587356062503424.000000 0.837269306 -0.011620359 0.072555274 -0.013328896 -0.438199520 -0.005797312 0.898760259
1756587356129187072.000000 0.837526560 -0.012116086 0.075220823 -0.013856060 -0.427931339 -0.005930257 0.903685629
1756587356195870720.000000 0.837666512 -0.012167113 0.077435464 -0.014055541 -0.417893201 -0.005761305 0.908369184
1756587356262554368.000000 0.837920547 -0.011548792 0.079945274 -0.013208190 -0.408594072 -0.005383349 0.912604809
1756587356329238016.000000 0.837746501 -0.010921486 0.082035959 -0.012642965 -0.398924172 -0.004812938 0.916884184
1756587356395920896.000000 0.840755284 -0.012616321 0.082842015 -0.012910071 -0.388890058 -0.005026858 0.921180069
1756587356462604800.000000 0.839823246 -0.010886610 0.088782735 -0.012891164 -0.379523665 -0.003818000 0.925084412
1756587356529288192.000000 0.840270936 -0.010669403 0.090728350 -0.012707244 -0.368373394 -0.003845288 0.929583192
1756587356595972096.000000 0.842422128 -0.012622735 0.088380828 -0.012406906 -0.356650382 -0.004776330 0.934143364
1756587356662656000.000000 0.842759013 -0.012626274 0.090403773 -0.012275079 -0.346321553 -0.005009284 0.938022256
1756587356762682368.000000 0.844042599 -0.012405580 0.093231969 -0.012202631 -0.331292570 -0.004873452 0.943436623
1756587356829365760.000000 0.845026612 -0.012617979 0.095449105 -0.012323261 -0.321190208 -0.005176248 0.946920395
1756587356896049664.000000 0.847092807 -0.012511380 0.094520405 -0.012574160 -0.310152352 -0.004857492 0.950591326
1756587356996076032.000000 0.849950552 -0.013266640 0.096641541 -0.011948820 -0.294585466 -0.004541263 0.955539703
1756587357062760704.000000 0.850663841 -0.011678891 0.103025764 -0.010440761 -0.284673631 -0.004331180 0.958557904
1756587357129444864.000000 0.851527035 -0.013455851 0.100437216 -0.011771370 -0.272623420 -0.004081029 0.962040186
1756587357229471488.000000 0.853091776 -0.013080200 0.103330128 -0.010472160 -0.255762845 -0.003160375 0.966677725
1756587357296154624.000000 0.854162097 -0.013797820 0.105915636 -0.007085297 -0.241517991 -0.001909432 0.970368624
1756587357362839296.000000 0.853121579 -0.014868075 0.113591619 -0.007228567 -0.231277660 -0.001029063 0.972860456
1756587357462865920.000000 0.849320590 -0.011822389 0.128900051 -0.011540109 -0.212654799 -0.004397032 0.977049351
1756587357529550080.000000 0.848900676 -0.012370229 0.136265799 -0.009054887 -0.200891867 -0.002667358 0.979568005
1756587357629576704.000000 0.846885860 -0.013139167 0.146652088 -0.008355870 -0.185101405 -0.002248480 0.982681334
1756587357696260864.000000 0.848548114 -0.012307610 0.155543551 -0.007546274 -0.175926596 -0.002015143 0.984372318
1756587357796289280.000000 0.846829474 -0.013918290 0.164573699 -0.006711191 -0.159105420 -0.001775979 0.987237215
1756587357862975232.000000 0.846561313 -0.015009441 0.171096995 -0.006439302 -0.148209870 -0.000852341 0.988934636
1756587357963003392.000000 0.845896482 -0.015647946 0.182889268 -0.006803208 -0.131020397 -0.001032945 0.991355836
1756587358029689344.000000 0.845792830 -0.016408825 0.190377995 -0.006769184 -0.119702205 -0.000508096 0.992786705
1756587358129716992.000000 0.847109795 -0.017307650 0.201631591 -0.007091697 -0.103618011 -0.000772236 0.994591594
1756587358229745664.000000 0.847950399 -0.017293919 0.212772056 -0.004918696 -0.086519718 0.000037775 0.996238053
1756587358296431360.000000 0.849045157 -0.017630672 0.220780596 -0.005139861 -0.075310171 0.000695218 0.997146726
1756587358396460288.000000 0.851467609 -0.018071812 0.234636053 -0.006031091 -0.057705790 0.001462983 0.998314381
1756587358496488960.000000 0.850336552 -0.017500555 0.244640961 -0.006750951 -0.052581780 0.000873882 0.998593450
1756587358563173888.000000 0.849084020 -0.016590023 0.250294715 -0.007149872 -0.057082377 0.000739984 0.998343587
1756587358663202560.000000 0.848137259 -0.017634058 0.258499444 -0.005312973 -0.058551639 0.001661647 0.998268902
1756587358763228160.000000 0.847191751 -0.017494809 0.269665539 -0.007728820 -0.059017602 0.001622677 0.998225749
1756587358863253760.000000 0.846291363 -0.016778361 0.281205624 -0.008892695 -0.059110463 0.002158027 0.998209536
1756587358929937920.000000 0.845663249 -0.016793447 0.287112534 -0.006903111 -0.057653222 0.002356119 0.998310030
1756587359029962240.000000 0.848318338 -0.017436577 0.299359709 -0.007902778 -0.040135209 0.003080357 0.999158263
1756587359096646400.000000 0.849335730 -0.017354336 0.306682378 -0.007858453 -0.038829718 0.003356324 0.999209344
1756587359196672000.000000 0.845914423 -0.017802548 0.314270884 -0.007785493 -0.041814204 0.002572324 0.999091744
1756587359296697600.000000 0.846747816 -0.018615536 0.325146377 -0.007461898 -0.042516816 0.003122371 0.999063015
1756587359396723200.000000 0.845564127 -0.018273259 0.335971713 -0.009264388 -0.042349294 0.002794351 0.999056041
1756587359496748032.000000 0.844833672 -0.018228242 0.346505761 -0.010336566 -0.041990560 0.002353769 0.999061763
1756587359563431936.000000 0.843841195 -0.017440708 0.352025896 -0.008777016 -0.042171039 0.002066180 0.999069691
1756587359663457792.000000 0.842834711 -0.017529998 0.361454695 -0.008188489 -0.042583447 0.001968906 0.999057412
1756587359730142208.000000 0.842511058 -0.017467549 0.367945284 -0.007895080 -0.042631354 0.002004649 0.999057710
1756587359830168832.000000 0.841430187 -0.017404988 0.378168643 -0.008417803 -0.041177470 0.001996891 0.999114394
1756587359896851968.000000 0.841758370 -0.017999083 0.385683894 -0.008017601 -0.030577689 0.002354585 0.999497473
1756587359996878592.000000 0.844625592 -0.018303208 0.397742987 -0.009263352 -0.008088558 0.002225343 0.999921918
1756587360063563264.000000 0.849720120 -0.017406169 0.404317021 -0.007097738 -0.004022204 0.003613497 0.999960244
1756587360163590144.000000 0.846961677 -0.018888658 0.414141655 -0.011446575 -0.008516311 0.003221204 0.999893069
1756587360230274560.000000 0.846782982 -0.018921845 0.420426399 -0.009474217 -0.008193157 0.003039238 0.999916971
1756587360330301184.000000 0.848187506 -0.018608043 0.430846632 -0.009068965 -0.008840087 0.004129557 0.999911308
1756587360396984832.000000 0.847457707 -0.018618202 0.437764823 -0.009545790 -0.009370667 0.003978697 0.999902666
1756587360463669504.000000 0.848226845 -0.017064249 0.443600893 -0.009511160 -0.009369853 0.002972773 0.999906480
1756587360563696384.000000 0.847896516 -0.017503636 0.453981698 -0.007938628 -0.009030798 0.002652691 0.999924242
1756587360630380800.000000 0.847816706 -0.017945375 0.459596455 -0.007197428 -0.009395238 0.002442019 0.999927044
1756587360697063424.000000 0.847775042 -0.017840559 0.465685874 -0.006445566 -0.009602714 0.002685559 0.999929547
1756587360763745024.000000 0.846686661 -0.018365286 0.471993208 -0.007588911 -0.009093210 0.002502520 0.999926746
1756587360863766784.000000 0.846485555 -0.018602002 0.481672883 -0.007368847 -0.008433049 0.002181550 0.999934912
1756587360930448384.000000 0.847447038 -0.018429048 0.488323659 -0.007182844 -0.008404770 0.001502132 0.999937773
1756587360997129728.000000 0.846942842 -0.017963957 0.495605677 -0.006979725 -0.007848030 0.000939921 0.999944448
1756587361063811328.000000 0.846877217 -0.017773163 0.501697779 -0.006493998 -0.008118825 0.001569867 0.999944746
1756587361130492672.000000 0.846724749 -0.017216714 0.507818937 -0.005323635 -0.007832171 0.001119227 0.999954522
1756587361197174272.000000 0.846861959 -0.017732523 0.514123261 -0.005296377 -0.008568687 0.001293089 0.999948502
1756587361263854848.000000 0.846384168 -0.018077385 0.519763410 -0.005322906 -0.008605567 0.001322828 0.999947965
1756587361363876864.000000 0.846978068 -0.017776959 0.529991865 -0.006161168 -0.007805557 0.000537347 0.999950409
1756587361430558208.000000 0.846396208 -0.017414981 0.536960959 -0.006446610 -0.007626045 0.000041187 0.999950171
1756587361497239552.000000 0.845761120 -0.019810434 0.543133914 -0.006637194 -0.007819224 0.000836383 0.999947131
1756587361563920896.000000 0.845305324 -0.019256681 0.549161613 -0.005635356 -0.007622241 0.000336515 0.999954998
1756587361630602240.000000 0.845386922 -0.018993720 0.556749940 -0.007190496 -0.007013454 -0.000003514 0.999949574
1756587361697284352.000000 0.846116781 -0.016959468 0.564096272 -0.005826341 -0.007942927 0.000206851 0.999951541
1756587361797310464.000000 0.847058773 -0.016203059 0.573667765 -0.004767259 -0.008953248 0.000797934 0.999948263
1756587361863994624.000000 0.847517848 -0.016333066 0.580157578 -0.004629068 -0.008953632 0.000841004 0.999948919
1756587361930678784.000000 0.847307563 -0.017067563 0.586020768 -0.004413851 -0.008768577 0.000458497 0.999951780
1756587361997363200.000000 0.846611321 -0.016912956 0.591980338 -0.002846282 -0.008644488 0.000246517 0.999958634
1756587362097389568.000000 0.845838726 -0.017186893 0.602009833 -0.004142798 -0.009459494 0.000773631 0.999946415
1756587362130730496.000000 0.846045494 -0.017057860 0.605159879 -0.004658545 -0.009597090 0.001202013 0.999942422
1756587362197414912.000000 0.845088184 -0.017502995 0.613422632 -0.006050441 -0.008822934 0.001246057 0.999942064
1756587362297441280.000000 0.846252859 -0.016907984 0.621952951 -0.004890671 -0.009697677 0.002302204 0.999938428
1756587362364125440.000000 0.846297383 -0.016367521 0.628590882 -0.004474305 -0.009893366 0.002172759 0.999938726
1756587362430809856.000000 0.844784975 -0.019798851 0.634009421 -0.006734825 -0.009567874 0.001377130 0.999930620
1756587362497494272.000000 0.845427155 -0.018830648 0.641030431 -0.005366208 -0.009846722 0.001570932 0.999935865
1756587362564177152.000000 0.845834076 -0.018619353 0.647353113 -0.004864200 -0.009790995 0.001535660 0.999939084
1756587362597519616.000000 0.847441792 -0.016715089 0.651403129 -0.003374554 -0.010713304 0.002420190 0.999934018
1756587362664203520.000000 0.847577393 -0.017033754 0.658586323 -0.004178095 -0.011062521 0.002841479 0.999926090
1756587362730886656.000000 0.845189571 -0.019077498 0.665924430 -0.006876371 -0.009326018 0.002176826 0.999930501
1756587362797569536.000000 0.847296357 -0.017398320 0.671548247 -0.005516991 -0.011160375 0.002642158 0.999919057
1756587362864252672.000000 0.847161233 -0.018386792 0.678287804 -0.007449732 -0.010928874 0.002535052 0.999909401
1756587362930935552.000000 0.846499085 -0.016545074 0.681749105 -0.009162056 -0.015745576 0.001898661 0.999832332
1756587362997618688.000000 0.845541596 -0.017498963 0.681220174 -0.007911230 -0.022087686 0.002013082 0.999722719
1756587363064300544.000000 0.844719887 -0.017733214 0.678656936 -0.004424548 -0.031575151 0.001761177 0.999490082
1756587363130983424.000000 0.841359556 -0.019335117 0.676611781 -0.004751178 -0.043051999 0.001874882 0.999059796
1756587363231007744.000000 0.838008881 -0.018113570 0.675697684 -0.005300934 -0.057550818 0.001544746 0.998327374
1756587363297690880.000000 0.835934818 -0.017477319 0.674629092 -0.004883460 -0.068153441 0.001209201 0.997662246
1756587363364373760.000000 0.834389389 -0.017631682 0.673045814 -0.004803798 -0.079807252 0.001323639 0.996797860
1756587363431056640.000000 0.832210600 -0.017595254 0.671252787 -0.004963827 -0.091158740 0.000792414 0.995823681
1756587363497738752.000000 0.829264343 -0.017743025 0.670128942 -0.005680876 -0.101721704 0.000367692 0.994796693
1756587363564421632.000000 0.827629268 -0.017655566 0.669081092 -0.006443176 -0.113277078 -0.000096250 0.993542612
1756587363664446208.000000 0.825721443 -0.017405776 0.666573882 -0.005833434 -0.130576745 0.000081920 0.991421044
1756587363731128576.000000 0.823514044 -0.017017206 0.665273726 -0.005519132 -0.141537905 -0.000543500 0.989917338
1756587363797811200.000000 0.821510494 -0.017250091 0.664501667 -0.007050370 -0.152557164 -0.000826914 0.988269150
1756587363864493824.000000 0.822104931 -0.017334733 0.662786305 -0.008058398 -0.165532976 -0.000993128 0.986170888
1756587363964516864.000000 0.820226789 -0.017139921 0.660140276 -0.006843202 -0.182045609 -0.000745393 0.983265996
1756587364031199744.000000 0.817223847 -0.015938926 0.658712089 -0.003843836 -0.191682413 -0.000973203 0.981449008
1756587364097882368.000000 0.816162705 -0.016317843 0.656574190 0.001991332 -0.207180321 0.000727885 0.978300512
1756587364197906176.000000 0.807911038 -0.018511055 0.660645723 0.002046949 -0.226901516 0.000703082 0.973915339
1756587364264588800.000000 0.801360905 -0.018959211 0.666379035 -0.005690594 -0.236946955 -0.001938271 0.971504033
1756587364364611840.000000 0.793192923 -0.016582018 0.674969375 -0.009891286 -0.256038874 -0.003027713 0.966611147
1756587364431294464.000000 0.789630592 -0.016370825 0.679645896 -0.006106867 -0.268470198 -0.001515693 0.963267446
1756587364531318528.000000 0.785545945 -0.018125046 0.683547914 -0.004206987 -0.282278240 -0.000434142 0.959323347
1756587364598000896.000000 0.780199647 -0.017692491 0.687614262 -0.006134997 -0.293494493 -0.001657701 0.955939651
1756587364698026240.000000 0.771409094 -0.017730962 0.692433536 -0.009353151 -0.308125407 -0.003218491 0.951294363
1756587364764710656.000000 0.767483473 -0.018195171 0.696508169 -0.008548200 -0.319777220 -0.002903649 0.947449803
1756587364831394304.000000 0.762567282 -0.018597793 0.699267864 -0.008257071 -0.329828113 -0.002694434 0.944001079
1756587364898078976.000000 0.757850289 -0.018585112 0.702119112 -0.008290838 -0.339821577 -0.003127212 0.940448225
1756587364964763648.000000 0.753171742 -0.018452216 0.705666721 -0.008988523 -0.351009697 -0.003750584 0.936321259
1756587365031448064.000000 0.747875810 -0.018614026 0.708385825 -0.008997725 -0.361536592 -0.004007255 0.932305872
1756587365098132736.000000 0.742290974 -0.018492809 0.710566342 -0.008973768 -0.371814162 -0.004565846 0.928252578
1756587365164817664.000000 0.737269759 -0.017916325 0.713817775 -0.009712373 -0.382030725 -0.005091344 0.924084663
1756587365264843776.000000 0.729829073 -0.018090902 0.717467248 -0.009931818 -0.397097468 -0.005536059 0.917706013
1756587365331528448.000000 0.724171162 -0.017542440 0.720156848 -0.010082508 -0.408331722 -0.006417479 0.912755430
1756587365398213120.000000 0.719302058 -0.018174462 0.722698808 -0.011744100 -0.419694632 -0.005709738 0.907571495
1756587365464897792.000000 0.712835670 -0.017716175 0.724395871 -0.015912734 -0.429218918 -0.008528349 0.903020084
1756587365531582720.000000 0.709643662 -0.016838701 0.723784566 -0.016222157 -0.435708404 -0.010104169 0.899885058
1756587365598267392.000000 0.712576032 -0.017202176 0.720873117 -0.011371841 -0.442061961 -0.007921625 0.896877468
1756587365664951552.000000 0.714272261 -0.018184379 0.716891646 -0.007463178 -0.452183753 -0.005530617 0.891876519
1756587365731632128.000000 0.713578761 -0.018420856 0.714707851 -0.008943731 -0.461390048 -0.006561452 0.887128055
1756587365798313728.000000 0.711684942 -0.016542496 0.713513553 -0.012761411 -0.471781820 -0.009109935 0.881575942
1756587365898336256.000000 0.709940195 -0.016987834 0.710637391 -0.012666553 -0.484891742 -0.009956920 0.874425828
1756587365965017600.000000 0.709606767 -0.016787682 0.707058430 -0.012365174 -0.494662941 -0.010005000 0.868939400
1756587366031699200.000000 0.708145142 -0.016457429 0.704468846 -0.012321254 -0.505014777 -0.010477831 0.862959206
1756587366098380544.000000 0.710864246 -0.017451188 0.704133093 -0.014228340 -0.516991377 -0.010213104 0.855811477
1756587366165061120.000000 0.709198356 -0.016737271 0.701272845 -0.013613954 -0.525560319 -0.010139708 0.850587070
1756587366231742464.000000 0.709949255 -0.015546389 0.697620094 -0.012246278 -0.533751667 -0.009793549 0.845495880
1756587366298423808.000000 0.711272240 -0.014826844 0.697938442 -0.011851220 -0.544839740 -0.009352103 0.838404357
1756587366398446080.000000 0.711026907 -0.016798882 0.691115797 -0.013335285 -0.557577133 -0.010356525 0.829953492
1756587366431786496.000000 0.711489797 -0.016497280 0.689672947 -0.013446096 -0.561985195 -0.010389548 0.826972783
1756587366531808512.000000 0.712521195 -0.017031673 0.686847687 -0.013246951 -0.575335681 -0.010638288 0.817741036
1756587366598489088.000000 0.712310314 -0.016918214 0.685088992 -0.012867770 -0.585502982 -0.011272124 0.810489774
1756587366665170176.000000 0.712096214 -0.017678173 0.683698297 -0.013281104 -0.594657660 -0.011635290 0.803785086
1756587366731851008.000000 0.713126957 -0.016601838 0.681865931 -0.013340308 -0.603346288 -0.011658709 0.797282577
1756587366798531840.000000 0.713421464 -0.015090350 0.684043348 -0.014152284 -0.612842798 -0.011416781 0.789995670
1756587366898552832.000000 0.714502513 -0.018136891 0.676541626 -0.014344989 -0.625445068 -0.012126429 0.780042112
1756587366965233664.000000 0.714902401 -0.015962929 0.679494560 -0.014677503 -0.635496140 -0.011139972 0.771884263
1756587367031913216.000000 0.714316607 -0.015545372 0.676999569 -0.014949994 -0.643913031 -0.011455456 0.764866889
1756587367098594048.000000 0.716677964 -0.015289789 0.675394535 -0.014669484 -0.652243793 -0.011569499 0.757779062
1756587367165274624.000000 0.717282236 -0.013721878 0.673659265 -0.014219178 -0.661162615 -0.010944785 0.750028074
1756587367198615040.000000 0.717036605 -0.013798654 0.672549307 -0.014234226 -0.665347815 -0.010886888 0.746318400
1756587367298635776.000000 0.718331575 -0.014282281 0.668374538 -0.014155218 -0.677698910 -0.011765533 0.735109091
1756587367365316352.000000 0.719602466 -0.012577804 0.667587399 -0.014445146 -0.685840905 -0.011171073 0.727522373
1756587367431996928.000000 0.720280111 -0.012525029 0.666568756 -0.014696482 -0.693957508 -0.011103353 0.719780326
1756587367498676224.000000 0.720487475 -0.016500741 0.658059418 -0.016056579 -0.700280964 -0.011826243 0.713588715
1756587367565356800.000000 0.720431089 -0.017925642 0.658481002 0.016086072 0.708375216 0.012275856 -0.705545962
1756587367632037120.000000 0.721400619 -0.015459795 0.661333680 0.014706331 0.717127264 0.012307785 -0.696678400
1756587367698718208.000000 0.722539902 -0.016179046 0.661067724 0.015396920 0.725313425 0.012286562 -0.688137054
1756587367765399808.000000 0.723706305 -0.015437144 0.660185456 0.015312693 0.733328879 0.012435916 -0.679587960
1756587367832081152.000000 0.724043846 -0.014759818 0.659283161 -0.015287998 -0.740939975 -0.012338392 0.671283960
1756587367898762240.000000 0.724873126 -0.012861282 0.657851458 0.015079143 0.748272359 0.012307757 -0.663106084
1756587367965442560.000000 0.726855159 -0.013989892 0.658256173 0.015347588 0.755833268 0.012412450 -0.654466689
1756587368032124160.000000 0.727674901 -0.014440709 0.654780746 0.014917371 0.762991071 0.012320260 -0.646119475
1756587368098805248.000000 0.727688253 -0.011767678 0.651372254 0.014459033 0.770109951 0.011648402 -0.637641013
1756587368165486336.000000 0.728573024 -0.012953002 0.649673164 0.015103079 0.777218223 0.012625457 -0.628923237
1756587368232167680.000000 0.731055439 -0.015288094 0.648188829 -0.016252378 -0.783813000 -0.013097800 0.620646060
1756587368298848768.000000 0.732170880 -0.015612123 0.646144509 -0.015796591 -0.790348530 -0.012853234 0.612318993
1756587368365529088.000000 0.732825756 -0.014886258 0.647621274 -0.015437435 -0.797632277 -0.012187228 0.602823377
1756587368432210176.000000 0.734813631 -0.013880625 0.644394338 -0.015152041 -0.804166794 -0.012244136 0.594084442
1756587368498891264.000000 0.736129403 -0.013769045 0.642444313 -0.015402722 -0.810910642 -0.012006964 0.584843993
1756587368565572352.000000 0.738483787 -0.013210701 0.640017271 -0.015290971 -0.817665994 -0.012016059 0.575364351
1756587368632253440.000000 0.740973771 -0.014828061 0.638766468 0.015019781 0.824323952 0.011923540 -0.565793514
1756587368698934784.000000 0.743160784 -0.014808411 0.637777328 0.014776398 0.830710232 0.011597224 -0.556388021
1756587368765616384.000000 0.743183851 -0.014025068 0.636403382 -0.014635463 -0.836497128 -0.011839752 0.547647953
1756587368832296960.000000 0.744914532 -0.013340264 0.634693265 -0.014778975 -0.842291832 -0.012511986 0.538673878
1756587368898978560.000000 0.742487311 -0.014488921 0.635624468 -0.015448061 -0.848659515 -0.012556729 0.528564811
1756587368965659904.000000 0.746917307 -0.013183881 0.633721411 -0.015080228 -0.854241788 -0.012295648 0.519511759
1756587369032341248.000000 0.747199655 -0.013508386 0.633250117 -0.015266877 -0.860106170 -0.012391739 0.509736001
1756587369099022592.000000 0.748812437 -0.013752663 0.631700933 -0.015569510 -0.865575433 -0.012328140 0.500384629
1756587369165703936.000000 0.751284122 -0.010049044 0.628522813 0.014834376 0.870996296 0.011579520 -0.490929067
1756587369232385280.000000 0.753757298 -0.009976186 0.627448857 0.014712474 0.876475453 0.011381063 -0.481087148
1756587369265725184.000000 0.753000498 -0.015298242 0.628744483 -0.015868122 -0.879242897 -0.011940454 0.475959748
1756587369332406528.000000 0.754959464 -0.016489103 0.627193332 -0.016341049 -0.884111524 -0.012488940 0.466823190
1756587369399087872.000000 0.753875554 -0.015787257 0.627556264 -0.016449239 -0.889384329 -0.013136773 0.456675410
1756587369465768960.000000 0.755174100 -0.015187126 0.627163470 -0.016405350 -0.894723117 -0.012942735 0.446132183
1756587369532450304.000000 0.758417904 -0.015786404 0.625676990 -0.016817655 -0.899739981 -0.012740890 0.435916245
1756587369599131392.000000 0.760687828 -0.016766077 0.624688923 -0.017331827 -0.904635549 -0.013121854 0.425631344
1756587369665812736.000000 0.762893617 -0.018095426 0.624039650 -0.017555721 -0.909364104 -0.013985295 0.415395260
1756587369732493056.000000 0.765246987 -0.021040022 0.623808622 0.017945325 0.913863599 0.014696458 -0.405358464
1756587369765833984.000000 0.766190648 -0.020706136 0.624435663 0.017902356 0.916176260 0.014519728 -0.400112301
1756587369832515840.000000 0.764832199 -0.016829699 0.624719024 -0.017216934 -0.920965970 -0.013542956 0.389026910
1756587369899197184.000000 0.764145136 -0.017281283 0.628129482 -0.017069915 -0.925747454 -0.014551735 0.377476513
1756587369965878528.000000 0.766250730 -0.017795412 0.627516866 -0.017439375 -0.929868758 -0.014903741 0.367175549
1756587370032560128.000000 0.769680738 -0.016849961 0.623851061 -0.017862003 -0.933771670 -0.014407196 0.357132912
1756587370099241472.000000 0.771488547 -0.017149448 0.623493314 -0.017934952 -0.937759995 -0.013920506 0.346541137
1756587370132581120.000000 0.772908807 -0.016880212 0.622699142 -0.017886367 -0.939569533 -0.013881467 0.341608793
1756587370199262464.000000 0.775364757 -0.018886752 0.621347785 0.017948383 0.943181872 0.014173938 -0.331489086
1756587370265943808.000000 0.777376652 -0.017503329 0.620593309 0.017772399 0.946763873 0.013575592 -0.321151137
1756587370332625152.000000 0.777602971 -0.015696174 0.625027299 -0.017134074 -0.950565159 -0.014207198 0.309726596
1756587370399306496.000000 0.778861642 -0.019020185 0.623757124 -0.018138137 -0.953771830 -0.015092182 0.299604058
1756587370465987584.000000 0.780827284 -0.020107446 0.623930931 -0.018652136 -0.957014322 -0.015518088 0.289024144
1756587370532669184.000000 0.782881498 -0.016442146 0.625190496 -0.018507076 -0.960219979 -0.014848913 0.278234839
1756587370566009856.000000 0.783363402 -0.016246244 0.624918818 -0.018516682 -0.961845875 -0.014857998 0.272559941
1756587370666030592.000000 0.786366582 -0.016385766 0.624480009 -0.018322645 -0.966522396 -0.014558560 0.255512983
1756587370732713216.000000 0.789045215 -0.013975771 0.624294043 0.018121598 0.969490588 0.014133831 -0.244048849
1756587370799395840.000000 0.790958643 -0.014129648 0.624129534 0.018189909 0.972232997 0.014082395 -0.232881814
1756587370832736768.000000 0.790904641 -0.018830601 0.622764468 -0.019063137 -0.973478734 -0.015148484 0.227478385
1756587370899419392.000000 0.794220507 -0.017864935 0.621060848 -0.018409573 -0.975682735 -0.014802674 0.217911214
1756587370999442688.000000 0.797038436 -0.017443044 0.621309519 -0.018485107 -0.979110479 -0.014758314 0.201948732
1756587371066124288.000000 0.798931777 -0.017956750 0.621802807 -0.017842371 -0.981698751 -0.010225228 0.189327210
1756587371132806656.000000 0.799564600 -0.019955622 0.620903611 0.017726926 0.984447837 0.003206545 -0.174751103
1756587371199489024.000000 0.798709631 -0.016102234 0.612066627 0.017645253 0.986466646 0.007533096 -0.162835583
1756587371266171392.000000 0.796958804 -0.014654398 0.601612031 0.018642776 0.988031268 0.016790748 -0.152199924
1756587371332853760.000000 0.798726141 -0.015770681 0.593773305 -0.018474426 -0.989691317 -0.018265782 0.140841156
1756587371399536128.000000 0.799859166 -0.016471732 0.588572860 -0.018066457 -0.991179764 -0.015820438 0.130330428
1756587371466217216.000000 0.800124407 -0.016917687 0.585065961 -0.018106289 -0.992428422 -0.012670891 0.120820127
1756587371566240768.000000 0.800912380 -0.016278557 0.577130616 -0.018021435 -0.994268119 -0.013651040 0.104498141
1756587371632923136.000000 0.801148534 -0.015552495 0.569039345 -0.017728228 -0.995021462 -0.016845016 0.096614659
1756587371699606272.000000 0.799957812 -0.015931688 0.560785949 0.016741302 0.994782090 0.018346092 -0.098953344
1756587371766289152.000000 0.797553003 -0.015451938 0.555264950 0.017859185 0.994684637 0.016926514 -0.099985942
1756587371832972800.000000 0.796624780 -0.015417242 0.550382853 -0.017139947 -0.994741142 -0.015998777 0.099701598
1756587371899655936.000000 0.796272874 -0.016226381 0.542572081 -0.017222665 -0.994730830 -0.018152695 0.099420786
1756587371966338304.000000 0.795149148 -0.015880145 0.536029398 -0.017398454 -0.994757593 -0.018368671 0.099082254
1756587372033021696.000000 0.794169724 -0.015085448 0.531545043 -0.017099151 -0.994770944 -0.016117699 0.099390976
1756587372099705088.000000 0.792997956 -0.015621033 0.525737345 -0.017388396 -0.994722724 -0.015678156 0.099893533
1756587372166388224.000000 0.791533113 -0.015402328 0.518519998 -0.017219337 -0.994741917 -0.017218549 0.099476434
1756587372233071616.000000 0.791206598 -0.014198169 0.508154392 0.018071605 0.994650126 0.018036483 -0.100096188
1756587372299754752.000000 0.787808597 -0.015251584 0.504754007 -0.018130030 -0.994683981 -0.019431300 0.099486493
1756587372366437120.000000 0.786815464 -0.015981467 0.500032723 -0.017921269 -0.994679451 -0.017357623 0.099952213
1756587372433120512.000000 0.786391020 -0.015843555 0.493745685 -0.017823957 -0.994904935 -0.015382877 0.098029912
1756587372499803904.000000 0.788034976 -0.016283283 0.487829387 -0.017630083 -0.996091127 -0.017227465 0.084822796
1756587372566487296.000000 0.788037479 -0.015898367 0.481831133 -0.016908156 -0.996579528 -0.018115122 0.078836508
1756587372633170432.000000 0.786064684 -0.015337344 0.474396050 -0.017883155 -0.996464670 -0.019383160 0.079765841
1756587372699854848.000000 0.786057770 -0.015777953 0.466837049 0.017774692 0.996292889 0.017767347 -0.082272872
1756587372766539264.000000 0.785219073 -0.015945209 0.462359846 0.017352963 0.996181011 0.014226527 -0.084379897
1756587372833223168.000000 0.781824648 -0.015429595 0.459531248 -0.017508872 -0.996250689 -0.013420451 0.083654508
1756587372866565376.000000 0.781610548 -0.015259795 0.456200719 -0.017327426 -0.996257544 -0.014570296 0.083416954
1756587372933250304.000000 0.781375170 -0.014972962 0.446258962 -0.017046934 -0.996168256 -0.016653227 0.084148362
1756587372999935232.000000 0.780608237 -0.014961177 0.440520763 -0.016439933 -0.996129870 -0.014972901 0.085034087
1756587373099962368.000000 0.778151393 -0.015320340 0.434044063 -0.016799992 -0.996245146 -0.014006746 0.083768643
1756587373166647296.000000 0.780190229 -0.014489885 0.425332308 0.017226407 0.996962130 0.013100409 -0.074821219
1756587373233331200.000000 0.782258570 -0.014417807 0.419765711 0.017267652 0.997941375 0.013456449 -0.060280848
1756587373300016128.000000 0.782780707 -0.015822696 0.416177809 -0.016812615 -0.998554945 -0.013543103 0.049213957
1756587373366701056.000000 0.783273876 -0.015882406 0.410229743 -0.016229602 -0.998672426 -0.012691908 0.047210541
1756587373433385984.000000 0.781766593 -0.014565296 0.402268887 -0.016319528 -0.998517156 -0.012524236 0.050402034
1756587373500071168.000000 0.781354725 -0.014635578 0.396286547 -0.016293595 -0.998558521 -0.012302698 0.049640644
1756587373566756096.000000 0.780567288 -0.015233960 0.391167879 -0.016513547 -0.998586059 -0.013534440 0.048683424
1756587373633441280.000000 0.779850423 -0.014444206 0.383724272 0.016770164 0.998596966 0.011812945 -0.048819665
1756587373733468416.000000 0.778978467 -0.014831094 0.374756217 0.017045457 0.998582780 0.011488703 -0.049090419
1756587373800153856.000000 0.778753459 -0.015908564 0.368904889 -0.017363435 -0.998546124 -0.011759195 0.049657725
1756587373866839552.000000 0.778141260 -0.015489887 0.361786127 -0.017206779 -0.998528183 -0.012877748 0.049796090
1756587373900182528.000000 0.777469337 -0.015291983 0.358514726 -0.017378163 -0.998541236 -0.012704051 0.049517900
1756587373966868224.000000 0.776733518 -0.014365155 0.352268696 -0.017387612 -0.998571813 -0.010987933 0.049308356
1756587374066896896.000000 0.776331186 -0.015638668 0.344107389 -0.016918557 -0.998532474 -0.010870996 0.050283823
1756587374133581824.000000 0.776009500 -0.015084976 0.336629927 0.017689679 0.998557925 0.011112562 -0.049453355
1756587374200267520.000000 0.775542498 -0.015367094 0.329865754 0.017741440 0.998558164 0.011450062 -0.049353123
1756587374266953728.000000 0.773678064 -0.014483256 0.324094146 -0.016848490 -0.998539090 -0.011883193 0.049946453
1756587374333639680.000000 0.773114026 -0.014964312 0.317850530 -0.016909339 -0.998557806 -0.012038116 0.049513020
1756587374400325888.000000 0.772616506 -0.014839724 0.311874092 -0.016973503 -0.998587549 -0.010603284 0.049218759
1756587374467011584.000000 0.772080064 -0.015035734 0.305101156 -0.017439205 -0.998561502 -0.011158341 0.049460154
1756587374533698048.000000 0.771712542 -0.014666239 0.297995239 -0.016743310 -0.998542488 -0.012318882 0.049808376
1756587374600382976.000000 0.772848785 -0.016581992 0.291095406 0.016699588 0.998496830 0.013919841 -0.050312869
1756587374667068928.000000 0.771824002 -0.016251031 0.284709036 0.017074952 0.998533905 0.013870291 -0.049458157
1756587374733752832.000000 0.769315958 -0.014091985 0.278470784 -0.016712928 -0.998562574 -0.013283852 0.049163807
1756587374800436224.000000 0.768503428 -0.014117159 0.272171766 -0.017113140 -0.998537302 -0.012495485 0.049741872
1756587374833778432.000000 0.768425584 -0.014024699 0.268789381 -0.016631529 -0.998514295 -0.013216032 0.050179757
1756587374933803776.000000 0.767077684 -0.013915962 0.259290636 -0.016680142 -0.998540759 -0.012918438 0.049713254
1756587375000487680.000000 0.767815709 -0.013640834 0.253256440 -0.016958546 -0.998495877 -0.012506858 0.050617516
1756587375067170304.000000 0.767266452 -0.013614878 0.246771842 -0.016888842 -0.998512387 -0.012286064 0.050367150
1756587375133853952.000000 0.766567290 -0.015172752 0.240255058 0.017503727 0.998472333 0.013505979 -0.050638244
1756587375200537856.000000 0.765604556 -0.013040310 0.233597010 -0.016999554 -0.998456299 -0.012822903 0.051299620
1756587375267221760.000000 0.764839649 -0.012934564 0.226782501 -0.016793007 -0.998447597 -0.013321173 0.051410738
1756587375333905408.000000 0.764408052 -0.012585334 0.220342696 -0.016609468 -0.998455167 -0.013798887 0.051197119
1756587375400589568.000000 0.764055431 -0.012532672 0.214438617 -0.016873412 -0.998489976 -0.014004526 0.050368600
1756587375467272192.000000 0.762888014 -0.013026122 0.208259761 -0.017503457 -0.998505890 -0.013376700 0.050006844
1756587375533956096.000000 0.762079835 -0.013113631 0.202243030 -0.017300207 -0.998490214 -0.013677619 0.050309282
1756587375567298048.000000 0.761652231 -0.013044570 0.199069679 -0.017226685 -0.998499095 -0.013875158 0.050102141
1756587375633981696.000000 0.760967791 -0.011610463 0.190810233 0.017690616 0.998487711 0.014359731 -0.050032221
1756587375734007040.000000 0.760341942 -0.012133945 0.181074470 -0.017184803 -0.998461604 -0.016892551 0.049937524
1756587375800690432.000000 0.760091603 -0.011990897 0.175373405 -0.017268816 -0.998522103 -0.016100213 0.048951503
1756587375834032384.000000 0.759750247 -0.012541629 0.172621489 -0.017759241 -0.998542368 -0.015611799 0.048519250
1756587375900714752.000000 0.758942425 -0.012551360 0.166277736 -0.018384056 -0.998560786 -0.015718048 0.047868032
1756587375967397888.000000 0.758357346 -0.012152338 0.159525871 -0.018571591 -0.998504400 -0.015844349 0.048918851
1756587376034081536.000000 0.758293509 -0.012627846 0.152943283 -0.018249260 -0.998419583 -0.017270483 0.050268970
1756587376100764928.000000 0.757879734 -0.012486806 0.146778077 -0.017528806 -0.998413742 -0.017374920 0.050604690
1756587376167448576.000000 0.757239461 -0.012578757 0.140852600 -0.016993897 -0.998402834 -0.016582198 0.051265027
1756587376267473664.000000 0.757311404 -0.012756813 0.131205946 -0.016533190 -0.998464704 -0.016916029 0.050086837
1756587376300815360.000000 0.757065117 -0.012464684 0.127751321 -0.016784443 -0.998474121 -0.017983111 0.049441461
1756587376367497984.000000 0.756498218 -0.012515631 0.121094435 -0.017185079 -0.998474717 -0.017885208 0.049326386
1756587376467523072.000000 0.755990624 -0.012037693 0.111993700 -0.017029954 -0.998445451 -0.017563704 0.050082318
1756587376534206976.000000 0.755113304 -0.012281528 0.105816752 -0.016301529 -0.998428345 -0.017475743 0.050693627
1756587376567548416.000000 0.754952908 -0.012280855 0.102860123 -0.016545815 -0.998440921 -0.017291991 0.050427292
1756587376634232320.000000 0.755027175 -0.011064578 0.096235335 0.017120263 0.998475969 0.015826790 -0.050021388
1756587376700914688.000000 0.753010452 -0.012298856 0.089824051 -0.017407706 -0.998456717 -0.017859481 0.049620509
1756587376767596544.000000 0.752158225 -0.012700407 0.083069041 -0.016787652 -0.998434842 -0.018511422 0.050034754
1756587376834277120.000000 0.751837969 -0.012693593 0.076991484 -0.015986176 -0.998435020 -0.017986422 0.050483380
1756587376900958976.000000 0.751215398 -0.012587445 0.070825219 -0.015809940 -0.998464465 -0.018578939 0.049734581
1756587376967640576.000000 0.750658631 -0.012141118 0.064466000 -0.016101126 -0.998499811 -0.018655637 0.048896987
1756587377000981760.000000 0.750767410 -0.012068901 0.061622053 -0.015786620 -0.998523057 -0.017420845 0.048979573
1756587377067663360.000000 0.750728965 -0.012011115 0.055637822 -0.016033953 -0.998533249 -0.017536890 0.048650194
1756587377134344960.000000 0.750393748 -0.012250412 0.049546018 -0.016419956 -0.998542130 -0.016940877 0.048550013
1756587377201026560.000000 0.749817967 -0.012386030 0.043489441 -0.016297536 -0.998536408 -0.016996883 0.048688170
1756587377267707392.000000 0.749061465 -0.012096358 0.037005663 -0.016659856 -0.998537838 -0.017556474 0.048337989
1756587377334388992.000000 0.748602331 -0.011921465 0.030636132 -0.016511573 -0.998497248 -0.017109044 0.049375761
1756587377401070592.000000 0.748130918 -0.012049353 0.024173141 -0.016854912 -0.998476505 -0.017451787 0.049559496
1756587377467752192.000000 0.747425675 -0.011737026 0.017805353 -0.016782191 -0.998457253 -0.016884791 0.050164271
1756587377534433792.000000 0.746802747 -0.011881016 0.011112154 0.016703418 0.998438239 0.017651977 -0.050304592
1756587377601115136.000000 0.746768951 -0.012212313 0.005641177 -0.016439417 -0.998438179 -0.016164755 0.050890151
1756587377667796736.000000 0.746225357 -0.012308786 -0.000418738 -0.016241483 -0.998467743 -0.015939917 0.050442453
1756587377734477056.000000 0.745222211 -0.012334876 -0.006173357 -0.016245307 -0.998466909 -0.015479445 0.050599776
1756587377801158400.000000 0.744749665 -0.012471605 -0.012239307 -0.016263207 -0.998456836 -0.014532222 0.051070947
1756587377867839488.000000 0.744332671 -0.011918708 -0.018854216 -0.016651021 -0.998473644 -0.014972072 0.050488140
1756587377934520832.000000 0.744062006 -0.012128171 -0.025605880 -0.016495710 -0.998437226 -0.015305754 0.051155310
1756587378001201920.000000 0.743212461 -0.012223891 -0.032277882 0.016105354 0.998426557 0.015545461 -0.051414128
1756587378067883008.000000 0.743500948 -0.013499668 -0.037295818 -0.015889723 -0.998425364 -0.014234332 0.051882558
1756587378134563328.000000 0.743270218 -0.013328892 -0.043681912 -0.015957285 -0.998429239 -0.014904746 0.051598605
1756587378167904000.000000 0.742995083 -0.012901058 -0.047326982 -0.016288592 -0.998416781 -0.015769115 0.051477864
1756587378234585088.000000 0.742361128 -0.012551887 -0.054050323 -0.016150089 -0.998394728 -0.015205733 0.052115105
1756587378301266176.000000 0.741567314 -0.012597443 -0.060231041 -0.016210129 -0.998380244 -0.015555155 0.052270256
1756587378367947264.000000 0.741164088 -0.012746126 -0.065320984 -0.016294859 -0.998452067 -0.013166270 0.051523909
1756587378434628608.000000 0.740830719 -0.013138819 -0.070953645 -0.016214866 -0.998461127 -0.012685714 0.051493563
1756587378467969024.000000 0.740590990 -0.013102358 -0.074671917 0.016412474 0.998456180 0.013758025 -0.051250387
1756587378534649856.000000 0.739068687 -0.012251861 -0.081409991 -0.016675755 -0.998474658 -0.013860183 0.050776374
1756587378601329920.000000 0.738564074 -0.012256424 -0.087718830 -0.016694671 -0.998441875 -0.014075466 0.051351845
1756587378668011520.000000 0.737690151 -0.011851860 -0.093911991 -0.016825693 -0.998469472 -0.013573757 0.050906368
1756587378734695168.000000 0.737101555 -0.012494058 -0.099267550 -0.017360330 -0.998494744 -0.011752781 0.050683480
1756587378768037120.000000 0.736878157 -0.012679657 -0.102319762 -0.017178491 -0.998476684 -0.012524581 0.050915111
1756587378834720768.000000 0.736424804 -0.012434341 -0.108911470 -0.017170364 -0.998460889 -0.012762667 0.051167730
1756587378868062976.000000 0.735921681 -0.012364323 -0.112185642 -0.017343279 -0.998468339 -0.013231425 0.050844636
1756587378934746624.000000 0.734278619 -0.012122869 -0.119024165 0.017890610 0.998458683 0.014673970 -0.050446957
1756587379001430784.000000 0.733635426 -0.012261497 -0.125422716 0.018164055 0.998409986 0.014020035 -0.051489267
1756587379034771456.000000 0.733760655 -0.011497268 -0.128705367 -0.017995564 -0.998394012 -0.013097585 0.052096859
1756587379101455104.000000 0.733215928 -0.011480339 -0.134734035 -0.018072240 -0.998427510 -0.012924819 0.051468365
1756587379168139520.000000 0.731989801 -0.010512364 -0.141896665 -0.018388966 -0.998268127 -0.017474610 0.053078566
1756587379201481216.000000 0.731255472 -0.010099530 -0.144714564 -0.018682890 -0.998026192 -0.020144742 0.056470316
1756587379268165376.000000 0.729811370 -0.010524507 -0.144985408 -0.018597681 -0.997549713 -0.017588947 0.065110549
1756587379301507072.000000 0.728878379 -0.010398746 -0.143750712 -0.018562049 -0.997316480 -0.014976613 0.069217235
1756587379368191232.000000 0.727476537 -0.011407977 -0.142387554 -0.018960483 -0.996498942 -0.010627344 0.080731072
1756587379401532928.000000 0.726579130 -0.011604954 -0.142531127 0.018574730 0.996013701 0.010022064 -0.086667337
1756587379434875136.000000 0.726004839 -0.012290858 -0.142927036 -0.018400883 -0.995441973 -0.010870709 0.092944227
1756587379501558016.000000 0.724036753 -0.011437101 -0.145091191 -0.018660365 -0.994251668 -0.013454123 0.104568310
1756587379534899968.000000 0.723010302 -0.011234984 -0.146381706 -0.018466540 -0.993629098 -0.014811254 0.110185407
1756587379601583872.000000 0.720800877 -0.011303164 -0.147297114 -0.018160500 -0.992377877 -0.014728833 0.120993853
1756587379668267776.000000 0.718972385 -0.011881396 -0.146848947 -0.018082833 -0.990986705 -0.013718676 0.132023484
1756587379701687296.000000 0.718190789 -0.011955708 -0.146844059 -0.017997248 -0.990226269 -0.013606784 0.137633383
1756587379768527616.000000 0.716301024 -0.012044923 -0.147760734 -0.018087300 -0.988571465 -0.014268375 0.148982465
1756587379835369984.000000 0.713724852 -0.011779569 -0.148711324 0.018310357 0.986848414 0.015287428 -0.159878865
1756587379868792064.000000 0.712743580 -0.012039915 -0.149053767 0.018096512 0.985960841 0.015789723 -0.165240690
1756587379935636224.000000 0.712226033 -0.012314238 -0.150206283 -0.018293861 -0.983758867 -0.014454674 0.177974552
1756587379969059584.000000 0.711382926 -0.012354955 -0.149846584 -0.018244103 -0.982681930 -0.013970031 0.183870241
1756587380035908096.000000 0.709724128 -0.012534538 -0.149764299 -0.018195983 -0.980445087 -0.013288547 0.195498943
1756587380102758400.000000 0.707293391 -0.012476921 -0.150683194 -0.018400338 -0.978130043 -0.013950433 0.206708863
1756587380169610752.000000 0.704554856 -0.012060031 -0.151260078 -0.018559458 -0.975685120 -0.015128987 0.217865229
1756587380236464896.000000 0.702464581 -0.012123348 -0.151830405 -0.018342519 -0.972940445 -0.015926313 0.229775637
1756587380269893120.000000 0.701100707 -0.011632884 -0.151549935 0.018265227 0.971656680 0.015631439 -0.235170990
1756587380336750592.000000 0.698867917 -0.011371030 -0.151361287 0.018094452 0.969045281 0.015453854 -0.245733842
1756587380403608576.000000 0.696762264 -0.011575293 -0.151404977 0.017628348 0.966387093 0.015658204 -0.256008118
1756587380437039104.000000 0.696551323 -0.011000497 -0.152012348 -0.017582517 -0.964732945 -0.014979101 0.262215316
1756587380503901696.000000 0.694488943 -0.010716232 -0.151601881 -0.017380474 -0.961766005 -0.014110766 0.272956043
1756587380537333504.000000 0.693600833 -0.010982400 -0.151823372 -0.017430088 -0.960168064 -0.014169375 0.278518885
1756587380604198656.000000 0.691104233 -0.011084439 -0.151780427 -0.017316323 -0.957002223 -0.014508461 0.289199769
1756587380671065344.000000 0.688942075 -0.010693811 -0.151714295 -0.017413180 -0.953741372 -0.014556224 0.299770474
1756587380737736448.000000 0.686929345 -0.010466242 -0.151343167 -0.017732786 -0.950236738 -0.014360233 0.310692072
1756587380804402944.000000 0.683998525 -0.010998141 -0.150639951 0.017894786 0.946694493 0.015331409 -0.321269780
1756587380871069952.000000 0.681968749 -0.010617735 -0.151158154 -0.018558696 -0.942607462 -0.015622563 0.333020568
1756587380937736448.000000 0.679420710 -0.010241902 -0.151068866 -0.018878888 -0.938638330 -0.016349234 0.343997806
1756587381004402944.000000 0.677296162 -0.010236366 -0.150515079 -0.018652331 -0.934600055 -0.015888933 0.354855567
1756587381037736192.000000 0.676374435 -0.010468487 -0.149953783 -0.018417543 -0.932569504 -0.015461878 0.360188812
1756587381104402176.000000 0.674604952 -0.010283414 -0.148706138 -0.018413981 -0.928434372 -0.014233876 0.370766729
1756587381171067904.000000 0.673447967 -0.010520218 -0.147986650 -0.018232457 -0.924063563 -0.013499080 0.381565094
1756587381204400896.000000 0.672260523 -0.010175206 -0.147567928 0.017922370 0.922028542 0.013254552 -0.386479527
1756587381271065344.000000 0.670248628 -0.010180166 -0.145714939 -0.018187666 -0.917975485 -0.013700100 0.395983070
1756587381337730304.000000 0.668267965 -0.010233406 -0.145547807 -0.018346272 -0.913431287 -0.014193304 0.406331539
1756587381404395264.000000 0.666077256 -0.010867827 -0.145296216 -0.018567257 -0.908825278 -0.014855077 0.416498810
1756587381437727488.000000 0.664899588 -0.011140345 -0.145116568 -0.018810334 -0.906502664 -0.015064647 0.421511799
1756587381504392192.000000 0.662536800 -0.011110539 -0.144282758 -0.019072710 -0.901631713 -0.015525639 0.431804866
1756587381571056384.000000 0.660253167 -0.010760246 -0.143826485 -0.019366048 -0.896663129 -0.015755747 0.442009062
1756587381604388352.000000 0.658893585 -0.010208191 -0.143594742 0.019370902 0.894279659 0.015486218 -0.446820945
1756587381671052544.000000 0.657221556 -0.010359840 -0.141867340 0.019027743 0.889571011 0.014695448 -0.456163853
1756587381737774336.000000 0.655647337 -0.009356892 -0.141318321 -0.018610839 -0.884268880 -0.013868975 0.466401100
1756587381804583936.000000 0.653427899 -0.009732950 -0.140952826 -0.018641043 -0.878770113 -0.014554879 0.476659000
1756587381837989376.000000 0.652444541 -0.010031752 -0.140645266 -0.018268218 -0.876182973 -0.014502853 0.481413841
1756587381904801280.000000 0.651243865 -0.009800106 -0.139234006 -0.017936613 -0.870794415 -0.013686766 0.491129518
1756587381971614720.000000 0.650237799 -0.009558975 -0.138136804 -0.017723015 -0.865258217 -0.012878045 0.500847578
1756587382038429440.000000 0.648293018 -0.009741927 -0.136871755 -0.016832951 -0.859742105 -0.010810996 0.510336637
1756587382071837696.000000 0.647093177 -0.010739571 -0.136902034 0.015607526 0.856220901 0.009267497 -0.516290963
1756587382138653696.000000 0.641529918 -0.011332912 -0.135842264 -0.014702175 -0.849066973 -0.004916649 0.528057814
1756587382205472768.000000 0.632221401 -0.009973014 -0.137475133 -0.016262902 -0.843138874 -0.010072686 0.537355602
1756587382238882560.000000 0.626433074 -0.009006369 -0.139525652 -0.017848523 -0.839934349 -0.014643438 0.542196810
1756587382305703680.000000 0.616781175 -0.008210873 -0.141175687 -0.019050997 -0.833011091 -0.014378113 0.552741349
1756587382372526080.000000 0.610978365 -0.008813887 -0.140618384 -0.017716724 -0.826360643 -0.011442542 0.562746346
1756587382405937920.000000 0.608423352 -0.008935591 -0.140593052 -0.016932774 -0.823406398 -0.010216095 0.567107499
1756587382472762880.000000 0.601261497 -0.009257773 -0.142403424 -0.016601723 -0.816882074 -0.010185089 0.576475799
1756587382539589376.000000 0.592839003 -0.009073141 -0.144294143 0.017116370 0.809593320 0.012655396 -0.586605072
1756587382606416128.000000 0.585221052 -0.008376842 -0.145322680 0.017085962 0.802847385 0.012954474 -0.595799029
1756587382639830784.000000 0.583270073 -0.008513579 -0.143174052 -0.016463879 -0.800171018 -0.011739790 0.599430978
1756587382706661120.000000 0.577502310 -0.008071150 -0.142969251 -0.015606792 -0.794103861 -0.010311299 0.607494175
1756587382773353728.000000 0.570288956 -0.007646770 -0.142772079 -0.016609007 -0.788325429 -0.010900953 0.614937782
1756587382840005632.000000 0.561294317 -0.007553068 -0.142698824 -0.017351579 -0.781429291 -0.012501591 0.623627126
1756587382873331456.000000 0.558080316 -0.007459944 -0.142637849 -0.016783275 -0.777709663 -0.012452906 0.628276229
1756587382939982592.000000 0.553267539 -0.008120217 -0.140863597 -0.015548878 -0.770924568 -0.009313933 0.636668622
1756587383006633472.000000 0.546497941 -0.008136960 -0.140590727 -0.016132517 -0.763649464 -0.010723012 0.645340502
1756587383073282560.000000 0.535738826 -0.007216041 -0.140938342 0.016610404 0.756175280 0.012779430 -0.654033482
1756587383106607360.000000 0.532168269 -0.007422023 -0.140229523 0.016678447 0.752843857 0.012266341 -0.657873571
1756587383173256960.000000 0.527148366 -0.007414249 -0.138263881 -0.015292670 -0.746110678 -0.009117133 0.665583909
1756587383206581248.000000 0.523922861 -0.007518807 -0.138875246 -0.015272688 -0.741885602 -0.009256826 0.670288742
1756587383273229824.000000 0.516466975 -0.006676251 -0.138003409 -0.015592324 -0.734688044 -0.009847518 0.678154409
1756587383339877632.000000 0.509264469 -0.006141123 -0.135971427 -0.014679958 -0.726649344 -0.009455695 0.686786592
1756587383406525184.000000 0.502454340 -0.006309573 -0.134014308 -0.015250058 -0.719257593 -0.009493156 0.694511235
1756587383439848704.000000 0.499164402 -0.006737439 -0.133069932 -0.015290258 -0.715243042 -0.009112138 0.698649108
1756587383506494208.000000 0.492219657 -0.006996012 -0.131459564 -0.015530411 -0.706792176 -0.009375020 0.707188725
1756587383573140480.000000 0.483734637 -0.005777884 -0.128496498 -0.018201321 -0.699773848 -0.012067009 0.714030623
1756587383639786240.000000 0.481639445 -0.005450079 -0.127638310 -0.018301761 -0.693328619 -0.012704488 0.720277131
1756587383673108480.000000 0.483421385 -0.005485398 -0.126252294 -0.016068021 -0.690860748 -0.010370728 0.722734988
1756587383739756032.000000 0.484561682 -0.004460308 -0.124872208 -0.012785344 -0.684555829 -0.006706301 0.728817463
1756587383806409216.000000 0.484350294 -0.005260350 -0.122786224 -0.012723154 -0.676324725 -0.006686132 0.736463428
1756587383873061376.000000 0.482072502 -0.004986422 -0.121877760 -0.014321608 -0.668684065 -0.008921944 0.743355155
1756587383906386432.000000 0.481937349 -0.005139883 -0.120719969 -0.014247201 -0.665042698 -0.009019282 0.746614993
1756587383973038080.000000 0.480711997 -0.004293270 -0.118806422 -0.014346584 -0.656906247 -0.008172046 0.753791511
1756587384039689216.000000 0.480639249 -0.003547360 -0.117476374 -0.013457906 -0.648922086 -0.007253512 0.760701299
1756587384106339840.000000 0.481094420 -0.004123097 -0.115527928 -0.013454590 -0.640842438 -0.007249311 0.767520308
1756587384172989952.000000 0.480438977 -0.004354750 -0.113259345 -0.013566978 -0.632632136 -0.007431073 0.774297953
1756587384239639040.000000 0.480230391 -0.005165599 -0.111291707 -0.014044032 -0.623330593 -0.007527266 0.781796157
1756587384306288128.000000 0.480166554 -0.005058066 -0.107787013 -0.014253580 -0.614326060 -0.007714130 0.788885951
1756587384339612416.000000 0.479923636 -0.004917680 -0.107165992 -0.014150357 -0.609347582 -0.007941216 0.792737186
1756587384406259712.000000 0.478487879 -0.004337175 -0.104601532 -0.014037042 -0.600260377 -0.007998452 0.799641550
1756587384472907264.000000 0.478333414 -0.004402351 -0.102139533 -0.014128407 -0.591795683 -0.007902264 0.805925429
1756587384539554304.000000 0.477885067 -0.004653513 -0.100528985 -0.013408021 -0.582566738 -0.007742513 0.812635481
1756587384606200832.000000 0.477554202 -0.004727856 -0.098377079 -0.013369831 -0.573354125 -0.007830748 0.819161117
1756587384672847360.000000 0.476646334 -0.005320449 -0.096289843 -0.013534228 -0.564024568 -0.008291859 0.825605452
1756587384739494912.000000 0.476717532 -0.004742127 -0.095419586 -0.013194582 -0.554021597 -0.007989721 0.832359433
1756587384806145280.000000 0.475928336 -0.004430224 -0.093358517 -0.012739643 -0.544607460 -0.007719772 0.838558853
1756587384872796416.000000 0.480670452 -0.005287145 -0.089399517 -0.012558964 -0.536273360 -0.007569176 0.843917012
1756587384939446784.000000 0.480937451 -0.004678043 -0.087741196 -0.012354612 -0.526649296 -0.007065784 0.849963546
1756587385006096896.000000 0.482454062 -0.004616885 -0.086282194 -0.012135064 -0.516687095 -0.006432388 0.856064141
1756587385039421440.000000 0.483085394 -0.005438101 -0.085367873 -0.012127944 -0.511478662 -0.006150609 0.859188437
1756587385106070784.000000 0.482952237 -0.005045878 -0.083286941 -0.011923951 -0.501664162 -0.005693277 0.864961624
1756587385172719360.000000 0.481599152 -0.004388539 -0.081760123 -0.012365512 -0.492034107 -0.005407731 0.870471299
1756587385239367424.000000 0.480196834 -0.003615417 -0.078727528 -0.012522858 -0.482558161 -0.005357895 0.875758052
1756587385306013696.000000 0.480892956 -0.003890675 -0.074412212 -0.013074270 -0.473249644 -0.005390787 0.880814910
1756587385372660992.000000 0.482214719 -0.001848048 -0.069204837 -0.011989507 -0.464949965 -0.004725447 0.885243237
1756587385439307520.000000 0.483380497 -0.002336125 -0.066698760 -0.011740025 -0.455823690 -0.004477009 0.889981449
1756587385505953024.000000 0.483583391 -0.001559831 -0.064713255 -0.011515396 -0.446119279 -0.004168116 0.894889712
1756587385539275776.000000 0.484115601 -0.001525251 -0.063463286 -0.011365637 -0.440997541 -0.004260788 0.897426248
1756587385605921024.000000 0.484908223 -0.000961719 -0.061845645 -0.010838131 -0.430862010 -0.003855257 0.902344584
1756587385672565760.000000 0.485829026 -0.001286444 -0.059750006 -0.007176654 -0.420170575 -0.001738257 0.907415152
1756587385739211520.000000 0.483192176 -0.001435379 -0.055092916 -0.003704189 -0.406359971 0.000536476 0.913705409
1756587385805865216.000000 0.478314102 -0.001339978 -0.046900615 -0.006845209 -0.394662499 -0.000681569 0.918800473
1756587385872518400.000000 0.472765386 -0.004524607 -0.039577670 -0.013504041 -0.382050991 -0.004777784 0.924030304
1756587385939170816.000000 0.469207048 -0.003888280 -0.032820486 -0.013204464 -0.370228827 -0.003609742 0.928839743
1756587386005822976.000000 0.466169685 -0.004515275 -0.027211629 -0.010453432 -0.360680640 -0.002261040 0.932628095
1756587386072474624.000000 0.463610470 -0.005058726 -0.021639317 -0.009388268 -0.350604385 -0.001706601 0.936475039
1756587386105800192.000000 0.461982816 -0.005217521 -0.017828353 -0.009618455 -0.345329314 -0.001591583 0.938430965
1756587386172450048.000000 0.457656145 -0.005020111 -0.010025516 -0.010927455 -0.334334195 -0.002169373 0.942388773
1756587386239099904.000000 0.453434467 -0.004638750 -0.002219476 -0.012933684 -0.323145896 -0.002926002 0.946256280
1756587386305749760.000000 0.450474203 -0.004486378 0.005698085 -0.012340985 -0.312263638 -0.002303533 0.949912548
1756587386372399104.000000 0.448325694 -0.004478818 0.011593632 -0.011546170 -0.301466525 -0.002277688 0.953404129
1756587386405723392.000000 0.446706265 -0.005940163 0.016526842 -0.012243692 -0.296762794 -0.002836779 0.954868555
1756587386472371712.000000 0.444407791 -0.006141726 0.023251850 -0.011769893 -0.286313087 -0.003103058 0.958058834
1756587386539019776.000000 0.441453338 -0.005941418 0.030585267 -0.012042135 -0.275303721 -0.002791839 0.961277843
1756587386605666048.000000 0.439206570 -0.006159816 0.038117237 -0.012627196 -0.264799833 -0.002579697 0.964217246
1756587386672313088.000000 0.437336177 -0.006420404 0.046236373 -0.012321685 -0.254074246 -0.002331094 0.967103422
1756587386738961920.000000 0.435862422 -0.006878230 0.052531071 -0.011278694 -0.242497697 -0.001915542 0.970084548
1756587386805615104.000000 0.434131563 -0.006550813 0.060086921 -0.010576516 -0.231332049 -0.002331049 0.972814560
1756587386872268288.000000 0.433259726 -0.007745082 0.067659497 -0.010426515 -0.220856220 -0.002141707 0.975248337
1756587386938920704.000000 0.432061285 -0.006712561 0.074579254 -0.010114703 -0.209669068 -0.001863528 0.977718413
1756587387005572608.000000 0.430750012 -0.006896527 0.082615167 -0.010477571 -0.198827758 -0.002002514 0.979976416
1756587387072222976.000000 0.429734766 -0.006790144 0.090393342 -0.009707446 -0.188691393 -0.001069023 0.981987894
1756587387172199168.000000 0.429064125 -0.006811828 0.102285221 -0.009165731 -0.172840804 -0.000852802 0.984906733
1756587387238849280.000000 0.428783178 -0.006786847 0.109447874 -0.008462076 -0.161280125 -0.000381246 0.986872315
1756587387305498880.000000 0.428481907 -0.006957286 0.117488518 -0.009019570 -0.150861502 -0.000755194 0.988513529
1756587387372147968.000000 0.427733779 -0.006839452 0.124502689 -0.007935903 -0.149788082 -0.000044618 0.988686383
1756587387438796288.000000 0.425509661 -0.007194211 0.129868194 -0.007074691 -0.151996478 -0.000503416 0.988355637
1756587387538767360.000000 0.420984954 -0.007500160 0.136378884 -0.008503506 -0.152172104 -0.001066241 0.988316894
1756587387605414912.000000 0.419046521 -0.007851324 0.142703816 -0.008388177 -0.151948303 -0.000593102 0.988352716
1756587387672061440.000000 0.417088985 -0.007766059 0.148949921 -0.007281991 -0.152142435 -0.000865221 0.988331378
1756587387738711296.000000 0.415318221 -0.007952783 0.154419765 -0.006736977 -0.154355437 -0.000939999 0.987991989
1756587387805365248.000000 0.411618531 -0.007272664 0.160142362 -0.007376403 -0.167634130 -0.000843411 0.985821366
1756587387872018688.000000 0.407029778 -0.007043685 0.163487673 -0.006864048 -0.180775821 -0.001046498 0.983499825
1756587387938670336.000000 0.403030008 -0.008252459 0.167215630 -0.006596028 -0.189393058 -0.001287109 0.981878400
1756587388005322752.000000 0.399888068 -0.008275980 0.174204782 -0.008000309 -0.187278315 -0.001850680 0.982272625
1756587388071974400.000000 0.399027556 -0.007070979 0.180689037 -0.007684350 -0.185667694 -0.001196692 0.982581913
1756587388171951616.000000 0.395454735 -0.006906625 0.189127639 -0.006050135 -0.186275661 -0.000860442 0.982478499
1756587388238602240.000000 0.392766625 -0.007222836 0.195476398 -0.006201721 -0.185630739 -0.000863275 0.982599676
1756587388305252352.000000 0.389899880 -0.007378224 0.202264085 -0.008088628 -0.185060591 -0.001783113 0.982692242
1756587388405225216.000000 0.385289520 -0.006960300 0.210602373 -0.006522652 -0.184238911 -0.001860529 0.982858121
1756587388471874304.000000 0.383328736 -0.007560629 0.216430664 -0.006036520 -0.184186086 -0.001820754 0.982871175
1756587388538522624.000000 0.383209616 -0.007381355 0.223852709 -0.007449707 -0.184445828 -0.002476862 0.982811391
1756587388638494208.000000 0.378673702 -0.008033194 0.231590316 -0.006217098 -0.183988705 -0.001666692 0.982907295
1756587388671817728.000000 0.379415393 -0.008628158 0.234997198 -0.005726075 -0.179970324 -0.000776121 0.983655095
1756587388771794432.000000 0.377664357 -0.008320949 0.247228518 -0.006887162 -0.157196641 -0.000384960 0.987543285
1756587388871775232.000000 0.377523273 -0.008223462 0.259254932 -0.006173791 -0.147928953 0.000307971 0.988978684
1756587388938428928.000000 0.374999106 -0.008262586 0.265021652 -0.007412239 -0.152343899 0.000357538 0.988299668
1756587388971755776.000000 0.373480797 -0.008254443 0.267805815 -0.007642508 -0.153173387 0.000196425 0.988169789
1756587389071735552.000000 0.370590895 -0.008366277 0.277494431 -0.006981866 -0.153425157 0.000586343 0.988135397
1756587389138387968.000000 0.367826223 -0.008320448 0.283529043 -0.007833610 -0.153201848 -0.000083551 0.988163888
1756587389238365696.000000 0.365687102 -0.008078981 0.292332917 -0.007378186 -0.154000908 0.000385125 0.988043129
1756587389305016064.000000 0.364291459 -0.008303131 0.298460454 -0.007493598 -0.155013233 0.000711905 0.987883747
1756587389371666944.000000 0.360398024 -0.008077629 0.304676950 -0.007042114 -0.154099628 0.000544645 0.988030076
1756587389471642368.000000 0.359263241 -0.008233719 0.313924164 -0.007222157 -0.154981345 0.000753827 0.987890780
1756587389538291712.000000 0.357674778 -0.008049898 0.320917279 -0.007388819 -0.154977471 0.000851814 0.987890065
1756587389638265344.000000 0.355361402 -0.008322098 0.329507798 -0.006367914 -0.154650286 0.001155877 0.987948060
1756587389704912896.000000 0.353354454 -0.008365364 0.336002797 -0.006536224 -0.154667526 0.001183064 0.987944305
1756587389771566848.000000 0.350283653 -0.008194835 0.341986835 -0.007764741 -0.154434577 0.001196271 0.987971842
1756587389838222336.000000 0.348143905 -0.008367787 0.348302811 -0.008560898 -0.154339522 0.000989961 0.987980306
1756587389904877312.000000 0.347392738 -0.008065959 0.355298489 -0.007684305 -0.155036122 0.001612853 0.987877607
1756587390004858368.000000 0.344849885 -0.008604826 0.364320040 -0.007457665 -0.155137673 0.001758655 0.987863183
1756587390071512320.000000 0.342692465 -0.008674763 0.370975226 -0.008514205 -0.155581862 0.001807730 0.987784684
1756587390138164224.000000 0.339744002 -0.009393027 0.376881957 -0.008959865 -0.154934600 0.002219204 0.987881601
1756587390238142976.000000 0.337163419 -0.009211002 0.385901541 -0.008265221 -0.154786080 0.001699943 0.987912059
1756587390304795392.000000 0.335289925 -0.009572590 0.391846567 -0.008539998 -0.154847190 0.001689365 0.987900138
1756587390371446784.000000 0.333598495 -0.009689317 0.397581577 -0.007851410 -0.155103222 0.001812050 0.987865448
1756587390438097664.000000 0.331760913 -0.009687797 0.403873563 -0.008193087 -0.154935494 0.001968006 0.987888694
1756587390538073600.000000 0.328772545 -0.010099776 0.414046317 -0.009552318 -0.154837906 0.002186581 0.987891316
1756587390604722432.000000 0.326409340 -0.009611322 0.420549035 -0.009012925 -0.154171780 0.001499397 0.988001823
1756587390671372032.000000 0.324627966 -0.009782805 0.426686496 -0.009468956 -0.154188812 0.001395780 0.987995028
1756587390738022400.000000 0.322385192 -0.009344373 0.432372689 -0.008038969 -0.154382452 0.001243728 0.987977684
1756587390838004224.000000 0.320019543 -0.010306996 0.440580964 -0.007449820 -0.155494645 0.001760469 0.987807095
1756587390904658688.000000 0.318369448 -0.010789315 0.447010756 -0.007802843 -0.155403942 0.002239964 0.987817705
1756587390971312384.000000 0.315386266 -0.008591155 0.455208212 -0.006653565 -0.153935730 0.001213319 0.988057733
1756587391037964288.000000 0.313216329 -0.009147415 0.461143732 -0.007287476 -0.153798848 0.000866170 0.988074958
1756587391104617216.000000 0.312596649 -0.011856637 0.464302629 -0.009099798 -0.155553997 0.001704321 0.987784088
1756587391204595200.000000 0.309826881 -0.012283719 0.472996235 -0.008323876 -0.154877275 0.001702463 0.987897158
1756587391271246848.000000 0.307564735 -0.012472119 0.479244292 -0.009421019 -0.155185789 0.001436552 0.987839401
1756587391337897728.000000 0.305460066 -0.012079240 0.486299992 -0.010348774 -0.155773878 0.001336742 0.987737596
1756587391404548096.000000 0.302275777 -0.010341749 0.493553996 -0.009898268 -0.155512154 0.000624850 0.987784207
1756587391471197440.000000 0.300088704 -0.010389609 0.499429971 -0.009061999 -0.155558884 0.000661646 0.987784863
1756587391537846528.000000 0.299477875 -0.011884853 0.504991233 -0.009451073 -0.156462684 0.000398577 0.987638593
1756587391637819904.000000 0.296322972 -0.012013700 0.514445961 -0.010082161 -0.156731933 -0.000126295 0.987589777
1756587391704468480.000000 0.292189628 -0.011948850 0.521830440 -0.010087149 -0.155238569 -0.000752417 0.987825215
1756587391771121920.000000 0.290124893 -0.012046161 0.527853012 -0.009873961 -0.155354306 -0.001190465 0.987808764
1756587391837776896.000000 0.288502842 -0.010362535 0.532631278 -0.008570786 -0.156304806 -0.001391746 0.987670720
1756587391937757184.000000 0.285677820 -0.010638917 0.542720914 -0.010395252 -0.156624362 -0.001747051 0.987601995
1756587392004411136.000000 0.284220517 -0.010383265 0.548800826 -0.009458919 -0.156466722 -0.001482282 0.987636864
1756587392071064576.000000 0.282255292 -0.010208704 0.554463506 -0.008255078 -0.157079145 -0.001168251 0.987550855
1756587392137716992.000000 0.280234098 -0.010688130 0.560225010 -0.008697303 -0.157209337 -0.001256105 0.987526298
1756587392204369408.000000 0.277720422 -0.010735081 0.567107916 -0.010088151 -0.156100288 -0.002182352 0.987687349
1756587392271020800.000000 0.276010185 -0.010362269 0.574481010 -0.011227454 -0.156662568 -0.001929408 0.987586558
1756587392337672448.000000 0.273701072 -0.010153338 0.581333339 -0.012531691 -0.156666741 -0.002308905 0.987569392
1756587392404321792.000000 0.272145957 -0.010273905 0.587661624 -0.011985379 -0.157160476 -0.002476147 0.987497330
1756587392504297216.000000 0.268595994 -0.010172316 0.595567465 -0.010826699 -0.156550020 -0.002216042 0.987608314
1756587392570946816.000000 0.266497314 -0.010182653 0.601504922 -0.011424221 -0.156781390 -0.002363914 0.987564504
1756587392637595904.000000 0.263675541 -0.010141357 0.609476745 -0.012105055 -0.156122878 -0.003552794 0.987657070
1756587392704244480.000000 0.261996806 -0.010180096 0.614514232 -0.012652856 -0.156623870 -0.002874603 0.987573087
1756587392770896896.000000 0.260006934 -0.010162529 0.620504320 -0.012581836 -0.156689435 -0.002887473 0.987563550
1756587392837549568.000000 0.258144289 -0.010276902 0.626706302 -0.012352688 -0.157149822 -0.003290873 0.987492025
1756587392904202496.000000 0.256364644 -0.010240493 0.632591665 -0.011378692 -0.156420156 -0.003179132 0.987619996
1756587392970854656.000000 0.253967643 -0.010504154 0.638592064 -0.012278021 -0.156614006 -0.004030961 0.987575412
1756587393037506560.000000 0.252222955 -0.010644774 0.644990861 -0.012143899 -0.157711610 -0.003189289 0.987405419
1756587393137483264.000000 0.249503389 -0.010824663 0.653925955 -0.012553993 -0.157998294 -0.002343723 0.987356842
1756587393204133888.000000 0.248029172 -0.010047258 0.661854088 -0.012782622 -0.158011898 -0.002445938 0.987351418
1756587393270783232.000000 0.245773286 -0.010171065 0.668175578 -0.012622607 -0.156442448 -0.002489142 0.987603307
1756587393337432832.000000 0.242949843 -0.011229736 0.674114168 -0.014562779 -0.154713571 -0.003384406 0.987846315
1756587393404081920.000000 0.240616962 -0.011384264 0.680251479 -0.014984729 -0.155571491 -0.002876402 0.987706840
1756587393470730496.000000 0.238355517 -0.011327156 0.686143816 -0.014892945 -0.155116394 -0.003167399 0.987778902
1756587393537378304.000000 0.236388519 -0.011733729 0.692868710 -0.015596785 -0.155304343 -0.003409880 0.987737656
1756587393604025856.000000 0.235313609 -0.010159903 0.698828936 -0.014036268 -0.156904310 -0.002821155 0.987510026
1756587393670672896.000000 0.233232290 -0.009976238 0.705455482 -0.014544220 -0.157238886 -0.002974410 0.987449050
1756587393737320448.000000 0.231088385 -0.011422763 0.712045968 -0.016500959 -0.156297907 -0.003191644 0.987567008
1756587393837300224.000000 0.228711396 -0.009499564 0.715742230 -0.016404003 -0.162719399 -0.003734441 0.986528933
1756587393903952896.000000 0.227472916 -0.008928305 0.714205027 -0.016189098 -0.168969944 -0.004416043 0.985478401
1756587393970604800.000000 0.227148056 -0.009598930 0.711338639 -0.014320230 -0.178912595 -0.003311896 0.983755231
1756587394037256192.000000 0.225167230 -0.009479564 0.709144950 -0.014119505 -0.190790519 -0.003978005 0.981521189
1756587394103907584.000000 0.223787233 -0.009308381 0.708364964 -0.015361497 -0.201195776 -0.003953362 0.979422688
1756587394170556672.000000 0.222528026 -0.009412320 0.707208812 -0.015526300 -0.212116912 -0.004328449 0.977111399
1756587394237206784.000000 0.221059009 -0.009337705 0.704994500 -0.015124549 -0.223451287 -0.004247144 0.974588513
1756587394303856384.000000 0.219037205 -0.008855920 0.702717841 -0.015142902 -0.234548792 -0.004523349 0.971975923
1756587394370505216.000000 0.217867374 -0.008510519 0.701479733 -0.015335008 -0.245815933 -0.005012737 0.969182253
1756587394437153536.000000 0.216866270 -0.009502737 0.699714124 -0.015862677 -0.256886482 -0.005990630 0.966292858
1756587394503801600.000000 0.215238541 -0.008882208 0.696794629 -0.015270635 -0.267246872 -0.005467093 0.963491619
1756587394570447616.000000 0.213938385 -0.009097386 0.694764495 -0.015851935 -0.277474523 -0.005711162 0.960585296
1756587394670417664.000000 0.212270677 -0.009547874 0.691686630 -0.016222598 -0.293456614 -0.006011066 0.955815852
1756587394703740928.000000 0.212517783 -0.009842653 0.691765606 -0.016478410 -0.299540281 -0.006104800 0.953921914
1756587394770392320.000000 0.210472971 -0.008770360 0.688744307 -0.015588618 -0.309894085 -0.006181809 0.950623214
1756587394837044736.000000 0.209689915 -0.008831009 0.686490536 -0.015586036 -0.320374608 -0.006154321 0.947142720
1756587394903696384.000000 0.208724558 -0.008940267 0.684127569 -0.015657535 -0.330267578 -0.006407785 0.943735778
1756587394970347520.000000 0.207028985 -0.008999247 0.681861341 -0.015211942 -0.341033190 -0.006497717 0.939905703
1756587395036997376.000000 0.206738979 -0.009591003 0.680525899 -0.015518851 -0.352147132 -0.006837546 0.935791016
1756587395103647744.000000 0.206231415 -0.009482655 0.678034663 -0.015772782 -0.362899870 -0.007235531 0.931666553
1756587395203622144.000000 0.205385089 -0.008645730 0.673709929 -0.015183749 -0.378393710 -0.007254706 0.925491869
1756587395236946688.000000 0.205749750 -0.008379255 0.676260352 -0.012887452 -0.385406464 -0.007297003 0.922628105
1756587395303595264.000000 0.205010831 -0.008829129 0.673673570 -0.005214001 -0.399311483 -0.003921536 0.916792154
1756587395370243072.000000 0.200047255 -0.011111822 0.671187401 -0.004047004 -0.409595162 -0.002065321 0.912256122
1756587395470213632.000000 0.186922148 -0.010855844 0.679230511 -0.014315601 -0.424593270 -0.006528398 0.905247569
1756587395503537152.000000 0.181109354 -0.010071572 0.682375193 -0.020056732 -0.428644598 -0.010644682 0.903187811
1756587395570183424.000000 0.174079672 -0.007247336 0.684732974 -0.016594894 -0.439034820 -0.009592962 0.898265541
1756587395636829696.000000 0.168276042 -0.005580009 0.685811818 -0.014861692 -0.449693143 -0.009072679 0.893013418
1756587395703474944.000000 0.164032429 -0.006178248 0.686990082 -0.013914843 -0.460134715 -0.008857792 0.887695909
1756587395770188544.000000 0.162026078 -0.008252162 0.689708710 -0.014707098 -0.470955670 -0.007634155 0.882001221
1756587395836928512.000000 0.156104118 -0.008187570 0.691204429 -0.015936347 -0.480876654 -0.008723546 0.876600027
1756587395903669760.000000 0.150317609 -0.007491473 0.691905677 -0.016624300 -0.490449131 -0.009054555 0.871264219
1756587395970413824.000000 0.145063609 -0.006862851 0.692777455 -0.015870905 -0.500108242 -0.008576378 0.865775049
1756587396037159424.000000 0.139880389 -0.007143416 0.693090200 -0.015585896 -0.509674430 -0.008004410 0.860188901
1756587396103906816.000000 0.133438081 -0.006893985 0.694269061 -0.016523486 -0.518492699 -0.008359973 0.854881525
1756587396170656000.000000 0.127616405 -0.006254451 0.694644392 -0.016428314 -0.527074575 -0.008697357 0.849615753
1756587396204031232.000000 0.125093699 -0.005957112 0.694478512 -0.016082132 -0.531504631 -0.008765368 0.846857369
1756587396270782976.000000 0.118986696 -0.007041384 0.696106255 -0.016149968 -0.541021705 -0.009300633 0.840802193
1756587396337536512.000000 0.112910777 -0.007693732 0.696688652 -0.016429599 -0.550788999 -0.008918703 0.834435225
1756587396404290560.000000 0.108229518 -0.007177114 0.693967581 -0.016209142 -0.560037911 -0.008855187 0.828261137
1756587396471047936.000000 0.101826429 -0.007000566 0.694287121 -0.016572086 -0.569661319 -0.009742477 0.821654677
1756587396537806848.000000 0.096469969 -0.007285241 0.694041014 -0.016581830 -0.578786790 -0.009675813 0.815252960
1756587396604567040.000000 0.090420902 -0.007154961 0.693929613 -0.016081404 -0.587925375 -0.009767822 0.808696330
1756587396637948160.000000 0.087342918 -0.006213613 0.694233358 -0.015976304 -0.592463493 -0.009343864 0.805384755
1756587396704711168.000000 0.081483275 -0.006156706 0.694011807 -0.015961247 -0.601244152 -0.009570904 0.798848689
1756587396771405056.000000 0.075277388 -0.006013967 0.695961952 -0.016950319 -0.611045480 -0.010225562 0.791348040
1756587396838071552.000000 0.069254816 -0.005994327 0.692877650 -0.016420849 -0.618865550 -0.010211471 0.785258830
1756587396904738816.000000 0.063638091 -0.005705075 0.694254279 -0.016879661 -0.628238380 -0.009958658 0.777774036
1756587396971406080.000000 0.057346225 -0.004820405 0.693711162 -0.016533954 -0.637177885 -0.009809224 0.770476997
1756587397038072832.000000 0.051380634 -0.003577573 0.693122327 -0.017215120 -0.646182120 -0.009872836 0.762925267
1756587397071406336.000000 0.048594713 -0.003162771 0.693083763 -0.017048199 -0.650907099 -0.010946140 0.758886993
1756587397138072576.000000 0.043095827 -0.002853788 0.692492425 -0.016257172 -0.659152746 -0.010109705 0.751765490
1756587397204738816.000000 0.037764668 -0.003087471 0.691268146 -0.015717136 -0.666976094 -0.009700964 0.744850159
1756587397238071808.000000 0.034653485 -0.002548224 0.690438390 -0.016260998 -0.671344578 -0.010460785 0.740893126
1756587397304736256.000000 0.028775871 -0.004340613 0.689705253 -0.018092131 -0.680461407 -0.011619245 0.732468426
1756587397371401728.000000 0.022566199 -0.001863357 0.688880861 -0.016769562 -0.688370228 -0.010654978 0.725087464
1756587397438067200.000000 0.016786098 -0.002662856 0.686846435 -0.016731916 -0.695910990 -0.011270773 0.717844605
1756587397471399424.000000 0.013084948 -0.001937460 0.685236216 -0.016458111 -0.699878156 -0.011290186 0.713983476
1756587397538064384.000000 0.007469058 -0.002278304 0.684011757 0.016617153 0.708195865 0.011431428 -0.705727935
1756587397604728832.000000 0.002416492 -0.002253966 0.683019221 0.015919438 0.716663241 0.010078141 -0.697164953
1756587397671393280.000000 -0.000778675 -0.004902106 0.681107283 0.017187592 0.723676145 0.011329477 -0.689832747
1756587397738074112.000000 -0.005814910 -0.004639991 0.678101957 0.016200863 0.730892122 0.012077280 -0.682193816
1756587397771446784.000000 -0.009289622 -0.004589595 0.677862167 0.017473487 0.735348046 0.012431931 -0.677350283
1756587397838193664.000000 -0.015313029 -0.003177892 0.675130010 -0.018053863 -0.742910385 -0.013368930 0.669013917
1756587397904942336.000000 -0.021516800 -0.001941631 0.673192501 0.016260892 0.749574244 0.013136012 -0.661590219
1756587397971692544.000000 -0.027058303 -0.001812452 0.671093762 0.016511926 0.756880701 0.013188527 -0.653211296
1756587398038445056.000000 -0.032712460 -0.001577161 0.667940199 0.016923495 0.764505684 0.013624743 -0.644250870
1756587398105198848.000000 -0.037379563 -0.000839285 0.664206743 0.016536506 0.771551788 0.012454490 -0.635829687
1756587398171953920.000000 -0.039606810 -0.001707047 0.661395252 -0.016218532 -0.778916061 -0.012522177 0.626793385
1756587398238711296.000000 -0.043985903 -0.001624136 0.657835960 -0.015656877 -0.786019444 -0.012499454 0.617877066
1756587398305470976.000000 -0.048602998 -0.001818622 0.654702067 -0.016285969 -0.793356478 -0.012585253 0.608409345
1756587398338851328.000000 -0.051375270 -0.002343094 0.653376520 -0.017806303 -0.796705127 -0.012912782 0.603967965
1756587398405613056.000000 -0.057874858 -0.001412218 0.649880290 -0.016895533 -0.803584754 -0.014014185 0.594785511
1756587398472377344.000000 -0.062998056 -0.001459477 0.647239029 -0.016676860 -0.810350955 -0.013292073 0.585556626
1756587398539143168.000000 -0.067562997 -0.001716618 0.643145323 -0.016671441 -0.816936314 -0.014156505 0.576313078
1756587398572525568.000000 -0.070198059 -0.001500055 0.640186429 0.016461130 0.819930434 0.014269342 -0.572048485
1756587398639293952.000000 -0.074589968 -0.001146926 0.636776447 0.015810940 0.826134861 0.014607723 -0.563061178
1756587398706063872.000000 -0.079632282 -0.000596291 0.633626759 0.016275460 0.833659887 0.014161026 -0.551856697
1756587398772770560.000000 -0.081845760 -0.001469115 0.630195320 -0.016754219 -0.835262656 -0.013504632 0.549430013
1756587398839452672.000000 -0.087853611 -0.001179217 0.625949979 -0.017546829 -0.831957698 -0.014661771 0.554367721
1756587398872793600.000000 -0.091388881 -0.000628528 0.626622915 -0.016504359 -0.831699371 -0.013635757 0.554813445
1756587398939475456.000000 -0.097113371 -0.001069950 0.624602497 -0.016623730 -0.831229329 -0.013317906 0.555521548
1756587399006157568.000000 -0.103156805 -0.000260122 0.622089088 -0.016658638 -0.831498027 -0.013933631 0.555103064
1756587399072838656.000000 -0.110039353 -0.000079399 0.620499134 -0.017521162 -0.831538737 -0.014486707 0.555001378
1756587399106179840.000000 -0.113244832 0.000541715 0.619655132 -0.017005699 -0.831877649 -0.014318810 0.554513574
1756587399172861696.000000 -0.119025707 -0.002324405 0.617647350 0.017969949 0.831851602 0.013881045 -0.554533482
1756587399239543552.000000 -0.124249339 -0.002566544 0.615842879 0.017345089 0.831891298 0.014009322 -0.554490685
1756587399306225664.000000 -0.129579663 -0.000935596 0.611808598 -0.016055778 -0.831428707 -0.012758020 0.555252850
1756587399372907520.000000 -0.134874105 -0.000745174 0.607221246 -0.015708402 -0.830815673 -0.012892796 0.556176662
1756587399406248448.000000 -0.138371885 -0.001422632 0.608140588 -0.015909426 -0.831332445 -0.013239893 0.555390060
1756587399472929536.000000 -0.144088984 -0.001270710 0.605208993 -0.015549972 -0.831084967 -0.013792641 0.555757046
1756587399539611392.000000 -0.150408387 -0.000850089 0.602474451 -0.015270049 -0.831151783 -0.013768707 0.555665493
1756587399606293248.000000 -0.156471252 0.000227929 0.599537194 -0.014779313 -0.831095517 -0.013930575 0.555758834
1756587399639634176.000000 -0.159871221 -0.002494729 0.598027229 0.016124167 0.831125140 0.014830452 -0.555653751
1756587399706316032.000000 -0.164830089 -0.002804773 0.595658183 0.016104568 0.831497967 0.014494343 -0.555105150
1756587399772998400.000000 -0.169271231 0.000457454 0.591535091 -0.014771907 -0.831331432 -0.011579259 0.555459976
1756587399839680768.000000 -0.176183581 0.000599046 0.589453697 -0.015155089 -0.831458688 -0.011424920 0.555262387
1756587399873021952.000000 -0.179492295 0.000035456 0.589065969 -0.015767181 -0.831492364 -0.011975857 0.555183351
1756587399939703296.000000 -0.186178386 0.002264124 0.584722042 -0.015533774 -0.831069529 -0.012740288 0.555805504
1756587400006385920.000000 -0.192417145 0.002770746 0.582208812 -0.015766067 -0.830884337 -0.013035640 0.556069076
1756587400039726848.000000 -0.195367098 0.002568325 0.581388772 -0.015540486 -0.830857575 -0.012744539 0.556122065
1756587400106408960.000000 -0.201140940 0.002454581 0.578647971 -0.015308714 -0.831081867 -0.013048150 0.555786312
1756587400173091584.000000 -0.206871212 0.000357228 0.576721311 0.015922915 0.830917418 0.014138264 -0.555988252
1756587400239773952.000000 -0.212463498 0.001215307 0.573568463 0.015371072 0.830422580 0.014544782 -0.556731999
1756587400306456320.000000 -0.219393253 0.001050515 0.570974886 0.015661027 0.830649853 0.014320039 -0.556390643
1756587400339797504.000000 -0.220337629 0.002083724 0.568767250 -0.015319671 -0.830291927 -0.013121055 0.556963682
1756587400406479104.000000 -0.226919889 0.001572082 0.567170739 -0.014815817 -0.830596507 -0.013589888 0.556511760
1756587400439820032.000000 -0.228481948 0.002271700 0.565353453 -0.014481109 -0.830244482 -0.012970801 0.557060361
1756587400506502656.000000 -0.234812856 0.002331898 0.562410831 -0.014362179 -0.829854012 -0.013096328 0.557641983
1756587400573185024.000000 -0.241957545 0.003069721 0.559183419 -0.014294122 -0.829725921 -0.013944940 0.557813704
1756587400639867648.000000 -0.248962283 0.001726385 0.558108151 0.014896732 0.831705213 0.013991649 -0.554841280
1756587400673208576.000000 -0.251284242 0.002141621 0.555986583 0.015014698 0.834985614 0.014629127 -0.549872339
1756587400739890432.000000 -0.252951205 0.003186390 0.550827205 -0.014535929 -0.842375040 -0.014735036 0.538494229
1756587400806569472.000000 -0.258757770 0.003434227 0.547145247 -0.014166541 -0.842526913 -0.012722623 0.538317740
1756587400873249792.000000 -0.265205026 0.004168490 0.545049071 -0.014088164 -0.840650797 -0.012301253 0.541254580
1756587400939929600.000000 -0.271187842 0.002882943 0.542999387 -0.013466608 -0.839483738 -0.011699167 0.543091893
1756587401006609664.000000 -0.276359737 0.004631073 0.541833401 -0.012580329 -0.840152025 -0.010239568 0.542108476
1756587401039949568.000000 -0.279140234 0.004025068 0.540624201 -0.012940866 -0.840171754 -0.010826433 0.542057872
1756587401106629632.000000 -0.286163211 0.004204066 0.537073672 -0.013357393 -0.840169549 -0.012073477 0.542024970
1756587401173309440.000000 -0.293139696 0.004680919 0.534668326 -0.014837151 -0.840135574 -0.012547844 0.542028368
1756587401206649344.000000 -0.296195984 0.006428260 0.532504916 0.013964392 0.839812994 0.011858768 -0.542566717
1756587401273328128.000000 -0.300696790 0.005149370 0.530009925 0.013385158 0.839545190 0.010789146 -0.543017864
1756587401340007936.000000 -0.303873599 0.000803691 0.527720928 -0.013669811 -0.840586424 -0.010658948 0.541400135
1756587401373348096.000000 -0.306050599 0.000747979 0.526321113 0.013443371 0.844105124 0.009292036 -0.535928726
1756587401440027392.000000 -0.311458886 0.002274054 0.520672381 -0.013502523 -0.852711499 -0.011342336 0.522084475
1756587401473367552.000000 -0.311753273 0.001485665 0.517804563 -0.014312727 -0.855699539 -0.012026126 0.517135322
1756587401540047104.000000 -0.316043973 0.002056459 0.513203621 -0.015050416 -0.860938609 -0.011982637 0.508345068
1756587401573387008.000000 -0.318031609 0.002199928 0.510828614 -0.014683085 -0.863460779 -0.012832984 0.504039049
1756587401640066304.000000 -0.321388781 0.002532319 0.505747855 -0.014333442 -0.869214535 -0.013187915 0.494051307
1756587401673406464.000000 -0.325807333 0.003371777 0.504226267 0.013710943 0.872725308 0.012635817 -0.487855554
1756587401740093952.000000 -0.328133285 0.003701116 0.498843789 0.012772343 0.876134634 0.010839138 -0.481775314
1756587401806935552.000000 -0.333540738 0.003769166 0.494618297 0.012056692 0.874662638 0.010390899 -0.484470874
1756587401840356864.000000 -0.337224782 0.003663951 0.493343323 0.012739701 0.873924077 0.011258493 -0.485765159
1756587401907201536.000000 -0.342800438 0.002685831 0.489684910 -0.013940260 -0.873550713 -0.011833692 0.486389607
1756587401940624128.000000 -0.345552862 0.003966190 0.488708019 -0.012342594 -0.873921096 -0.011610942 0.485772341
1756587402007472128.000000 -0.350567400 0.002441590 0.485613048 -0.013119707 -0.874051869 -0.010778213 0.485535979
1756587402074321152.000000 -0.355457783 0.002474331 0.482162058 -0.013748241 -0.878264368 -0.011148943 0.477847636
1756587402107746816.000000 -0.357577682 0.002929579 0.478581697 -0.014715254 -0.881938338 -0.013145740 0.470951647
1756587402174598400.000000 -0.361611068 0.004804267 0.473641753 0.013735420 0.888030171 0.011947663 -0.459424764
1756587402241453056.000000 -0.363842070 0.004824506 0.469297707 0.012347608 0.892716587 0.010201811 -0.450333983
1756587402308309760.000000 -0.366242886 0.005151036 0.465500683 -0.011290576 -0.897950768 -0.010276060 0.439831138
1756587402341738752.000000 -0.367693543 0.004699118 0.463104337 -0.012005252 -0.900668204 -0.010849373 0.434206188
1756587402408598784.000000 -0.372080684 0.005008762 0.456390321 -0.012929493 -0.905385733 -0.013090513 0.424191266
1756587402475460608.000000 -0.375099719 0.005192551 0.450541914 -0.013132916 -0.909682751 -0.013988803 0.414860547
1756587402508892160.000000 -0.377353251 0.006036551 0.448030263 -0.012692988 -0.912352741 -0.013706961 0.408978671
1756587402575755776.000000 -0.379574358 0.007187286 0.443223357 -0.011733112 -0.917210340 -0.012607098 0.398030996
1756587402609189120.000000 -0.379322827 0.004096987 0.440307200 0.012912680 0.919191897 0.013168273 -0.393377930
1756587402676056832.000000 -0.382630527 0.003570410 0.435354203 0.012982669 0.920320332 0.011401051 -0.390783966
1756587402742914560.000000 -0.389031291 0.005332435 0.430977374 -0.012909445 -0.918210626 -0.012929347 0.395670950
1756587402809581824.000000 -0.394213498 0.005423169 0.426055759 -0.013155759 -0.917534769 -0.013127504 0.397221118
1756587402842915328.000000 -0.397672474 0.005589984 0.423977733 -0.013183916 -0.917969465 -0.013854965 0.396189809
1756587402909581824.000000 -0.402823448 0.005951175 0.419717520 -0.013502600 -0.918434322 -0.013527653 0.395111620
1756587402942915072.000000 -0.404336929 0.005793719 0.417967349 -0.013124881 -0.918458402 -0.013290898 0.395076245
1756587403009581312.000000 -0.408903182 0.005186331 0.414051592 -0.013199463 -0.918510139 -0.012412053 0.394982129
1756587403042913536.000000 -0.411040604 0.005150786 0.411713272 -0.013620500 -0.918185651 -0.012748730 0.395710886
1756587403109579008.000000 -0.415339351 0.007210060 0.406463981 0.012928527 0.917567790 0.012982736 -0.397157013
1756587403176244480.000000 -0.420488477 0.006723713 0.402102619 0.012608990 0.917628050 0.012278554 -0.397050440
1756587403209576960.000000 -0.424013257 0.004665121 0.399979591 -0.013300481 -0.917738855 -0.012522265 0.396764070
1756587403276242176.000000 -0.428916812 0.004620498 0.395304501 -0.012959177 -0.917554617 -0.013039195 0.397184610
1756587403309574656.000000 -0.431357622 0.004427873 0.392641902 -0.012884803 -0.917288423 -0.013427605 0.397788465
1756587403376239360.000000 -0.436596692 0.004405156 0.388509691 -0.013124865 -0.917169154 -0.013478634 0.398053885
1756587403442903808.000000 -0.441651225 0.004762298 0.384262979 -0.013146519 -0.918377221 -0.013445698 0.395259172
1756587403476235008.000000 -0.443329692 0.004572387 0.381903350 -0.014134607 -0.920501649 -0.013157976 0.390261322
1756587403542898944.000000 -0.445255458 0.005481907 0.376196980 -0.014656059 -0.925866306 -0.015935795 0.377230644
1756587403609562368.000000 -0.446000636 0.004342841 0.371765226 0.013577661 0.930171132 0.015161160 -0.366561860
1756587403642894336.000000 -0.446760476 0.005078032 0.369294822 0.013240250 0.932031572 0.013820465 -0.361871272
1756587403709557504.000000 -0.448854029 0.006787731 0.363876700 -0.012913991 -0.936073601 -0.011972419 0.351363391
1756587403742889472.000000 -0.449997067 0.006976138 0.361647338 -0.012941096 -0.938067615 -0.012168016 0.345996797
1756587403809556736.000000 -0.452704608 0.007489586 0.354928046 -0.013627661 -0.941803992 -0.013766907 0.335604101
1756587403876223488.000000 -0.454820693 0.007647602 0.348359406 -0.013601426 -0.945108056 -0.014530980 0.326151252
1756587403909555968.000000 -0.455361724 0.008261968 0.345552117 -0.013147159 -0.946672678 -0.014793416 0.321588755
1756587403976222464.000000 -0.456721723 0.007435125 0.341104001 0.013578111 0.950116158 0.015410476 -0.311219484
1756587404042888704.000000 -0.458980322 0.006437048 0.335854143 -0.013403436 -0.952919781 -0.015310382 0.302539259
1756587404076221696.000000 -0.460438430 0.006042819 0.332968175 -0.013228109 -0.952933967 -0.015498833 0.302492499
1756587404142887680.000000 -0.465466857 0.006390066 0.327171326 -0.014255158 -0.951864481 -0.016885078 0.305721670
1756587404209553152.000000 -0.469902933 0.006499268 0.323285222 -0.013961926 -0.951815903 -0.015759213 0.305946559
1756587404242885888.000000 -0.471609354 0.006747476 0.320903718 -0.013565660 -0.951811194 -0.015068363 0.306013733
1756587404309551104.000000 -0.475244224 0.006681107 0.315709949 -0.013428554 -0.951605797 -0.014460658 0.306687325
1756587404342883584.000000 -0.476429760 0.006541481 0.313011825 0.013578713 0.951430321 0.014215312 -0.307235837
1756587404409547264.000000 -0.480576515 0.005856389 0.309034973 0.013667254 0.951797903 0.014342698 -0.306085408
1756587404476211712.000000 -0.485060573 0.005301275 0.303438276 0.014348240 0.951805949 0.015721383 -0.305961490
1756587404509543936.000000 -0.487398148 0.005317473 0.300417989 0.014610422 0.951777935 0.016710388 -0.305983752
1756587404576208128.000000 -0.490506589 0.007085275 0.294128567 -0.014131784 -0.951354444 -0.017416565 0.307281405
1756587404642871808.000000 -0.495478570 0.007153592 0.289327949 -0.014305224 -0.951592922 -0.017975276 0.306501478
1756587404676203776.000000 -0.496949494 0.007181207 0.286730140 -0.014474706 -0.951600671 -0.017293252 0.306508899
1756587404742867712.000000 -0.500211954 0.006927147 0.281812429 -0.014320327 -0.951634049 -0.016661905 0.306447595
1756587404776202752.000000 -0.501783550 0.007506469 0.279096842 -0.014279263 -0.951520264 -0.016509820 0.306810826
1756587404842871808.000000 -0.505610526 0.008072918 0.273716331 -0.013742958 -0.952031672 -0.016427260 0.305249095
1756587404876206848.000000 -0.506496191 0.007599058 0.271490425 -0.013726451 -0.953573883 -0.015769836 0.300432801
1756587404942876672.000000 -0.507938027 0.006369608 0.264839590 0.014555552 0.957862616 0.017841065 -0.286302626
1756587405042880768.000000 -0.508195043 0.007248536 0.257128358 -0.014260111 -0.962668538 -0.016449342 0.269806355
1756587405076215296.000000 -0.508694708 0.007753673 0.254281253 -0.013971842 -0.964023411 -0.016374683 0.264944643
1756587405142884608.000000 -0.510070920 0.007919909 0.248235613 -0.014116634 -0.966800094 -0.016023709 0.254640281
1756587405176218880.000000 -0.510298431 0.008213875 0.244991854 -0.014254071 -0.968157828 -0.017024256 0.249354213
1756587405242886656.000000 -0.511536241 0.008457818 0.239565536 -0.014351196 -0.970671833 -0.016426234 0.239416808
1756587405309555200.000000 -0.512471676 0.008198384 0.234433755 -0.014914006 -0.973572969 -0.015774403 0.227342322
1756587405342889216.000000 -0.512564957 0.007499215 0.231930673 0.015370372 0.974754333 0.016477071 -0.222140387
1756587405409557504.000000 -0.513956368 0.008397314 0.226518780 -0.015632579 -0.977101326 -0.014972378 0.211670667
1756587405476225536.000000 -0.514134943 0.008400932 0.220581949 -0.015529494 -0.979241490 -0.016169732 0.201453730
1756587405509559296.000000 -0.514384449 0.008908387 0.217866004 -0.015302151 -0.980331361 -0.015891964 0.196121901
1756587405576227072.000000 -0.514186323 0.008934172 0.213298708 -0.014972067 -0.982391059 -0.013384772 0.185754225
1756587405642894336.000000 -0.513641417 0.009085844 0.207181469 -0.014284945 -0.984311819 -0.013977122 0.175302193
1756587405709560576.000000 -0.513542056 0.008870483 0.200758025 0.014428644 0.986239493 0.015043969 -0.164003819
1756587405742894080.000000 -0.514115870 0.008834949 0.197382957 -0.014532611 -0.987229824 -0.015334867 0.157895267
1756587405809563648.000000 -0.514485776 0.009704401 0.190690398 -0.015218004 -0.988968253 -0.016586255 0.146407664
1756587405876232960.000000 -0.514147341 0.009730609 0.186126888 -0.015497868 -0.990574598 -0.013996586 0.135373607
1756587405909567232.000000 -0.513934612 0.009728704 0.183134422 -0.015358699 -0.991342187 -0.014036781 0.129644990
1756587405976236288.000000 -0.513367772 0.009694115 0.177688628 -0.015188253 -0.992642105 -0.014016149 0.119308673
1756587406042905088.000000 -0.512553692 0.009454183 0.172116071 -0.014874109 -0.993818164 -0.014232276 0.109095074
1756587406109573632.000000 -0.511115491 0.010021336 0.165738374 0.014621863 0.994939148 0.014682063 -0.098319449
1756587406142906368.000000 -0.509760201 0.011371240 0.162191808 -0.014532126 -0.995428801 -0.013176183 0.093470834
1756587406209574400.000000 -0.507822752 0.011220512 0.156017274 -0.014335126 -0.996358395 -0.013683029 0.082929820
1756587406276242432.000000 -0.507355928 0.012131250 0.150054291 -0.014174260 -0.997173905 -0.013592292 0.072516151
1756587406342909696.000000 -0.506791830 0.012750751 0.144920379 -0.013975395 -0.997947335 -0.011715736 0.061388526
1756587406409577216.000000 -0.506133258 0.012057299 0.140975296 -0.014378735 -0.998611510 -0.010580070 0.049562212
1756587406442910976.000000 -0.505199373 0.011954395 0.137561530 0.014313300 0.998863637 0.011046812 -0.044098467
1756587406509577984.000000 -0.502049446 0.010646495 0.131560713 -0.013688873 -0.999226987 -0.013240130 0.034393083
1756587406576244480.000000 -0.501692772 0.010723590 0.125599325 -0.013818315 -0.999529898 -0.014569274 0.023168953
1756587406642910208.000000 -0.499938250 0.010989195 0.120359585 -0.013710140 -0.999738336 -0.013539655 0.012334265
1756587406676242944.000000 -0.499039412 0.011501086 0.117582560 -0.013598731 -0.999796093 -0.013172264 0.007029057
1756587406742911232.000000 -0.496330172 0.011442031 0.112201348 -0.012816389 -0.999826491 -0.013048470 -0.003541300
1756587406809580032.000000 -0.494583458 0.010944488 0.106875822 0.012837145 0.999727130 0.013172292 0.014402392
1756587406876248576.000000 -0.492806524 0.012618542 0.101537436 -0.012532077 -0.999532640 -0.012512076 -0.024919892
1756587406909582848.000000 -0.492233723 0.013067285 0.098654240 -0.012625562 -0.999387920 -0.012405316 -0.030177198
1756587406976250880.000000 -0.490740955 0.013724537 0.093744576 -0.012706404 -0.998993218 -0.011741723 -0.041393247
1756587407042917632.000000 -0.487722456 0.013427669 0.088784769 -0.011786518 -0.998500526 -0.011934896 -0.052108280
1756587407076251648.000000 -0.486248702 0.013468023 0.086084053 -0.011764303 -0.998225629 -0.011904825 -0.057144232
1756587407142919424.000000 -0.483479947 0.013047974 0.080101252 0.011598517 0.997546911 0.012691842 0.067857273
1756587407209586432.000000 -0.481122822 0.013239052 0.075177774 0.011047022 0.996699870 0.013171305 0.079333626
1756587407276253696.000000 -0.477203816 0.010867815 0.069537699 -0.011209236 -0.995747268 -0.015092967 -0.090189204
1756587407309586944.000000 -0.475781053 0.011119505 0.067377642 -0.011328529 -0.995290697 -0.014087860 -0.095235266
1756587407342920192.000000 -0.475019604 0.013250925 0.064851969 0.011053097 0.994720221 0.012080532 0.101309605
1756587407409586944.000000 -0.472075909 0.012955874 0.060527533 0.011220363 0.993555784 0.012127088 0.112133376
1756587407442920192.000000 -0.470398217 0.012843529 0.057269156 0.010928054 0.992925584 0.012736351 0.117546424
1756587407509585152.000000 -0.467130661 0.012922846 0.052260876 0.010641541 0.991624117 0.012990376 0.128061250
1756587407542918144.000000 -0.463049978 0.012898168 0.049695909 0.009970901 0.991079688 0.012751360 0.132284507
1756587407609584384.000000 -0.459512979 0.009331752 0.046050042 -0.010449286 -0.989513576 -0.015434359 -0.143232644
1756587407642916864.000000 -0.458090842 0.009564268 0.043618172 -0.010557884 -0.988684118 -0.015664946 -0.148818523
1756587407676249856.000000 -0.456783950 0.011896458 0.039837211 0.009776565 0.987741053 0.014849815 0.155085564
1756587407742915072.000000 -0.453344613 0.011404231 0.035378635 0.009415430 0.986049533 0.015155263 0.165493697
1756587407776250368.000000 -0.451519966 0.008356110 0.034061879 -0.010374296 -0.985189378 -0.016684484 -0.170340806
1756587407842920704.000000 -0.447723001 0.011105297 0.027954459 0.009146795 0.983142674 0.015958797 0.181912541
1756587407876256000.000000 -0.443921447 0.012798554 0.026135623 0.009401252 0.982320547 0.015402457 0.186335236
1756587407942925056.000000 -0.442211986 0.010372983 0.023395896 -0.010186039 -0.980110288 -0.015897457 -0.197553456
1756587407976260096.000000 -0.440757900 0.009905810 0.022132009 -0.010226523 -0.979001462 -0.015344463 -0.203017682
1756587408009595136.000000 -0.439065188 0.009425822 0.020784318 -0.010287112 -0.977956116 -0.015093680 -0.208009958
1756587408076264960.000000 -0.435320675 0.009259955 0.016532898 -0.010277301 -0.975697160 -0.015639376 -0.218323022
1756587408109599488.000000 -0.433294177 0.009434878 0.014166772 -0.010039357 -0.974370122 -0.015745247 -0.224174738
1756587408142934272.000000 -0.429374188 0.009479021 0.010770440 0.009571125 0.973276377 0.016396167 0.228850931
1756587408209603840.000000 -0.426756591 0.009517097 0.007859200 -0.010656576 -0.970729649 -0.015859699 -0.239413708
1756587408242938368.000000 -0.424872398 0.009750854 0.006029725 -0.010733082 -0.969497502 -0.015434175 -0.244379267
1756587408309607168.000000 -0.420954466 0.009654867 0.001278996 -0.010720996 -0.966795206 -0.015990632 -0.254826367
1756587408342941696.000000 -0.417686969 0.009656794 -0.000788659 0.010411893 0.965538323 0.016351772 0.259537876
1756587408409608960.000000 -0.413320988 0.010221406 -0.003314674 -0.010590325 -0.962709427 -0.014980559 -0.269915074
1756587408442943232.000000 -0.411122620 0.010263113 -0.004634231 -0.010411601 -0.961195529 -0.014131689 -0.275309235
1756587408476277504.000000 -0.408719361 0.010237721 -0.006320328 -0.010145228 -0.959697843 -0.014271853 -0.280487895
1756587408509611776.000000 -0.404154450 0.011126362 -0.009833097 0.009688735 0.958333731 0.015548940 0.285062820
1756587408576279808.000000 -0.400499046 0.010713702 -0.013002157 -0.009627637 -0.955198526 -0.016428158 -0.295352697
1756587408609613568.000000 -0.398548484 0.010521306 -0.014800251 -0.009537935 -0.953689873 -0.016098261 -0.300209075
1756587408642947584.000000 -0.396720380 0.011699953 -0.015630841 -0.009415359 -0.952081621 -0.014232419 -0.305367768
1756587408709615360.000000 -0.391504586 0.010477278 -0.018793523 -0.009469987 -0.948753834 -0.015369992 -0.315500200
1756587408742949120.000000 -0.389225483 0.010318998 -0.020431876 -0.009531609 -0.946999490 -0.015488216 -0.320719987
1756587408776283648.000000 -0.386750281 0.010268849 -0.022054285 0.009615242 0.945315599 0.015013825 0.325669438
1756587408809617152.000000 -0.384455264 0.010167652 -0.023398846 0.009723237 0.943592489 0.014403621 0.330652773
1756587408876285440.000000 -0.379101545 0.010077730 -0.025737494 -0.009566707 -0.940169454 -0.014084751 -0.340281487
1756587408909619456.000000 -0.376186788 0.009991271 -0.027547032 -0.008639850 -0.938346684 -0.015011710 -0.345261514
1756587408942953472.000000 -0.373247266 0.010580435 -0.029891133 0.008017971 0.936347365 0.016139213 0.350612253
1756587409009621504.000000 -0.367015630 0.011068633 -0.033416897 -0.007860580 -0.932418764 -0.017314252 -0.360879183
1756587409042955520.000000 -0.364257991 0.011354441 -0.034999460 -0.007768397 -0.930337965 -0.017370626 -0.366209447
1756587409076289280.000000 -0.361820638 0.011042716 -0.036612660 -0.008185086 -0.928240716 -0.017402267 -0.371482611
1756587409109622784.000000 -0.358963430 0.011464590 -0.036857694 -0.008345267 -0.926408470 -0.016074363 -0.376084268
1756587409176290048.000000 -0.354802579 0.010778349 -0.038118690 -0.008761764 -0.922634363 -0.013925650 -0.385324806
1756587409209623552.000000 -0.352081120 0.010947134 -0.038933039 0.008848036 0.920597017 0.013553782 0.390178442
1756587409242956288.000000 -0.349203825 0.010595157 -0.040268451 0.008518587 0.918444395 0.014039738 0.395209223
1756587409309622784.000000 -0.342271864 0.010786617 -0.043456197 0.007101298 0.914135277 0.016210726 0.405022919
1756587409342956032.000000 -0.338589460 0.011582561 -0.045317471 -0.007194440 -0.911881208 -0.016209433 -0.410071015
1756587409409622784.000000 -0.333992183 0.011086691 -0.047421873 -0.007765374 -0.907088697 -0.014823766 -0.420606941
1756587409442955520.000000 -0.332562119 0.010427329 -0.048216492 -0.007910759 -0.904501140 -0.014467586 -0.426152408
1756587409476288512.000000 -0.330738783 0.009996684 -0.049053192 -0.008255421 -0.901872218 -0.014129506 -0.431693047
1756587409542954752.000000 -0.325593680 0.009361655 -0.050930887 -0.008500324 -0.896609783 -0.014527624 -0.442501485
1756587409576287232.000000 -0.320266873 0.011013837 -0.050897449 0.007620952 0.894764662 0.014287966 0.446244478
1756587409642952960.000000 -0.314226866 0.010735322 -0.053043902 -0.007708896 -0.889796019 -0.014712029 -0.456056178
1756587409676285696.000000 -0.312262416 0.010556421 -0.053803027 -0.008097336 -0.887123227 -0.014128472 -0.461245507
1756587409709617152.000000 -0.309877813 0.010278568 -0.054451734 -0.008648911 -0.884332538 -0.013832225 -0.466572404
1756587409776283904.000000 -0.304303408 0.010101924 -0.056056678 -0.008353648 -0.879478037 -0.013963214 -0.475661367
1756587409809618176.000000 -0.301256090 0.009969205 -0.057206035 -0.008671863 -0.876966655 -0.013815575 -0.480274320
1756587409842952448.000000 -0.298254997 0.010031860 -0.057490110 0.008134987 0.874715984 0.013781614 0.484371722
1756587409876286208.000000 -0.294887930 0.010103759 -0.057574362 -0.008228923 -0.872540236 -0.013709024 -0.488280535
1756587409942954240.000000 -0.289074957 0.009975285 -0.059415728 -0.008005548 -0.866838634 -0.013652257 -0.498337626
1756587409976288256.000000 -0.285020202 0.010270517 -0.059820056 -0.007813715 -0.863839567 -0.013698118 -0.503520191
1756587410009622016.000000 -0.281928927 0.010893203 -0.061059266 -0.008108763 -0.860729277 -0.013615155 -0.508816302
1756587410042955776.000000 -0.279629081 0.010100422 -0.061983734 -0.008434807 -0.857489228 -0.013793851 -0.514247835
1756587410109623040.000000 -0.273511410 0.009937356 -0.060658276 -0.008067038 -0.852461338 -0.013232739 -0.522560537
1756587410142955776.000000 -0.271409363 0.009539920 -0.061352849 -0.008038113 -0.849438906 -0.012909479 -0.527467847
1756587410209622528.000000 -0.265219271 0.009610280 -0.061835378 -0.007833301 -0.843538463 -0.013181167 -0.536849976
1756587410242956288.000000 -0.262779981 0.009897331 -0.062914848 -0.007709776 -0.840390861 -0.013583640 -0.541755795
1756587410309622528.000000 -0.256856859 0.009123915 -0.064677298 -0.007064670 -0.834477663 -0.013680621 -0.550826669
1756587410342955776.000000 -0.251864135 0.009786135 -0.062398821 -0.007083421 -0.832587600 -0.012995651 -0.553695738
1756587410376289024.000000 -0.250410855 0.010335593 -0.063188583 -0.007476145 -0.828958035 -0.012487654 -0.559121430
1756587410442955008.000000 -0.244319484 0.010605538 -0.062594086 -0.007738309 -0.824477434 -0.011792202 -0.565719187
1756587410476288000.000000 -0.240874529 0.010634045 -0.062849343 -0.007467408 -0.825171351 -0.011025213 -0.564725518
1756587410509620992.000000 -0.235646263 0.009588082 -0.064904332 0.006707942 0.826790333 0.012525519 0.562330842
1756587410576286464.000000 -0.230188161 0.009647451 -0.068042845 -0.007027738 -0.827104032 -0.013265789 -0.561848402
1756587410609618176.000000 -0.227200821 0.008442629 -0.069730461 -0.006581923 -0.826731503 -0.014162288 -0.562379956
1756587410642950912.000000 -0.223954886 0.008221878 -0.071346045 -0.006279842 -0.826727569 -0.014853889 -0.562371373
1756587410709615872.000000 -0.218065172 0.008051104 -0.073946401 -0.006544378 -0.827298224 -0.014202552 -0.561545312
1756587410742948352.000000 -0.215263009 0.008019147 -0.075052068 -0.006920681 -0.827253222 -0.013398049 -0.561626911
1756587410776282624.000000 -0.210685775 0.009625847 -0.074725688 0.007199009 0.828051031 0.011817844 0.560482025
1756587410842950400.000000 -0.206018388 0.009139635 -0.077160507 -0.008034507 -0.827344120 -0.012043565 -0.561508775
1756587410876284416.000000 -0.203065708 0.009228182 -0.078861520 -0.008284614 -0.827451825 -0.012287083 -0.561341226
1756587410909618432.000000 -0.200256094 0.009011710 -0.080842182 -0.008228731 -0.827280223 -0.012504735 -0.561590135
1756587410976285952.000000 -0.193826199 0.009561046 -0.083218977 -0.007738235 -0.827130497 -0.012890045 -0.561808825
1756587411042951936.000000 -0.185798720 0.009484011 -0.085387528 0.006759142 0.827943563 0.012839294 0.560623705
1756587411076285696.000000 -0.182979703 0.009268701 -0.087512538 0.007060473 0.828136086 0.012375752 0.560346067
1756587411109619200.000000 -0.180655733 0.009135443 -0.089251280 0.007528266 0.828263462 0.011799403 0.560164034
1756587411176285952.000000 -0.175021440 0.008931707 -0.090969488 0.008010204 0.827913165 0.010861972 0.560693920
1756587411209618944.000000 -0.171799585 0.008498133 -0.092221677 0.007853718 0.827323556 0.011211503 0.561558902
1756587411276285440.000000 -0.164731607 0.008862535 -0.095233217 0.006992514 0.826659739 0.012552587 0.562518716
1756587411309618432.000000 -0.161132187 0.009091190 -0.097268879 0.007119922 0.826444507 0.012874393 0.562826097
1756587411376284416.000000 -0.155064002 0.009447832 -0.096612856 -0.007537486 -0.827262938 -0.013232621 -0.561608672
1756587411409617152.000000 -0.152304918 0.009449651 -0.096205950 -0.007705939 -0.827924430 -0.012499361 -0.560647547
1756587411442949888.000000 -0.149953216 0.009295919 -0.096938670 -0.007808000 -0.828260720 -0.011797121 -0.560164273
1756587411509614592.000000 -0.144637242 0.009094660 -0.099403799 -0.008176543 -0.827817678 -0.010972376 -0.560830355
1756587411542947072.000000 -0.140731394 0.009122889 -0.102007404 0.008211390 0.825118542 0.010952621 0.564793944
1756587411576279552.000000 -0.137430459 0.008553495 -0.101868048 -0.008286428 -0.820908666 -0.012318705 -0.570866585
1756587411642944256.000000 -0.130978882 0.008821990 -0.101184301 -0.007287378 -0.813999891 -0.012130893 -0.580692708
1756587411676276736.000000 -0.128500372 0.008240121 -0.101726376 -0.007783712 -0.810934126 -0.011769596 -0.584967315
1756587411742941184.000000 -0.121917114 0.008112737 -0.101674430 -0.007558902 -0.806640267 -0.011975101 -0.590873182
1756587411776274688.000000 -0.118434727 0.008647990 -0.102771647 -0.007161354 -0.807034194 -0.012137757 -0.590336621
1756587411842941440.000000 -0.110747539 0.008695017 -0.105420813 -0.006111902 -0.808885574 -0.013913796 -0.587769747
1756587411876274688.000000 -0.106923036 0.009336352 -0.107026100 -0.005904425 -0.809213579 -0.014556428 -0.587304592
1756587411909606912.000000 -0.103719793 0.009197110 -0.107570201 -0.005733138 -0.809228778 -0.014638586 -0.587283313
1756587411976273152.000000 -0.098323829 0.008967170 -0.109177336 -0.006829324 -0.808823407 -0.013378693 -0.587859809
1756587412009605888.000000 -0.095682167 0.008382899 -0.109900713 0.007269207 0.808850229 0.012766736 0.587831080
1756587412076271872.000000 -0.089680254 0.008452175 -0.112061918 0.007863468 0.809225857 0.012066191 0.587321222
1756587412109604608.000000 -0.086655222 0.008537211 -0.113358699 0.007795001 0.809330463 0.012220534 0.587174714
1756587412176270080.000000 -0.079164729 0.008397463 -0.116171554 0.007300184 0.809489667 0.013577892 0.586931765
1756587412209602560.000000 -0.075825557 0.008453818 -0.117181733 -0.006688418 -0.809837818 -0.014615855 -0.586433589
1756587412242935040.000000 -0.072469749 0.007849409 -0.117801003 -0.006138804 -0.809958279 -0.015224024 -0.586257815
1756587412309600000.000000 -0.067159675 0.007621935 -0.119312286 -0.007341878 -0.809697509 -0.013794210 -0.586639524
1756587412376263168.000000 -0.062063411 0.007117244 -0.121335804 -0.008719592 -0.809139729 -0.012201043 -0.587424934
1756587412409595392.000000 -0.058031671 0.007953368 -0.122926421 0.008869012 0.809105217 0.011967193 0.587475061
1756587412476259584.000000 -0.051099077 0.007972799 -0.125479102 0.008026354 0.809221447 0.013690889 0.587289453
1756587412509591296.000000 -0.047199547 0.007759969 -0.126908645 0.007118498 0.809438646 0.014440657 0.586983740
1756587412542923264.000000 -0.043532670 0.007670364 -0.127955601 0.006790130 0.809565425 0.014526005 0.586810768
1756587412609586688.000000 -0.036940262 0.007841105 -0.129434898 0.006815748 0.809795916 0.013577960 0.586514950
1756587412642918144.000000 -0.034148067 0.007872750 -0.129161447 -0.006696125 -0.810269535 -0.013433749 -0.585865259
1756587412676249856.000000 -0.031213403 0.007776645 -0.129831314 -0.006576174 -0.810189486 -0.013427236 -0.585977376
1756587412742912768.000000 -0.024991795 0.007471844 -0.131569326 -0.006545603 -0.809350133 -0.013440261 -0.587136090
1756587412776245760.000000 -0.022161022 0.007335648 -0.132260025 -0.007003463 -0.809256971 -0.013023255 -0.587268710
1756587412809578240.000000 -0.019566894 0.007431017 -0.132776320 -0.007682186 -0.809224784 -0.012607125 -0.587313712
1756587412876243968.000000 -0.013253540 0.007252641 -0.135774150 0.008695914 0.809042275 0.011839312 0.587566912
1756587412909576960.000000 -0.009870410 0.007376616 -0.136609748 0.008515189 0.809435010 0.011988489 0.587025285
1756587412942909696.000000 -0.006097466 0.007710935 -0.137567863 0.007575919 0.809959948 0.012357001 0.586306155
1756587413009575168.000000 0.002126187 0.008554467 -0.139812827 0.005639826 0.810721457 0.013396521 0.585251749
1756587413042907648.000000 0.005489916 0.008235877 -0.140806258 0.005560350 0.810471237 0.013068943 0.585606337
1756587413109572608.000000 0.009796470 0.007206561 -0.142121136 -0.007242844 -0.809591770 -0.012129685 -0.586823404
1756587413142905088.000000 0.012432024 0.007160108 -0.142779708 -0.007741101 -0.809401989 -0.011774405 -0.587085962
1756587413209569792.000000 0.018672705 0.006962166 -0.144982755 -0.007831974 -0.809459686 -0.012264161 -0.586995244
1756587413242900736.000000 0.022057056 0.007013734 -0.146136716 -0.007795413 -0.809552789 -0.012626079 -0.586859643
1756587413276232960.000000 0.025852799 0.007272771 -0.147225976 -0.007255325 -0.809466422 -0.012932706 -0.586978972
1756587413342896896.000000 0.032604292 0.007166520 -0.149754494 0.007275405 0.809314609 0.012562727 0.587196052
1756587413376228864.000000 0.035615668 0.006952793 -0.150900930 0.007636223 0.809203506 0.012232024 0.587351441
1756587413442892288.000000 0.041955709 0.007167960 -0.152584672 0.007248725 0.809060514 0.012156630 0.587555051
1756587413476224000.000000 0.044888794 0.007363413 -0.153190777 0.007624154 0.808746397 0.012054360 0.587984681
1756587413509555456.000000 0.047919109 0.007264638 -0.154265583 0.007912467 0.808323741 0.012177750 0.588559210
1756587413576218624.000000 0.054001719 0.007433665 -0.155828312 0.008372471 0.807993293 0.011900333 0.589011967
1756587413609549824.000000 0.057649836 0.007579547 -0.156748876 0.008405251 0.807936072 0.011867558 0.589090824
1756587413676212224.000000 0.064858302 0.006549932 -0.159757018 -0.007825209 -0.808064461 -0.013311112 -0.588891804
1756587413709542400.000000 0.068291664 0.006508737 -0.160890087 -0.007023419 -0.808306217 -0.014276496 -0.588547349
1756587413776205568.000000 0.075730801 0.007188899 -0.162739426 -0.003309158 -0.808348536 -0.017506054 -0.588434637
1756587413809537536.000000 0.077017158 0.008047899 -0.162813649 -0.002258233 -0.808381021 -0.017218713 -0.588403463
1756587413876201216.000000 0.074210331 0.006922443 -0.162378848 0.006126417 0.808643401 0.014725663 0.588083029
1756587413909532672.000000 0.072633505 0.006106845 -0.162533224 0.007768379 0.808771014 0.012671017 0.587935925
1756587413942864384.000000 0.071964487 0.005847488 -0.162427202 0.008783227 0.808700562 0.011349254 0.588045537
1756587414009527552.000000 0.070966929 0.004057928 -0.161993265 0.015474272 0.807759345 0.003283263 0.589300215
1756587414042858496.000000 0.073098049 0.003555958 -0.162420124 0.016767113 0.807012558 0.002867464 0.590289235
1756587414076189952.000000 0.077279195 0.004038624 -0.163495407 0.015284304 0.806393385 0.004886751 0.591161907
1756587414142851328.000000 0.088382512 0.005209013 -0.166688338 0.010032699 0.807261646 0.010972060 0.590006590
1756587414176182272.000000 0.094889060 0.006032418 -0.168470204 0.006680291 0.807712138 0.014887897 0.589351296
1756587414242844416.000000 0.103256062 0.007252115 -0.171582997 -0.005233413 -0.807948649 -0.016751710 -0.588991463
1756587414276175104.000000 0.105980456 0.007221787 -0.172086388 -0.005982709 -0.808084548 -0.014941843 -0.588846624
1756587414309506048.000000 0.107516661 0.007040310 -0.172680378 -0.007299119 -0.807913482 -0.013665777 -0.589097559
1756587414376167168.000000 0.111348704 0.005943910 -0.174303770 -0.010523007 -0.806941986 -0.011380370 -0.590427458
1756587414442828032.000000 0.117149368 0.005484442 -0.175891295 -0.010593523 -0.806466877 -0.012818201 -0.591045499
1756587414476158208.000000 0.120990083 0.006259220 -0.177367985 0.007180400 0.806169450 0.016381318 0.591414332
1756587414509488384.000000 0.123977885 0.007087624 -0.178139910 0.004381078 0.806676507 0.018670566 0.590682149
1756587414576147712.000000 0.122959554 0.006859121 -0.177599862 0.006917337 0.806562483 0.016141690 0.590887964
1756587414609477632.000000 0.120873913 0.006540760 -0.177125782 0.009162951 0.806449413 0.014503731 0.591054320
1756587414676137216.000000 0.118244857 0.006021874 -0.176133722 0.011339406 0.806007206 0.010917602 0.591696560
1756587414709466880.000000 0.117603242 0.005628122 -0.176217318 0.011495230 0.806099176 0.010740918 0.591571331
1756587414776130048.000000 0.118828073 0.006378246 -0.176132113 -0.010412241 -0.806362689 -0.012422737 -0.591199279
1756587414809463296.000000 0.119964004 0.006695305 -0.176375419 -0.008706863 -0.806324303 -0.014201499 -0.591239035
1756587414876130048.000000 0.120661139 0.006578729 -0.176377252 -0.008355672 -0.805969715 -0.015002622 -0.591707647
1756587414909463296.000000 0.120076373 0.006413040 -0.176416010 -0.008916958 -0.805809557 -0.014716138 -0.591924846
1756587414976129792.000000 0.119396731 0.006391997 -0.175979540 -0.009410138 -0.806080878 -0.013593308 -0.591574490
1756587415009462784.000000 0.119390622 0.006702196 -0.175920039 0.009344963 0.806220353 0.013253184 0.591393173
1756587415042795008.000000 0.119566038 0.006597797 -0.176043242 0.009279011 0.805626035 0.013566441 0.592196465
1756587415109460480.000000 0.119821236 0.007129462 -0.175007135 0.008698325 0.799686313 0.013870178 0.600194812
1756587415142793472.000000 0.119480342 0.006814482 -0.173393562 0.007924090 0.796344101 0.014301945 0.604622900
1756587415209458944.000000 0.118422717 0.006583941 -0.170914292 0.008830909 0.789858401 0.012790300 0.613092363
1756587415242791424.000000 0.118255466 0.006823491 -0.169803575 0.008583318 0.786409616 0.012334757 0.617522597
1756587415309456640.000000 0.118007585 0.007208126 -0.166628957 -0.008561012 -0.779877663 -0.011584740 -0.625766277
1756587415342788864.000000 0.118194878 0.007447963 -0.165546983 -0.008034471 -0.776672304 -0.011761216 -0.629743874
1756587415376121088.000000 0.118455455 0.007834111 -0.164780706 -0.007690436 -0.773443580 -0.011924168 -0.633706331
1756587415442785792.000000 0.118430555 0.007645387 -0.163061693 -0.007166647 -0.766600490 -0.012531176 -0.641962111
1756587415476116736.000000 0.118345603 0.007722073 -0.161959752 -0.006958955 -0.763049126 -0.012415910 -0.646183848
1756587415542780416.000000 0.116975248 0.006998383 -0.159688279 0.007108873 0.755947113 0.012376274 0.654477179
1756587415576112384.000000 0.116778955 0.007151627 -0.158432022 0.007156541 0.752085447 0.011781198 0.658921540
1756587415642776064.000000 0.115566909 0.007545775 -0.156047210 -0.007057475 -0.744329631 -0.011697970 -0.667672753
1756587415709439232.000000 0.114763156 0.007529180 -0.153646752 -0.006553067 -0.735946953 -0.011587474 -0.676908433
1756587415742770432.000000 0.114380047 0.007681959 -0.152801409 -0.006420110 -0.731748462 -0.011499297 -0.681447625
1756587415776104448.000000 0.114269599 0.007719930 -0.151881158 -0.006376991 -0.727886915 -0.011111510 -0.685577571
1756587415842772224.000000 0.113357201 0.007813413 -0.148995444 -0.006618379 -0.720452130 -0.010336114 -0.693396151
1756587415876105984.000000 0.112543285 0.008083696 -0.147642791 0.006055340 0.716643989 0.010027946 0.697340846
1756587415942772480.000000 0.112794951 0.008601352 -0.145438075 0.005823534 0.708935797 0.009938680 0.705178976
1756587415976105984.000000 0.112893268 0.009089358 -0.144330904 0.005419896 0.704984128 0.009638300 0.709136963
1756587416042772992.000000 0.112636164 0.009655392 -0.141722471 -0.004787138 -0.697079718 -0.009400728 -0.716916025
1756587416076106240.000000 0.111767918 0.009511041 -0.140534639 -0.004699673 -0.693281114 -0.009379407 -0.720590949
1756587416142772736.000000 0.110928252 0.009664323 -0.138392627 -0.004750006 -0.685408294 -0.009196376 -0.728085458
1756587416176105984.000000 0.109410524 0.009456498 -0.137918919 0.004877075 0.681322336 0.009484525 0.731905878
1756587416209438976.000000 0.110077143 0.009834703 -0.137056977 0.004737820 0.677348137 0.009346165 0.735588074
1756587416276104960.000000 0.109334171 0.010334747 -0.135507181 0.004554375 0.669426084 0.009084019 0.742809296
1756587416309437952.000000 0.108369350 0.010025355 -0.134072617 0.004419293 0.665469468 0.008965878 0.746358156
1756587416342770688.000000 0.107182175 0.009596726 -0.133382678 0.003666723 0.661407053 0.009366864 0.749959767
1756587416409435136.000000 0.107221417 0.009973468 -0.131549835 0.003519564 0.653032422 0.009631803 0.757260621
1756587416442767872.000000 0.108633853 0.010661295 -0.130174994 0.003662092 0.648875773 0.009705663 0.760823727
1756587416509432832.000000 0.107059643 0.010495041 -0.128170699 0.003513069 0.640478909 0.009632579 0.767907381
1756587416542765056.000000 0.106557138 0.010401694 -0.127608955 0.003459918 0.636166990 0.009311686 0.771487474
1756587416576097792.000000 0.103196248 0.009223256 -0.127572775 0.003220410 0.631861031 0.009451385 0.775017500
1756587416642761984.000000 0.103784442 0.011589684 -0.124484628 0.003807159 0.622891724 0.008234729 0.782255530
1756587416676094208.000000 0.101889759 0.009992008 -0.124651358 0.004107485 0.617962718 0.009125497 0.786143780
1756587416742758400.000000 0.100254260 0.010346720 -0.124234192 0.004068888 0.607945263 0.009464725 0.793912113
1756587416776091136.000000 0.099614672 0.010249587 -0.124131724 0.003907876 0.603074610 0.009722699 0.797616005
1756587416809423104.000000 0.099087939 0.010197900 -0.123974159 0.004173817 0.598159373 0.009920797 0.801304936
1756587416876088320.000000 0.097124353 0.011662455 -0.122809820 0.004476016 0.589081347 0.008483553 0.808016837
1756587416909421056.000000 0.099334694 0.013053744 -0.118497491 0.004164495 0.585379303 0.007024218 0.810718536
1756587416942753536.000000 0.097818285 0.012325254 -0.118517004 0.004681942 0.580787480 0.007054240 0.814011276
1756587417009418496.000000 0.097305715 0.012877704 -0.117168672 0.004355138 0.571665943 0.006639164 0.820448041
1756587417042750720.000000 0.096537411 0.012741884 -0.116475590 0.003673016 0.567385554 0.006659885 0.823417246
1756587417076082688.000000 0.095949627 0.012611371 -0.115626752 0.003261262 0.562766790 0.006756847 0.826581717
1756587417142747136.000000 0.094381467 0.012349389 -0.113583632 0.002357982 0.554494083 0.006976108 0.832155049
1756587417176079104.000000 0.093917944 0.014006249 -0.112944864 0.003543206 0.550153017 0.006792380 0.835028827
1756587417209410816.000000 0.090674266 0.011400201 -0.112127900 0.003268907 0.545335412 0.007102267 0.838181436
1756587417242741504.000000 0.088808075 0.010733081 -0.111603007 0.003074440 0.540928602 0.006959844 0.841034174
1756587417309405440.000000 0.086460985 0.010255532 -0.110456631 0.003153951 0.531746805 0.007157909 0.846867323
1756587417376068352.000000 0.084937975 0.010055160 -0.108854435 0.002685898 0.522366941 0.007013484 0.852687836
1756587417409400064.000000 0.085272841 0.010971693 -0.108132556 0.002760330 0.517942071 0.006932261 0.855383217
1756587417442731264.000000 0.084988207 0.009420473 -0.107965611 0.002734532 0.513014913 0.006844841 0.858348131
1756587417476062464.000000 0.008652128 -0.017574586 -0.102618232 -0.001532336 0.505168021 0.004083153 0.863010049
1756587417542724864.000000 0.008104537 -0.017708158 -0.101854220 -0.002455078 0.495313227 0.004622593 0.868698776
1756587417576056064.000000 0.008222312 -0.017066877 -0.100772582 -0.002745046 0.490493447 0.004762793 0.871427596
1756587417642717952.000000 0.009809814 -0.010497799 -0.091914326 -0.001446698 0.479656160 0.005480321 0.877438247
1756587417676048640.000000 0.008476816 -0.010205867 -0.091892801 -0.001210223 0.474631131 0.005492921 0.880166829
1756587417709378304.000000 0.008535411 -0.010065161 -0.090355381 -0.001225162 0.470055372 0.004989972 0.882622063
1756587417776078592.000000 0.004194815 -0.015339361 -0.095126167 -0.002503683 0.461508095 0.003200540 0.887126744
1756587417809455360.000000 0.010304242 -0.010115647 -0.087429680 -0.000634484 0.453957647 0.004594471 0.891011238
1756587417842832896.000000 0.009409375 -0.009941549 -0.087488413 -0.001092751 0.448810399 0.004458559 0.893615246
1756587417909588736.000000 0.078996986 0.016679069 -0.099113278 0.000599466 0.444708407 0.005072689 0.895660877
1756587417942967296.000000 0.010351423 -0.009708158 -0.083935678 -0.002046254 0.433243543 0.004700324 0.901262343
1756587417976346880.000000 0.009192802 -0.009523197 -0.083655506 -0.002200267 0.427991927 0.004539566 0.903768539
1756587418043107072.000000 0.006846838 -0.009763545 -0.082507424 -0.002214995 0.418311954 0.004427988 0.908289969
1756587418076487680.000000 0.009654401 -0.009326663 -0.080117129 -0.001999706 0.412891865 0.004507859 0.910766721
1756587418143249920.000000 0.007255254 -0.009038087 -0.079688683 -0.002345622 0.403228223 0.004426385 0.915085733
1756587418176632320.000000 0.006049680 -0.008955658 -0.078929640 -0.002293019 0.398088187 0.004516131 0.917333186
1756587418210014720.000000 0.010380162 -0.008190282 -0.075067274 -0.002390237 0.392204106 0.004054689 0.919866204
1756587418243398144.000000 0.009326799 -0.008245188 -0.074802011 -0.002729100 0.387087673 0.004113071 0.922029734
1756587418310166528.000000 0.009887310 -0.007525878 -0.074393697 -0.002489928 0.376716912 0.004154751 0.926315784
1756587418343551232.000000 0.008172117 -0.007157311 -0.074258782 -0.002970888 0.371504217 0.004327579 0.928416431
1756587418376936448.000000 0.006601537 -0.007267217 -0.074054979 -0.002963035 0.366444737 0.004423883 0.930424571
1756587418443708672.000000 0.010631399 -0.004829865 -0.071733549 -0.002768545 0.355322182 0.004984046 0.934726536
1756587418477095424.000000 0.009403539 -0.004888113 -0.071191117 -0.002842638 0.350463539 0.004914854 0.936559200
1756587418510482432.000000 0.008127247 -0.004112778 -0.071217969 -0.002418409 0.345128626 0.004662747 0.938540757
1756587418577257984.000000 0.009368529 -0.004897964 -0.072249621 -0.002318418 0.334400892 0.004821551 0.942415774
1756587418610646784.000000 0.008320561 -0.005111260 -0.072173014 -0.002257856 0.328995496 0.005143668 0.944314778
1756587418644036096.000000 0.009492569 -0.004799032 -0.072487280 -0.002728905 0.322528809 0.005253733 0.946541131
1756587418677425920.000000 0.008359052 -0.004975542 -0.071926296 -0.003123456 0.317006350 0.005407164 0.948402882
1756587418744213760.000000 0.008230667 -0.004248305 -0.071566664 -0.003674760 0.305187196 0.005587605 0.952268898
1756587418777554176.000000 0.006958063 -0.004356054 -0.071499586 -0.003384597 0.299924731 0.005668125 0.953940034
1756587418810894592.000000 0.007880511 -0.003457371 -0.071560346 -0.003200300 0.293138802 0.005674225 0.956047773
1756587418844235008.000000 0.006701828 -0.003442512 -0.071384773 -0.003114664 0.287783861 0.005486491 0.957674623
1756587418877575168.000000 0.005903671 -0.003487389 -0.071877494 -0.003061587 0.281795382 0.005434591 0.959454298
1756587418910915584.000000 0.005043684 -0.003229229 -0.071993664 -0.003143001 0.276470929 0.005447962 0.961001754
1756587418977596160.000000 0.003880236 -0.003328878 -0.072094657 -0.004102104 0.265283197 0.005585747 0.964145660
1756587419010936320.000000 0.002734083 -0.003381326 -0.071811311 -0.004207241 0.260157883 0.005394700 0.965541899
1756587419044275456.000000 0.001639690 -0.003358905 -0.071756132 -0.004007187 0.255270004 0.005383375 0.966846585
1756587419077615872.000000 0.000387530 -0.003337639 -0.071693778 -0.004009069 0.249811992 0.005049066 0.968272984
1756587419144296448.000000 -0.002162683 -0.003692058 -0.071865253 -0.003564549 0.238995165 0.004800121 0.971002340
1756587419177636352.000000 -0.002149231 -0.003182204 -0.072376110 -0.003729205 0.233179927 0.005121031 0.972413003
1756587419210976768.000000 -0.003272193 -0.003040333 -0.072543152 -0.003977100 0.227759108 0.004947365 0.973696887
1756587419244316928.000000 -0.003237407 -0.002352840 -0.072418593 -0.003932740 0.222038746 0.005267322 0.975015759
1756587419310997248.000000 -0.005358852 -0.002557133 -0.072290614 -0.004671144 0.211763978 0.005237587 0.977295697
1756587419344337664.000000 -0.006465658 -0.002578587 -0.072145045 -0.005180473 0.206759155 0.004947015 0.978365719
1756587419377677568.000000 -0.007559830 -0.002694089 -0.072520725 -0.005198760 0.201696277 0.004964957 0.979421735
1756587419411017984.000000 -0.013663261 -0.004748816 -0.071331896 -0.005789504 0.197268069 0.004160387 0.980323672
1756587419477697280.000000 -0.009997263 -0.001895308 -0.072151348 -0.004082195 0.184271589 0.004538069 0.982856452
1756587419511037440.000000 -0.011551825 -0.002321596 -0.072550625 -0.003949440 0.178321600 0.004498904 0.983954072
1756587419544377344.000000 -0.013432166 -0.002331949 -0.073300563 -0.003953693 0.172677442 0.004137267 0.984961808
1756587419611057408.000000 -0.014304668 -0.001634473 -0.072119743 -0.004628257 0.161431983 0.003823261 0.986865580
1756587419644397824.000000 -0.015287111 -0.001675293 -0.072268724 -0.005290819 0.156200230 0.003911974 0.987703502
1756587419677737984.000000 -0.016133824 -0.001438563 -0.071973726 -0.005314954 0.150416002 0.003605329 0.988601923
1756587419744417792.000000 -0.018697681 -0.001750653 -0.072847083 -0.005424036 0.139632255 0.003508189 0.990182400
1756587419777759488.000000 -0.020331036 -0.002681429 -0.073910050 -0.005596802 0.134452388 0.003471269 0.990898192
1756587419844443136.000000 -0.020632241 -0.001436017 -0.073266581 -0.005026689 0.127399355 0.003301802 0.991833270
1756587419877784832.000000 -0.020341750 -0.001506176 -0.072800964 -0.005391235 0.127667844 0.003133020 0.991797447
1756587419911125504.000000 -0.021164892 -0.001323310 -0.072533481 -0.005774083 0.129000500 0.003375813 0.991621971
1756587419977809152.000000 -0.023733689 -0.001983690 -0.073777169 -0.005599919 0.129633754 0.003136985 0.991541207
1756587420011150592.000000 -0.020359861 -0.001534800 -0.072844282 -0.005272212 0.129150227 0.003023354 0.991606414
1756587420044492544.000000 -0.020564876 -0.001416531 -0.071982488 -0.005512554 0.129062250 0.002999412 0.991616666
1756587420111175936.000000 -0.031131160 -0.006088016 -0.076214656 -0.007724296 0.130355224 0.001362954 0.991436362
1756587420144517632.000000 -0.022757247 -0.002152755 -0.073011480 -0.005762015 0.129614174 0.002915766 0.991543531
1756587420177859328.000000 -0.020026926 -0.001444497 -0.072362453 -0.005447807 0.128921762 0.002882668 0.991635621
1756587420244542976.000000 -0.019954041 -0.001235071 -0.072555915 -0.005708898 0.128859669 0.002938345 0.991642118
1756587420277884416.000000 -0.020657133 -0.001252710 -0.071762681 -0.005550702 0.129123166 0.002715800 0.991609395
1756587420311226368.000000 -0.023029946 -0.002062737 -0.072882496 -0.005778190 0.129611179 0.002665828 0.991544545
1756587420377908992.000000 -0.019007752 -0.001439261 -0.073404789 -0.000308674 0.127696216 0.003567010 0.991806924
1756587420411250688.000000 -0.017232632 -0.002141748 -0.071160644 0.001906011 0.126514450 0.003132591 0.991957963
1756587420444592128.000000 -0.018471370 -0.002240798 -0.069542140 0.003138766 0.125796974 0.002843449 0.992047012
1756587420477934080.000000 -0.019281790 -0.001676835 -0.065148495 0.001882772 0.125729665 0.002651656 0.992059231
1756587420511275776.000000 -0.027643640 -0.006697095 -0.063736759 -0.002707870 0.127045855 0.001434965 0.991892159
1756587420577959424.000000 -0.015126309 -0.000826896 -0.047643226 -0.008074122 0.126753017 0.002356505 0.991898656
1756587420611300864.000000 -0.013562989 -0.000695535 -0.045779407 -0.009007927 0.125420511 0.003314965 0.992057264
1756587420677984768.000000 -0.010963516 -0.000539741 -0.039169975 -0.006575608 0.121209562 0.003416968 0.992599308
1756587420711326464.000000 -0.012273465 -0.001360736 -0.038083427 -0.004134677 0.121343546 0.003433453 0.992596030
1756587420744668160.000000 -0.011123199 -0.001538018 -0.035145272 -0.003395697 0.122297987 0.003314415 0.992482185
1756587420811348736.000000 -0.009227472 -0.001091381 -0.027848329 -0.003013228 0.125541121 0.003105255 0.992079020
1756587420844689152.000000 -0.007999720 -0.001097630 -0.024094673 -0.003402870 0.125689417 0.003424756 0.992057920
1756587420878030080.000000 -0.006721722 -0.001016163 -0.020992609 -0.004032771 0.125789300 0.003365835 0.992043078
1756587420944711424.000000 -0.004982760 -0.001095365 -0.013882248 -0.004509897 0.127393186 0.002672992 0.991838455
1756587421011392768.000000 -0.003652825 -0.001219506 -0.006515754 -0.005373938 0.128467962 0.001837535 0.991697490
1756587421044733184.000000 -0.002501632 -0.001673613 -0.003915920 -0.007400957 0.128671184 0.002466778 0.991656661
1756587421078073856.000000 -0.001578791 -0.001538158 -0.001251808 -0.009733840 0.127654746 0.002432338 0.991767943
1756587421144755456.000000 0.000202182 -0.000095064 0.000279426 -0.008506127 0.127332658 0.002894339 0.991819441
1756587421178096128.000000 -0.000449724 -0.000144271 -0.001213204 -0.006589206 0.126501083 0.002161748 0.991942286
1756587421244776192.000000 -0.004497845 -0.001542429 -0.005622821 -0.004243583 0.127489150 0.001597386 0.991829693
1756587421278116864.000000 -0.004602342 -0.001924746 -0.006581940 -0.003691461 0.127392754 0.001742309 0.991843998
1756587421311457792.000000 -0.004821335 -0.001829827 -0.006270554 -0.003983176 0.127357304 0.001924850 0.991847098
1756587421378139136.000000 -0.004633253 -0.001814858 -0.005290525 -0.006668720 0.127686694 0.001790943 0.991790593
1756587421444820480.000000 -0.003914164 -0.001702849 -0.005152802 -0.006513002 0.127195239 0.001812839 0.991854668
1756587421478160896.000000 -0.003688782 -0.001377878 -0.005444543 -0.005726730 0.127057895 0.001867134 0.991877019
1756587421511501824.000000 -0.003131019 -0.000420543 -0.003689374 -0.006646308 0.126979694 0.002449519 0.991880119
1756587421644864256.000000 0.001095657 -0.000167200 -0.001567069 -0.007175735 0.143845960 0.003312002 0.989568532
1756587421711544576.000000 0.002740835 -0.003884453 -0.004501043 -0.006201984 0.153854042 0.002566483 0.988070786
1756587421778226944.000000 0.004714690 -0.000005229 -0.001760183 -0.006368507 0.157050848 0.003822739 0.987562656
1756587421844910592.000000 0.003336320 -0.003893710 -0.005922281 -0.005694289 0.154669493 0.002601865 0.987946451
1756587421911594240.000000 0.003712171 -0.000374644 -0.002126205 -0.006132020 0.155773267 0.003420219 0.987767935
1756587421978278144.000000 0.003907682 -0.000688425 -0.001088998 -0.005843237 0.162211865 0.003465072 0.986732602
1756587422078303744.000000 0.006685400 -0.005417281 -0.004545419 -0.005447794 0.179381013 0.002805935 0.983760595
1756587422144986624.000000 0.009391589 -0.002351845 -0.001922411 -0.005585014 0.187658966 0.004187349 0.982209444
1756587422211670272.000000 0.009617889 -0.002522967 -0.002663510 -0.005380852 0.186141804 0.003952498 0.982500255
1756587422278354176.000000 0.008265101 -0.005676963 -0.005594037 -0.004787409 0.185612664 0.003210623 0.982606113
1756587422378379776.000000 0.008787499 -0.001367220 -0.001957567 -0.005135158 0.185710832 0.003880959 0.982583404
1756587422445064192.000000 0.008036542 -0.000683371 -0.001754860 -0.003115924 0.186037794 0.003277645 0.982532263
1756587422545090048.000000 0.008800856 -0.005256485 -0.002065214 0.007827256 0.184251368 0.001718819 0.982846498
1756587422645114624.000000 0.012165208 -0.008790655 0.011006212 -0.006838924 0.185608014 0.001556340 0.982598901
1756587422711798784.000000 0.017849069 -0.000551572 0.021824250 -0.017439423 0.189881578 0.002633182 0.981648564
1756587422811823872.000000 0.017069319 -0.001062451 0.017709479 -0.006022745 0.192030698 0.002165235 0.981368124
1756587422878507008.000000 0.016722353 -0.002133729 0.014173741 0.000372406 0.191756457 0.002778688 0.981438577
1756587422945189888.000000 0.016513098 -0.002132111 0.014701432 -0.000885080 0.191860154 0.002564741 0.981418550
1756587423011872768.000000 0.017364092 -0.002076741 0.017325580 -0.006966016 0.192190453 0.003437622 0.981326938
1756587423078554880.000000 0.017020937 -0.002371486 0.017271375 -0.007628703 0.193087116 0.003237315 0.981146634
1756587423145238016.000000 0.017412737 -0.001402675 0.017168324 -0.005216569 0.192458734 0.003185279 0.981286108
1756587423211921152.000000 0.017435875 -0.002995345 0.017075067 -0.005389452 0.191846639 0.003334665 0.981404483
1756587423311945984.000000 0.017566757 -0.001526766 0.017660020 -0.006452442 0.192272469 0.003743474 0.981313288
1756587423378628864.000000 0.016396955 -0.000386467 0.016148103 -0.004931855 0.192524374 0.003472316 0.981273711
1756587423445312000.000000 0.016126089 -0.000553101 0.016748209 -0.004425619 0.194199771 0.003328366 0.980946422
1756587423511993856.000000 0.017201174 -0.000700545 0.017334446 -0.005628008 0.204468206 0.003319551 0.978851438
1756587423612018944.000000 0.021565907 -0.002844319 0.017121056 -0.005169228 0.220418260 0.003320056 0.975386143
1756587423678701824.000000 0.022863207 -0.001316228 0.017186217 -0.004341192 0.231198639 0.004331221 0.972887337
1756587423745384960.000000 0.024719886 -0.001712601 0.016043378 -0.003715538 0.242613673 0.004762497 0.970104218
1756587423812066816.000000 0.026902022 -0.001571030 0.015617188 -0.003088872 0.254509658 0.005267122 0.967050970
1756587423878748416.000000 0.030643046 -0.004495393 0.014579447 -0.004140641 0.265003026 0.005097470 0.964225292
1756587423945428992.000000 0.032941490 -0.004813361 0.014660575 -0.003783488 0.274765760 0.005376870 0.961488783
1756587424012110848.000000 0.035050049 -0.004521747 0.014708331 -0.003314316 0.284250110 0.005451031 0.958728969
1756587424078792448.000000 0.036439497 -0.003599042 0.015489929 -0.002955734 0.286287487 0.005264982 0.958124816
1756587424145474560.000000 0.034797851 -0.003565714 0.016155131 -0.003131044 0.283334374 0.005241915 0.959001780
1756587424212156160.000000 0.035133019 -0.002992402 0.016138542 -0.002883708 0.283915251 0.004991743 0.958832085
1756587424278837760.000000 0.034662504 -0.003441571 0.014920663 -0.003327997 0.278332442 0.004914768 0.960466504
1756587424345519360.000000 0.031802334 -0.004300856 0.015254814 -0.004079780 0.268759787 0.004887895 0.963186204
1756587424412200192.000000 0.029470216 -0.003672768 0.015432391 -0.003457820 0.259547681 0.004201778 0.965715051
1756587424512222720.000000 0.025995152 -0.002669474 0.015903607 -0.003690127 0.243887305 0.003750905 0.969789326
1756587424578904320.000000 0.023810131 -0.002204603 0.016673394 -0.004061849 0.233164340 0.003504168 0.972422600
1756587424645586176.000000 0.022042410 -0.002636581 0.016731106 -0.005045795 0.221370116 0.003375238 0.975171030
1756587424712267776.000000 0.019779028 -0.002757580 0.017176840 -0.005690617 0.210896581 0.002891563 0.977487564
1756587424778950144.000000 0.017830947 -0.002981302 0.017063266 -0.005795601 0.200385213 0.002831718 0.979695976
1756587424878973696.000000 0.014275558 -0.003029107 0.016374979 -0.005044251 0.184554115 0.002016723 0.982807338
1756587424945656832.000000 0.011579132 -0.003736594 0.015200129 -0.005179024 0.173966125 0.002026806 0.984736025
1756587425012339968.000000 0.011195209 -0.004028988 0.015064711 -0.006006335 0.163457513 0.002468741 0.986529052
1756587425079023104.000000 0.008840024 -0.002161531 0.016029423 -0.005652239 0.152152985 0.001696575 0.988339424
1756587425179047936.000000 0.005952805 -0.002540733 0.015304436 -0.007141534 0.134604678 0.001985872 0.990871668
1756587425245730048.000000 0.004528931 -0.001382508 0.016002867 -0.006790276 0.123213440 0.002073169 0.992354810
1756587425312413184.000000 0.001936391 -0.002125459 0.014416870 -0.006729421 0.112324841 0.001731351 0.993647277
1756587425379096576.000000 -0.000288293 -0.001267646 0.014201863 -0.006740658 0.101316661 0.001589687 0.994830132
1756587425445779712.000000 -0.002152520 -0.001413049 0.013987975 -0.007616292 0.090055265 0.001458543 0.995906591
1756587425512462848.000000 -0.004070689 -0.001645370 0.013417013 -0.007919422 0.079425886 0.001469884 0.996808231
1756587425612487680.000000 -0.006966996 -0.001520581 0.011904560 -0.007988790 0.063041158 0.001170624 0.997978270
1756587425679171072.000000 -0.009077743 -0.000788984 0.011409634 -0.007565632 0.051614646 0.000983081 0.998637915
1756587425745853184.000000 -0.011116059 -0.000368435 0.011252311 -0.008373006 0.043426372 0.000397465 0.999021471
1756587425812537344.000000 -0.010766876 0.000487594 0.012102520 -0.007612357 0.045216948 0.000596874 0.998948038
1756587425879221248.000000 -0.010405846 -0.000399895 0.011690502 -0.008216215 0.047749721 0.000695695 0.998825312
1756587425979247360.000000 -0.009994194 -0.000000445 0.011832551 -0.007830719 0.047243353 0.000858231 0.998852372
1756587426045931008.000000 -0.009703865 0.000415597 0.012101203 -0.007679498 0.047048766 0.000916396 0.998862684
1756587426112615424.000000 -0.010209179 0.000651718 0.012570541 -0.007623428 0.047389034 0.000733892 0.998847187
1756587426212640256.000000 -0.010517753 -0.000035185 0.012077163 -0.008076694 0.047458213 0.000626943 0.998840392
1756587426279324416.000000 -0.010483825 0.000615935 0.012612442 -0.007585011 0.047479164 0.000655953 0.998843312
1756587426346008576.000000 -0.010238950 0.000439004 0.012452793 -0.007615632 0.047408551 0.000874215 0.998846173
1756587426446034688.000000 -0.009875493 -0.000093657 0.011957315 -0.008072305 0.045421120 0.000718827 0.998935103
1756587426512718848.000000 -0.012210413 -0.000596590 0.010423298 -0.008010634 0.032672342 0.000672177 0.999433815
1756587426579403264.000000 -0.014016789 -0.000046569 0.010367964 -0.007222355 0.030078134 0.000349642 0.999521434
1756587426646086400.000000 -0.013562473 -0.000653742 0.010606650 -0.008071531 0.034454912 0.000276566 0.999373615
1756587426746112512.000000 -0.012507775 -0.000684336 0.010599881 -0.008245705 0.033668607 0.000438167 0.999399006
1756587426812797440.000000 -0.012935380 -0.000520989 0.010505822 -0.008130021 0.034009296 0.000261875 0.999388456
1756587426879482624.000000 -0.012746402 -0.000523693 0.010970447 -0.008380982 0.033927366 0.000326057 0.999389112
1756587426979510016.000000 -0.012190178 -0.000870905 0.010446182 -0.008311977 0.033760101 0.000828075 0.999395072
1756587427046194176.000000 -0.012319371 -0.000946357 0.010629490 -0.008444495 0.033874612 0.000801083 0.999390125
1756587427112879360.000000 -0.012350950 -0.000607599 0.010710704 -0.008166471 0.033817064 0.000808739 0.999394357
1756587427212907008.000000 -0.012426430 -0.000387837 0.010595211 -0.008091486 0.033747405 0.000315781 0.999397635
1756587427279592192.000000 -0.012385488 -0.000447456 0.010837331 -0.008114249 0.033785343 0.000576227 0.999396086
1756587427346277376.000000 -0.012577359 -0.000503051 0.010527289 -0.008292318 0.032161754 0.000404678 0.999448240
1756587427412962560.000000 -0.014562942 -0.000742804 0.009304048 -0.007586024 0.019561421 0.000725190 0.999779642
1756587427512989696.000000 -0.015000655 -0.000416347 0.009886270 -0.007921157 0.021413164 0.000245737 0.999739289
1756587427579674880.000000 -0.014517597 0.000281740 0.009923496 -0.007868135 0.021261977 0.000337289 0.999742985
1756587427646360576.000000 -0.014204632 0.000540796 0.009554035 -0.007243558 0.021900877 0.000623545 0.999733746
1756587427746388736.000000 -0.013975563 0.000645801 0.009779327 -0.007532421 0.021653399 0.000632586 0.999737024
1756587427813072896.000000 -0.014809561 0.000497049 0.009780641 -0.007359586 0.022081092 0.000402292 0.999729037
1756587427879757312.000000 -0.014058582 0.000397282 0.009886454 -0.007638325 0.021724854 0.000509042 0.999734700
1756587427946440704.000000 -0.014414784 0.000254689 0.010078145 -0.007662043 0.021945406 0.000473900 0.999729753
1756587428013124608.000000 -0.014469671 0.000138522 0.010107299 -0.007796877 0.021958787 0.000425709 0.999728382
1756587428113151232.000000 -0.014584478 -0.000134699 0.009763604 -0.007805408 0.021957709 0.000417890 0.999728382
1756587428179835904.000000 -0.014330136 0.000060771 0.010103189 -0.007817552 0.021977277 0.000676542 0.999727726
1756587428246520320.000000 -0.014745537 0.000228169 0.009688127 -0.007579267 0.022013808 0.000399115 0.999728918
1756587428313204480.000000 -0.014590953 0.000167910 0.009730127 -0.007667629 0.021907628 0.000442488 0.999730527
1756587428413230080.000000 -0.014789062 -0.000359963 0.009783664 -0.007969935 0.022129159 0.000417559 0.999723315
1756587428479915008.000000 -0.014923248 -0.000470063 0.009882229 -0.008069063 0.022170991 0.000443315 0.999721587
1756587428546599168.000000 -0.014831544 0.000085937 0.009784500 -0.007703566 0.022192540 0.000519405 0.999723911
1756587428646626048.000000 -0.015098550 0.000315930 0.009963627 -0.007584173 0.022233224 0.000335328 0.999724030
1756587428713310464.000000 -0.015185180 0.000423102 0.009960030 -0.007546574 0.022261523 0.000375948 0.999723673
1756587428779993600.000000 -0.015103113 0.000514277 0.010070195 -0.007541358 0.022344800 0.000474471 0.999721766
1756587428846673920.000000 -0.014875240 -0.000136246 0.010054342 -0.007826462 0.022144344 0.000511883 0.999724090
1756587428913355776.000000 -0.015054474 0.000447861 0.009903946 -0.007475606 0.022268303 0.000516982 0.999723971
1756587429013377792.000000 -0.015047798 0.000512196 0.010077495 -0.007467691 0.022339387 0.000600709 0.999722421
1756587429080059648.000000 -0.015089980 -0.000239392 0.009853083 -0.007927743 0.022189623 0.000339764 0.999722362
1756587429180081920.000000 -0.014751767 0.000065630 0.010111989 -0.007791122 0.022147203 0.000715548 0.999724209
1756587429246762240.000000 -0.014613184 0.000159911 0.010105711 -0.007724729 0.021983296 0.000637566 0.999728382
1756587429313443584.000000 -0.014513523 0.000314905 0.009962883 -0.007623124 0.021988483 0.000689161 0.999728978
1756587429413465856.000000 -0.015034239 -0.000060688 0.009928228 -0.007786246 0.022242568 0.000538938 0.999722183
1756587429480147200.000000 -0.014853885 -0.000148002 0.010095727 -0.007803645 0.022229863 0.000758215 0.999722183
1756587429546828288.000000 -0.014897377 -0.000115753 0.010182527 -0.007775352 0.022178156 0.000629817 0.999723673
1756587429613509632.000000 -0.015058024 0.000091552 0.010314538 -0.007738723 0.022232739 0.000531031 0.999722779
1756587429713530880.000000 -0.015159083 0.000009902 0.010159571 -0.007754835 0.022329558 0.000529136 0.999720454
1756587429780212992.000000 -0.015202455 0.000014893 0.010261864 -0.007794030 0.022376852 0.000459127 0.999719203
1756587429846895872.000000 -0.014712307 -0.000135727 0.010143474 -0.007754278 0.022102315 0.000732647 0.999725401
1756587429913579008.000000 -0.015561922 -0.000160228 0.010219140 -0.007890692 0.022520470 0.000310349 0.999715209
1756587430013603584.000000 -0.015061275 -0.000038260 0.010088583 -0.007761710 0.022239575 0.000628063 0.999722421
1756587430080286464.000000 -0.014388146 -0.000186980 0.010225063 -0.007753178 0.022032479 0.000950066 0.999726832
1756587430146968832.000000 -0.014886845 -0.000001800 0.010181645 -0.007777432 0.022204656 0.000691199 0.999722958
1756587430213651712.000000 -0.014787147 0.001073780 0.010270992 -0.007091253 0.022205884 0.000822473 0.999727964
1756587430280334592.000000 -0.014805451 0.001057536 0.010276231 -0.007051117 0.022170272 0.000807336 0.999729037
1756587430380359168.000000 -0.014577832 0.001186108 0.010339105 -0.006994752 0.022074416 0.000760995 0.999731660
1756587430447042048.000000 -0.015274225 0.000554084 0.010291054 -0.007417942 0.022476273 0.000527512 0.999719799
1756587430513724928.000000 -0.015309359 0.000161083 0.010326499 -0.007706768 0.022506071 0.000564684 0.999716878
1756587430613748224.000000 -0.015454799 0.000198141 0.010275503 -0.007667135 0.022533750 0.000568822 0.999716520
1756587430680431104.000000 -0.015470839 0.000488787 0.010181446 -0.007420618 0.022577653 0.000636779 0.999717414
1756587430780459520.000000 -0.015440939 0.000454860 0.010244622 -0.007429850 0.022543257 0.000466917 0.999718189
1756587430847151360.000000 -0.015606157 -0.000107097 0.010255786 -0.007860778 0.022613866 0.000396365 0.999713302
1756587430913842944.000000 -0.015627962 -0.000142252 0.010174642 -0.007842708 0.022692056 0.000495039 0.999711633
