1756402056104943872.000000 -0.034256428 -0.016516067 0.007139002 -0.736157894 0.019561181 -0.003669353 0.676517189
1756402058938976000.000000 -0.029711213 0.067029864 0.009035149 -0.734378695 0.021307744 -0.004396497 0.678391218
1756402059239050496.000000 -0.027746979 0.095646098 0.010045624 -0.733580351 0.023504088 -0.005375715 0.679174900
1756402059539125760.000000 -0.020432724 0.126185343 0.011047842 -0.731809497 0.049825713 -0.028705420 0.679079056
1756402059772518400.000000 -0.010046528 0.152889311 0.010979817 -0.730790138 0.078125536 -0.055376980 0.675851822
1756402059939226368.000000 -0.001661615 0.169669315 0.011393980 -0.728355706 0.099196434 -0.074622221 0.673861682
1756402060072593408.000000 0.006027156 0.182493180 0.011344558 -0.726656914 0.115606867 -0.089199722 0.671303391
1756402060205960704.000000 0.014782211 0.195811063 0.011543006 -0.722898364 0.132854417 -0.105491146 0.669805408
1756402060506024448.000000 0.027244141 0.222737446 0.011973305 -0.720971584 0.142161831 -0.113327637 0.668690443
1756402060672726784.000000 0.040186320 0.240325078 0.011992172 -0.718083739 0.162621930 -0.130330369 0.664021015
1756402060972789504.000000 0.050572820 0.265381873 0.012105338 -0.717927933 0.160515130 -0.129251972 0.664912283
1756402061339532032.000000 0.069502011 0.298095882 0.011671617 -0.715977132 0.174061045 -0.142238557 0.660944581
1756402061539573504.000000 0.081891321 0.315922737 0.011821101 -0.712966740 0.185071886 -0.151703715 0.659100056
1756402061706273536.000000 0.089592092 0.330440611 0.011837848 -0.713068545 0.185218036 -0.152206555 0.658832908
1756402061939654400.000000 0.103814371 0.350160390 0.011965902 -0.710117221 0.198409259 -0.164609492 0.655187786
1756402062106354432.000000 0.117480762 0.363564014 0.011926190 -0.704453409 0.218305722 -0.182744190 0.650148213
1756402062273056256.000000 0.132117376 0.375491977 0.012195864 -0.696614563 0.239516556 -0.202146441 0.645365655
1756402062473104128.000000 0.151332274 0.390465260 0.011969015 -0.689683855 0.263395667 -0.223282352 0.636477768
1756402062606468608.000000 0.163508102 0.398765832 0.012097228 -0.683459640 0.278397650 -0.237479597 0.631649613
1756402062739834112.000000 0.176334143 0.406879365 0.012246251 -0.677370250 0.293577075 -0.251807511 0.625759602
1756402062906540544.000000 0.193715706 0.415945679 0.012719933 -0.668756306 0.313352644 -0.269748658 0.617908418
1756402063039904512.000000 0.207535177 0.422529459 0.012876336 -0.661736786 0.327877998 -0.282904446 0.612017572
1756402063306633472.000000 0.227521122 0.439567864 0.012922112 -0.663691878 0.325630605 -0.280503899 0.612205386
1756402063540018432.000000 0.243555084 0.452703744 0.013314362 -0.662479460 0.324700356 -0.280449957 0.614034593
1756402063840085760.000000 0.268239379 0.472295225 0.012935554 -0.663555443 0.325295597 -0.280142188 0.612696826
1756402064040129536.000000 0.283771455 0.484520584 0.012808084 -0.663241804 0.326080024 -0.280435383 0.612485290
1756402064373537280.000000 0.310122013 0.505441129 0.012667087 -0.664015234 0.326919645 -0.279736370 0.611518502
1756402064740287232.000000 0.338069320 0.526688576 0.012811443 -0.662502527 0.327401757 -0.280736089 0.612442434
1756402065173717248.000000 0.371383339 0.553139687 0.012596085 -0.663438201 0.327354431 -0.279676408 0.611939490
1756402065373757184.000000 0.382365137 0.567730188 0.012211969 -0.671015561 0.312725186 -0.266469717 0.617199302
1756402065873853952.000000 0.415866584 0.601395845 0.012376641 -0.674392402 0.303815007 -0.258645982 0.621283829
1756402066140570880.000000 0.432846606 0.616882801 0.013702146 -0.672454953 0.302349776 -0.258226097 0.624266207
1756402066407292928.000000 0.453412205 0.636660218 0.012535385 -0.675931275 0.302365333 -0.257165253 0.620933294
1756402066874057216.000000 0.484751403 0.665855289 0.012999767 -0.673601389 0.300636083 -0.257377535 0.624208272
1756402067307482624.000000 0.517040789 0.695739269 0.012096341 -0.674758077 0.300993353 -0.257152110 0.622878373
1756402067707574016.000000 0.544311702 0.722717106 0.012186176 -0.675332427 0.299345165 -0.256122977 0.623473942
1756402068141006848.000000 0.574336708 0.751585484 0.011188089 -0.676381409 0.299495667 -0.256426513 0.622138262
1756402068642145280.000000 0.609320223 0.785047472 0.010911213 -0.676698029 0.298748612 -0.256356657 0.622181892
1756402069043292928.000000 0.635812163 0.810865521 0.011258853 -0.675349176 0.297874570 -0.257263511 0.623690486
1756402069377174016.000000 0.659543097 0.832176447 0.011853749 -0.672788680 0.299720138 -0.259549975 0.624625623
1756402069643837440.000000 0.678683639 0.852005303 0.011225302 -0.675870836 0.297622114 -0.256973207 0.623365462
1756402070177149696.000000 0.714245260 0.886368990 0.011550161 -0.676757812 0.294301629 -0.254713416 0.624905169
1756402070577138944.000000 0.738993168 0.916942656 0.010968721 -0.683926702 0.282990992 -0.243236557 0.626894176
1756402070843794688.000000 0.746228099 0.937576354 0.011470458 -0.694077730 0.249885365 -0.214271426 0.640235305
1756402071377103104.000000 0.779599905 0.979001105 0.010944664 -0.695629776 0.252232462 -0.215247348 0.637296379
1756402071877089536.000000 0.795865715 1.017774224 0.011707094 -0.705675423 0.210451722 -0.178920254 0.652472198
1756402072377073152.000000 0.819380224 1.059318066 0.012030250 -0.708304822 0.203898907 -0.171329558 0.653739810
1756402072910407424.000000 0.843853235 1.103479862 0.012347709 -0.709689975 0.195112705 -0.164398074 0.656692088
1756402073177069312.000000 0.847063363 1.126372933 0.012638330 -0.717622817 0.162269577 -0.134655282 0.663742483
1756402073410402560.000000 0.847463071 1.146828771 0.012756478 -0.724220753 0.133497804 -0.108144000 0.667823017
1756402073643735808.000000 0.854201734 1.166662097 0.013701241 -0.722674370 0.131423041 -0.106643513 0.670146942
1756402073910397184.000000 0.863929272 1.192952037 0.013473722 -0.725029469 0.130864769 -0.105152875 0.667944372
1756402074243720704.000000 0.870823920 1.223022819 0.013719245 -0.726530671 0.117730580 -0.093659498 0.670462966
1756402074443735808.000000 0.868255436 1.239331007 0.013985195 -0.729147255 0.091271646 -0.070418835 0.674577713
1756402074743753984.000000 0.872653365 1.268150330 0.014492514 -0.730371833 0.082149073 -0.061794948 0.675270319
1756402075177106944.000000 0.881178677 1.309879780 0.014434097 -0.730457127 0.081156164 -0.061123013 0.675359190
1756402075510451456.000000 0.882036686 1.339857221 0.014313283 -0.734316707 0.056054682 -0.037903327 0.675425947
1756402075777124352.000000 0.877298236 1.362072468 0.014638459 -0.734075904 0.022742750 -0.006667273 0.678653777
1756402078710477824.000000 0.643026114 1.545540571 0.021191079 -0.661362350 -0.325991511 0.305038869 0.602727771
1756402080277143808.000000 0.510735035 1.595544934 0.018575547 -0.615858316 -0.400060534 0.375401378 0.565459073
1756402081843776512.000000 0.364102244 1.651459575 0.019644681 -0.618117690 -0.398675978 0.372827351 0.565674603
1756402083810400256.000000 0.224336937 1.843380690 0.021192279 -0.716570377 -0.171962082 0.167657033 0.654864192
1756402085514515456.000000 0.229656309 2.035360336 0.022647172 -0.738078415 0.036270496 -0.020909939 0.673414886
1756402085747845376.000000 0.239154100 2.060417891 0.023353904 -0.735968173 0.065325581 -0.046399213 0.672257900
1756402086047837952.000000 0.249939933 2.089773417 0.023692518 -0.733390570 0.087210782 -0.066433795 0.670909286
1756402086281162240.000000 0.254140705 2.110366583 0.023696719 -0.732671618 0.085557811 -0.064969920 0.672049999
1756402086581158144.000000 0.260927767 2.139776468 0.023347182 -0.733989179 0.085885018 -0.066205762 0.670448005
1756402087014475008.000000 0.269681126 2.179728508 0.022974862 -0.733747482 0.085250750 -0.064312980 0.670977533
1756402087281129216.000000 0.274388164 2.204857826 0.023039209 -0.733005404 0.085253887 -0.064600579 0.671760142
1756402087714458368.000000 0.283463806 2.243573189 0.023608766 -0.732045829 0.085441686 -0.063591838 0.672877967
1756402088181107712.000000 0.292512685 2.288844109 0.023077680 -0.733529747 0.084876679 -0.063526228 0.671337843
1756402088714426624.000000 0.302610755 2.338452816 0.023026245 -0.732984960 0.084251210 -0.062586710 0.672099531
1756402089114403840.000000 0.320485413 2.378135681 0.023671634 -0.728815377 0.120254695 -0.095092393 0.667326391
1756402089514393600.000000 0.332610041 2.415267706 0.023681430 -0.727979898 0.121493004 -0.095886849 0.667900026
1756402089947715584.000000 0.346443027 2.455410004 0.022890408 -0.729269266 0.120823167 -0.093758069 0.666916430
1756402090281045760.000000 0.362115175 2.488948584 0.022755116 -0.728347957 0.140759528 -0.110736914 0.661387563
1756402090581075968.000000 0.381857365 2.515832663 0.022917956 -0.719542265 0.176443398 -0.142777160 0.656308889
1756402091014447104.000000 0.398960680 2.552967787 0.022572227 -0.720742166 0.170510113 -0.137174994 0.657753885
1756402091514501376.000000 0.418606490 2.595884800 0.021998089 -0.720675290 0.170452625 -0.138684794 0.657525420
1756402091847878656.000000 0.440976322 2.624837160 0.021576323 -0.713694155 0.197303444 -0.163429007 0.651922584
1756402092081239552.000000 0.459096670 2.642728567 0.021955591 -0.705299497 0.225592330 -0.189248309 0.644861102
1756402092614586112.000000 0.490540087 2.684131622 0.022113964 -0.702615440 0.229420274 -0.193750411 0.645103693
1756402093147887360.000000 0.523607433 2.723937511 0.021528939 -0.697398365 0.242757902 -0.206053630 0.642063916
1756402093447872768.000000 0.553715348 2.745509863 0.021008238 -0.684605718 0.278752059 -0.238912269 0.629708886
1756402093947854336.000000 0.592908978 2.780588865 0.019270470 -0.682271481 0.288395613 -0.246768847 0.624850988
1756402094514526720.000000 0.638802648 2.816389561 0.020712394 -0.672474802 0.309071392 -0.266914397 0.617259502
1756402094914571008.000000 0.683690667 2.835913897 0.021772718 -0.652014554 0.353669941 -0.306860328 0.596348405
1756402095414607360.000000 0.723990679 2.862419128 0.021694466 -0.651354432 0.353384972 -0.306742638 0.597298443
1756402095781266944.000000 0.754291415 2.882939339 0.020194165 -0.652151763 0.353690833 -0.306900680 0.596165240
1756402096214581248.000000 0.795567513 2.901117086 0.020085625 -0.640385628 0.373948544 -0.325415313 0.586663127
1756402096481235200.000000 0.826362073 2.909981251 0.019252477 -0.624176860 0.400054693 -0.350802660 0.572098792
1756402096847879168.000000 0.857167363 2.924618959 0.018851606 -0.625339389 0.396418929 -0.347819179 0.575173497
1756402097281172736.000000 0.897174597 2.943315506 0.017354669 -0.625230849 0.397737771 -0.347221792 0.574741721
1756402097614485760.000000 0.925774813 2.957487106 0.017880457 -0.624580979 0.396984696 -0.347822338 0.575605214
1756402097847799552.000000 0.952104509 2.961261749 0.018647298 -0.608983397 0.419535398 -0.369145870 0.562903881
1756402098081110016.000000 0.981158912 2.964683294 0.018238911 -0.593660593 0.442079425 -0.390152603 0.547644019
1756402098481119744.000000 1.018168688 2.977009058 0.017585142 -0.597323477 0.437905937 -0.386534810 0.549576044
1756402098747831296.000000 1.042408705 2.985229254 0.017644988 -0.596122086 0.437607557 -0.388448894 0.549768746
1756402099181233408.000000 1.083722711 2.996839285 0.017501546 -0.593094170 0.438856691 -0.392185688 0.549394786
1756402099414576896.000000 1.113565087 2.996517181 0.017039305 -0.573786914 0.466041714 -0.415686369 0.529885411
1756402099614562816.000000 1.137032509 2.995004654 0.017355496 -0.557837427 0.484676212 -0.433052719 0.516112208
1756402099847877120.000000 1.160265326 2.998439312 0.018296253 -0.557423353 0.484401494 -0.434116900 0.515923381
1756402100014526720.000000 1.178108931 3.000350952 0.017887961 -0.557779789 0.485654682 -0.433385789 0.514973879
1756402100214504448.000000 1.197697997 3.004503727 0.017768849 -0.558443010 0.484649360 -0.433305949 0.515269279
1756402100481407232.000000 1.228754878 2.999457836 0.018644992 -0.535639107 0.507602036 -0.456022322 0.497468203
1756402100681686272.000000 1.251509666 2.995013475 0.018529765 0.518112361 -0.524840951 0.472523391 -0.482517511
1756402100915366656.000000 1.278505683 2.987435102 0.018555649 0.497747838 -0.543957174 0.491394997 -0.463560849
1756402101115684352.000000 1.299706936 2.979017496 0.018726934 0.478744388 -0.559637129 0.507294595 -0.447506756
1756402101282628096.000000 1.318578482 2.976003885 0.018093109 0.478501052 -0.561955214 0.507212758 -0.444947600
1756402101482679040.000000 1.336248517 2.973334789 0.018005744 0.478108615 -0.560117304 0.507704496 -0.447120786
1756402101782730752.000000 1.365236878 2.967895508 0.018637065 0.474031210 -0.561141014 0.511078358 -0.446334153
1756402102082781952.000000 1.399124265 2.950960159 0.018054342 0.440814972 -0.587058306 0.535905719 -0.416953087
1756402102349494528.000000 1.427968025 2.934258223 0.018403156 0.415789366 -0.607122004 0.552779675 -0.391096771
1756402102616214272.000000 1.453322053 2.921544075 0.018142754 0.409421444 -0.611812234 0.556765437 -0.384801358
1756402103116313344.000000 1.499809146 2.903990269 0.018694529 0.412191063 -0.610485494 0.555189133 -0.386226654
1756402103349692672.000000 1.520817280 2.886375666 0.018753396 0.388390362 -0.625967383 0.568477333 -0.366266817
1756402103549731584.000000 1.537472725 2.871572495 0.019617472 0.367633581 -0.638498724 0.580116451 -0.347318053
1756402103749770752.000000 1.554704666 2.854793787 0.020024534 0.346310705 -0.651850700 0.590573549 -0.326163203
1756402103916469248.000000 1.566656828 2.840775013 0.020501975 0.328139246 -0.659484804 0.600551188 -0.311035156
1756402104116507648.000000 1.581134677 2.822728872 0.021108562 0.307404459 -0.670624137 0.608994007 -0.291362345
1756402104283206400.000000 1.591413498 2.806436062 0.021632677 0.287900507 -0.678436339 0.617782593 -0.274193704
1756402104516584960.000000 1.605631590 2.782482624 0.021618495 0.262950748 -0.689895332 0.626044750 -0.250936985
1756402104749963776.000000 1.618157148 2.756940842 0.022416491 0.235630825 -0.700294018 0.634661973 -0.226430193
1756402104916661760.000000 1.627403498 2.739850044 0.022264140 0.225036055 -0.704598486 0.637531817 -0.215529546
1756402105416755968.000000 1.657683611 2.699800253 0.021645671 0.227884978 -0.704054475 0.637246490 -0.215157568
1756402105750152192.000000 1.676166296 2.668996096 0.020989651 0.216898501 -0.708771884 0.639633596 -0.203633040
1756402105983529216.000000 1.684909701 2.642290592 0.020873183 0.188847542 -0.716161251 0.647715032 -0.178647697
1756402106150225664.000000 1.689669847 2.623201847 0.020253694 0.169864282 -0.721103370 0.652245343 -0.160412699
1756402106350265344.000000 1.698575854 2.605906725 0.020793986 0.173054293 -0.720171809 0.651711404 -0.163331419
1756402106583653120.000000 1.708997488 2.585061550 0.020381875 0.172099844 -0.720179975 0.652470529 -0.161259890
1756402106883724800.000000 1.720595360 2.558567047 0.020716438 0.167794898 -0.718064547 0.656499028 -0.158862293
1756402107083771904.000000 1.724874139 2.532307148 0.020191913 0.141241089 -0.725839794 0.659752965 -0.133916408
1756402107250478848.000000 1.725613832 2.515035152 0.021225583 0.119225711 -0.725606322 0.667708397 -0.115957677
1756402107517218560.000000 1.734902382 2.488476753 0.020285746 0.122043125 -0.727147877 0.665254414 -0.117465258
1756402107783962368.000000 1.743182182 2.462747574 0.020493167 0.122414306 -0.727683187 0.664521992 -0.117908716
1756402108150736640.000000 1.754483104 2.429052830 0.021136466 0.122070886 -0.727900684 0.664527237 -0.116888575
1756402108550822912.000000 1.767166495 2.389409542 0.020556254 0.122441955 -0.729901254 0.662547946 -0.115249023
1756402108784195840.000000 1.771195054 2.361516237 0.020353280 0.105008759 -0.734527051 0.662867486 -0.100249507
1756402108984227840.000000 1.770892262 2.340472460 0.021161558 0.083947361 -0.733265042 0.669762075 -0.081817061
1756402109250936576.000000 1.777086377 2.315496206 0.022152897 0.086341105 -0.732424259 0.670004487 -0.084817365
1756402109651009024.000000 1.786670566 2.274357796 0.021071138 0.085544117 -0.732909322 0.669744372 -0.083479062
1756402110184435712.000000 1.797476768 2.223880291 0.021326274 0.087740190 -0.732873619 0.669363737 -0.084558859
1756402110551198720.000000 1.803777099 2.189063311 0.021702120 0.086237952 -0.732694387 0.669605792 -0.085732937
1756402110751259648.000000 1.804905653 2.167366028 0.022377044 0.071702942 -0.733591259 0.671835542 -0.073072858
1756402110951322112.000000 1.801254630 2.142264605 0.021860572 0.043161750 -0.736809909 0.672956288 -0.048765536
1756402111284761088.000000 1.803836346 2.106261969 0.022363571 0.033716131 -0.739080489 0.671672344 -0.038465369
1756402111786027776.000000 1.807131886 2.058125019 0.022588864 0.030106612 -0.737379074 0.673846602 -0.036007512
1756402112020018176.000000 1.801232100 2.032228947 0.023095764 -0.002249117 -0.736508369 0.676404417 -0.005249821
1756402112720867328.000000 1.789920211 1.962850213 0.024339857 -0.029111886 -0.734376907 0.677898288 0.017233830
1756402113020851712.000000 1.777087092 1.930249333 0.024886543 -0.064468533 -0.733127594 0.675341487 0.047766458
1756402114420799232.000000 1.728248358 1.792529702 0.025362547 -0.104340047 -0.731027365 0.669620514 0.079502143
1756402117387576576.000000 1.646454930 1.529119968 0.026766285 -0.122717701 -0.727876663 0.667261362 0.099490516
1756402119387556096.000000 1.580478430 1.347389102 0.024875008 -0.121700004 -0.730491877 0.665164709 0.095533617
1756402121187588864.000000 1.593022466 1.186824918 0.019603629 0.042022709 -0.743171155 0.665587664 -0.054071918
1756402121520930816.000000 1.607499123 1.163915992 0.019374982 0.083503276 -0.737496316 0.663871706 -0.091656245
1756402121754271488.000000 1.614034891 1.144636750 0.018411694 0.095340788 -0.734010875 0.664521813 -0.102708712
1756402122020944128.000000 1.613144279 1.115252256 0.020546746 0.059066039 -0.735610902 0.671149075 -0.070333228
1756402122320945664.000000 1.608052492 1.080351353 0.020224435 0.022239106 -0.737122238 0.674407542 -0.036479659
1756402122854264576.000000 1.611059427 1.028118253 0.020294113 0.021580303 -0.737979591 0.673603594 -0.034332823
1756402123387571968.000000 1.613988400 0.973278105 0.019335203 0.021090124 -0.740663469 0.670746922 -0.032733358
1756402123854246656.000000 1.615878463 0.928685009 0.019997962 0.021974564 -0.740809321 0.670591235 -0.032033626
1756402126387532544.000000 1.593906999 0.682168841 0.017437799 0.027080873 -0.739675701 0.671331227 -0.038222879
1756402126720874240.000000 1.605657101 0.656443536 0.018023880 0.068810567 -0.735970438 0.669118166 -0.076769151
1756402126987544064.000000 1.617765069 0.636867583 0.017276701 0.100301586 -0.731414199 0.665968418 -0.107046999
1756402127254208768.000000 1.632642508 0.619700789 0.017579028 0.133237258 -0.725995243 0.660677254 -0.136690870
1756402127487764736.000000 1.646387577 0.604814470 0.017747926 0.161858395 -0.720248580 0.654938459 -0.161553442
1756402127688048640.000000 1.657644629 0.590819061 0.017433373 0.181907400 -0.714755535 0.650579572 -0.181053683
1756402128055280896.000000 1.674021244 0.557126284 0.016712802 0.178333759 -0.717244148 0.650331557 -0.175575897
1756402128489095680.000000 1.693207502 0.519295514 0.016742503 0.177643478 -0.716848850 0.650995672 -0.175428927
1756402128689140992.000000 1.704323173 0.507915974 0.017199438 0.196823284 -0.710883319 0.647043884 -0.192976192
1756402128889185280.000000 1.717841983 0.495865673 0.016981771 0.217468649 -0.706253648 0.640083909 -0.210251778
1756402129122571008.000000 1.730297208 0.476542264 0.016749348 0.216815323 -0.706676483 0.640386701 -0.208577245
1756402129355955712.000000 1.740658283 0.453646302 0.016891107 0.202996626 -0.711305201 0.643528223 -0.196745768
1756402129522661376.000000 1.745706916 0.434978247 0.016948951 0.182411820 -0.717308819 0.648556709 -0.177674755
1756402129756048128.000000 1.751214027 0.409248829 0.016980870 0.153760329 -0.722353160 0.656654537 -0.152867928
1756402129956094720.000000 1.757188082 0.388925195 0.016299760 0.144119740 -0.724997282 0.658206880 -0.142731324
1756402130289504256.000000 1.769896150 0.359687150 0.016947059 0.144190967 -0.724200606 0.659048736 -0.142819256
1756402130522892544.000000 1.774523735 0.333241940 0.016567461 0.121283628 -0.728503883 0.663270712 -0.121013984
1756402130722938880.000000 1.775456190 0.310645610 0.016587140 0.096552573 -0.731594086 0.667574525 -0.098954514
1756402130956326656.000000 1.776267648 0.282208562 0.016302330 0.069370076 -0.735670805 0.669956505 -0.071656011
1756402131189713664.000000 1.781720877 0.259193152 0.016368438 0.072118968 -0.736306369 0.668771207 -0.073463932
1756402131423102464.000000 1.783704281 0.236044556 0.016276423 0.064008154 -0.734827876 0.672000945 -0.065922908
1756402131689832448.000000 1.779327393 0.202986896 0.016383206 0.025580255 -0.739356339 0.672155321 -0.030084928
1756402132890112512.000000 1.758242249 0.078472704 0.017290693 -0.047916166 -0.735337198 0.675087690 0.035212107
1756402133290202624.000000 1.737950206 0.035816811 0.019031372 -0.098727979 -0.730104566 0.671395183 0.080178641
1756402133824848640.000000 1.716699004 -0.015059205 0.018602762 -0.116564393 -0.726964533 0.669777632 0.096608967
1756402134192563712.000000 1.696935534 -0.049186185 0.019377455 -0.146611229 -0.721140921 0.665690660 0.123761639
1756402135392954368.000000 1.620946765 -0.151393443 0.020076616 -0.219225377 -0.704976499 0.648186684 0.186554313
1756402138159531264.000000 1.378519416 -0.300807983 0.016427211 -0.389745593 -0.630822003 0.576444030 0.343328178
1756402141126073344.000000 1.091253281 -0.351908922 0.010944652 -0.467304111 -0.574865162 0.527401745 0.415937960
1756402144092722688.000000 0.805666447 -0.363422722 0.010812054 -0.527108788 -0.514887929 0.480391055 0.475679696
1756402147092696832.000000 0.507262707 -0.346791744 0.011537974 -0.542900443 -0.498849541 0.465274900 0.489824057
1756402147892709376.000000 0.429088145 -0.341247886 0.012232034 -0.541325629 -0.498606920 0.466573298 0.490578413
1756402148359364608.000000 0.383356214 -0.338577092 0.012297106 -0.540961027 -0.498219222 0.466168463 0.491757840
1756402148792703744.000000 0.342338473 -0.334664822 0.012578703 -0.539844513 -0.499365479 0.467044353 0.490990371
1756402149226031104.000000 0.300479919 -0.333427250 0.012316757 -0.538312018 -0.502811551 0.467558473 0.488661319
1756402149593036288.000000 0.265742898 -0.330703735 0.013298131 -0.540704846 -0.499229312 0.465160489 0.491969615
1756402149860096512.000000 0.235644683 -0.319850057 0.013747518 -0.563427329 -0.472560376 0.441759855 0.513891578
1756402150160577536.000000 0.207397610 -0.314914048 0.014104413 -0.562191904 -0.473747998 0.442508101 0.513507247
1756402150994384640.000000 0.126638293 -0.296066344 0.015756782 -0.561020553 -0.479514837 0.445803642 0.506537914
1756402151961283840.000000 0.036168292 -0.280160666 0.016324157 -0.560137630 -0.480552703 0.448249042 0.504368722
1756402152228014336.000000 0.009925397 -0.278073341 0.017794754 -0.561420500 -0.482585579 0.445498019 0.503437936
1756402152461399296.000000 -0.013320599 -0.273968816 0.017864682 -0.562479079 -0.483641267 0.444938570 0.501735091
1756402152761463808.000000 -0.039717935 -0.269189626 0.020015672 -0.562312067 -0.482820988 0.445176929 0.502500296
1756402152994845952.000000 -0.061118040 -0.264629960 0.021144355 -0.562423527 -0.483612716 0.445583403 0.501252472
1756402153228228864.000000 -0.081379391 -0.260976195 0.020723836 -0.565697253 -0.488047630 0.441854894 0.496548474
1756402153761690112.000000 -0.079827517 -0.262897134 0.021351140 -0.565824389 -0.481487781 0.442157805 0.502502561
1756402154828628992.000000 -0.088159688 -0.241582334 0.015700802 -0.625391901 -0.392570764 0.366889685 0.565831423
1756402155028680192.000000 -0.089273490 -0.235360175 0.016693555 -0.638183057 -0.372590691 0.348335892 0.576680839
1756402155428781824.000000 -0.089946784 -0.222797900 0.015576421 -0.661671042 -0.327019602 0.309542388 0.599527478
1756402158329478656.000000 -0.041537780 -0.155154541 0.006855088 -0.735213399 -0.003942101 0.019124258 0.677554429
1756402159329725184.000000 -0.035581861 -0.152337641 0.007321450 -0.735208571 0.018911684 -0.002262121 0.677573323
1756402159863170304.000000 -0.035568580 -0.152453482 0.007361362 -0.735178113 0.018832302 -0.002253975 0.677608669
1756402160363271680.000000 -0.037760086 -0.153222799 0.007112299 -0.735103846 0.011384680 0.004407624 0.677844644
1756402160896731648.000000 -0.037755966 -0.153317407 0.007237056 -0.735139310 0.011366709 0.004370567 0.677806795
1756402161430188800.000000 -0.037753437 -0.153245747 0.007169832 -0.735139430 0.011367432 0.004462572 0.677805960
1756402161930292992.000000 -0.037761539 -0.153213352 0.007087123 -0.735112071 0.011392574 0.004449950 0.677835345
1756402162463740416.000000 -0.037805147 -0.153271839 0.007124375 -0.735100210 0.011489246 0.004475447 0.677846372
1756402162997206784.000000 -0.037817556 -0.153184518 0.007100283 -0.735095561 0.011409165 0.004426234 0.677853048
1756402163530673152.000000 -0.037802156 -0.153271258 0.007160909 -0.735111952 0.011404220 0.004424008 0.677835464
1756402164030797568.000000 -0.037736423 -0.153245732 0.007162167 -0.735117674 0.011349713 0.004428960 0.677830040
1756402164564263424.000000 -0.037847430 -0.153229222 0.007115491 -0.735114932 0.011463935 0.004398528 0.677831292
1756402165064387584.000000 -0.037753657 -0.153233260 0.007127632 -0.735124111 0.011389105 0.004463723 0.677822292
1756402165597848832.000000 -0.037743427 -0.153316036 0.007213964 -0.735148728 0.011422424 0.004383442 0.677795470
1756402166097963264.000000 -0.037698839 -0.153351083 0.007221279 -0.735151708 0.011348379 0.004443049 0.677793145
1756402166598082560.000000 -0.037809405 -0.153172627 0.007096919 -0.735137105 0.011400100 0.004401273 0.677808344
1756402167098209024.000000 -0.037587956 -0.153364897 0.007170720 -0.735138357 0.011381987 0.004518927 0.677806556
1756402167598329600.000000 -0.037719280 -0.153226942 0.007103905 -0.735146880 0.011401595 0.004476193 0.677797318
1756402168098443264.000000 -0.037825473 -0.153280169 0.007237867 -0.735188663 0.011397013 0.004357141 0.677752733
1756402168598555392.000000 -0.037783440 -0.153283745 0.007179152 -0.735157728 0.011377984 0.004444586 0.677786052
1756402169098664448.000000 -0.037787989 -0.153233498 0.007161479 -0.735169351 0.011388517 0.004368484 0.677773833
1756402169632125184.000000 -0.037789393 -0.153214514 0.007151570 -0.735161245 0.011426812 0.004445537 0.677781463
1756402170132255744.000000 -0.037743784 -0.153315485 0.007178482 -0.735148430 0.011390641 0.004475601 0.677795768
1756402170632390400.000000 -0.037777066 -0.153278798 0.007177149 -0.735163391 0.011397939 0.004417798 0.677779794
1756402171132531456.000000 -0.037784070 -0.153222799 0.007156824 -0.735159934 0.011329079 0.004413795 0.677784681
1756402171632671488.000000 -0.037784651 -0.153235435 0.007162084 -0.735162556 0.011347449 0.004416216 0.677781522
1756402172166153984.000000 -0.037784774 -0.153491467 0.007265280 -0.735173643 0.011380340 0.004448569 0.677768707
1756402172666294016.000000 -0.037784807 -0.153180346 0.007140988 -0.735173821 0.011401138 0.004458173 0.677768111
1756402173166436096.000000 -0.037729502 -0.153241098 0.007137244 -0.735177994 0.011374873 0.004451515 0.677764118
1756402173699902464.000000 -0.037734527 -0.153338641 0.007201514 -0.735202193 0.011375145 0.004477065 0.677737713
1756402174200018432.000000 -0.037782375 -0.153274968 0.007176992 -0.735168040 0.011354671 0.004441504 0.677775264
1756402174733487360.000000 -0.037907913 -0.153274477 0.007197493 -0.735186577 0.011393078 0.004383380 0.677754939
1756402175266962176.000000 -0.037820853 -0.153264865 0.007164584 -0.735182941 0.011421060 0.004445781 0.677757919
1756402175800422656.000000 -0.037684288 -0.153177038 0.007048986 -0.735161006 0.011412276 0.004538171 0.677781284
1756402176333878784.000000 -0.037788901 -0.153171211 0.007097646 -0.735149920 0.011386828 0.004450749 0.677794337
1756402176834016000.000000 -0.037712708 -0.153222144 0.007137110 -0.735169947 0.011378334 0.004510443 0.677772343
1756402177334157312.000000 -0.037718073 -0.153265700 0.007132710 -0.735163629 0.011386389 0.004472815 0.677779377
1756402177867625728.000000 -0.037819434 -0.153213143 0.007144863 -0.735178590 0.011456091 0.004456253 0.677762091
1756402178401093120.000000 -0.037784904 -0.153166592 0.007137449 -0.735176802 0.011380440 0.004443700 0.677765310
1756402178901212928.000000 -0.037777107 -0.153169394 0.007104583 -0.735141337 0.011400057 0.004466382 0.677803338
1756402179401331456.000000 -0.037489671 -0.153324306 0.006744075 -0.735032380 0.011405667 0.004635432 0.677920222
1756402179934789376.000000 -0.037492245 -0.153177679 0.006699911 -0.735034108 0.011376391 0.004659274 0.677918732
1756402180434908416.000000 -0.037726253 -0.153284460 0.007055845 -0.735139906 0.011425944 0.004483669 0.677804291
1756402180935038720.000000 -0.037724983 -0.153313398 0.007175767 -0.735182464 0.011405516 0.004521811 0.677758336
1756402181468507904.000000 -0.037784044 -0.153147310 0.007130168 -0.735187411 0.011450025 0.004498977 0.677752316
1756402182001963264.000000 -0.037719741 -0.153261378 0.007151075 -0.735183477 0.011425099 0.004497853 0.677756965
1756402182502081280.000000 -0.037699845 -0.153295979 0.007166388 -0.735189736 0.011387336 0.004531078 0.677750647
1756402183035551744.000000 -0.037959855 -0.152321622 0.007905031 -0.731846750 0.009680201 0.006548773 0.681369066
1756402183535675904.000000 -0.037093785 -0.100863725 0.007814632 -0.734370708 0.010683270 0.003413922 0.678655982
1756402184035788800.000000 -0.036323521 -0.054107442 0.008457490 -0.732408941 0.011200918 0.003742073 0.680762589
1756402184535896576.000000 -0.034366347 -0.003563199 0.009303682 -0.733850896 0.013523848 0.004485739 0.679161191
1756402184569236480.000000 -0.034242421 -0.000638418 0.009588100 -0.733231366 0.013712481 0.004386300 0.679826856
1756402185069335552.000000 -0.033401333 0.048040502 0.009580362 -0.733747721 0.014138016 0.002459634 0.679270566
1756402185569440000.000000 -0.032325860 0.098128557 0.010466462 -0.734412372 0.015871456 0.001547558 0.678516209
1756402186102895872.000000 -0.031799972 0.150030166 0.010741350 -0.734590411 0.016148632 0.000612549 0.678318441
1756402186636351744.000000 -0.029978957 0.202160910 0.011120477 -0.734269917 0.017153535 -0.000531160 0.678640723
1756402187169809920.000000 -0.027525265 0.254725337 0.011770664 -0.735731542 0.017572768 0.000446631 0.677045166
1756402187669927936.000000 -0.025541697 0.298921585 0.010918616 -0.737345815 0.025236707 -0.007383002 0.675003529
1756402188203388416.000000 -0.010376420 0.302339762 0.012242918 -0.730053425 0.088671170 -0.064284280 0.674556851
1756402188703507200.000000 0.005409682 0.305529535 0.013011062 -0.720643818 0.150469601 -0.120456003 0.665974319
1756402188770189568.000000 0.007405187 0.305800498 0.013311764 -0.719236374 0.158776134 -0.127971515 0.664162993
1756402189270307072.000000 0.024800494 0.306011468 0.012800957 -0.704753518 0.219274268 -0.182261571 0.649632215
1756402189770422528.000000 0.040798414 0.303555787 0.013167018 -0.682655692 0.278238684 -0.237014011 0.632762849
1756402190303876608.000000 0.095545098 0.327653229 0.013376104 -0.653261364 0.343248397 -0.296592355 0.606187403
1756402190803986176.000000 0.150193736 0.343778729 0.014508909 -0.623474002 0.397599548 -0.346775055 0.577011168
1756402191337434368.000000 0.210020393 0.350209117 0.014652951 -0.586673975 0.450251997 -0.395747095 0.544491529
1756402191837533952.000000 0.268309325 0.347104579 0.014052289 -0.548599124 0.496981263 -0.439174294 0.509091973
1756402192370970368.000000 0.327869058 0.334653199 0.010744952 0.505616665 -0.541842937 0.481125951 -0.468269020
1756402192704385536.000000 0.360682905 0.321402103 0.011351613 0.476356715 -0.567594647 0.505060792 -0.442531705
1756402193004458496.000000 0.389613599 0.305971444 0.011451660 0.446945429 -0.591779649 0.526328027 -0.415951192
1756402193271190016.000000 0.414137542 0.290255010 0.010879347 0.421121299 -0.610383928 0.543973804 -0.392658681
1756402193504580608.000000 0.434821814 0.276303470 0.010705296 0.403683960 -0.622579277 0.554757953 -0.376401335
1756402194004701696.000000 0.476576507 0.258674443 0.010095470 0.405622810 -0.620388448 0.554564357 -0.378215343
1756402194538163200.000000 0.522106171 0.235696599 0.010060649 0.398219794 -0.625642538 0.558607757 -0.371415943
1756402194771550976.000000 0.540871680 0.217927858 0.009531453 0.371884823 -0.640462935 0.575250268 -0.347269595
1756402195271668480.000000 0.579550743 0.192063451 0.009141469 0.365703076 -0.643598258 0.578163743 -0.343175232
1756402195705105152.000000 0.615210950 0.170394570 0.008298839 0.365422100 -0.644223630 0.578112185 -0.342387199
1756402196105200640.000000 0.645345628 0.151249006 0.008299297 0.364412010 -0.642839074 0.579645991 -0.343471110
1756402196538638848.000000 0.679905474 0.129989773 0.008012639 0.364191025 -0.643387616 0.578163803 -0.345172375
1756402197005422336.000000 0.717940271 0.105861507 0.007385775 0.363819301 -0.644528329 0.577846467 -0.343965650
1756402197372180992.000000 0.747121572 0.087530226 0.006828832 0.364524126 -0.644041061 0.577784598 -0.344235778
1756402197872297472.000000 0.787607133 0.061016995 0.006543269 0.362989068 -0.645825982 0.577676535 -0.342691779
1756402198272390656.000000 0.820805669 0.041908458 0.004524756 0.365306407 -0.644267321 0.577215135 -0.343938321
1756402198639148288.000000 0.849484980 0.022816449 0.004141483 0.365353018 -0.644665182 0.576224506 -0.344803333
1756402199039250432.000000 0.881959558 -0.000672344 0.003577979 0.355326504 -0.651220381 0.581416845 -0.334080189
1756402199439353344.000000 0.913143516 -0.023574218 0.002609575 0.354765773 -0.651095510 0.581578672 -0.334637254
1756402199872794880.000000 0.945207238 -0.045752771 0.003759589 0.354664057 -0.649037898 0.582376540 -0.337343901
1756402200372919552.000000 0.983386397 -0.071607076 0.003819562 0.355446160 -0.648355365 0.582601309 -0.337445080
1756402200773018880.000000 1.015090942 -0.092490338 0.003511431 0.355025738 -0.648638427 0.582273245 -0.337909490
1756402201106433536.000000 1.040225148 -0.109953307 0.003881263 0.354221135 -0.648266852 0.583286703 -0.337718964
1756402201339823872.000000 1.059520841 -0.122497313 0.004290583 0.356124699 -0.649342537 0.581560612 -0.336625725
1756402201573213440.000000 1.076198220 -0.133782566 0.003906447 0.354662061 -0.648183763 0.583278120 -0.337430447
1756402201773260288.000000 1.091653228 -0.143554166 0.003660403 0.354537934 -0.647802293 0.584553123 -0.336084485
1756402201973308160.000000 1.106192946 -0.154149041 0.004366031 0.354324609 -0.647751153 0.584024131 -0.337325335
1756402202406744832.000000 1.139453650 -0.177033722 0.004916035 0.352481484 -0.648055434 0.585577726 -0.335975707
1756402202673477888.000000 1.161342382 -0.191619739 0.005197499 0.355968535 -0.648111880 0.582368195 -0.337764263
1756402202973553664.000000 1.182492614 -0.206587955 0.005631309 0.355317682 -0.646634400 0.583509982 -0.339307308
1756402203240286976.000000 1.201702237 -0.220479429 0.005967122 0.352953374 -0.645971358 0.585664988 -0.339324951
1756402203573702656.000000 1.227764010 -0.236842841 0.006000496 0.353718549 -0.645316958 0.586070120 -0.339073837
1756402203873776640.000000 1.250994682 -0.251937568 0.005613299 0.353802979 -0.644436777 0.586639345 -0.339674801
1756402204107166464.000000 1.270061731 -0.262555212 0.005373199 0.359152794 -0.641951084 0.583158433 -0.344723523
1756402204373897984.000000 1.291437745 -0.265698880 0.005141580 0.389200121 -0.625682771 0.566000640 -0.369712889
1756402204607283712.000000 1.311639667 -0.277151167 0.004573505 0.387400866 -0.629027665 0.565954268 -0.365978897
1756402204874009344.000000 1.333600521 -0.289845318 0.004267676 0.386620432 -0.629011035 0.566457808 -0.366053760
1756402205107394560.000000 1.352951884 -0.299748749 0.004429499 0.387154102 -0.629152656 0.565740407 -0.366355687
1756402205340778752.000000 1.370266914 -0.309051365 0.004588241 0.386221290 -0.628050148 0.566921830 -0.367404282
1756402205607509248.000000 1.391173124 -0.320455372 0.004921503 0.385462701 -0.627340496 0.568428814 -0.367084533
1756402205840897536.000000 1.412395477 -0.331912369 0.003805988 0.385522515 -0.629578650 0.567526877 -0.364577144
1756402206107628288.000000 1.431631446 -0.342030048 0.003871746 0.384307981 -0.627617776 0.569571078 -0.366049349
1756402206374358528.000000 1.454378128 -0.348416984 0.004171116 0.398985714 -0.619603992 0.561072767 -0.376959771
1756402206641089536.000000 1.474702597 -0.349891752 0.004528850 0.424926639 -0.601634741 0.544125557 -0.401746750
1756402206874479872.000000 1.494709611 -0.357497245 0.004665652 0.423571080 -0.602032125 0.545588076 -0.400597692
1756402207074527488.000000 1.511193633 -0.364558011 0.005183596 0.422201991 -0.601591110 0.546549559 -0.401394099
1756402207374600960.000000 1.537719727 -0.375020891 0.005324371 0.423227787 -0.602292418 0.545235157 -0.401049495
1756402207607988480.000000 1.556440353 -0.382246912 0.006204246 0.422654301 -0.601136625 0.546092987 -0.402219653
1756402207841376512.000000 1.575547099 -0.386938483 0.006165195 0.431033403 -0.594357014 0.540832520 -0.410426825
1756402208108104704.000000 1.597326636 -0.390980184 0.006129896 0.441197276 -0.586551368 0.534109652 -0.419558614
1756402208341492736.000000 1.618773460 -0.397685617 0.006146921 0.440649867 -0.587424874 0.534577429 -0.418314070
1756402208708244224.000000 1.650964737 -0.403911471 0.005743505 0.451730162 -0.580046713 0.526397049 -0.427073658
1756402208974972672.000000 1.674678087 -0.410590440 0.005709490 0.452543974 -0.579958439 0.525722802 -0.427162468
1756402209175019520.000000 1.691218376 -0.408559859 0.005346328 0.474769533 -0.563739598 0.509028018 -0.444614530
1756402209408406016.000000 1.713015795 -0.409346074 0.005640499 0.480785251 -0.560708880 0.503625453 -0.448121190
1756402209541769472.000000 1.725480080 -0.411952227 0.005182259 0.481771231 -0.560755670 0.503286242 -0.447384119
1756402209675132672.000000 1.735951543 -0.414766490 0.004650554 0.481792927 -0.558511913 0.503420830 -0.450008363
1756402209775154432.000000 1.744928837 -0.416001737 0.004077286 0.482333869 -0.557521462 0.503991127 -0.450018823
1756402209908517376.000000 1.756604791 -0.418473661 0.004361624 0.483209789 -0.557695866 0.502397776 -0.450644225
1756402210041880576.000000 1.769126773 -0.419784814 0.004003158 0.483161956 -0.558131456 0.502893150 -0.449602425
1756402210141903104.000000 1.777574301 -0.420692295 0.003689419 0.482656896 -0.558215976 0.502737403 -0.450213671
1756402210275265280.000000 1.788626671 -0.422496885 0.003401626 0.483759701 -0.556828260 0.502411783 -0.451111138
1756402210441969664.000000 1.800447345 -0.419580340 0.003192225 0.499941319 -0.541139424 0.489193022 -0.466815919
1756402210541993216.000000 1.808501005 -0.415972650 0.002929375 0.509123087 -0.533655703 0.481039852 -0.473926216
1756402210675356672.000000 1.817354918 -0.413146585 0.002814585 0.520201623 -0.521170557 0.470614851 -0.486099988
1756402210775380224.000000 1.824880242 -0.410769552 0.002845665 -0.529948056 0.512859702 -0.461686999 0.492925048
1756402210875403520.000000 1.831432104 -0.407166421 0.003065689 -0.538121045 0.504217684 -0.454319388 0.499784201
1756402210975426560.000000 1.837812304 -0.403410137 0.003644671 -0.545439184 0.494668365 -0.447255075 0.507702768
1756402211075449088.000000 1.844982386 -0.400557578 0.003986526 -0.555310369 0.485248327 -0.437755972 0.514328957
1756402211142131456.000000 1.849718094 -0.398237109 0.003722377 -0.560538113 0.478473037 -0.432040036 0.519809484
1756402211242154496.000000 1.854719520 -0.395541072 0.004237128 -0.568291426 0.468668431 -0.423217326 0.527524292
1756402211308836608.000000 1.859469652 -0.393056095 0.003787434 -0.573413670 0.462375700 -0.417141825 0.532351553
1756402211375518976.000000 1.864878774 -0.390305489 0.003631515 -0.578869343 0.456243873 -0.410704821 0.536724806
1756402211475542784.000000 1.872098446 -0.386094540 0.003260182 -0.587298214 0.447307497 -0.401296675 0.542178750
1756402211542224384.000000 1.874357939 -0.384289086 0.002714153 -0.593474627 0.443160534 -0.393868715 0.544301450
1756402211642248448.000000 1.869250059 -0.384662598 0.003305435 -0.594511569 0.434615403 -0.391217917 0.551918447
1756402211742272256.000000 1.865543246 -0.384723753 0.003769521 -0.601117969 0.424102008 -0.381865829 0.559440076
1756402211775613440.000000 1.865479589 -0.384649307 0.003615160 -0.604351163 0.421408355 -0.378018320 0.560603976
1756402211808954368.000000 1.865579844 -0.384768665 0.003510281 -0.606975853 0.418358475 -0.374718934 0.562265217
1756402211842295808.000000 1.865308642 -0.385074705 0.003521411 -0.609422863 0.414975107 -0.371473938 0.564275265
1756402211908978432.000000 1.863972187 -0.385926425 0.003771555 -0.613916218 0.407422274 -0.364949703 0.569144726
1756402218810746880.000000 1.823447943 -0.394936532 0.023041420 -0.623584270 -0.393937349 0.368461490 0.565855205
1756402219077492480.000000 1.805742502 -0.398875326 0.022936808 -0.602564394 -0.427207291 0.395664126 0.545765579
1756402219344239360.000000 1.784060001 -0.396036506 0.023590328 -0.588833153 -0.441066206 0.412711382 0.537034035
1756402219610974464.000000 1.759277582 -0.388754576 0.023498870 -0.588418961 -0.441643000 0.413200647 0.536637545
1756402219877707264.000000 1.732694983 -0.380836815 0.023574552 -0.589123130 -0.442254931 0.413304925 0.535279036
1756402220144438784.000000 1.708730817 -0.376952112 0.023117291 -0.580393612 -0.452992409 0.422762364 0.528406203
1756402220411170560.000000 1.682485700 -0.370192349 0.022480238 -0.582215548 -0.452221423 0.420468897 0.528892100
1756402220677895168.000000 1.656293511 -0.362753570 0.022535924 -0.583026469 -0.453144819 0.420625150 0.527081072
1756402220944617984.000000 1.631457925 -0.360754400 0.022731200 -0.573659420 -0.465027243 0.430608064 0.518884659
1756402221211341568.000000 1.604535103 -0.353714079 0.024227485 -0.577285051 -0.464421242 0.427089870 0.518313766
1756402223845318144.000000 1.349768639 -0.321879923 0.023827199 -0.553736687 -0.493299603 0.450894296 0.496714741
1756402226815061248.000000 1.055958867 -0.284393370 0.018712673 -0.553851187 -0.493456215 0.452418566 0.495042801
1756402229548318976.000000 0.786560535 -0.256860375 0.017671004 -0.550237536 -0.492446601 0.456862271 0.495995909
1756402232248300544.000000 0.519395232 -0.230419412 0.017399210 -0.550495565 -0.493567288 0.455890387 0.495489657
1756402234914941184.000000 0.256070882 -0.205152273 0.016336668 -0.548152387 -0.492802113 0.457955897 0.496942192
1756402235448269056.000000 0.200934798 -0.183771461 0.017039057 -0.584199309 -0.451881677 0.419900954 0.527444184
1756402236914921728.000000 0.115545794 -0.108431786 0.013920215 -0.671928108 -0.301662982 0.284688711 0.613566935
1756402239748269312.000000 0.173634440 -0.040115420 0.007794007 -0.733429730 0.041186787 -0.022602843 0.678139865
1756402240281599232.000000 0.189446852 -0.033924602 0.008132032 -0.727521718 0.105547398 -0.081745736 0.672970772
1756402240814928128.000000 0.205612361 -0.031480368 0.009578006 -0.716733396 0.170209572 -0.140875220 0.661419809
1756402241348243968.000000 0.223220199 -0.030581960 0.009762581 -0.698903084 0.234316662 -0.199609801 0.645589769
1756402241848799488.000000 0.242741764 -0.031322524 0.005653608 -0.677475274 0.290026158 -0.251038432 0.627607942
1756402242349584128.000000 0.261178374 -0.034439731 0.003106113 -0.651849210 0.343868583 -0.301661134 0.604853332
1756402242849833984.000000 0.273386896 -0.040714499 0.002974402 -0.620969296 0.398139060 -0.350754142 0.576935053
1756402243349952000.000000 0.282960087 -0.049189631 0.001493322 -0.585815549 0.448031574 -0.398639888 0.545136750
1756402243883420416.000000 0.290838987 -0.061182968 0.004110878 -0.543774962 0.498928726 -0.444462687 0.507771552
1756402244383548160.000000 0.321555883 -0.068053119 0.004162636 -0.525222957 0.519775867 -0.462194055 0.490255743
1756402244883666432.000000 0.367172778 -0.067136474 0.004212813 -0.526732028 0.516749799 -0.462833941 0.491230816
1756402245383782912.000000 0.415419400 -0.066448338 0.003276868 -0.528540492 0.518238187 -0.460694253 0.489729583
1756402245917251072.000000 0.466523707 -0.066018529 0.002951754 -0.529569805 0.518617630 -0.458941221 0.489861667
1756402246450721536.000000 0.515737951 -0.066081993 0.003020277 -0.529836714 0.519042194 -0.456742436 0.491176724
1756402246950808832.000000 0.561014414 -0.064448431 0.003344420 -0.530711293 0.515878320 -0.456324935 0.493945956
1756402247484235520.000000 0.608643353 -0.061361346 0.002127789 -0.532952368 0.513781309 -0.454263002 0.495616496
1756402247884338432.000000 0.644574106 -0.060506873 0.001428280 -0.535130799 0.511021018 -0.451708227 0.498449922
1756402248384467456.000000 0.689548135 -0.057693619 0.001673069 -0.536269128 0.509290814 -0.451302201 0.499364197
1756402248884585216.000000 0.735732198 -0.057213113 0.001658857 -0.535297513 0.509518385 -0.450770438 0.500653267
1756402249418041600.000000 0.786590993 -0.055720501 0.000925189 -0.535403132 0.509612083 -0.451114982 0.500134289
1756402249951501312.000000 0.834035933 -0.053645972 0.001386566 -0.535407662 0.509541094 -0.451159269 0.500161767
1756402250451620096.000000 0.882884979 -0.056491535 0.001780882 -0.527041614 0.519877493 -0.458281517 0.491866410
1756402250985067008.000000 0.930900753 -0.055788487 0.001694931 -0.525763810 0.517048597 -0.461280048 0.493410558
1756402251485172736.000000 0.976973176 -0.055739798 0.001872674 -0.526996374 0.516126990 -0.460058004 0.494200796
1756402251985285888.000000 1.019907475 -0.054652553 0.002154496 -0.525665224 0.514026165 -0.462198198 0.495808572
1756402252485400320.000000 1.069085717 -0.054899767 0.001545463 -0.526488960 0.516298771 -0.460846037 0.493827820
1756402253018865408.000000 1.116275907 -0.053896233 0.003285844 -0.526194096 0.515060246 -0.461649537 0.494684249
1756402253452306176.000000 1.156204462 -0.052577849 0.002877986 -0.525679708 0.515905619 -0.462071866 0.493955284
1756402253952412160.000000 1.202148676 -0.052079327 0.004198303 -0.525618434 0.515127778 -0.463004589 0.493959010
1756402254452517120.000000 1.250816941 -0.059342828 0.004529238 0.508825421 -0.531687915 0.478452712 -0.479048759
1756402254919305472.000000 1.295463562 -0.061750915 0.004262919 0.509658933 -0.532694042 0.477586538 -0.477907956
1756402255386095616.000000 1.338470697 -0.063556075 0.004756114 0.510495842 -0.531803846 0.477601737 -0.477990896
1756402255852875264.000000 1.380909085 -0.065844804 0.005595537 0.511995196 -0.531572819 0.475770265 -0.478470564
1756402256186288128.000000 1.410941958 -0.067384616 0.006004367 0.510728717 -0.531462789 0.478118956 -0.477604240
1756402256686407168.000000 1.455531597 -0.068518341 0.007082336 0.511412621 -0.530525148 0.477070987 -0.478960842
1756402257019818752.000000 1.486579180 -0.069316760 0.008647563 0.512363493 -0.531040251 0.475897193 -0.478541374
1756402257353230592.000000 1.514993787 -0.069192514 0.008936113 0.511778295 -0.529874682 0.476415277 -0.479942083
1756402257719983616.000000 1.547647834 -0.067488164 0.008402245 0.511568189 -0.528708935 0.477905810 -0.479969651
1756402258086737664.000000 1.580882668 -0.068369485 0.008734763 0.511947870 -0.527734220 0.477587879 -0.480953038
1756402258386807808.000000 1.611146212 -0.067896023 0.007064648 0.512994170 -0.527218401 0.477544248 -0.480446935
1756402258720224000.000000 1.639401674 -0.060372956 0.007072058 -0.537522256 0.503330231 -0.453136533 0.502390146
1756402259053640960.000000 1.665789604 -0.046291668 0.006206667 -0.564667761 0.471949130 -0.424848258 0.527179539
1756402259353718016.000000 1.694551945 -0.037724577 0.006117405 -0.572144985 0.465060145 -0.416669786 0.531747580
1756402259687130368.000000 1.728041768 -0.033667929 0.007428631 -0.563480139 0.477502912 -0.426725119 0.521906912
1756402260120564480.000000 1.767339706 -0.026637767 0.007189121 -0.565694451 0.474557698 -0.423292994 0.524983644
1756402260453975552.000000 1.794007063 -0.020828299 0.007805888 -0.564733624 0.475088775 -0.424328029 0.524702072
1756402260820750336.000000 1.814590216 -0.007389926 0.006276134 -0.593972445 0.439105690 -0.388875544 0.550598562
1756402261254212096.000000 1.832973123 0.009254756 0.006979683 -0.627083778 0.396549016 -0.347392410 0.573439956
1756402261554297088.000000 1.826846361 0.011802685 0.007024804 -0.641061008 0.368235469 -0.322805315 0.590965450
1756402261887715840.000000 1.820196033 0.014036603 0.007900209 -0.659540594 0.332572937 -0.290119946 0.608466864
1756402262187792896.000000 1.814966202 0.015858930 0.007123237 -0.674229920 0.298161060 -0.259220898 0.623953998
1756402262554549248.000000 1.809763432 0.017092749 0.006587333 -0.693902314 0.254150063 -0.217642605 0.637604177
1756402262954629376.000000 1.801840425 0.017821115 0.008583562 -0.709823191 0.206968173 -0.173501268 0.650547981
1756402263354707200.000000 1.795305729 0.016717741 0.008287542 -0.721671104 0.157524124 -0.128648072 0.661684752
1756402263788147456.000000 1.789507747 0.028599933 0.007942433 -0.731527269 0.099232867 -0.075035855 0.670365870
1756402264154910720.000000 1.789149404 0.035138521 0.011008546 -0.734282374 0.061970335 -0.040716443 0.674782395
1756402264521676800.000000 1.789565086 0.029417338 0.024869395 -0.740748346 0.017163888 0.000938184 0.671562612
1756402264855105792.000000 1.779754281 0.022672320 0.025433358 -0.740324676 -0.025781568 0.040770922 0.670516551
1756402265388595712.000000 1.765516520 0.010118104 0.025657466 -0.732922614 -0.091046594 0.099732846 0.666774631
1756402265923184384.000000 1.752610207 -0.000997595 0.024055624 -0.723101258 -0.155920863 0.156275094 0.654516220
1756402266858096128.000000 1.738169193 -0.032267891 0.024076104 -0.687722504 -0.267619878 0.256100118 0.624363780
1756402269524596480.000000 1.611356735 -0.059843410 0.024677902 -0.564331949 -0.481777638 0.443270475 0.502922416
1756402272457801728.000000 1.323373795 -0.047945097 0.020055246 -0.535002828 -0.511394918 0.469568700 0.481406718
1756402275424362496.000000 1.029558897 -0.026337013 0.018978138 -0.540847957 -0.503903866 0.463662863 0.488447696
1756402277891013376.000000 0.787580967 -0.015330156 0.018842608 -0.533164203 -0.509826243 0.471440375 0.483277440
1756402280493329408.000000 0.530855417 -0.006924551 0.017924812 -0.531226158 -0.514132202 0.473752588 0.478565931
1756402281493186816.000000 0.432694346 -0.005612476 0.016241666 -0.529293418 -0.512353182 0.478686720 0.477704585
1756402281993777920.000000 0.381182522 -0.004054994 0.015991215 -0.531534076 -0.511541605 0.476870775 0.477902681
1756402282527792128.000000 0.330597758 -0.002904552 0.015868578 -0.530029714 -0.511065364 0.477694154 0.479258835
1756402282994451456.000000 0.285297930 -0.003944122 0.016579635 -0.530122221 -0.511780024 0.476890355 0.479194492
1756402283961080064.000000 0.191335469 -0.000314150 0.015080937 -0.529399753 -0.514452338 0.476946473 0.477071106
1756402284427717120.000000 0.140443474 0.015551480 0.015318532 -0.563085616 -0.478843570 0.442909688 0.507419407
1756402284961036800.000000 0.104345888 0.036290467 0.016305478 -0.599233210 -0.428819537 0.400637180 0.544539511
1756402285461011200.000000 0.100539505 0.050505258 0.014266785 -0.633140743 -0.377849311 0.353415698 0.575725675
1756402286460977920.000000 0.057389587 0.114149265 0.010617001 -0.684518576 -0.266119033 0.256439954 0.628373742
1756402289160968448.000000 0.113117777 0.177573144 0.010407825 -0.733032107 0.064281382 -0.043097064 0.675776958
1756402289694289664.000000 0.129221439 0.182871222 0.010965507 -0.725487769 0.128899500 -0.102009632 0.668316245
1756402290227616512.000000 0.146403223 0.185546607 0.011175340 -0.711559355 0.194024116 -0.161055639 0.655819416
1756402290760940288.000000 0.164900869 0.184064582 0.010870141 -0.691279709 0.258600742 -0.218975693 0.638206720
1756402291294259456.000000 0.183039576 0.178834230 0.010100731 -0.666516066 0.319066286 -0.274167180 0.615455389
1756402291894254592.000000 0.198970154 0.170093030 0.009611294 -0.630341768 0.384852290 -0.336701900 0.584114552
1756402292427577856.000000 0.214626729 0.160053730 0.006522348 -0.593923390 0.438763499 -0.387718171 0.551739275
1756402292960908032.000000 0.230887800 0.147639498 0.006645046 -0.550328314 0.487996787 -0.436980575 0.517731369
1756402293494223616.000000 0.282294571 0.154455394 0.007617753 -0.552151918 0.490908176 -0.436829239 0.513144910
1756402294060882432.000000 0.337424010 0.154004231 0.007037912 -0.534058750 0.510779619 -0.454462349 0.497342348
1756402294594333184.000000 0.387822270 0.156337336 0.005583216 -0.536893964 0.508763015 -0.452320784 0.498308122
1756402295095060224.000000 0.434636623 0.159538761 0.005108582 -0.537988722 0.508560121 -0.451985389 0.497638404
1756402295629081600.000000 0.485182822 0.156186342 0.006195804 0.521109641 -0.524964571 0.467524171 -0.484022915
1756402296162540288.000000 0.535114706 0.154961795 0.005992128 0.520651937 -0.524827957 0.467573881 -0.484615207
1756402296662682880.000000 0.580861330 0.155791432 0.004964078 -0.522117078 0.522458971 -0.467371255 0.485792696
1756402297196250112.000000 0.629873395 0.155176252 0.004958091 0.521168768 -0.522950351 0.467242718 -0.486405492
1756402297696444416.000000 0.676530480 0.154693663 0.004796065 0.521922588 -0.522695899 0.466187179 -0.486883223
1756402298229911552.000000 0.726259053 0.154616728 0.004969582 0.522798955 -0.524119496 0.464466423 -0.486056536
1756402298730461952.000000 0.772924006 0.152684256 0.005661435 0.521360040 -0.524389088 0.465756983 -0.486076444
1756402299265258240.000000 0.822119296 0.153136641 0.004548123 -0.523214757 0.521679044 -0.464436471 0.488258213
1756402299766084864.000000 0.866733074 0.152855605 0.004970163 -0.523864865 0.521387994 -0.463158071 0.489085704
1756402300332722176.000000 0.917226434 0.152754724 0.004695987 -0.526163936 0.518832803 -0.461060256 0.491311997
1756402300866023168.000000 0.965789020 0.153560042 0.005173484 -0.526546836 0.517693102 -0.459995568 0.493098795
1756402301432645632.000000 1.017379999 0.150933236 0.005480682 0.518056691 -0.526203215 0.467412174 -0.486058950
1756402301965952768.000000 1.066284776 0.150488421 0.005481405 0.519471884 -0.525166571 0.467440128 -0.485642672
1756402302499250944.000000 1.113845944 0.151419893 0.006670721 0.518921852 -0.525759757 0.468254268 -0.484803885
1756402303065891840.000000 1.166289806 0.151785240 0.006757261 0.518956184 -0.523888171 0.468024313 -0.487010270
1756402303599186432.000000 1.215253234 0.150890648 0.007954933 0.519246817 -0.523639143 0.468460947 -0.486548215
1756402304132486400.000000 1.267893314 0.151999220 0.006781962 0.520509481 -0.524287522 0.467980266 -0.484960884
1756402304699107072.000000 1.318464637 0.152634144 0.007842662 0.519801855 -0.523543596 0.469386756 -0.485164106
1756402305265739008.000000 1.372944117 0.151943848 0.007159736 0.520191908 -0.523670018 0.468082517 -0.485869110
1756402305832374016.000000 1.426261783 0.150242269 0.007190486 0.519344807 -0.524825156 0.466536403 -0.487014741
1756402306399015936.000000 1.479182124 0.151330426 0.007465422 0.519940615 -0.524183750 0.466450304 -0.487152308
1756402306965659904.000000 1.532571435 0.151939005 0.006715113 0.520811737 -0.524052501 0.464623362 -0.488107860
1756402307498960384.000000 1.581000090 0.154481813 0.007892851 0.519151866 -0.522902668 0.466268152 -0.489538789
1756402307998950912.000000 1.627750158 0.156468198 0.007144600 -0.521886110 0.522014141 -0.464356601 0.489396751
1756402308498931200.000000 1.675919056 0.157906994 0.006490747 0.521421969 -0.522854865 0.466111541 -0.487321228
1756402308998926080.000000 1.723894954 0.158391893 0.006937247 0.520710826 -0.523207724 0.466937214 -0.486912310
1756402309532241408.000000 1.776897192 0.157995999 0.006370241 0.521152675 -0.523948312 0.466747105 -0.485824347
1756402309998886912.000000 1.821615100 0.157284170 0.006109577 0.521345854 -0.524064243 0.467123985 -0.485129267
1756402310532177408.000000 1.857475162 0.160606340 0.006195053 -0.531031847 0.516111553 -0.458733201 0.491119146
1756402311098820608.000000 1.845928431 0.173944294 0.007149776 -0.575759113 0.464523613 -0.411549270 0.532303035
1756402311598788352.000000 1.834101439 0.185567275 0.006862000 -0.610063553 0.413651943 -0.368339330 0.566604614
1756402312065444608.000000 1.860331297 0.214284658 0.008008275 -0.644658625 0.361490965 -0.315712512 0.595033765
1756402312565420288.000000 1.862472892 0.227921039 0.008846719 -0.669429243 0.310409218 -0.270675153 0.618260145
1756402313065452032.000000 1.857797265 0.229816735 0.008862715 -0.692230821 0.254582167 -0.217104986 0.639429331
1756402313532141312.000000 1.868521571 0.258199960 0.012257196 -0.711531997 0.193617314 -0.161292806 0.655910969
1756402314032156928.000000 1.871841788 0.270339042 0.019438993 -0.726456881 0.140347466 -0.112224102 0.663301468
1756402314532161024.000000 1.857049108 0.263703257 0.021251526 -0.735499859 0.080296606 -0.058182877 0.670229197
1756402315032837632.000000 1.845313311 0.262656361 0.022466943 -0.738803983 0.018055232 -0.001707362 0.673676372
1756402316067162112.000000 1.817770362 0.239982113 0.023245152 -0.729641080 -0.110124178 0.116234317 0.664820373
1756402316567296768.000000 1.807227492 0.226603881 0.023746725 -0.718003869 -0.169455811 0.169914663 0.653363824
1756402319134563584.000000 1.798514128 0.143164665 0.025736462 -0.582660437 -0.452444017 0.421408445 0.527461946
1756402321768524800.000000 1.567710280 0.148886591 0.025643032 -0.542708874 -0.504304230 0.462017775 0.487528384
1756402323735668224.000000 1.377451181 0.160089135 0.026237532 -0.534681499 -0.513308525 0.471525878 0.477800727
1756402326302962944.000000 1.121558905 0.172909811 0.024791535 -0.532439411 -0.513284385 0.475495279 0.476394475
1756402328870247680.000000 0.868022382 0.184141010 0.023345143 -0.532152355 -0.514157295 0.476146787 0.475121468
1756402331537571072.000000 0.608127952 0.177021280 0.018674135 -0.510523736 -0.534237742 0.496325195 0.455649972
1756402333071293440.000000 0.453081787 0.185277954 0.015564933 -0.526043415 -0.516246080 0.482358992 0.473390013
1756402333604772096.000000 0.400861859 0.186086118 0.016033299 -0.525896490 -0.516694367 0.481518596 0.473919630
1756402334138239744.000000 0.348481476 0.187418178 0.015120158 -0.526125193 -0.515804887 0.481363714 0.474790990
1756402335171819520.000000 0.245147660 0.187395781 0.015270298 -0.527826846 -0.515215755 0.479036361 0.475894719
1756402335705279488.000000 0.186674759 0.207634419 0.014486955 -0.569678426 -0.467520267 0.436347336 0.516228974
1756402336238752000.000000 0.135697901 0.221520141 0.015077822 -0.574825943 -0.459650040 0.431177437 0.521903336
1756402336738884096.000000 0.086225614 0.253075272 0.015105622 -0.612555623 -0.406573594 0.383834481 0.558699012
1756402337239017984.000000 0.041054439 0.292995214 0.014421889 -0.645476103 -0.353878826 0.335570008 0.587812304
1756402339839668992.000000 0.071438909 0.369036496 0.011301335 -0.734523237 -0.050974865 0.062942244 0.673732519
1756402340873240832.000000 0.101285733 0.384878516 0.011530304 -0.732184350 0.077072151 -0.053816672 0.674588561
1756402341406706432.000000 0.118243493 0.389815599 0.011606354 -0.723312557 0.143014222 -0.113255709 0.665987253
1756402341906821120.000000 0.134721339 0.390645385 0.011939620 -0.709272623 0.204851478 -0.169283211 0.652925313
1756402342440271104.000000 0.150554702 0.387797415 0.012385277 -0.688301921 0.267462462 -0.226918191 0.634990096
1756402342973739008.000000 0.166006923 0.381360471 0.013049435 -0.662937045 0.327141821 -0.281208962 0.611894011
1756402343473870848.000000 0.180674002 0.372929603 0.013369501 -0.633856893 0.382061452 -0.331831694 0.584929347
1756402343973997568.000000 0.192153543 0.361991346 0.014022620 -0.599085748 0.433956295 -0.380207628 0.555176020
1756402344507466496.000000 0.227011383 0.352042109 0.013445305 -0.557360411 0.488656431 -0.429613292 0.515748799
1756402345007580672.000000 0.276877344 0.350134075 0.013030292 -0.538902104 0.507853806 -0.449389011 0.499718457
1756402345507692544.000000 0.327540278 0.345223248 0.011567309 0.517548323 -0.529671431 0.469919413 -0.480382949
1756402346007808256.000000 0.374393433 0.343270242 0.010415824 0.516010880 -0.532156587 0.472045392 -0.477195263
1756402346507923968.000000 0.421491981 0.342108399 0.009902902 0.514506459 -0.533217013 0.473236591 -0.476455539
1756402347041380352.000000 0.470142007 0.339964807 0.009966318 0.514231622 -0.531813562 0.473750561 -0.477808237
1756402347541494016.000000 0.516917706 0.337632865 0.009049887 0.514659941 -0.532012463 0.473067284 -0.477802575
1756402348075010560.000000 0.566486180 0.336704969 0.008737735 0.514425516 -0.531232834 0.474423975 -0.477577209
1756402348608531712.000000 0.616732538 0.334658384 0.008891771 0.515743494 -0.532190979 0.473822564 -0.475682378
1756402349141984000.000000 0.666571140 0.332821786 0.007806150 0.514175713 -0.532644808 0.475061148 -0.475636214
1756402349675434240.000000 0.717298508 0.331290752 0.006375208 0.516113818 -0.531040788 0.474080026 -0.476309091
1756402350175537408.000000 0.763432622 0.329625070 0.005754670 0.516536117 -0.530724168 0.473564863 -0.476716667
1756402350708974336.000000 0.812540174 0.328266442 0.006355084 0.515843332 -0.530290186 0.475221872 -0.476300448
1756402351209058048.000000 0.858397424 0.326812625 0.006269574 0.515986145 -0.528367937 0.475233883 -0.478266060
1756402351742483968.000000 0.911093950 0.320070088 0.006000554 0.505797327 -0.539022505 0.482756108 -0.469649225
1756402352242584832.000000 0.956308961 0.317788303 0.006366935 0.507236779 -0.537676752 0.481556296 -0.470869482
1756402352742688768.000000 1.003169775 0.313492388 0.006866900 0.506682515 -0.539560556 0.481181979 -0.469692618
1756402353242801664.000000 1.049250603 0.309066981 0.006787129 0.505480051 -0.539992630 0.481607944 -0.470055044
1756402353742910720.000000 1.094897032 0.306525379 0.007191597 0.504152894 -0.540113509 0.482812405 -0.470105857
1756402354276354816.000000 1.145634651 0.303466946 0.008419070 0.504505396 -0.540532470 0.483329952 -0.468712270
1756402354776462080.000000 1.193486571 0.300448388 0.008190461 0.503607750 -0.541765451 0.483559132 -0.468017012
1756402355309919232.000000 1.245817780 0.296402812 0.008081334 0.503091693 -0.541953027 0.483458996 -0.468458295
1756402355810031104.000000 1.294127703 0.292553395 0.007938674 0.503214121 -0.541900516 0.483047575 -0.468811840
1756402356310137856.000000 1.342440605 0.290288985 0.008366579 0.507645786 -0.537066162 0.479368269 -0.473351777
1756402356810250240.000000 1.388092041 0.294187933 0.007956700 0.519519269 -0.524229765 0.469583035 -0.484535545
1756402357310371072.000000 1.436965346 0.293741345 0.007923096 0.519823074 -0.523379266 0.469059050 -0.485635370
1756402357810488576.000000 1.488647699 0.294332683 0.008929484 0.520554245 -0.524595082 0.468418539 -0.484156340
1756402358343940352.000000 1.541158319 0.294305354 0.009425716 0.520317435 -0.524794877 0.467229187 -0.485342264
1756402358844051200.000000 1.589556336 0.293096632 0.009579476 0.518829405 -0.523882389 0.468667775 -0.486532480
1756402359377504000.000000 1.644042611 0.292282164 0.009397162 0.521101475 -0.524357736 0.465653360 -0.486486584
1756402359910963456.000000 1.696948409 0.291994005 0.009991590 0.519416571 -0.525679946 0.467032462 -0.485538572
1756402360444426240.000000 1.752496243 0.290770113 0.010323077 0.522394300 -0.526480138 0.464881986 -0.483536661
1756402360944547840.000000 1.801678896 0.290025860 0.008620013 0.522908211 -0.523856342 0.463781685 -0.486875832
1756402361444668672.000000 1.850414753 0.290123343 0.010086048 0.521702766 -0.523280382 0.465142131 -0.487490147
1756402361944793600.000000 1.895951033 0.297810823 0.010472253 -0.542207062 0.504796624 -0.447072744 0.501316071
1756402362444921344.000000 1.888754010 0.309953511 0.010802982 -0.576754689 0.462405443 -0.409637153 0.534539759
1756402362945039872.000000 1.900593996 0.331829727 0.010947691 -0.616649568 0.408891141 -0.357771814 0.569693565
1756402363445155840.000000 1.915075898 0.353300035 0.012200085 -0.644452870 0.360963225 -0.315585136 0.595644295
1756402363978641920.000000 1.901332617 0.360131800 0.012114632 -0.673138022 0.303131104 -0.262225807 0.621477664
1756402364512146176.000000 1.909181118 0.392107129 0.014725600 -0.699567914 0.236183703 -0.199927002 0.644089460
1756402365045631232.000000 1.897994518 0.396188229 0.016869530 -0.716521144 0.179508999 -0.148397461 0.657534897
1756402365545772288.000000 1.888638377 0.418739140 0.017350096 -0.730957806 0.114996016 -0.090477832 0.666551113
1756402366045885952.000000 1.884469271 0.442556679 0.019623065 -0.734193683 0.060360659 -0.040673975 0.675027311
1756402366545996800.000000 1.873648524 0.438290179 0.021049706 -0.737714052 0.000545513 0.014923274 0.674948156
1756402368113047296.000000 1.837791085 0.397625178 0.023513176 -0.712090313 -0.192329049 0.188894257 0.648271561
1756402370713693440.000000 1.810318947 0.314265668 0.031300422 -0.561104298 -0.479386389 0.444202900 0.507970929
1756402373314243840.000000 1.555817008 0.329549074 0.030590396 -0.537450671 -0.512121320 0.468622774 0.478822827
1756402375481381888.000000 1.339791536 0.341704041 0.028627984 -0.537525654 -0.512410164 0.468076706 0.478963673
1756402378084166656.000000 1.080488563 0.357515365 0.027236924 -0.538726509 -0.510499954 0.466520935 0.481167138
1756402380350796032.000000 0.855586827 0.376134634 0.025391284 -0.547876000 -0.498715997 0.460189342 0.489223927
1756402383084126976.000000 0.583071709 0.400765061 0.018868983 -0.546539128 -0.499763817 0.461099952 0.488792330
1756402384117456128.000000 0.482382387 0.409793586 0.018969279 -0.547726393 -0.495297909 0.460202873 0.492837936
1756402384650777856.000000 0.430220008 0.414101243 0.018851679 -0.545350313 -0.496077597 0.462226242 0.492795140
1756402385750763264.000000 0.323723495 0.423831135 0.018407766 -0.543457329 -0.496238410 0.464310974 0.492764652
1756402386250789888.000000 0.272259176 0.428200305 0.018533882 -0.543751299 -0.497077495 0.463610500 0.492253840
1756402386784139008.000000 0.217642516 0.432344645 0.018410463 -0.544370115 -0.498486221 0.462502420 0.491186440
1756402387850806784.000000 0.110838704 0.443474233 0.017154854 -0.543534994 -0.501343310 0.462825388 0.488894016
1756402388350821888.000000 0.062822044 0.446802616 0.017648727 -0.543182969 -0.498706102 0.462940753 0.491864204
1756402388850829056.000000 0.006919090 0.472583622 0.017085522 -0.585258663 -0.449353755 0.417964190 0.529961765
1756402389384158208.000000 -0.007436655 0.492314756 0.017588023 -0.619449794 -0.400618017 0.374450415 0.561759889
1756402389917490176.000000 -0.007364254 0.510189474 0.017489117 -0.652299881 -0.341877460 0.322733104 0.594531715
1756402392618907136.000000 -0.003669926 0.634660959 0.015011002 -0.736138999 -0.018291684 0.033300068 0.675763190
1756402393119022080.000000 0.011297660 0.643220961 0.014202859 -0.735384285 0.042534962 -0.021743899 0.675964475
1756402393619136512.000000 0.026336916 0.648554742 0.012911429 -0.729178131 0.103843018 -0.077031650 0.671998560
1756402394152579840.000000 0.041578371 0.651044011 0.013219316 -0.717807174 0.168652356 -0.137176543 0.661431730
1756402394686021888.000000 0.062177043 0.658502162 0.014361371 -0.701153874 0.229310974 -0.193936735 0.646674812
1756402395219471104.000000 0.079771087 0.652097940 0.016518995 -0.678497016 0.291640878 -0.249354899 0.626426101
1756402395752926464.000000 0.094797708 0.643153012 0.017103370 -0.650662541 0.350609571 -0.303222239 0.601471186
1756402396253061888.000000 0.105802774 0.632756054 0.019591300 -0.619044125 0.404077381 -0.351824254 0.574217319
1756402396786533888.000000 0.115432277 0.620911002 0.020401932 -0.582227945 0.457341939 -0.401503205 0.539114296
1756402397319990784.000000 0.127544835 0.606259823 0.021607293 -0.536095738 0.506889403 -0.451644301 0.501679182
1756402397820108544.000000 0.185851917 0.591923237 0.021389849 0.501179636 -0.548179507 0.483602613 -0.463083804
1756402398320228096.000000 0.229551047 0.594852030 0.020485623 0.518988371 -0.529235125 0.468218952 -0.480970114
1756402398853690624.000000 0.279330373 0.594293118 0.020311570 0.519231677 -0.529227436 0.467997760 -0.480931312
1756402399353813760.000000 0.327884942 0.592702270 0.018866321 0.521070302 -0.529936492 0.464969099 -0.481099576
1756402399887277568.000000 0.378593743 0.593475282 0.016914306 0.523636222 -0.529174566 0.464266092 -0.479829580
1756402400420738816.000000 0.428463519 0.594094038 0.015188318 0.524644196 -0.526889503 0.463916332 -0.481578231
1756402400954192896.000000 0.477249146 0.592949569 0.015477678 0.523902178 -0.526241422 0.463595062 -0.483400583
1756402401454300672.000000 0.524217248 0.593627930 0.014700608 0.524428606 -0.525141418 0.463512450 -0.484104663
1756402401955193856.000000 0.570369840 0.593587160 0.014063345 0.523521781 -0.524689674 0.463994056 -0.485113591
1756402402456606208.000000 0.619088948 0.590554595 0.014330145 0.516084194 -0.534662127 0.471622318 -0.474727243
1756402402990455040.000000 0.667445481 0.589169323 0.013015324 0.517232776 -0.531878710 0.470801413 -0.477411121
1756402403523761408.000000 0.717250168 0.585701525 0.012238597 0.516625583 -0.531824648 0.471001089 -0.477931589
1756402404023827200.000000 0.764446557 0.583885372 0.012267839 0.516064763 -0.532419682 0.470341057 -0.478524566
1756402404523917568.000000 0.812197626 0.578930795 0.011567084 0.506791294 -0.541267037 0.478441089 -0.470411271
1756402405023932416.000000 0.857418239 0.574453115 0.012070956 0.506905258 -0.539650261 0.478737950 -0.471841723
1756402405590576128.000000 0.912683129 0.570903122 0.010919165 0.508740366 -0.539717376 0.477325737 -0.471220255
1756402406157232640.000000 0.965499461 0.566753328 0.011465998 0.506340802 -0.540156841 0.479207069 -0.471391797
1756402406690540800.000000 1.015423536 0.563690841 0.010613225 0.506398022 -0.539209306 0.479300201 -0.472319394
1756402407223847424.000000 1.065704346 0.558931053 0.010390375 0.505336583 -0.539081991 0.479819566 -0.473073751
1756402407790478592.000000 1.119747996 0.553713799 0.009356909 0.504008412 -0.539715648 0.479614198 -0.473975539
1756402408357126400.000000 1.175515771 0.550683022 0.009198880 0.503322840 -0.541202784 0.479716212 -0.472903848
1756402408890436096.000000 1.225959420 0.547513545 0.009969069 0.502514422 -0.541956484 0.480782032 -0.471816808
1756402409457073920.000000 1.281560898 0.543125868 0.010006826 0.501651645 -0.541696727 0.480503678 -0.473314434
1756402410023708416.000000 1.336654067 0.539013386 0.009809740 0.501797199 -0.542144001 0.480863333 -0.472281605
1756402410556997120.000000 1.388842821 0.537675381 0.009616034 0.502236903 -0.540163517 0.481146306 -0.473792970
1756402411156965888.000000 1.447590828 0.535250366 0.012232918 0.501555562 -0.541001081 0.482339591 -0.472343594
1756402411723595776.000000 1.502131701 0.530647635 0.011698019 0.502736986 -0.540061474 0.481470883 -0.473048687
1756402412256920320.000000 1.554012299 0.526536703 0.011749489 0.502118945 -0.539763689 0.482329160 -0.473170489
1756402412323585024.000000 1.560498118 0.525749087 0.012179721 0.502963364 -0.539878130 0.481252134 -0.473239869
1756402412856900096.000000 1.612888217 0.521336496 0.013342196 0.502839088 -0.540913224 0.480380237 -0.473075688
1756402413423541248.000000 1.668990970 0.518157363 0.012844542 0.502298474 -0.540704489 0.482280016 -0.471954316
1756402413956857344.000000 1.723111272 0.514020920 0.012828419 0.503685296 -0.541977823 0.481284648 -0.470027924
1756402414490172160.000000 1.776053190 0.509112120 0.013324395 0.503266871 -0.541044176 0.480942935 -0.471897870
1756402415056830464.000000 1.835475326 0.501846373 0.012576936 0.504976153 -0.542760253 0.478316665 -0.470769256
1756402415623478528.000000 1.890263557 0.497927755 0.012368063 0.503922880 -0.542259693 0.479032844 -0.471745461
1756402416190124800.000000 1.924716473 0.500895858 0.012055539 0.515052438 -0.530463398 0.470334172 -0.481783509
1756402416723477760.000000 1.925471425 0.518945038 0.013012806 -0.561127365 0.478370070 -0.423627526 0.526153922
1756402417257280512.000000 1.965707541 0.545188367 0.012816513 -0.603242159 0.427395552 -0.373538405 0.560268760
1756402417757769728.000000 1.957703590 0.552847326 0.014826953 -0.632907867 0.382071227 -0.331214130 0.586298943
1756402418124921344.000000 1.945702553 0.559953749 0.017806947 -0.653266370 0.337898612 -0.294710040 0.610093117
1756402418625673728.000000 1.965000749 0.595366538 0.019471139 -0.681022704 0.277428836 -0.239690334 0.633868992
1756402419192477696.000000 1.968454480 0.619126856 0.018209729 -0.705057263 0.219810963 -0.183895886 0.648659945
1756402419692541184.000000 1.952537060 0.619764864 0.019264776 -0.720104337 0.160971776 -0.131542072 0.661992908
1756402420192674560.000000 1.936892271 0.615347266 0.020173982 -0.730874121 0.100345731 -0.075139157 0.670900822
1756402420726147584.000000 1.921363473 0.610140085 0.020831402 -0.737517834 0.034364827 -0.015847212 0.674266636
1756402421759625728.000000 1.893229008 0.587895751 0.022300785 -0.731138885 -0.093170106 0.100236349 0.668362141
1756402422293049344.000000 1.881757736 0.573557138 0.022818040 -0.721017718 -0.157079428 0.155279145 0.656770885
1756402422859806976.000000 1.871360183 0.557088614 0.022506066 -0.701804876 -0.230262309 0.218942806 0.637583911
1756402425526881280.000000 1.751219273 0.519786656 0.033138517 -0.571559668 -0.467221856 0.432535022 0.517626107
1756402428060578304.000000 1.505784154 0.538168192 0.032348674 -0.542792737 -0.506348133 0.462832034 0.484534889
1756402430660973312.000000 1.250177622 0.554222286 0.032274660 -0.540380299 -0.507422268 0.463668525 0.485307425
1756402432294536704.000000 1.088958383 0.551037312 0.029898066 -0.525161445 -0.525073230 0.478910714 0.468132615
1756402434864702208.000000 0.833626926 0.554240167 0.027184941 -0.529807687 -0.516864121 0.475868285 0.475083917
1756402437564672768.000000 0.563951969 0.561478674 0.018557230 -0.527659893 -0.517104626 0.478737652 0.474329114
1756402439164660736.000000 0.405494153 0.563319921 0.019502131 -0.524435937 -0.519253671 0.481534362 0.472723126
1756402439731320576.000000 0.349142104 0.562751114 0.017896902 -0.523983181 -0.517903447 0.481670886 0.474563748
1756402440297980416.000000 0.292334229 0.562082827 0.017740974 -0.521589100 -0.519241452 0.483747184 0.473626226
1756402440864633856.000000 0.237125710 0.562000453 0.018043581 -0.521717548 -0.519129932 0.484616756 0.472717285
1756402441431298048.000000 0.178498521 0.562278986 0.018483717 -0.521200895 -0.521125197 0.485197216 0.470491111
1756402441931298048.000000 0.126463592 0.561447144 0.018591851 -0.523654342 -0.522246063 0.482286066 0.469516009
1756402442464634880.000000 0.067819729 0.581975877 0.018405555 -0.564669609 -0.475376010 0.440675020 0.510853648
1756402442831625984.000000 0.028098118 0.603341758 0.018301902 -0.592955530 -0.440353394 0.409624040 0.535444558
1756402443332954880.000000 0.019587815 0.620888948 0.017676421 -0.624265432 -0.394393891 0.368778497 0.564578235
1756402443867309824.000000 -0.004010566 0.657632589 0.016130496 -0.660790682 -0.331400692 0.311343402 0.597155392
1756402444167242496.000000 -0.025575275 0.687092781 0.016487494 -0.674057424 -0.298815608 0.284493536 0.612714708
1756402444700431104.000000 -0.036300778 0.718734741 0.016835239 -0.696901560 -0.241607070 0.234075978 0.633374035
1756402445800138752.000000 -0.019222679 0.751282096 0.015774861 -0.729371548 -0.109829709 0.113351040 0.665662169
1756402446333344256.000000 -0.006137709 0.764481008 0.016767655 -0.737045646 -0.044370651 0.054362565 0.672190249
1756402446899855360.000000 0.009649407 0.775340080 0.015025832 -0.737526357 0.026644554 -0.011143323 0.674700499
1756402447433035264.000000 0.033014707 0.805308342 0.013553338 -0.735693276 0.096162014 -0.073316909 0.666432977
1756402447932895744.000000 0.060160533 0.837902248 0.012628511 -0.720621645 0.156901553 -0.129447430 0.662819564
1756402448499413760.000000 0.077826306 0.846109390 0.004681303 -0.703566849 0.218593374 -0.185701191 0.650173664
1756402449065926144.000000 0.138315588 0.898632050 0.016987581 -0.677571356 0.292411178 -0.250703961 0.626530409
1756402449632414464.000000 0.198181391 0.925189853 0.019472027 -0.649198353 0.354753107 -0.306220353 0.599100053
1756402450166228992.000000 0.230288640 0.923102796 0.027322082 -0.617342174 0.386268854 -0.339346051 0.595423758
1756402450666857984.000000 0.282437682 0.935298622 0.024360111 -0.598815680 0.442480087 -0.382195026 0.547319055
1756402451166918912.000000 0.336893916 0.933216333 0.024662483 -0.559937119 0.490021557 -0.427500784 0.513412476
1756402451733591296.000000 0.395466745 0.923419654 0.024622066 0.520626962 -0.531199217 0.465851218 -0.479330420
1756402452300239872.000000 0.451260805 0.922234654 0.023001259 0.521901608 -0.530333877 0.464893818 -0.479831785
1756402452833544448.000000 0.504194975 0.909935296 0.022670975 0.496516824 -0.554753304 0.486521095 -0.457183808
1756402453433515776.000000 0.560003042 0.904547572 0.021683266 0.497681916 -0.553660631 0.487108439 -0.456615806
1756402453967412736.000000 0.606309891 0.898659170 0.022725044 0.496299237 -0.553707600 0.488338500 -0.456749976
1756402454468667136.000000 0.654377699 0.893085063 0.020884171 0.496253312 -0.552932858 0.487856597 -0.458250910
1756402455002612224.000000 0.702858746 0.887099862 0.021179359 0.495961666 -0.551863849 0.487625659 -0.460097373
1756402455569119488.000000 0.758102596 0.880545676 0.019743057 0.495711386 -0.552843869 0.487881094 -0.458918333
1756402456135632640.000000 0.811397970 0.875669777 0.019763380 0.496332198 -0.552066028 0.488198131 -0.458846539
1756402456668800000.000000 0.863589466 0.869366169 0.018681096 0.495569110 -0.552273154 0.488564342 -0.459032059
1756402457201989376.000000 0.912098348 0.866818249 0.019019948 0.502861440 -0.544153929 0.481737375 -0.467927396
1756402457735150848.000000 0.964180231 0.862584591 0.018695461 0.503480792 -0.544266880 0.481574863 -0.467296749
1756402458301650688.000000 1.017161965 0.858783662 0.018297914 0.503008127 -0.542875051 0.482219726 -0.468757540
1756402458868332544.000000 1.070950150 0.853126764 0.019759649 0.501665533 -0.544257402 0.481426090 -0.469408751
1756402459368971264.000000 1.119851232 0.848352075 0.019742668 0.500779033 -0.544422269 0.482656986 -0.468899906
1756402459869488128.000000 1.169174075 0.843603432 0.019624664 0.501021087 -0.544464767 0.482309520 -0.468949437
1756402460469470720.000000 1.228286624 0.837982833 0.020749986 0.502728462 -0.544433594 0.479548037 -0.469989121
1756402461002797824.000000 1.280766606 0.833791137 0.020744234 0.502321899 -0.545061290 0.480317622 -0.468909174
1756402461502799872.000000 1.329302311 0.828668177 0.019859988 0.501403391 -0.544118524 0.481080443 -0.470203489
1756402462036133888.000000 1.380961180 0.823630631 0.019982969 0.499881774 -0.544775009 0.482737273 -0.469364673
1756402462602794496.000000 1.435850382 0.818384290 0.019518930 0.500617921 -0.543897510 0.481105447 -0.471269429
1756402463169459456.000000 1.490831852 0.812784910 0.020961909 0.501229107 -0.543386936 0.480841607 -0.471477896
1756402463736113664.000000 1.546391129 0.809696555 0.019915858 0.501456738 -0.543532252 0.480206460 -0.471715719
1756402464236124160.000000 1.588686466 0.821919560 0.018780854 -0.538837552 0.506621540 -0.447949558 0.502324522
1756402464802790656.000000 1.642076135 0.825268269 0.019160628 -0.540634036 0.501781225 -0.445944935 0.507014453
1756402465302801152.000000 1.680668831 0.847464621 0.019636545 -0.582120478 0.454050571 -0.399392754 0.543561697
1756402465869463808.000000 1.719772220 0.880774200 0.019701209 -0.624158323 0.398025662 -0.346823543 0.575947404
1756402466469442816.000000 1.727265358 0.901677430 0.020636437 -0.656813741 0.336020231 -0.292095006 0.608577549
1756402467002771712.000000 1.713318110 0.908941984 0.021874491 -0.686129689 0.278190464 -0.236136004 0.629345715
1756402467536117248.000000 1.715619445 0.936913610 0.021877993 -0.707553685 0.210483253 -0.175553575 0.651341379
1756402468102784256.000000 1.722576261 0.976499438 0.023033557 -0.726450026 0.147498280 -0.115957119 0.661111653
1756402468669434112.000000 1.705497861 0.971831858 0.023088336 -0.734984934 0.081086762 -0.057056438 0.670795619
1756402469202765824.000000 1.687830806 0.964970291 0.022548819 -0.738785505 0.013337512 0.003831578 0.673797786
1756402469769472256.000000 1.672484756 0.952934623 0.023357704 -0.735464633 -0.055661950 0.067030042 0.671937883
1756402470370345472.000000 1.649550796 0.962145925 0.024045128 -0.723566711 -0.131862432 0.136026740 0.663747191
1756402470904317952.000000 1.616647840 0.994613409 0.024180256 -0.710148275 -0.196186990 0.193666220 0.647837639
1756402473471621888.000000 1.421778083 1.052263737 0.026567454 -0.566547453 -0.478067577 0.440815777 0.506119490
1756402476174379776.000000 1.157266855 1.060020447 0.024192579 -0.528692961 -0.519717932 0.477475762 0.471586674
1756402478841062656.000000 0.892609894 1.065342188 0.022205172 -0.527514160 -0.518842340 0.477079332 0.474264413
1756402481074334976.000000 0.706777155 1.095768929 0.021998912 -0.592146277 -0.443276167 0.409205794 0.534246862
1756402483809857536.000000 0.634709895 1.244376540 0.020407006 -0.723906934 -0.135008737 0.137944505 0.662346423
1756402484376383232.000000 0.644736946 1.256966591 0.020694202 -0.732276142 -0.066422753 0.075367332 0.673557341
1756402484942883840.000000 0.660408258 1.269027114 0.020547846 -0.735724449 0.005377275 0.010691587 0.677175283
1756402485509384704.000000 0.676786005 1.277099371 0.020217080 -0.732273996 0.074725144 -0.052683551 0.674844801
1756402486042560256.000000 0.693759680 1.283526063 0.018372618 -0.723781824 0.139974624 -0.111422971 0.666432261
1756402486575740416.000000 0.710013628 1.283980131 0.018170018 -0.708962381 0.205070809 -0.169874370 0.653039873
1756402487142248960.000000 0.727807224 1.278726935 0.020548461 -0.687789559 0.270456940 -0.229155943 0.633471489
1756402487675423232.000000 0.742492557 1.271296382 0.021027651 -0.659749627 0.331187248 -0.284923822 0.611444056
1756402488208618496.000000 0.761382401 1.264178514 0.024815978 -0.623261690 0.388537496 -0.340517193 0.587053299
1756402488741795584.000000 0.817175269 1.278378844 0.025485439 -0.592383862 0.447131783 -0.388191372 0.546316803
1756402489274995968.000000 0.870129824 1.285830855 0.025496328 -0.577522933 0.464675814 -0.405355662 0.535005093
1756402489841559296.000000 0.921938956 1.297546983 0.024065742 -0.577192605 0.465088338 -0.405995458 0.534517765
1756402490342136320.000000 0.976835966 1.298629403 0.022357708 -0.552493572 0.494522214 -0.433610082 0.512036145
1756402490909403392.000000 1.029175282 1.304789066 0.022674389 -0.552446187 0.491863340 -0.433434397 0.514789522
1756402491476057088.000000 1.089071274 1.299775600 0.024109699 -0.526419640 0.520236909 -0.458518595 0.491931528
1756402492009372928.000000 1.140439987 1.300127745 0.023551483 -0.526937246 0.518730819 -0.458444029 0.493036062
1756402492542692608.000000 1.194953084 1.293975830 0.022524765 0.509385467 -0.537608445 0.473781586 -0.476481527
1756402493076011520.000000 1.245702624 1.291008711 0.022740426 0.508506835 -0.536318421 0.475092232 -0.477567524
1756402493609325056.000000 1.300047159 1.288481951 0.021607753 0.508997738 -0.538200855 0.474327952 -0.475682795
1756402494142672384.000000 1.347138643 1.297335386 0.021263301 -0.534457207 0.510632634 -0.452489853 0.498861462
1756402494642700800.000000 1.393687963 1.306492329 0.021513373 -0.550960183 0.493367493 -0.435443938 0.513244689
1756402495142712320.000000 1.437294006 1.320863247 0.020466905 -0.567093253 0.475034863 -0.419853896 0.525804043
1756402495742705664.000000 1.481579304 1.347992301 0.020213027 -0.601689816 0.423856676 -0.374636829 0.563881338
1756402496309380096.000000 1.533789515 1.366162300 0.020923603 -0.601391494 0.424552381 -0.373174906 0.564645112
1756402496876045056.000000 1.579621553 1.390679121 0.022001017 -0.614941776 0.405821055 -0.354644179 0.575659096
1756402497376055040.000000 1.621950507 1.411257505 0.021652762 -0.616260886 0.402529985 -0.352368057 0.577952325
1756402497876155904.000000 1.659312606 1.441430807 0.022299906 -0.635919750 0.374652684 -0.326876193 0.590248585
1756402498376874240.000000 1.705423236 1.467346191 0.022387395 -0.638439655 0.376179725 -0.324342191 0.587950528
1756402498944272896.000000 1.757768273 1.491586447 0.022292752 -0.631824315 0.388017833 -0.333208948 0.582419157
1756402499477748992.000000 1.812022209 1.508104920 0.022510780 -0.618801892 0.410681933 -0.351381272 0.570048988
1756402500044560896.000000 1.868717670 1.525734305 0.023151141 -0.603458524 0.432187051 -0.371452361 0.557741344
1756402500511340800.000000 1.915744662 1.535125971 0.023000520 -0.592138648 0.447934657 -0.386919469 0.546826959
1756402500978117120.000000 1.959221482 1.547928929 0.023067620 -0.591563880 0.448662490 -0.387343615 0.546552002
1756402501511567360.000000 1.975126743 1.564724684 0.023582721 -0.612460077 0.412888497 -0.359606534 0.570174456
1756402501911656448.000000 1.965957761 1.573348284 0.022530679 -0.640779376 0.372934669 -0.319000900 0.590389729
1756402502445118208.000000 1.951555371 1.581871748 0.023430390 -0.671054125 0.314992636 -0.266346127 0.616056681
1756402502878554112.000000 1.938109636 1.587303638 0.023028117 -0.691840708 0.265548974 -0.220913351 0.634064257
1756402503378667776.000000 1.925023437 1.589021683 0.022307619 -0.710316896 0.206561580 -0.166948751 0.651851535
1756402503878781440.000000 1.912221074 1.588181019 0.023745548 -0.723755777 0.145631716 -0.112265930 0.665105522
1756402504412240128.000000 1.900097370 1.606317997 0.024316147 -0.735355198 0.074576184 -0.047758263 0.671870708
1756402504912355328.000000 1.887892008 1.616609573 0.025221273 -0.738865674 0.018916234 0.001749385 0.673584938
1756402506479380736.000000 1.848594427 1.577807069 0.027448978 -0.715968311 -0.174555764 0.175982133 0.652648389
1756402507012838400.000000 1.842197180 1.562157512 0.026797693 -0.696926594 -0.237624630 0.233348206 0.635119319
1756402509713471488.000000 1.833193421 1.493172288 0.031039976 -0.532622159 -0.510903835 0.471960783 0.482228070
1756402511847284480.000000 1.620976806 1.502972722 0.032988898 -0.527244925 -0.522790134 0.477399081 0.469886541
1756402514447924224.000000 1.363736749 1.505675435 0.031452175 -0.518949032 -0.530775309 0.486295760 0.460962027
1756402517148573952.000000 1.089530706 1.496158838 0.025028232 -0.518719912 -0.530685782 0.486675501 0.460922152
1756402519882568192.000000 0.801985025 1.509596109 0.021723744 -0.545945883 -0.498682737 0.461693794 0.489997417
1756402522449906944.000000 0.530529916 1.613550186 0.024293503 -0.643793762 -0.359046191 0.336506724 0.585985184
1756402524050273536.000000 0.390853375 1.641292214 0.022865875 -0.562935829 -0.476980418 0.441373944 0.510668337
1756402524583732480.000000 0.339372396 1.645597935 0.022764444 -0.551753283 -0.489869446 0.452049822 0.501245677
1756402525117201920.000000 0.283406109 1.656202555 0.022607427 -0.563068688 -0.477370113 0.440560788 0.510859668
1756402525617338112.000000 0.229381487 1.682876945 0.021987483 -0.602497816 -0.428731769 0.396041632 0.544368088
1756402528184642304.000000 0.210424602 1.768763423 0.023665898 -0.723652065 -0.137846649 0.137912869 0.662046909
1756402528684762880.000000 0.219312295 1.781438470 0.024501398 -0.733605683 -0.076022178 0.082874224 0.670205414
1756402529718364672.000000 0.247379914 1.800006151 0.025702123 -0.734584808 0.049680889 -0.030298622 0.676016986
1756402530218498048.000000 0.253015518 1.848735571 0.024946712 -0.738214970 0.052600976 -0.033261396 0.671688616
1756402530718631424.000000 0.267343789 1.850641608 0.026294965 -0.730265617 0.111161180 -0.086890943 0.668435037
1756402531252082944.000000 0.284102678 1.852092028 0.026882205 -0.717700720 0.175633878 -0.145136312 0.658022821
1756402531752185600.000000 0.305348366 1.850405574 0.025402606 -0.701124847 0.234733611 -0.199010968 0.643209755
1756402532285632512.000000 0.324575722 1.843030810 0.021866810 -0.677077115 0.295348316 -0.253495425 0.624560714
1756402532785738240.000000 0.344864160 1.835069776 0.025930628 -0.652020693 0.350657612 -0.303401023 0.599880099
1756402533319189760.000000 0.362344563 1.824554324 0.028067872 -0.618749976 0.407110512 -0.353841662 0.571144164
1756402533852638976.000000 0.381463736 1.813219547 0.028639609 -0.581408441 0.461513966 -0.402710259 0.535531104
1756402534386087168.000000 0.429838359 1.805811644 0.031115660 -0.537518561 0.511151373 -0.450601995 0.496745259
1756402534952880384.000000 0.489799440 1.794488788 0.030545473 0.507598102 -0.542225003 0.477449805 -0.469444275
1756402535519693056.000000 0.541549563 1.796526194 0.030000744 -0.525066435 0.525078297 -0.461258948 0.485631764
1756402536019816448.000000 0.592844248 1.794553518 0.028207242 0.520410061 -0.530529082 0.465163052 -0.480973661
1756402536519933696.000000 0.641995847 1.790789723 0.028385175 0.516405344 -0.534326732 0.468484849 -0.477851897
1756402537053396480.000000 0.692789137 1.789590359 0.027456963 0.517041624 -0.533735156 0.468774378 -0.477540970
1756402537586866176.000000 0.745647371 1.787976027 0.026354611 0.517159104 -0.533807397 0.469838917 -0.476285070
1756402538086999296.000000 0.794241548 1.785927057 0.025233226 0.516737640 -0.533775151 0.470952243 -0.475678861
1756402538587138304.000000 0.843394101 1.782543898 0.023613343 0.515591145 -0.534619331 0.472045034 -0.474890918
1756402539120600832.000000 0.893012762 1.780009508 0.023455480 0.515057743 -0.532572627 0.473135531 -0.476681024
1756402539720727808.000000 0.952521801 1.777397513 0.022612583 0.516375124 -0.534380257 0.471985459 -0.474367291
1756402540220842240.000000 1.002973199 1.774341345 0.022462172 0.514858186 -0.534108400 0.473838985 -0.474474400
1756402540720957952.000000 1.050236702 1.771608829 0.021489929 0.512388051 -0.534182429 0.475420505 -0.475481987
1756402541254429440.000000 1.102869630 1.767881036 0.022429034 0.510664344 -0.534862101 0.476924896 -0.475065291
1756402541821247232.000000 1.157597780 1.765204310 0.022458548 0.509968519 -0.534377873 0.478559941 -0.474713415
1756402542321364736.000000 1.204944134 1.762309313 0.022616975 0.506655276 -0.534479558 0.480948597 -0.475731581
1756402542821482240.000000 1.256096840 1.758119106 0.023738045 0.505998015 -0.536999762 0.481677413 -0.472846895
1756402543354947328.000000 1.311073422 1.753142476 0.022691626 0.505345404 -0.539423168 0.481182933 -0.471287191
1756402543921750272.000000 1.367750168 1.747368097 0.022275735 0.505368769 -0.540178537 0.480399787 -0.471195817
1756402544455189504.000000 1.420068026 1.743993282 0.022226732 0.504280567 -0.541772306 0.480775833 -0.470147371
1756402544955288576.000000 1.468526363 1.738120317 0.023478149 0.495098174 -0.550731599 0.488497555 -0.461457193
1756402545488728832.000000 1.520435095 1.732555509 0.022717441 0.493716419 -0.550531447 0.490456253 -0.461098641
1756402545855467776.000000 1.555233717 1.730077267 0.022980893 0.492989153 -0.549633861 0.492452651 -0.460819632
1756402546355569408.000000 1.602705240 1.726001978 0.024323573 0.492155105 -0.550765634 0.492872089 -0.459910631
1756402546855669760.000000 1.650762558 1.719973683 0.024667386 0.490571201 -0.550592601 0.493998408 -0.460600883
1756402547355762176.000000 1.696088195 1.723715663 0.024049137 0.510180473 -0.533166528 0.478375316 -0.476032019
1756402547855853824.000000 1.745849967 1.725603342 0.023765223 0.519890547 -0.525941193 0.469084322 -0.482762545
1756402548355968256.000000 1.789647341 1.736811996 0.024320649 -0.547828734 0.498699337 -0.441994965 0.505789578
1756402548889424128.000000 1.838866353 1.748974442 0.023749204 -0.563327730 0.483415425 -0.423256814 0.519446969
1756402549389544704.000000 1.888310909 1.755043745 0.022785233 -0.563001454 0.484024286 -0.421436816 0.520711899
1756402549923002624.000000 1.942047000 1.762781858 0.021663675 -0.563352287 0.483714730 -0.420896441 0.521057189
1756402550423096064.000000 1.989674330 1.769588470 0.022780834 -0.563234687 0.482359082 -0.420056373 0.523114741
1756402550923192064.000000 2.038000107 1.776980281 0.023133941 -0.562175035 0.482842445 -0.420962006 0.523080766
1756402551456651008.000000 2.088846922 1.784706712 0.021183288 -0.562529624 0.480542690 -0.420566857 0.525131166
1756402551890085120.000000 2.126677752 1.796829462 0.022942241 -0.573807955 0.466762275 -0.407921821 0.535235584
1756402552390193152.000000 2.124087334 1.812615633 0.023312332 -0.608600199 0.424172908 -0.367144674 0.561148882
1756402552756937984.000000 2.112551689 1.820942163 0.023354044 -0.632261097 0.385398656 -0.331920832 0.584416330
1756402553290384896.000000 2.095192432 1.826709151 0.025508102 -0.662043214 0.325972676 -0.279867232 0.614096880
1756402553723809280.000000 2.084323645 1.830571175 0.023881782 -0.683265209 0.276959538 -0.235015363 0.633411348
1756402554023879680.000000 2.075681210 1.832143545 0.022935152 -0.695920706 0.242133737 -0.203471839 0.644720793
1756402554524005888.000000 2.061877489 1.834049225 0.023758674 -0.714079261 0.181711778 -0.148640230 0.659528434
1756402555057479680.000000 2.046467543 1.833280325 0.022394899 -0.726535439 0.118106164 -0.090225205 0.670862675
1756402555557618432.000000 2.033007383 1.842721224 0.023617651 -0.732503653 0.051875852 -0.030644748 0.678091705
1756402557658178816.000000 1.987173557 1.822073579 0.023215016 -0.707784772 -0.200758934 0.196920827 0.648042321
1756402560258901504.000000 1.962784290 1.747446537 0.025990436 -0.550436378 -0.487194598 0.454061568 0.503477335
1756402562826172928.000000 1.708467126 1.759574056 0.026740741 -0.533946872 -0.514073431 0.472790956 0.476548016
1756402565493492992.000000 1.442813635 1.772468209 0.025206532 -0.534053624 -0.512474895 0.474455714 0.476495445
1756402567593931264.000000 1.237476826 1.768214941 0.023831436 -0.518876135 -0.527278721 0.489044040 0.462147772
1756402570161169408.000000 0.979957342 1.765079021 0.022157103 -0.530103683 -0.515038311 0.477055222 0.475545943
1756402572795145728.000000 0.714363992 1.755216360 0.023937993 -0.522190690 -0.519554734 0.484641761 0.471701443
1756402574862469888.000000 0.502261102 1.755406380 0.023953766 -0.523397863 -0.518617868 0.482014477 0.474080533
1756402575362589952.000000 0.443073422 1.776279569 0.023301426 -0.567530870 -0.469804555 0.437377393 0.515648484
1756402578063229952.000000 0.255958319 1.961993933 0.023992099 -0.718836010 -0.169575393 0.167027384 0.653162241
1756402580163712256.000000 0.308210224 2.001209736 0.026584413 -0.734277904 0.090373769 -0.066655993 0.669496417
1756402580697182976.000000 0.324533552 2.003486156 0.027325565 -0.723851860 0.154943019 -0.124944076 0.660620987
1756402581230631168.000000 0.341964036 2.001953125 0.029140104 -0.708113194 0.218649030 -0.183236137 0.645904660
1756402581764068608.000000 0.359941214 1.996701837 0.029513318 -0.685883343 0.279346883 -0.238403320 0.628246188
1756402582264164096.000000 0.379410774 1.990565777 0.029446956 -0.661606610 0.334468693 -0.289280444 0.605577588
1756402582797597440.000000 0.397665799 1.981731057 0.028970532 -0.629621685 0.390925825 -0.340714693 0.578504205
1756402583297694976.000000 0.415545940 1.970418692 0.030129362 -0.595005333 0.442543119 -0.387521774 0.547677934
1756402583797789696.000000 0.436487108 1.958382607 0.031425230 -0.553196073 0.488696784 -0.432991296 0.517366588
1756402584331231488.000000 0.502209544 1.946304440 0.028665090 0.510120749 -0.539589524 0.476660609 -0.470547259
1756402584898014976.000000 0.557745099 1.943465829 0.029023232 0.512181640 -0.539661527 0.473728985 -0.471186072
1756402585398132224.000000 0.607788086 1.939646721 0.027423864 0.511775792 -0.541554987 0.474266738 -0.468908221
1756402585931589888.000000 0.658019066 1.933679342 0.027258862 0.500352740 -0.548164606 0.485437125 -0.462075233
1756402586431698688.000000 0.708785474 1.928312659 0.025120031 0.502912998 -0.549286962 0.484453321 -0.458985180
1756402586965146112.000000 0.759864151 1.922267914 0.024622681 0.502731144 -0.548307240 0.484904706 -0.459878266
1756402587498592000.000000 0.811163068 1.916580915 0.023746790 0.501872599 -0.547318518 0.485241145 -0.461635500
1756402587998701056.000000 0.859033465 1.912363768 0.023589553 0.504931867 -0.544670761 0.482184798 -0.464623898
1756402588498820864.000000 0.906182945 1.909737110 0.022434179 0.510843039 -0.538098752 0.476729870 -0.471399933
1756402589098975488.000000 0.964736879 1.904723287 0.022322057 0.509458065 -0.538448453 0.477181941 -0.472041458
1756402589599117056.000000 1.014315963 1.900906682 0.021502750 0.509496093 -0.538914084 0.477223545 -0.471426576
1756402590133262336.000000 1.067257285 1.896358490 0.019907936 0.508085072 -0.537446499 0.479560107 -0.472253054
1756402590634672896.000000 1.116133094 1.892119169 0.019993890 0.507251441 -0.537551165 0.479747266 -0.472839653
1756402591168658688.000000 1.168230057 1.889368773 0.019864600 0.507691085 -0.537337124 0.479375422 -0.472988248
1756402591701974016.000000 1.221721888 1.881360412 0.021584688 0.497408509 -0.544455528 0.488369018 -0.466528416
1756402592268638976.000000 1.279533386 1.875952244 0.022711534 0.497345626 -0.547270000 0.488147944 -0.463524044
1756402592901967872.000000 1.343863130 1.869918466 0.021727273 0.496233076 -0.548374832 0.489523798 -0.461956978
1756402593501961984.000000 1.405184984 1.863968968 0.020850969 0.496498674 -0.548311651 0.490001917 -0.461239278
1756402593568626688.000000 1.412081003 1.863116980 0.020860700 0.496650547 -0.548646271 0.489718378 -0.460978806
1756402594168621824.000000 1.472063899 1.855667233 0.021177014 0.496174544 -0.548195362 0.489736468 -0.462007374
1756402594768617984.000000 1.530581594 1.848997235 0.021559486 0.493267536 -0.548008442 0.491621941 -0.463337630
1756402595301963264.000000 1.583165526 1.843755841 0.021367203 0.492136419 -0.549219549 0.493413568 -0.461197019
1756402595801965824.000000 1.632192731 1.839090228 0.022456173 0.492984802 -0.549516916 0.492696136 -0.460703433
1756402595868633344.000000 1.637903571 1.838645816 0.022650974 0.492536724 -0.549294949 0.493074417 -0.461042702
1756402596401982720.000000 1.687403321 1.832280040 0.024235934 0.491405725 -0.547922254 0.493479311 -0.463443369
1756402596901986304.000000 1.734616995 1.832304120 0.024700809 0.501368165 -0.539686680 0.485327482 -0.470983565
1756402597435322624.000000 1.790120244 1.825588703 0.023963880 0.492701381 -0.548346817 0.492414623 -0.462697446
1756402597968649728.000000 1.845274210 1.817767859 0.024540376 0.495061278 -0.552609682 0.487930864 -0.459848166
1756402598468650496.000000 1.895970583 1.810782552 0.023305560 0.495610923 -0.552259862 0.485722452 -0.462009430
1756402599001977088.000000 1.950858712 1.804270029 0.022347616 0.496134222 -0.552904487 0.485135764 -0.461292595
1756402599568640512.000000 2.003169060 1.807608247 0.022368889 0.517635286 -0.532435715 0.465312570 -0.481715888
1756402600101969152.000000 1.994843245 1.823077559 0.024200080 -0.555082440 0.486836135 -0.427871108 0.521344841
1756402600601969408.000000 2.032347202 1.849865198 0.023886599 -0.596812069 0.437835991 -0.381070197 0.553986132
1756402601135305472.000000 2.044251204 1.868945837 0.023848169 -0.628210843 0.390618175 -0.337071776 0.582367003
1756402601635307776.000000 2.031132698 1.876744747 0.024545912 -0.658585966 0.336663842 -0.286570460 0.608932972
1756402602168646656.000000 2.025551558 1.894265532 0.025703963 -0.686099887 0.270514339 -0.227400154 0.635907292
1756402602701980928.000000 2.029149771 1.919462085 0.025726981 -0.704078078 0.212295383 -0.176547945 0.654244244
1756402603235307008.000000 2.015537024 1.922030091 0.024786107 -0.722982228 0.150194108 -0.117520243 0.664023697
1756402603768616704.000000 1.997887373 1.918063045 0.025417395 -0.733428895 0.084465176 -0.056678198 0.672112644
1756402604301942272.000000 1.980496049 1.909015775 0.025495477 -0.736512840 0.017461563 0.001877039 0.676195562
1756402607036752896.000000 1.819080353 2.042608500 0.024295237 -0.668948472 -0.318643451 0.304488271 0.598549247
1756402609303893504.000000 1.634094596 2.042363882 0.025209676 -0.518877089 -0.528062344 0.488223821 0.462119281
1756402610904246528.000000 1.474549651 2.045611143 0.023130406 -0.528181136 -0.518890202 0.478819817 0.471708924
1756402612504705024.000000 1.315948725 2.045300961 0.021670789 -0.528889179 -0.519763947 0.475691766 0.473116398
1756402614605172992.000000 1.110542417 2.046313763 0.019954270 -0.528029382 -0.520087659 0.478275061 0.471112341
1756402617272471552.000000 0.849524736 2.048404217 0.022826530 -0.527646661 -0.516333580 0.481822610 0.472054690
1756402620206505216.000000 0.551578701 2.035282612 0.026060956 -0.517774105 -0.523073614 0.488614351 0.468572348
1756402620739948032.000000 0.495436519 2.034762859 0.025769476 -0.517830789 -0.524306118 0.488469452 0.467281580
1756402621341223424.000000 0.431565642 2.035781384 0.024908748 -0.520965576 -0.523275018 0.486934870 0.466554016
1756402621876101888.000000 0.375257850 2.034086227 0.024580045 -0.520727575 -0.524761856 0.486149013 0.465968817
1756402622442761216.000000 0.353256166 2.045836449 0.025081575 -0.555397153 -0.488901258 0.453804761 0.496558905
1756402625142691328.000000 0.290565252 2.169466496 0.022842430 -0.717195034 -0.188546851 0.183879673 0.645189643
1756402625642730240.000000 0.276778340 2.210241556 0.024291182 -0.726274490 -0.134819806 0.137335032 0.659915268
1756402626143259904.000000 0.289303601 2.222686529 0.024114624 -0.735311687 -0.073403239 0.081249349 0.668825328
1756402627278452736.000000 0.327194929 2.273441315 0.024159215 -0.738574743 0.072574779 -0.050293177 0.668364406
1756402627844971776.000000 0.343607217 2.285175800 0.024518169 -0.727479100 0.137152404 -0.109159358 0.663360894
1756402628411481600.000000 0.359973282 2.284059525 0.025928574 -0.711708009 0.204350084 -0.170974717 0.649984956
1756402628978065920.000000 0.375674814 2.277515411 0.029146772 -0.689997673 0.269664705 -0.231091946 0.630698621
1756402629512572416.000000 0.394436777 2.271373272 0.028193869 -0.665554345 0.329666167 -0.284923464 0.605950713
1756402630013540608.000000 0.420369834 2.261416197 0.027829697 -0.636293292 0.381651074 -0.331980079 0.582462549
1756402630613245440.000000 0.447247684 2.250733376 0.026649974 -0.596833646 0.443106562 -0.386770457 0.545760751
1756402631246257408.000000 0.467984825 2.232126236 0.026222080 -0.548017979 0.502713978 -0.441162437 0.502325296
1756402631812633344.000000 0.477410287 2.216658831 0.030056797 0.493701547 -0.542050958 0.492424518 -0.468996584
1756402632379027968.000000 0.543811500 2.212280512 0.024920799 0.503517985 -0.547616780 0.482429057 -0.462436736
1756402632912072960.000000 0.595608115 2.207731485 0.025069645 0.503363848 -0.547581851 0.483715206 -0.461300910
1756402633478451456.000000 0.653604209 2.200395107 0.024286199 0.503929257 -0.550871551 0.481598109 -0.458976150
1756402634044792832.000000 0.708356023 2.194547176 0.023643030 0.503712952 -0.549832642 0.481843680 -0.460199922
1756402634577849600.000000 0.760710716 2.188785791 0.022407303 0.502995670 -0.550277531 0.482013911 -0.460274547
1756402635110883328.000000 0.810472190 2.185208082 0.021934124 0.502477169 -0.546988606 0.483813047 -0.462866277
1756402635643919360.000000 0.860847831 2.180333614 0.020162128 0.500114858 -0.545080245 0.487243533 -0.464075953
1756402636176949248.000000 0.913044453 2.174481630 0.019881310 0.500366569 -0.546506464 0.485962749 -0.463469714
1756402636709981440.000000 0.965501606 2.168551445 0.019643281 0.499634534 -0.547646582 0.486662954 -0.462177247
1756402637210074368.000000 1.014842510 2.162288427 0.019768985 0.498892576 -0.547927439 0.488223195 -0.460998744
1756402637743939584.000000 1.066821337 2.156147480 0.019220259 0.498884201 -0.546851277 0.488291323 -0.462211967
1756402638244080384.000000 1.117424607 2.142488718 0.018672155 0.478363603 -0.562631607 0.504720211 -0.447069943
1756402638777255680.000000 1.165268660 2.142180443 0.018775564 0.501237512 -0.540792167 0.485332608 -0.469848096
1756402639310435328.000000 1.220787048 2.135489941 0.019741314 0.499642909 -0.545458496 0.485327691 -0.466142863
1756402639843595008.000000 1.272678971 2.130604029 0.022024587 0.499859422 -0.544476271 0.484885812 -0.467516840
1756402640376788736.000000 1.327711821 2.124869823 0.021603461 0.499775648 -0.544408023 0.485102177 -0.467461437
1756402640943284224.000000 1.383798480 2.120827198 0.021552680 0.498492122 -0.543571770 0.485940605 -0.468931913
1756402641509852928.000000 1.442618132 2.115623713 0.021116748 0.499259204 -0.542521536 0.485367477 -0.469924539
1756402642109943296.000000 1.503508687 2.109475613 0.022134380 0.500187933 -0.542288661 0.482607484 -0.472043514
1756402642677295616.000000 1.557662129 2.105688572 0.022819443 0.500534475 -0.540433109 0.483359367 -0.473033965
1756402643244325632.000000 1.613121748 2.102458239 0.022744946 0.500980973 -0.539244115 0.483325213 -0.473952085
1756402643777661696.000000 1.664903641 2.098395109 0.023778884 0.502704918 -0.538851857 0.482390642 -0.473524809
1756402644310997760.000000 1.717731953 2.093380928 0.024379941 0.502237797 -0.540111840 0.481527925 -0.473462969
1756402644877656576.000000 1.777325988 2.089677334 0.023879027 0.502975166 -0.543122888 0.481803030 -0.468934357
1756402645378254592.000000 1.826444864 2.088299274 0.023785448 0.503820658 -0.543376148 0.483980775 -0.465478033
1756402645912438272.000000 1.877993345 2.085750103 0.023976691 0.502081811 -0.542430878 0.486667007 -0.465658486
1756402646412589568.000000 1.926128626 2.083031178 0.024039758 0.502673209 -0.541709960 0.487151295 -0.465353131
1756402646946040064.000000 1.928771496 2.092835188 0.023340529 -0.539301276 0.506532311 -0.453377962 0.497018754
1756402647479504384.000000 1.917484760 2.106913328 0.024423797 -0.582751811 0.456774563 -0.407189995 0.534746468
1756402647979628800.000000 1.905595183 2.117655277 0.024938080 -0.619389534 0.406148940 -0.360864311 0.566724420
1756402648513097472.000000 1.932938099 2.151094675 0.023986995 -0.656587362 0.348808616 -0.305323452 0.594981790
1756402649013225216.000000 1.918069243 2.154579163 0.024205649 -0.679084718 0.297469288 -0.260749727 0.618357182
1756402649546682880.000000 1.917233348 2.178964138 0.024600158 -0.705267608 0.231735036 -0.200778052 0.639206350
1756402650046799616.000000 1.925254941 2.218955517 0.024754934 -0.718375623 0.172917783 -0.148933008 0.657156646
1756402650546917632.000000 1.920437336 2.240597486 0.022337982 -0.728095770 0.119350947 -0.099089995 0.667692423
1756402651047034624.000000 1.905817270 2.238012314 0.022240505 -0.736278832 0.059179023 -0.043123823 0.672704816
1756402651580483840.000000 1.891628146 2.231726408 0.022045523 -0.739235520 -0.003864968 0.016451549 0.673234999
1756402653714322432.000000 1.789901614 2.291433811 0.020524886 -0.689487696 -0.266285747 0.256911755 0.622651637
1756402655848198656.000000 1.618734241 2.321022749 0.022525201 -0.559577048 -0.477638423 0.449929833 0.506259143
1756402657915349760.000000 1.423546076 2.317212820 0.021020927 -0.522417307 -0.524451196 0.482937336 0.467763424
1756402660649417216.000000 1.157731295 2.306916714 0.021209255 -0.518976629 -0.529707372 0.487598032 0.460783720
1756402663316704000.000000 0.895231366 2.296293736 0.020582983 -0.513116241 -0.530005693 0.491737157 0.462601632
1756402666286539520.000000 0.597584069 2.283192396 0.024849184 -0.508985341 -0.527778983 0.497225761 0.463842452
1756402669153094912.000000 0.276230663 2.360332727 0.021832209 -0.595229149 -0.433321655 0.408199996 0.539729059
1756402671719711744.000000 0.167148635 2.493201971 0.022411574 -0.723904550 -0.141149566 0.145089060 0.659536362
1756402672286375680.000000 0.177553892 2.548094749 0.023128014 -0.737888098 -0.065543413 0.076782584 0.667330325
1756402673386338560.000000 0.215690508 2.562639475 0.024429087 -0.737235665 0.062094282 -0.037525307 0.671728909
1756402673986306304.000000 0.235392198 2.568162441 0.024423804 -0.728485107 0.137072667 -0.107433632 0.662554562
1756402674486307584.000000 0.251022428 2.568635702 0.024394549 -0.714646697 0.198681325 -0.162143081 0.650780678
1756402675019628544.000000 0.266278237 2.565855265 0.024577793 -0.694753528 0.261268109 -0.220149592 0.632922292
1756402675086294784.000000 0.267559916 2.564615488 0.024974845 -0.691363752 0.269064069 -0.227339581 0.630822837
1756402675652947200.000000 0.286604881 2.555944443 0.025471389 -0.664601207 0.332496434 -0.284785628 0.605515063
1756402676219600640.000000 0.306083024 2.543219805 0.025920838 -0.630756438 0.392315656 -0.339568973 0.576998949
1756402676752926976.000000 0.330748528 2.528228283 0.024948869 -0.594831526 0.446212888 -0.387763053 0.544710398
1756402677419588352.000000 0.371681958 2.511253119 0.024964239 -0.538461924 0.505820990 -0.449564874 0.502091050
1756402678019574784.000000 0.444083124 2.499657154 0.022294456 0.505386710 -0.544230759 0.482234567 -0.464593500
1756402678619551744.000000 0.503182352 2.494175673 0.021143779 0.505255461 -0.545133829 0.482375622 -0.463529646
1756402679219525888.000000 0.560480595 2.490622759 0.019341940 0.506119668 -0.543331385 0.482078314 -0.465010256
1756402679786176512.000000 0.615679741 2.486169815 0.018244762 0.503939450 -0.543403268 0.484589726 -0.464683622
1756402680352823808.000000 0.670175970 2.480273247 0.018803796 0.503434002 -0.543474376 0.485164016 -0.464549035
1756402680886127616.000000 0.722260714 2.475603580 0.018138506 0.502584815 -0.544644237 0.485541433 -0.463703334
1756402681387695616.000000 0.770926237 2.470990896 0.017830489 0.502785444 -0.545208693 0.485304862 -0.463069558
1756402681889835264.000000 0.819826484 2.465499401 0.017664280 0.501205385 -0.545753002 0.486816525 -0.462554365
1756402682456923904.000000 0.874754369 2.459118366 0.016878640 0.499789327 -0.545814812 0.486722261 -0.464110255
1756402682990244864.000000 0.925252080 2.457547426 0.015899736 0.509340703 -0.536790848 0.477717549 -0.473512113
1756402683523569408.000000 0.979434669 2.453808784 0.015167089 0.508411944 -0.538114250 0.478768110 -0.471944362
1756402684223553280.000000 1.046000361 2.452501297 0.014369691 0.517506540 -0.527781129 0.471395999 -0.481061190
1756402684790221568.000000 1.099051595 2.454416513 0.014456162 -0.526141405 0.517670751 -0.463629752 0.490142524
1756402685356887296.000000 1.153649807 2.453404427 0.013136970 -0.525415838 0.514767706 -0.463796079 0.493807286
1756402685956871680.000000 1.212814450 2.456104994 0.012580615 -0.526252329 0.513764262 -0.464168400 0.493611723
1756402686456887296.000000 1.258832693 2.456567287 0.014023602 -0.527098656 0.511749804 -0.463193893 0.495712221
1756402686990225152.000000 1.309877038 2.458232164 0.013902882 -0.527905285 0.512785554 -0.463058472 0.493906826
1756402687590238208.000000 1.367894292 2.460336924 0.013584360 -0.528131366 0.511397660 -0.463379562 0.494802207
1756402688156905472.000000 1.425341964 2.457837582 0.013379171 -0.520021856 0.520399332 -0.470430046 0.487295955
1756402688790236160.000000 1.486043453 2.459496975 0.014383981 -0.522236764 0.517750740 -0.469072342 0.489054292
1756402689356907776.000000 1.540980935 2.459263086 0.015710346 -0.521825731 0.518085063 -0.468834072 0.489367455
1756402689923574528.000000 1.596465945 2.455211878 0.019632485 0.514351010 -0.526499331 0.474961191 -0.482341677
1756402690490238720.000000 1.653163195 2.455720186 0.019362969 0.517183363 -0.526996970 0.473907918 -0.479798734
1756402691023556864.000000 1.709428191 2.456317902 0.018670375 0.520563900 -0.530396819 0.471923083 -0.474321663
1756402691323562752.000000 1.739323258 2.456003428 0.018307546 0.521387160 -0.529629588 0.471652120 -0.474544108
1756402691890226944.000000 1.792734027 2.455739737 0.018461641 0.521562338 -0.528701782 0.471151918 -0.475881457
1756402692423557376.000000 1.840879083 2.455011129 0.018265275 0.521221220 -0.526402950 0.471026093 -0.478918374
1756402693023539456.000000 1.895405173 2.457297564 0.018961361 -0.527690709 0.518183112 -0.464949548 0.486672997
1756402693523549440.000000 1.891749740 2.469477415 0.019636525 -0.564399302 0.476644427 -0.427105635 0.521386921
1756402694056877568.000000 1.909680605 2.492468834 0.019284552 -0.605993509 0.419176221 -0.374405175 0.562924445
1756402694590185728.000000 1.909411073 2.506976128 0.018742327 -0.638941407 0.371177644 -0.329696149 0.587606668
1756402695156818944.000000 1.904234767 2.525726318 0.018267330 -0.673605800 0.307151407 -0.268983394 0.616085351
1756402695423481088.000000 1.914172292 2.545664549 0.017981593 -0.686373949 0.274952203 -0.241048217 0.628639698
1756402695656805632.000000 1.912813187 2.551683903 0.018103879 -0.693207920 0.253540069 -0.222527370 0.636915863
1756402696123454720.000000 1.900678754 2.554886580 0.018632809 -0.712006867 0.202595145 -0.173983842 0.649408281
1756402696356786176.000000 1.895090342 2.556830406 0.018398356 -0.720617950 0.173731700 -0.146666482 0.654993236
1756402696623444736.000000 1.890790343 2.556927681 0.017848659 -0.728062451 0.140192151 -0.114284478 0.661218882
1756402696923431424.000000 1.884272575 2.557729483 0.017085126 -0.734539330 0.103367850 -0.080370933 0.665813446
1756402697457429760.000000 1.868693590 2.549856901 0.017450606 -0.738716006 0.038537972 -0.021448253 0.672572255
1756402697991635200.000000 1.852914095 2.541628838 0.017225435 -0.739251435 -0.027147919 0.038460441 0.671782017
1756402698491748608.000000 1.839470625 2.531591654 0.017016452 -0.735096157 -0.090415940 0.096140549 0.664993048
1756402699058543104.000000 1.828619242 2.516202211 0.016660046 -0.721879780 -0.158648416 0.158240601 0.654736817
1756402701692658688.000000 1.815822840 2.435931444 0.017032865 -0.577710271 -0.454601496 0.428212255 0.525568902
1756402703192937472.000000 1.677976847 2.446206093 0.020366330 -0.545297682 -0.493975133 0.464411169 0.492911130
1756402705893523456.000000 1.407745004 2.469242096 0.020464974 -0.546168864 -0.499277592 0.463329792 0.487593055
1756402708494052096.000000 1.150728583 2.491086006 0.019043691 -0.544546187 -0.501475155 0.465176672 0.485389382
1756402711161287424.000000 0.890916049 2.502771139 0.020703349 -0.534282982 -0.506793439 0.474955887 0.481787294
1756402713795235584.000000 0.624729037 2.493110180 0.020318892 -0.518132687 -0.524176002 0.489416480 0.466100246
1756402716529177088.000000 0.342641473 2.493998766 0.021933956 -0.516994238 -0.521787822 0.492064059 0.467255116
1756402717029338112.000000 0.278173119 2.491406679 0.025190758 -0.519524634 -0.522291362 0.490005285 0.466048062
1756402719663201792.000000 0.105196342 2.605030298 0.024545260 -0.690647662 -0.244659916 0.243763611 0.635394931
1756402720763462912.000000 0.139452562 2.637279034 0.023703018 -0.727766454 -0.116401017 0.124046594 0.664393961
1756402721330270976.000000 0.181050956 2.650610924 0.023104694 -0.736734211 -0.047198944 0.061178468 0.671753049
1756402722363846144.000000 0.220055848 2.667814493 0.022743642 -0.736153781 0.078617759 -0.052695062 0.670164287
1756402722930637056.000000 0.243837878 2.671782017 0.022396622 -0.726514399 0.147948474 -0.116772398 0.660796762
1756402723430753024.000000 0.258794308 2.670447350 0.024522545 -0.712486207 0.206988588 -0.171109289 0.648259819
1756402723930870272.000000 0.288838804 2.686154842 0.023848742 -0.692478478 0.268078536 -0.226427421 0.630347610
1756402724430991360.000000 0.337683797 2.713761091 0.024574917 -0.668974698 0.326105773 -0.279229432 0.606760979
1756402724931114496.000000 0.390190691 2.731676102 0.023209432 -0.639197707 0.377179265 -0.328632623 0.584091365
1756402725431233280.000000 0.454577029 2.739609718 0.022545479 -0.605999351 0.427651763 -0.375472248 0.555787206
1756402725998035200.000000 0.514757812 2.749414444 0.024317762 -0.592813373 0.447487265 -0.392017186 0.542816758
1756402726531493376.000000 0.574120164 2.753341436 0.023634315 -0.570056975 0.475491971 -0.418333173 0.523392618
1756402727064953088.000000 0.644912481 2.745840788 0.019794932 -0.545553148 0.501443326 -0.443676502 0.504061103
1756402727565105408.000000 0.702727795 2.742664814 0.021227667 -0.530903578 0.518981576 -0.458931327 0.488038599
1756402728131943680.000000 0.765513241 2.731268167 0.019139728 0.503023505 -0.546706676 0.483200788 -0.463245243
1756402728632061952.000000 0.813475907 2.727898359 0.017084580 0.504094243 -0.543779254 0.483730853 -0.464970678
1756402729165525248.000000 0.865498960 2.724458933 0.016549412 0.505538940 -0.542847216 0.483635992 -0.464589626
1756402729699002368.000000 0.918584883 2.719597101 0.015202602 0.505162895 -0.544556320 0.483355194 -0.463289052
1756402730365841408.000000 0.982981563 2.714058876 0.014767500 0.504809499 -0.541819513 0.485018492 -0.465140998
1756402730932647424.000000 1.037590265 2.709327698 0.013260890 0.505102873 -0.540485501 0.486146152 -0.465197265
1756402731432762112.000000 1.087622166 2.706318140 0.011813462 0.503231883 -0.539545894 0.487898856 -0.466479093
1756402731932874240.000000 1.136669755 2.700659275 0.012755685 0.502665162 -0.541580141 0.487627089 -0.465014488
1756402732533003008.000000 1.194114208 2.694967985 0.012161417 0.501553357 -0.539478600 0.488632113 -0.467595667
1756402733066449920.000000 1.247816801 2.686980247 0.011307839 0.492523253 -0.547333777 0.495636433 -0.460642099
1756402733599907840.000000 1.299686313 2.681052208 0.011363761 0.491902888 -0.547948718 0.497507274 -0.458552420
1756402734100024576.000000 1.349609852 2.675492048 0.010423841 0.489752233 -0.548135817 0.499522597 -0.458439767
1756402734633484288.000000 1.401952744 2.669423103 0.010992294 0.489690691 -0.548900604 0.498463631 -0.458743125
1756402735133602816.000000 1.448932648 2.666143179 0.014378168 0.490955383 -0.548709035 0.496677011 -0.459557474
1756402735633719040.000000 1.499623179 2.661204338 0.015184943 0.493256658 -0.548946142 0.494608611 -0.459040791
1756402736133834496.000000 1.547182202 2.657634020 0.018825613 0.491485685 -0.550091505 0.495536506 -0.458568275
1756402736667285760.000000 1.600141406 2.651327848 0.018670769 0.492566288 -0.550740480 0.494513810 -0.457733124
1756402737167395072.000000 1.650725722 2.645638466 0.019729661 0.493941694 -0.553519070 0.492052376 -0.455546647
1756402737700843520.000000 1.704615235 2.639783859 0.017931901 0.494611561 -0.553819537 0.491986185 -0.454524964
1756402738267638016.000000 1.759382129 2.635152102 0.018886982 0.495625496 -0.552550912 0.492685944 -0.454206407
1756402738767758080.000000 1.807805061 2.630245686 0.019468963 0.494196266 -0.551905155 0.494582832 -0.454487205
1756402739301215744.000000 1.856670618 2.633048058 0.019096602 0.517594874 -0.528798997 0.473819107 -0.477454454
1756402739868007936.000000 1.897455335 2.650979757 0.018352758 -0.567064822 0.482069731 -0.424583316 0.515534043
1756402740401464832.000000 1.879864693 2.663205624 0.019602995 -0.602657318 0.429954529 -0.381888062 0.553267419
1756402740934925312.000000 1.873853564 2.680472136 0.019974347 -0.637316644 0.370660216 -0.330441356 0.589276671
1756402741468377856.000000 1.903604984 2.719836235 0.019588741 -0.670253336 0.312540144 -0.274778247 0.614472210
1756402741968488192.000000 1.906370878 2.739720106 0.018821612 -0.691573203 0.260136068 -0.228488147 0.633915603
1756402742501939712.000000 1.892642021 2.741827250 0.018383317 -0.712263763 0.200103253 -0.170984343 0.650694489
1756402743002049536.000000 1.877722144 2.743331194 0.018214680 -0.724020422 0.139766559 -0.115647934 0.665496290
1756402743502173696.000000 1.871922374 2.764506817 0.017290065 -0.733392835 0.078946896 -0.058472645 0.672668755
1756402743568857088.000000 1.871451259 2.764949322 0.016602522 -0.735515535 0.070098616 -0.050340950 0.671988845
1756402744102324480.000000 1.856739640 2.756996393 0.016608818 -0.738449693 0.004457208 0.010585143 0.674210787
1756402744635794944.000000 1.840641618 2.748283386 0.017230861 -0.737121224 -0.060051903 0.068184130 0.669624567
1756402745135923968.000000 1.828297973 2.734364748 0.017838035 -0.728445947 -0.123032376 0.125554636 0.662167430
1756402747236459264.000000 1.805386901 2.673382044 0.015541527 -0.642269731 -0.362886637 0.343930036 0.580960453
1756402749837089792.000000 1.677249432 2.644501686 0.018705048 -0.541968822 -0.496215373 0.466371685 0.492481172
1756402750337217280.000000 1.638182521 2.648058891 0.019389722 -0.541281283 -0.495364189 0.467270732 0.493241221
1756402752404371456.000000 1.426580310 2.649194717 0.019194786 -0.528568745 -0.516724229 0.480726302 0.471713394
1756402755138394368.000000 1.148817778 2.658480644 0.018388696 -0.531219721 -0.514135659 0.478228182 0.474097043
1756402757705675776.000000 0.894327462 2.674755335 0.018903755 -0.538550377 -0.503120661 0.471780181 0.484000653
1756402760306297088.000000 0.632063031 2.691319227 0.019174740 -0.536490679 -0.502932250 0.472678095 0.485605210
1756402762475995136.000000 0.409489810 2.696374416 0.021693677 -0.527286112 -0.514976621 0.480804354 0.474969089
1756402762709328384.000000 0.385429114 2.696183443 0.021926267 -0.527578592 -0.514011025 0.480381161 0.476117104
1756402763842631168.000000 0.271951556 2.699522734 0.021867903 -0.525497913 -0.511722207 0.482964426 0.478265285
1756402764442606592.000000 0.241819918 2.710758924 0.023678295 -0.559646428 -0.475979835 0.449148029 0.508434057
1756402765009239296.000000 0.185073420 2.727031469 0.023955990 -0.602435946 -0.418758631 0.399377048 0.549736381
1756402765542560256.000000 0.129208803 2.745477200 0.023652211 -0.638893366 -0.362916082 0.348349363 0.582030952
1756402766142536192.000000 0.051961958 2.767765522 0.025325358 -0.672951400 -0.295479536 0.289941847 0.612994313
1756402767744097024.000000 -0.144473389 2.831548691 0.047098536 -0.732117534 -0.109531030 0.123805612 0.660816967
1756402768244953600.000000 -0.365260243 2.888019085 0.060016196 -0.739627302 -0.046437647 0.067118399 0.668049514
1756402768778143488.000000 -0.536207974 2.956414700 0.066883869 -0.740924716 0.019567428 0.003325579 0.671294749
1756402769311323904.000000 -0.644632161 3.085706711 0.058188457 -0.743684888 0.046007346 -0.024062043 0.666511178
1756402769844503552.000000 -0.711188912 3.235652685 0.049140517 -0.742178023 0.038853440 -0.019129492 0.668802202
1756402770111085056.000000 -0.700526655 3.258320332 0.045901962 -0.737029850 0.068460517 -0.045645956 0.670832813
1756402770344369920.000000 -0.617128849 3.281333208 0.034045544 -0.733417869 0.096584298 -0.070893086 0.669136703
1756402770810921728.000000 -0.438012987 3.313230991 0.034666285 -0.724417567 0.151931360 -0.120839521 0.661463439
1756402771277458688.000000 -0.275239408 3.319072962 0.037442602 -0.711136818 0.208123922 -0.171339691 0.649316192
1756402771677338368.000000 -0.146151036 3.305640697 0.048772894 -0.696860313 0.254906118 -0.213276133 0.635548532
1756402772110521600.000000 0.004012698 3.261054993 0.064956479 -0.679218888 0.304155201 -0.257330865 0.616386354
1756402772443769344.000000 0.088534504 3.209851265 0.074369363 -0.661082745 0.341249764 -0.291280538 0.601393282
1756402772710357248.000000 0.160332307 3.161576986 0.075994812 -0.645621300 0.369390249 -0.317126960 0.588348925
1756402773043579904.000000 0.161158890 3.111187696 0.074458688 -0.625587344 0.403604060 -0.348396957 0.569529474
1756402773443476736.000000 -0.062991373 3.050374508 0.063366637 -0.595900953 0.444281369 -0.387192756 0.545525372
1756402773610097408.000000 -0.349203318 3.024109125 0.060152091 -0.582488716 0.461240917 -0.403409779 0.534064054
1756402773743391488.000000 -0.644310653 3.006820202 0.056498967 -0.572038233 0.474178135 -0.416135460 0.524174213
1756402773943328000.000000 -0.941978991 2.978466749 0.049558915 -0.555765748 0.493653089 -0.434201419 0.508822441
1756402774176591360.000000 -1.200649142 2.933773994 0.050372016 -0.533569574 0.515895545 -0.456280261 0.490880400
1756402774343213568.000000 -1.149681449 2.891846180 0.056217499 0.514921010 -0.527979910 0.473351479 -0.481697112
1756402774443185920.000000 -1.073485136 2.864758968 0.057202391 0.511881351 -0.543585539 0.476281404 -0.464379519
1756402774609804032.000000 -0.959820151 2.816941261 0.062024191 0.493781239 -0.555103362 0.491578847 -0.454302400
1756402774709773056.000000 -0.895672917 2.793052197 0.063305773 0.482611358 -0.561655879 0.501052976 -0.447855979
1756402774809739776.000000 -0.826522827 2.773700476 0.063434511 0.478854805 -0.567217350 0.503445446 -0.442159712
1756402774976349952.000000 -0.725301027 2.756364584 0.061624654 0.479437828 -0.564845204 0.503526390 -0.444466561
1756402775209614080.000000 -0.572194278 2.734203815 0.058142051 0.482365966 -0.565913618 0.500183284 -0.443713427
1756402775476211968.000000 -0.410915494 2.708609819 0.058931120 0.481438279 -0.564887822 0.501696825 -0.444318891
1756402775809446144.000000 -0.202719837 2.675853729 0.057411186 0.481517583 -0.564785540 0.501890838 -0.444143862
1756402776142675456.000000 0.009012695 2.640923977 0.055733364 0.481090337 -0.565230310 0.501853704 -0.444082916
1756402776442610688.000000 0.200795472 2.611355305 0.053185619 0.480964065 -0.565609336 0.502263486 -0.443273276
1756402776775859712.000000 0.405660421 2.580488682 0.051343158 0.481685370 -0.564759016 0.502021313 -0.443848073
1756402777109124864.000000 0.620019138 2.546956778 0.045511909 0.481246471 -0.564757466 0.502210081 -0.444112480
1756402777442840832.000000 0.829868019 2.513795137 0.045704052 0.481941909 -0.565189838 0.501508176 -0.443601251
1756402777843358464.000000 1.082006097 2.472544670 0.042693626 0.481399089 -0.566111386 0.501855314 -0.442621946
1756402778310381056.000000 1.368767381 2.428556681 0.037632555 0.482757062 -0.566032290 0.500885665 -0.442342341
1756402778677052928.000000 1.595496058 2.394707680 0.034366064 0.482243717 -0.565099776 0.501541197 -0.443350643
1756402779110383104.000000 1.865450978 2.353204489 0.031966481 0.482573479 -0.564636827 0.501506388 -0.443620890
1756402779510378496.000000 2.109752655 2.316163301 0.029818274 0.481843770 -0.563114345 0.502531290 -0.445186645
1756402779910364416.000000 2.363835812 2.274807453 0.030342605 0.481364042 -0.564222991 0.503155768 -0.443593770
1756402780277026304.000000 2.593224764 2.234832764 0.026506683 0.480666250 -0.563555062 0.504773259 -0.443361819
1756402780677029888.000000 2.837855339 2.197636604 0.024038941 0.479698539 -0.563203454 0.505867004 -0.443609953
1756402781143689984.000000 3.115382195 2.181613207 0.023485787 0.487989813 -0.554659188 0.499443412 -0.452521145
1756402781543683328.000000 3.345910072 2.203894377 0.022951156 0.517662823 -0.526722193 0.472181737 -0.481283039
1756402781976998144.000000 3.613523960 2.204889536 0.024821809 0.514448106 -0.529861033 0.475766629 -0.477741241
1756402782510327552.000000 3.941656351 2.221588612 0.018232105 -0.524048150 0.519725978 -0.467408776 0.486608148
1756402783076982528.000000 4.292249680 2.223232985 0.019782919 -0.522730768 0.519851208 -0.468766123 0.486585766
1756402783611038720.000000 4.619204044 2.226468563 0.021241315 -0.522596955 0.518558860 -0.469734192 0.487174481
1756402784045066752.000000 4.889288425 2.226004839 0.021909328 -0.522951841 0.520238161 -0.469077975 0.485633194
1756402784545268224.000000 5.201913357 2.223982811 0.023439679 -0.521927536 0.521838903 -0.469441921 0.484664828
1756402785112090368.000000 5.548301220 2.231889248 0.024203053 -0.525716364 0.517113268 -0.465981632 0.488955289
1756402785612220160.000000 5.852736950 2.250589609 0.024755027 -0.531077862 0.513572335 -0.461220562 0.491401374
1756402786145693952.000000 6.182424545 2.267819643 0.022020089 -0.533243060 0.513242781 -0.459359169 0.491144508
1756402786645833728.000000 6.499051094 2.279245377 0.015490076 -0.533918083 0.514581203 -0.458029658 0.490251601
1756402787145973248.000000 6.801558495 2.295388699 0.008569924 -0.533131003 0.515788078 -0.459468305 0.488490522
1756402787646088960.000000 7.064072609 2.354200602 0.002948351 -0.548931003 0.495556861 -0.442286491 0.507425785
1756402788012841216.000000 7.212833405 2.436628103 -0.000592923 -0.577233970 0.461422354 -0.410678208 0.534072816
1756402788412931328.000000 7.297991753 2.532579899 -0.004434317 -0.604208291 0.425865740 -0.378489047 0.557060897
1756402788846360320.000000 7.254817963 2.624261856 -0.002056178 -0.632392943 0.383740276 -0.339673519 0.580899715
1756402789279788544.000000 7.236065388 2.760191679 0.008143133 -0.661573231 0.332723469 -0.290504605 0.605989397
1756402789546512896.000000 7.122075558 2.860375881 0.012893538 -0.672764361 0.301318467 -0.263707072 0.622136533
1756402789813238272.000000 7.057650566 2.976186037 0.021037169 -0.685325503 0.272473812 -0.233776033 0.633589625
1756402790013281024.000000 7.008518696 3.009232283 0.018586598 -0.692576289 0.254144192 -0.217762321 0.639005780
1756402790246667520.000000 6.930088043 3.027313232 0.012958174 -0.700748205 0.227495521 -0.193906516 0.647763848
1756402790680101376.000000 6.527643204 3.058115244 0.004048888 -0.716132164 0.176386386 -0.147177041 0.659076273
1756402790880146688.000000 5.975515366 3.118878603 0.064060494 -0.719397664 0.162073240 -0.144531712 0.659780204
1756402790980169984.000000 5.893764496 3.110480547 0.063656054 -0.722190619 0.150586382 -0.133528396 0.661766291
1756402791180214272.000000 5.743179321 3.080638647 0.072242245 -0.727352202 0.124770805 -0.109964833 0.665806830
1756402791313576448.000000 5.629351616 3.055170298 0.074911542 -0.730251431 0.107431151 -0.093808383 0.668125331
1756402791646980864.000000 5.323891640 2.984193563 0.077160873 -0.734880149 0.067783408 -0.057438742 0.672352195
1756402791980385280.000000 4.978909969 2.906769991 0.069589302 -0.737138152 0.035137191 -0.021144651 0.674496591
1756402792147088384.000000 4.796877384 2.880359173 0.067928493 -0.737895548 0.014179114 -0.001860966 0.674763501
1756402792380480512.000000 4.532924652 2.840043545 0.058306701 -0.736567855 -0.010357489 0.026548360 0.675763130
1756402792547188480.000000 4.341762066 2.817722321 0.051905684 -0.737317622 -0.030071532 0.044441324 0.673411727
1756402792780580864.000000 4.073875904 2.781403542 0.041069198 -0.735207438 -0.054234054 0.068586968 0.672178924
1756402793047314432.000000 3.756296635 2.744597435 0.033725955 -0.732248127 -0.081615783 0.098692313 0.668888211
1756402793280700672.000000 3.464692593 2.730145454 0.029143326 -0.725982428 -0.110692501 0.133136690 0.665561020
1756402793614105600.000000 3.047739267 2.725728035 0.020002363 -0.718481362 -0.150343284 0.175176993 0.656120777
1756402793780808704.000000 2.855051517 2.727219105 0.017115545 -0.714096129 -0.169730097 0.196299985 0.650172889
1756402794014191360.000000 2.597515345 2.730453253 0.007190145 -0.707102239 -0.198079810 0.222510427 0.641295552
1756402794247581184.000000 2.361474991 2.743702650 -0.002006788 -0.698615789 -0.227618963 0.248608470 0.631125569
1756402794414289408.000000 2.210376501 2.755766153 -0.006908532 -0.691318989 -0.249657884 0.267474115 0.623062253
1756402794714366720.000000 1.958052039 2.790346861 -0.013012326 -0.674563706 -0.289173931 0.296474725 0.611101508
1756402794981101056.000000 1.781014323 2.819697618 -0.012420099 -0.657911241 -0.320175201 0.323637962 0.599915922
1756402795114469120.000000 1.705284953 2.835953236 -0.013794677 -0.649823904 -0.338317603 0.336769253 0.591486752
1756402795481229568.000000 1.517060757 2.877125025 -0.009207297 -0.623438597 -0.386324883 0.373397708 0.568024337
1756402795814648064.000000 1.437699318 2.904582262 -0.008645821 -0.598152518 -0.426261127 0.405407578 0.544205666
1756402795981358336.000000 1.418167114 2.904228926 -0.008192217 -0.585950196 -0.443346500 0.420770526 0.532032371
1756402796514834688.000000 1.369996309 2.904044390 0.001094419 -0.566856861 -0.469412446 0.442058235 0.512747347
1756402799515577344.000000 1.872222662 2.991269112 0.062081654 -0.553258181 -0.495205343 0.454757869 0.491805196
1756402802282880256.000000 1.752534389 2.995252132 0.065594636 -0.504131854 -0.539369702 0.498265028 0.454602569
1756402804516712704.000000 1.509172559 2.985623360 0.067535527 -0.506801426 -0.539850354 0.496911377 0.452540636
1756402804950156800.000000 1.465634108 2.983266592 0.067480974 -0.506259441 -0.539280713 0.497512639 0.453165442
1756402805350255616.000000 1.424346209 2.981739283 0.066864341 -0.507649541 -0.539025187 0.496884316 0.452603340
1756402805783694336.000000 1.380191565 2.979340553 0.065806411 -0.506250501 -0.538757086 0.498341769 0.452887088
1756402806217132544.000000 1.337038875 2.977854490 0.064724565 -0.506747544 -0.538298428 0.498554647 0.452642262
1756402806617228800.000000 1.292638540 2.975336790 0.064532220 -0.506960809 -0.538385808 0.497027844 0.453976601
1756402807050666240.000000 1.250636101 2.973784208 0.064776286 -0.505864382 -0.538949966 0.497931421 0.453540057
1756402807484095744.000000 1.207568288 2.971895695 0.064787500 -0.505837083 -0.538528264 0.498433828 0.453519553
1756402807917523200.000000 1.163288593 2.969520569 0.064608812 -0.506567419 -0.538391113 0.496956885 0.454487056
1756402808284269312.000000 1.128865361 2.967782259 0.065269709 -0.505526900 -0.538065493 0.497671336 0.455248713
1756402808684356096.000000 1.093816519 2.968068361 0.065084584 -0.511124611 -0.533261836 0.492913306 0.459804356
1756402809184464128.000000 1.074105859 2.981779099 0.065542795 -0.551671684 -0.488129020 0.455645502 0.499775618
1756402809617890304.000000 0.982624531 2.986838579 0.066599622 -0.586161494 -0.446135491 0.416894168 0.532519579
1756402809951294208.000000 0.892545462 2.990637302 0.065345891 -0.609853148 -0.412340283 0.387571841 0.554835737
1756402810251684864.000000 0.803873181 2.993863106 0.064572930 -0.631200910 -0.380728632 0.358527541 0.572790623
1756402810519061504.000000 0.716087878 2.994577408 0.064709261 -0.648312092 -0.350678772 0.331403553 0.588971555
1756402810886756608.000000 0.698328257 3.005552292 0.065688536 -0.669020951 -0.310295910 0.295508653 0.607290804
1756402811287430400.000000 0.700941205 3.019248247 0.066486113 -0.689136922 -0.265475929 0.255162567 0.624103308
1756402811620766464.000000 0.704619765 3.033952236 0.069154255 -0.700194359 -0.223417059 0.221049473 0.641053736
1756402811954095104.000000 0.686184704 3.079288483 0.068411440 -0.719641089 -0.182595059 0.181821480 0.644760966
1756402812320762624.000000 0.675588489 3.119740963 0.069174975 -0.731816471 -0.138371646 0.142043635 0.652013540
1756402812820764928.000000 0.676688850 3.128912449 0.069112502 -0.738026917 -0.080845356 0.090819672 0.663725913
1756402813187430400.000000 0.678272426 3.136903524 0.071490526 -0.742477596 -0.035395082 0.050305344 0.667041004
1756402813487442944.000000 0.662900567 3.154446602 0.072988719 -0.737955928 0.001654468 0.016775232 0.674638450
1756402814020788736.000000 0.669977963 3.177556038 0.071178257 -0.742035449 0.064607061 -0.037865799 0.666164815
1756402814354119424.000000 0.672568202 3.179195881 0.069924079 -0.736385047 0.104303725 -0.073458605 0.664425790
1756402814620778240.000000 0.682055175 3.181170940 0.068408877 -0.726278305 0.139268786 -0.106622785 0.664647043
1756402814720774400.000000 0.687765241 3.187306881 0.066512406 -0.719911993 0.149191856 -0.114830591 0.668043733
1756402814854100224.000000 0.699636638 3.207735538 0.061767161 -0.725461185 0.168589801 -0.130477667 0.654415190
1756402814987426048.000000 0.706618547 3.215657949 0.059799917 -0.715529561 0.184822693 -0.145506486 0.657788634
1756402815154085632.000000 0.720203519 3.229834318 0.056135915 -0.710388899 0.203751907 -0.163420111 0.653549254
1756402815320755200.000000 0.733214974 3.242877483 0.053863276 -0.703622639 0.224053532 -0.180918485 0.649602771
1756402815487424256.000000 0.748957217 3.253758907 0.052076876 -0.696059942 0.242691472 -0.197723344 0.646147788
1756402815787423232.000000 0.770366848 3.273770809 0.047888882 -0.683241069 0.277670801 -0.229550183 0.635127783
1756402815887422208.000000 0.781595588 3.280180454 0.047177888 -0.679208457 0.288902462 -0.240063205 0.630540192
1756402816020752896.000000 0.790400147 3.286596775 0.045508631 -0.672305167 0.302905470 -0.254183590 0.625815272
1756402816220752128.000000 0.810673296 3.298041105 0.044263493 -0.661984384 0.325958282 -0.275189906 0.616277874
1756402816454087424.000000 0.838576496 3.310586691 0.046143711 -0.650210321 0.353259772 -0.297497779 0.603265405
1756402816654085632.000000 0.856137335 3.317133665 0.047607929 -0.636039495 0.374555469 -0.319349557 0.594287634
1756402816887415040.000000 0.880922019 3.324497461 0.048485734 -0.622115910 0.399901956 -0.341922611 0.579775214
1756402817220742656.000000 0.915779173 3.330798626 0.049029797 -0.600717962 0.434629291 -0.372524232 0.558086991
1756402817420743680.000000 0.923072278 3.330600023 0.048408460 -0.586055398 0.453647524 -0.390090615 0.546417654
1756402817554076928.000000 0.945480883 3.331336975 0.048568189 -0.576522589 0.467599988 -0.401614130 0.536356270
1756402817887404800.000000 0.966969490 3.327903271 0.048479989 -0.550933540 0.500452995 -0.429679155 0.511267900
1756402818054066944.000000 0.949163139 3.322156906 0.048681855 -0.536738753 0.514278114 -0.443792760 0.500477374
1756402818254062080.000000 0.957636058 3.314877033 0.048096269 0.520695269 -0.534300327 0.457845956 -0.483504593
1756402818454054912.000000 0.974647582 3.308230877 0.048715666 0.502451420 -0.549977839 0.474405676 -0.469048083
1756402818820701952.000000 1.012284040 3.298808575 0.048927598 0.485255450 -0.564693987 0.489486396 -0.453928500
1756402819220677888.000000 1.051840425 3.291900158 0.048000529 0.480452865 -0.569319904 0.493560493 -0.448818266
1756402819487337472.000000 1.080632091 3.277110815 0.047175683 0.453113139 -0.593397319 0.514248729 -0.422038376
1756402819753991168.000000 1.107720017 3.260383606 0.047200378 0.427007735 -0.612394452 0.532824993 -0.398415625
1756402819920647936.000000 1.124199510 3.252026081 0.046977498 0.418847382 -0.618500829 0.537845075 -0.390827805
1756402820287303168.000000 1.160158634 3.239961386 0.045864932 0.420225948 -0.616026223 0.539120376 -0.391498625
1756402820553971200.000000 1.185348749 3.230749846 0.045391046 0.421105355 -0.615815580 0.538210690 -0.392136276
1756402821087296512.000000 1.233996153 3.225651026 0.045503773 0.453540713 -0.588949859 0.518018782 -0.423196763
1756402821553969664.000000 1.280919313 3.213894367 0.044432968 0.453660816 -0.590833187 0.518202782 -0.420207173
1756402821953967616.000000 1.321369171 3.203348160 0.044477884 0.453751028 -0.590980709 0.517815888 -0.420379102
1756402822253968640.000000 1.351658225 3.195827961 0.043869376 0.453976631 -0.590905666 0.517681599 -0.420406461
1756402822620640000.000000 1.385967970 3.187538385 0.043549843 0.452316523 -0.588302732 0.519852400 -0.423158675
1756402822953971200.000000 1.419302225 3.179775715 0.043241154 0.452983171 -0.588373005 0.519360721 -0.422951311
1756402823387302912.000000 1.459489942 3.182546616 0.043088995 0.485403150 -0.561461270 0.494598478 -0.452236027
1756402823753964544.000000 1.497488379 3.177417517 0.042052105 0.482858390 -0.563527882 0.496852845 -0.449912667
1756402824120618240.000000 1.535423398 3.172135353 0.041269600 0.483171463 -0.564430177 0.496046692 -0.449334651
1756402824487287040.000000 1.571697235 3.167667866 0.041199781 0.482297868 -0.563172221 0.497904360 -0.449796677
1756402824853946624.000000 1.607903123 3.163471460 0.041329071 0.482495546 -0.562021852 0.498155326 -0.450744748
1756402825353938944.000000 1.658617496 3.157792330 0.040829260 0.485132366 -0.561621726 0.496562541 -0.450170398
1756402825720601600.000000 1.694380641 3.152838945 0.040364593 0.484646291 -0.559755981 0.497251540 -0.452252179
1756402826187298560.000000 1.738520265 3.154007673 0.040884506 0.499386579 -0.546392620 0.485345870 -0.465303719
1756402826587853312.000000 1.777456999 3.153234243 0.040566020 0.503621340 -0.541914582 0.481937379 -0.469500303
1756402826955090688.000000 1.813954234 3.150567532 0.040907517 0.502609551 -0.542091846 0.482574463 -0.469725519
1756402827322132736.000000 1.851106167 3.148024082 0.041006446 0.502487063 -0.541205108 0.483042687 -0.470397204
1756402827688885504.000000 1.886308908 3.145315886 0.040321879 0.499778599 -0.543923438 0.485277742 -0.467839807
1756402828155661824.000000 1.935034275 3.122834206 0.038841560 0.455235928 -0.582327127 0.521009505 -0.426854134
1756402828589090304.000000 1.979805231 3.095320940 0.039528467 0.414289057 -0.614803791 0.546429217 -0.389610201
1756402829055858688.000000 2.023282051 3.077250719 0.038536377 0.359339029 -0.650820076 0.578186870 -0.336167574
1756402829522639872.000000 2.056931019 3.039410114 0.038394418 0.306159109 -0.677603841 0.603364468 -0.288220495
1756402829956083456.000000 2.079439402 3.006548643 0.039856434 0.256482393 -0.698537230 0.623066843 -0.240936309
1756402830389537280.000000 2.095553637 2.967307568 0.039989144 0.206726864 -0.714227021 0.639843166 -0.194279537
1756402830689628160.000000 2.104378939 2.937537432 0.040015951 0.170452833 -0.724111974 0.648506224 -0.161392078
1756402830889688064.000000 2.108017683 2.917364597 0.040584646 0.146466121 -0.729597867 0.653220057 -0.139779299
1756402831089749504.000000 2.110571623 2.893411875 0.040477328 0.121770114 -0.734648049 0.656802654 -0.118636295
1756402831456508160.000000 2.110721588 2.854377508 0.041642755 0.075569652 -0.739429653 0.664667130 -0.075833835
1756402831689896704.000000 2.108885288 2.827475548 0.041724883 0.046872396 -0.743461907 0.665346324 -0.048802648
1756402832089992448.000000 2.100404739 2.782906055 0.041795209 -0.005111912 -0.744884312 0.667165518 -0.003375297
1756402832223357696.000000 2.095988035 2.769738674 0.041452773 -0.020693658 -0.748300850 0.662961423 0.009995604
1756402832656791040.000000 2.083719015 2.766993523 0.041971818 -0.070844196 -0.742442012 0.663851976 0.055332292
1756402833090224384.000000 2.068889141 2.764656305 0.041564390 -0.124856465 -0.733873367 0.659481764 0.104521312
1756402833590347008.000000 1.818449974 2.740945816 0.032457680 -0.169507965 -0.723108709 0.653340459 0.146721154
1756402834123812608.000000 1.776402235 2.732234001 0.035499852 -0.229843453 -0.702876568 0.641720593 0.203300983
1756402834623930624.000000 1.756463766 2.733784437 0.035461556 -0.288866550 -0.681836128 0.621523976 0.255663246
1756402835157388800.000000 1.737464070 2.739780188 0.033929858 -0.347135723 -0.652589381 0.598472238 0.308957845
1756402835690836224.000000 1.672342300 2.722941637 0.033529729 -0.403226972 -0.618452251 0.569202185 0.361847639
1756402836257627136.000000 1.620173097 2.698283911 0.033292398 -0.402350992 -0.621143222 0.568606853 0.359139442
1756402836624386560.000000 1.577296257 2.695181370 0.034905419 -0.442583293 -0.592025161 0.545925558 0.394450903
1756402837124513280.000000 1.529055476 2.681427240 0.034841292 -0.444321722 -0.591248631 0.545619488 0.394084662
1756402837624635136.000000 1.478927493 2.667668104 0.034466140 -0.446822196 -0.590891957 0.543857694 0.394227713
1756402838124756992.000000 1.428361654 2.653628826 0.033740893 -0.448157549 -0.591593623 0.542232692 0.393897802
1756402838658224384.000000 1.374570489 2.641979456 0.033684433 -0.457192391 -0.584000230 0.536549270 0.402534366
1756402841694742016.000000 1.081679821 2.573969841 0.030244317 -0.457778811 -0.584110320 0.536337793 0.401989460
1756402842261376000.000000 1.030050993 2.557893991 0.030983716 -0.452891618 -0.587252617 0.539947987 0.398095071
1756402842794699264.000000 0.979148328 2.544087410 0.030331627 -0.452832878 -0.585104764 0.540297806 0.400840610
1756402843394695936.000000 0.927966058 2.520593166 0.030962970 -0.421534687 -0.607368410 0.560641885 0.372951686
1756402843961390080.000000 0.893159032 2.485824823 0.033962775 -0.365778863 -0.643591106 0.589900970 0.322510839
1756402844528046336.000000 0.865276039 2.443654537 0.033723187 -0.302315950 -0.675676465 0.618104935 0.264599383
1756402845094668032.000000 0.844790578 2.394196987 0.032511644 -0.236753806 -0.702862620 0.638945639 0.204157621
1756402845661321216.000000 0.835156500 2.343966246 0.032560192 -0.168120489 -0.722981811 0.654730320 0.142692193
1756402846194633216.000000 0.833210349 2.294351339 0.031363748 -0.103135794 -0.736309648 0.663374126 0.084533513
1756402846761314560.000000 0.844081759 2.241795540 0.029297363 -0.032882877 -0.743088722 0.668009639 0.022385122
1756402847261315584.000000 0.858313322 2.200011969 0.027719237 0.029579705 -0.742833376 0.667971492 -0.033729441
1756402847794634752.000000 0.880782306 2.158265591 0.025694003 0.095087960 -0.736637235 0.662726343 -0.095486708
1756402848394612736.000000 0.912458241 2.118464470 0.023379128 0.166431755 -0.721448779 0.652566493 -0.161149502
1756402848994595584.000000 0.946369529 2.118610620 0.029860273 0.237744823 -0.702914417 0.632557273 -0.221946046
1756402849661245184.000000 0.986853838 2.108721256 0.024541177 0.315795064 -0.670922697 0.602603257 -0.294966996
1756402850194554112.000000 1.028683305 2.069787741 0.025931977 0.378387332 -0.639660299 0.569963813 -0.350426853
1756402850761222912.000000 1.076154947 2.052603006 0.024980795 0.437167197 -0.599550366 0.533819973 -0.405537158
1756402851294547456.000000 1.126069546 2.037966013 0.023803473 0.444709629 -0.592610598 0.528743804 -0.414096713
1756402851894541056.000000 1.182316780 2.043474913 0.021553373 0.496264726 -0.548351288 0.488639861 -0.462885976
1756402852494528768.000000 1.238394976 2.050903559 0.021706900 -0.528641343 0.520547390 -0.460575074 0.487277448
1756402853094509056.000000 1.295607448 2.051713705 0.022680394 -0.526900351 0.517437994 -0.461673349 0.491418064
1756402853627835392.000000 1.342157006 2.067365170 0.022215895 -0.562427044 0.479226947 -0.426513076 0.521635890
1756402854161149696.000000 1.395491242 2.074418068 0.021717265 -0.562005639 0.479330808 -0.425118655 0.523130774
1756402854761138432.000000 1.458685398 2.076079130 0.021780411 -0.542356610 0.501589298 -0.445315748 0.505916476
1756402855294452480.000000 1.520856500 2.059052944 0.021724995 0.494148970 -0.548100054 0.489400089 -0.464640409
1756402855894443264.000000 1.581313729 2.038255930 0.022019606 0.462057233 -0.573770881 0.515713096 -0.437413037
1756402856461479168.000000 1.639886379 2.007223845 0.021360729 0.419247836 -0.607606530 0.543783009 -0.399181366
1756402856962260736.000000 1.669718862 1.980935335 0.023290198 0.371299714 -0.634918511 0.574416399 -0.359250516
1756402857529391872.000000 1.669556856 1.961391449 0.022972962 0.309867620 -0.671083689 0.602198124 -0.301639140
1756402858096184832.000000 1.667497158 1.937717915 0.024527416 0.239649624 -0.693437159 0.634340942 -0.243566439
1756402858629802240.000000 1.689637303 1.871499300 0.022432186 0.176980555 -0.719171166 0.647029996 -0.181171104
1756402859163471104.000000 1.703192234 1.809124708 0.018210931 0.111606449 -0.731091499 0.661769629 -0.122923821
1756402859430212864.000000 1.706228018 1.779802918 0.019957928 0.077298552 -0.733313501 0.669226646 -0.091717012
1756402859997018880.000000 1.669842362 1.698114038 0.025163030 0.026377602 -0.738499284 0.672335923 -0.043446116
1756402860563802112.000000 1.657312393 1.637546182 0.026173780 -0.000021123 -0.738389015 0.674167871 -0.016717771
1756402861063892480.000000 1.638118267 1.582463264 0.025115918 -0.060037136 -0.738936186 0.669997692 0.038367666
1756402861663998720.000000 1.630773664 1.530219555 0.025505450 -0.052397721 -0.737205565 0.672940910 0.030545622
1756402864397849344.000000 1.595679998 1.268332839 0.022743754 -0.048612870 -0.742814481 0.667069018 0.029705871
1756402865431399680.000000 1.600422740 1.172458053 0.020498203 0.009810125 -0.743964553 0.667697489 -0.024506669
1756402865998176768.000000 1.606485367 1.121052504 0.020303333 0.022550808 -0.741279185 0.669801116 -0.036922831
1756402866532491008.000000 1.619259596 1.076078773 0.020005785 0.058068171 -0.736553073 0.670407891 -0.068344347
1756402867034042880.000000 1.642331600 1.037497401 0.018648515 0.120002620 -0.729333997 0.662076294 -0.123799406
1756402867601250560.000000 1.664551616 0.989361405 0.020405632 0.146102712 -0.725454271 0.656644762 -0.145560205
1756402868134520320.000000 1.680232406 0.935662150 0.019906893 0.123443440 -0.731222510 0.659366846 -0.123736978
1756402868767782400.000000 1.686427355 0.870658755 0.018373543 0.089288406 -0.735298514 0.665473998 -0.092239253
1756402869301042944.000000 1.703813791 0.824712634 0.018363765 0.113723472 -0.730196357 0.663595200 -0.116283283
1756402869834325760.000000 1.719480276 0.773737729 0.017436430 0.115447313 -0.731737316 0.661616921 -0.116170533
1756402870367599616.000000 1.730531335 0.720501244 0.016824966 0.097753093 -0.732775509 0.665883362 -0.100418329
1756402870900886784.000000 1.741823196 0.667571843 0.016618222 0.089311555 -0.735419989 0.665204942 -0.093184575
1756402871434166784.000000 1.747896910 0.614746571 0.015994091 0.064004533 -0.736240089 0.669851363 -0.071786009
1756402872034100736.000000 1.737447977 0.549215913 0.017148161 -0.009593516 -0.739643753 0.672916234 -0.004344698
1756402872600721152.000000 1.719212770 0.497467995 0.017734442 -0.076633275 -0.738282025 0.667653441 0.057496738
1756402873134009088.000000 1.701010227 0.494917810 0.019412266 -0.140916973 -0.723732173 0.665428817 0.116441652
1756402873700634368.000000 1.678077936 0.439549685 0.018034991 -0.142365009 -0.726633608 0.661723435 0.117719792
1756402874233917440.000000 1.657371283 0.391544640 0.017738702 -0.142667532 -0.726629436 0.661587358 0.118143365
1756402874733983488.000000 1.638105989 0.348054081 0.016635843 -0.141220823 -0.725767672 0.663439333 0.114744455
1756402875300711680.000000 1.617765307 0.297290027 0.017438188 -0.141462982 -0.725224912 0.663984179 0.114726573
1756402875867366144.000000 1.588815093 0.244933411 0.017748510 -0.168289751 -0.721741617 0.657194436 0.137343064
1756402876933973760.000000 1.492995262 0.167716101 0.018428652 -0.294304460 -0.680149257 0.622193456 0.252303898
1756402879500531456.000000 1.253212094 0.137213871 0.023620777 -0.532725573 -0.517209649 0.474779665 0.472527146
1756402880033852160.000000 1.194781661 0.160144404 0.022397678 -0.576920033 -0.467957497 0.429709315 0.513350844
1756402880633834240.000000 1.136814952 0.192863688 0.022545777 -0.617016733 -0.412765503 0.381853700 0.550547719
1756402881200471040.000000 1.087683797 0.231150225 0.019952800 -0.645463109 -0.364360273 0.339862555 0.578888953
1756402881700471552.000000 1.048322678 0.277148962 0.018107437 -0.674488902 -0.306089103 0.287898213 0.607032835
1756402882267204352.000000 1.016724467 0.332723320 0.019565661 -0.698919713 -0.239536077 0.229866892 0.633478403
1756402882834775808.000000 0.988608837 0.385426432 0.019962339 -0.708318651 -0.207373351 0.200200424 0.644360840
1756402883368836608.000000 0.957452774 0.431429386 0.019560903 -0.710430384 -0.207873046 0.200606406 0.641743422
1756402883902281472.000000 0.918907106 0.462051511 0.017897535 -0.694930077 -0.252157211 0.240545020 0.628988981
1756402884469066496.000000 0.879687607 0.495371222 0.018771917 -0.682324708 -0.280469596 0.267043442 0.620046496
1756402885069189888.000000 0.831762433 0.524400473 0.018548118 -0.668591917 -0.311704874 0.294255108 0.607650399
1756402885569294848.000000 0.793323934 0.554532230 0.019750338 -0.668631792 -0.311764359 0.294702947 0.607358873
1756402886102740992.000000 0.750414133 0.577722371 0.019919407 -0.653557897 -0.341774523 0.321422726 0.593918979
1756402886702872576.000000 0.699047327 0.609464765 0.020039748 -0.652593136 -0.346063435 0.324818432 0.590639770
1756402887236322304.000000 0.652157724 0.624818742 0.018664692 -0.628166318 -0.388815969 0.363544434 0.567507386
1756402887769771264.000000 0.606083632 0.642865241 0.020025142 -0.618696630 -0.402756214 0.376594037 0.559623957
1756402888303222528.000000 0.559430778 0.642505109 0.019897548 -0.579863727 -0.458014727 0.425785393 0.522194803
1756402888803347968.000000 0.518548429 0.633641899 0.020482844 -0.536878884 -0.505752265 0.470435679 0.484423369
1756402889370153984.000000 0.470702916 0.614875197 0.018862585 -0.485115916 -0.556110978 0.514643610 0.436514854
1756402889870264320.000000 0.433639944 0.593436718 0.019582987 -0.435183495 -0.593908489 0.551362395 0.392285198
1756402890403715072.000000 0.399222523 0.561619222 0.019794364 -0.377547592 -0.633130372 0.583940566 0.340025276
1756402892570889216.000000 0.322288066 0.393272579 0.017963218 -0.121310927 -0.729771018 0.664580882 0.105119750
1756402893071011584.000000 0.325002491 0.351656884 0.017727645 -0.058970358 -0.737606823 0.670882165 0.048743404
1756402893604464128.000000 0.335214943 0.308120579 0.017490702 0.005867562 -0.741087258 0.671294391 -0.010920308
1756402894104571136.000000 0.351323724 0.269479901 0.017334389 0.066607118 -0.739246786 0.666884780 -0.065897509
1756402894604692224.000000 0.371911526 0.232876182 0.018386232 0.127127647 -0.731678665 0.658672631 -0.120976880
1756402895171502080.000000 0.389967531 0.184054404 0.016700106 0.130292788 -0.730443597 0.658656061 -0.125092804
1756402895738306048.000000 0.418476790 0.147690266 0.016618470 0.189563826 -0.718968391 0.644541979 -0.178088948
1756402896238428160.000000 0.452724218 0.121381208 0.014600538 0.247118816 -0.701811790 0.627877831 -0.228390127
1756402896771885312.000000 0.491755128 0.098230258 0.010998989 0.307107419 -0.676316023 0.605014980 -0.286772907
1756402897338685696.000000 0.537017167 0.082308657 0.006702486 0.365847588 -0.645555973 0.576389372 -0.342327714
1756402897905494016.000000 0.583648682 0.075710051 0.006172087 0.423229158 -0.608065188 0.542819977 -0.395576030
1756402898438966016.000000 0.628800213 0.080184393 0.005822655 0.477095932 -0.567747831 0.503654540 -0.443141162
1756402899005787904.000000 0.678941905 0.078447610 0.005238058 0.492473811 -0.551586628 0.489979088 -0.461673439
1756402899572608768.000000 0.726639509 0.086685404 0.003214581 -0.531679928 0.515665889 -0.455254227 0.494114161
1756402900139428096.000000 0.766610503 0.107805789 0.003090804 -0.575969398 0.463983595 -0.408833772 0.534633934
1756402900739578624.000000 0.808127105 0.136723548 0.002209980 -0.611644924 0.414724857 -0.363334805 0.567346156
1756402901339729408.000000 0.859864235 0.156853884 0.003368037 -0.610458434 0.415817261 -0.363755882 0.567554593
1756402901873203968.000000 0.911349237 0.167757899 0.003326232 -0.589751720 0.445597708 -0.392422110 0.547394395
1756402902440018176.000000 0.961401820 0.182045981 0.003226947 -0.591158152 0.444254339 -0.391085684 0.547925413
1756402903006823424.000000 1.018071175 0.183350131 0.004224498 -0.555660605 0.486077994 -0.431064039 0.518799961
1756402903506950912.000000 1.069076657 0.181039512 0.004366536 -0.534228384 0.509334922 -0.454016685 0.499045968
1756402904007083264.000000 1.121247888 0.164186358 0.006753510 0.490699649 -0.553176403 0.492970347 -0.458464861
1756402904540558592.000000 1.173322678 0.139830783 0.007177912 0.441118926 -0.593133509 0.531826079 -0.413240612
1756402905040694528.000000 1.178866506 0.126530394 0.008207899 0.394884706 -0.625873566 0.561127961 -0.370788008
1756402905607501824.000000 1.179140210 0.108652458 0.008707188 0.335699260 -0.657360673 0.594878554 -0.318280578
1756402906207642368.000000 1.211844683 0.050089762 0.011313228 0.265414774 -0.690407813 0.623346329 -0.253636509
1756402906774423040.000000 1.234252453 -0.011552967 0.008525567 0.199897736 -0.712359011 0.643715382 -0.195489019
1756402907307864064.000000 1.244871855 -0.070269875 0.009479184 0.135714784 -0.726281285 0.659278154 -0.139460698
1756402907874658560.000000 1.242656827 -0.115308143 0.011236778 0.076077946 -0.736864388 0.666590273 -0.083070070
1756402908374774016.000000 1.229639173 -0.125532269 0.009855542 0.014012014 -0.740590096 0.671246350 -0.027538883
1756402908908239360.000000 1.210148692 -0.173032984 0.009351883 -0.055533752 -0.738078952 0.671276510 0.039287042
1756402909408356608.000000 1.180714250 -0.224034891 0.009908637 -0.117188714 -0.729560435 0.667200804 0.094082505
1756402909941799936.000000 1.140708923 -0.276325911 0.010204069 -0.183243379 -0.716511011 0.655282497 0.153748795
1756402910475248640.000000 1.093499422 -0.319314003 0.011920212 -0.248922780 -0.696723640 0.638501048 0.211967036
1756402910975363584.000000 1.042753696 -0.352529377 0.012614316 -0.308231860 -0.674327195 0.616229892 0.265587509
1756402911542166784.000000 0.981476963 -0.377323955 0.011685258 -0.372360259 -0.640936732 0.587403238 0.324815929
1756402911908925184.000000 0.943297923 -0.387366951 0.010621898 -0.411641419 -0.615083992 0.566416144 0.362485766
1756402912442391040.000000 0.895680189 -0.402356684 0.011453381 -0.423268944 -0.605845094 0.559044540 0.375851572
1756402912942512384.000000 0.845547020 -0.407961518 0.012100548 -0.465045661 -0.574864745 0.530318081 0.414759904
1756402913509314560.000000 0.784598410 -0.407502890 0.011399194 -0.499699920 -0.542917728 0.503443003 0.449539095
1756402914009433088.000000 0.735974669 -0.406099737 0.012647469 -0.515169859 -0.528173029 0.490999699 0.463198245
1756402914509548544.000000 0.684925318 -0.399601549 0.013160173 -0.533811927 -0.508169055 0.474275947 0.481530368
1756402915043002112.000000 0.634330213 -0.397693276 0.013811840 -0.532244503 -0.509722590 0.476076156 0.479843825
1756402915576454912.000000 0.577920496 -0.387286097 0.013384286 -0.550794959 -0.492252320 0.458501786 0.494053245
1756402916076566016.000000 0.529790580 -0.381677032 0.013439594 -0.549394429 -0.494346589 0.459394842 0.492690206
1756402916610030848.000000 0.476382583 -0.368042052 0.014891056 -0.570866108 -0.468428224 0.436390519 0.514052749
1756402917176845312.000000 0.420940340 -0.347979724 0.014860443 -0.587069809 -0.448267251 0.418440491 0.528500795
1756402917743659264.000000 0.368141621 -0.334088683 0.014603118 -0.584984541 -0.450200677 0.420892000 0.527221441
1756402918243789824.000000 0.322141498 -0.323215842 0.013697157 -0.583239555 -0.451928765 0.421238869 0.527399242
1756402918810575616.000000 0.269069046 -0.309518129 0.012617509 -0.582302392 -0.452912897 0.422666281 0.526447654
1756402919344028416.000000 0.221109048 -0.303779513 0.012557624 -0.565004170 -0.471764058 0.441248894 0.513330758
1756402919844168192.000000 0.174489960 -0.297240287 0.012734339 -0.555763423 -0.484679848 0.451323390 0.502513409
1756402920377650176.000000 0.122510910 -0.289896429 0.012746658 -0.556689799 -0.485909462 0.450236410 0.501274168
1756402920877783808.000000 0.074349374 -0.282721996 0.013545352 -0.556870878 -0.486278474 0.450484425 0.500491619
1756402921377911808.000000 0.026037289 -0.276567340 0.014104322 -0.555784523 -0.488069683 0.451922983 0.498655438
1756402921878022144.000000 -0.022547768 -0.271193624 0.015048414 -0.556606591 -0.488192737 0.450904489 0.498539954
1756402922378136576.000000 -0.065788552 -0.265604377 0.015287518 -0.562534690 -0.488886595 0.445164591 0.496359855
1756402922878259200.000000 -0.100825839 -0.261450469 0.015890121 -0.559767306 -0.485942006 0.446261227 0.501370072
1756402923411724032.000000 -0.102069899 -0.258469492 0.015602756 -0.568008482 -0.474237055 0.436691731 0.511630714
1756402923945191680.000000 -0.106455669 -0.240503803 0.015673043 -0.608945251 -0.419400096 0.390105873 0.548731983
1756402924478655744.000000 -0.109141454 -0.223181725 0.015695048 -0.643501818 -0.363984466 0.340581328 0.580883086
1756402924812068096.000000 -0.109057091 -0.213026643 0.015801225 -0.663318098 -0.326756507 0.307434499 0.598935127
1756402925312186624.000000 -0.107527480 -0.198204592 0.015331136 -0.687617004 -0.270078510 0.256856352 0.623109400
1756402925812308224.000000 -0.100456245 -0.185220838 0.013706409 -0.706571817 -0.211504325 0.205531344 0.643256605
1756402928112911872.000000 -0.055517942 -0.143518448 0.006569354 -0.736336410 0.026791234 -0.008302275 0.676034093
1756402928679721472.000000 -0.055439115 -0.143225417 0.006618055 -0.736437440 0.026735602 -0.008359450 0.675925493
1756402929246530560.000000 -0.050100222 -0.140570819 0.006419528 -0.735451758 0.048997566 -0.028098093 0.675218821
1756402929813332992.000000 -0.050655894 -0.140733883 0.006691671 -0.735447347 0.049004409 -0.028544068 0.675204515
1756402930480155136.000000 -0.050604232 -0.141270816 0.006879422 -0.735483468 0.048976317 -0.028565174 0.675166309
1756402931013608192.000000 -0.050340857 -0.140803173 0.006679337 -0.735386610 0.048979905 -0.028477665 0.675275207
1756402931547062784.000000 -0.050470091 -0.140910283 0.006659373 -0.735373855 0.048929069 -0.028601084 0.675287604
1756402932147199744.000000 -0.050742190 -0.140836239 0.006718205 -0.735337317 0.049060769 -0.028626369 0.675316751
1756402932747346944.000000 -0.050297290 -0.140788570 0.006362248 -0.735302627 0.048960704 -0.028509282 0.675366700
1756402933314154752.000000 -0.050297741 -0.140795797 0.007710086 -0.735839665 0.049167477 -0.028334022 0.674773872
1756402933880958720.000000 -0.050271474 -0.140406579 0.007237040 -0.735684156 0.048882913 -0.028545633 0.674955189
1756402934381074432.000000 -0.050302919 -0.140925705 0.006569881 -0.735349059 0.049092773 -0.028413525 0.675310612
1756402934947851776.000000 -0.050512224 -0.140409768 0.006483545 -0.735380352 0.049022533 -0.028528320 0.675276875
1756402935481303808.000000 -0.050305542 -0.140743300 0.006856190 -0.735496521 0.049078684 -0.028412139 0.675151050
1756402936048120320.000000 -0.050340377 -0.140814543 0.006861427 -0.735451221 0.048936024 -0.028517619 0.675206304
1756402936614917632.000000 -0.050528031 -0.140918076 0.007217160 -0.735591948 0.049008757 -0.028526992 0.675047338
1756402937181703680.000000 -0.050349262 -0.140567273 0.006644971 -0.735423207 0.049038433 -0.028475121 0.675231159
1756402937748487936.000000 -0.050172359 -0.141120315 0.006930362 -0.735456884 0.048985153 -0.028309947 0.675205350
1756402938315270656.000000 -0.050490316 -0.140730858 0.006943012 -0.735536277 0.048865907 -0.028592275 0.675115526
1756402938815382016.000000 -0.050680287 -0.141101360 0.006977004 -0.735428512 0.049002223 -0.028689757 0.675218999
1756402939415511040.000000 -0.050180838 -0.140916154 0.007058661 -0.735532582 0.048913375 -0.028443014 0.675122440
1756402940015626496.000000 -0.050311580 -0.140822947 0.006774359 -0.735418618 0.048991580 -0.028558895 0.675236046
1756402940582407424.000000 -0.050168809 -0.140762329 0.006834610 -0.735402822 0.048890457 -0.028459381 0.675264835
1756402941182533888.000000 -0.050105635 -0.140793115 0.006660164 -0.735368788 0.048982669 -0.028341973 0.675300121
1756402941749329920.000000 -0.050076295 -0.140847251 0.006883292 -0.735448241 0.048998129 -0.028225472 0.675217330
1756402942349468416.000000 -0.050286196 -0.140747264 0.006827580 -0.735492408 0.049027827 -0.028407844 0.675159395
1756402942882929920.000000 -0.049949553 -0.140892014 0.006794523 -0.735408306 0.049068127 -0.028246297 0.675254822
1756402943416391424.000000 -0.050045900 -0.140501976 0.006534949 -0.735410094 0.048949067 -0.028258644 0.675261080
1756402943983192320.000000 -0.050211199 -0.140695974 0.006574271 -0.735412538 0.048885506 -0.028456414 0.675254703
1756402944583340032.000000 -0.050042346 -0.140513286 0.006646955 -0.735452533 0.048836570 -0.028434644 0.675215602
1756402945116810240.000000 -0.050213169 -0.140435547 0.006686978 -0.735402763 0.048926819 -0.028565723 0.675257683
1756402945616936960.000000 -0.050076958 -0.140596569 0.006784516 -0.735491216 0.049014438 -0.028432319 0.675160706
1756402946150405632.000000 -0.050431844 -0.140545964 0.006624751 -0.735433817 0.048869204 -0.028755095 0.675220072
1756402946683876096.000000 -0.050190561 -0.140761450 0.006747412 -0.735433877 0.048942603 -0.028394649 0.675229967
1756402947184005376.000000 -0.050133590 -0.140617579 0.006838442 -0.735475004 0.048920240 -0.028491113 0.675182700
1756402947784156928.000000 -0.050337173 -0.141055405 0.006980734 -0.735504627 0.048845313 -0.028522152 0.675154567
