1756482526532220928.000000 0.010500277 -0.022742648 0.004690023 -0.696416080 -0.001209796 -0.002211332 0.717633903
1756482526799635968.000000 0.011575008 0.006268645 0.004764437 -0.698927760 0.000747387 -0.005191054 0.715173125
1756482527067085056.000000 0.011815399 0.030497160 0.005359929 -0.697258115 0.000444038 -0.004028589 0.716808736
1756482527334495232.000000 0.011735195 0.056230783 0.005877728 -0.696817279 0.000462738 -0.004516041 0.717234433
1756482527601146368.000000 0.012023159 0.083361931 0.006078007 -0.698117793 0.001074517 -0.005297012 0.715962529
1756482529267743232.000000 0.025055230 0.249452010 0.006751453 -0.697911918 0.040175207 -0.042009518 0.713820875
1756482529401070080.000000 0.030730408 0.264728874 0.006721713 -0.697025836 0.056328680 -0.057534281 0.712510943
1756482529534396416.000000 0.036866810 0.278820544 0.006420704 -0.696183622 0.072377384 -0.074135311 0.710347712
1756482529667721728.000000 0.044018660 0.291748643 0.006732646 -0.693832874 0.089324750 -0.090913750 0.708767831
1756482529801044480.000000 0.051761225 0.304758757 0.006954520 -0.691117108 0.105703130 -0.107758366 0.706804216
1756482529934366976.000000 0.058966339 0.317520678 0.006772654 -0.691294551 0.113179736 -0.114444278 0.704418063
1756482530467659776.000000 0.074966706 0.366458684 0.007800587 -0.690154910 0.112699479 -0.113912135 0.705697596
1756482530634321920.000000 0.081679411 0.383463144 0.007069836 -0.690026283 0.120152116 -0.121072501 0.703397930
1756482530834313472.000000 0.096529812 0.401487172 0.006614042 -0.683911383 0.146522999 -0.148088902 0.699189484
1756482530967640576.000000 0.106773637 0.414713591 0.005755640 -0.683328748 0.162062466 -0.164042860 0.692739248
1756482531200958976.000000 0.124462195 0.433756232 0.006083271 -0.676574051 0.184730977 -0.186461657 0.688007355
1756482531667613952.000000 0.146737367 0.472327352 0.006560831 -0.676993728 0.182815000 -0.184062615 0.688751876
1756482532067600128.000000 0.166401073 0.506143808 0.006129635 -0.677304506 0.183758065 -0.185400128 0.687836111
1756482532267590144.000000 0.184169739 0.522507966 0.005382554 -0.670499504 0.209556013 -0.210543081 0.679844320
1756482532467587584.000000 0.201159805 0.535187066 0.005881077 -0.661790490 0.231301591 -0.233773857 0.673708260
1756482532634253824.000000 0.216408864 0.546245635 0.006548309 -0.655948102 0.250927240 -0.253312290 0.665282309
1756482532934247424.000000 0.243251532 0.563300967 0.007109229 -0.642254651 0.283090293 -0.287099153 0.651876450
1756482533200904960.000000 0.269252717 0.576852024 0.007028509 -0.631904483 0.306421250 -0.310250044 0.640739977
1756482533700890112.000000 0.307185709 0.607517302 0.007582047 -0.632887900 0.306177378 -0.309707820 0.640147924
1756482534267524096.000000 0.350101739 0.640890181 0.007405724 -0.632303655 0.306694031 -0.309632212 0.640514433
1756482534667508224.000000 0.380383074 0.664946318 0.007813939 -0.633041620 0.306381643 -0.308079034 0.640684009
1756482535200805120.000000 0.421094686 0.697353542 0.006976915 -0.633794129 0.306438088 -0.306823701 0.640515387
1756482535734129152.000000 0.458993733 0.727475524 0.008333434 -0.631573677 0.304510951 -0.307198733 0.643441379
1756482536000791552.000000 0.480071306 0.744574308 0.007545290 -0.635271132 0.305225521 -0.304802120 0.640596330
1756482536534108160.000000 0.518775582 0.775313497 0.008057068 -0.632269204 0.304043531 -0.306790560 0.643173993
1756482537067417600.000000 0.558495700 0.808246493 0.007229815 -0.634022355 0.302820504 -0.305352092 0.642709494
1756482537434063360.000000 0.584807456 0.832270265 0.006768851 -0.639091969 0.294927716 -0.295745224 0.645843565
1756482537767382272.000000 0.597493947 0.859734952 0.005369099 -0.654218137 0.258581012 -0.260801792 0.661148310
1756482538000699648.000000 0.605335891 0.879772425 0.005114505 -0.663266897 0.231388494 -0.233820289 0.672208667
1756482538300674048.000000 0.622064292 0.904181957 0.005154041 -0.666900456 0.226195440 -0.228542104 0.672196329
1756482538800688640.000000 0.649782956 0.939654171 0.005577246 -0.662770152 0.226086184 -0.231310859 0.675363719
1756482539267357952.000000 0.674625576 0.978539228 0.005026503 -0.669531763 0.212788418 -0.217105433 0.677726805
1756482539667357696.000000 0.692734003 1.010172844 0.005581129 -0.671060145 0.202498883 -0.207389161 0.682394505
1756482540200676352.000000 0.720939398 1.055212021 0.004767986 -0.673652947 0.200925529 -0.205620170 0.680838525
1756482540667336192.000000 0.745456338 1.092110395 0.005554198 -0.672692418 0.200161964 -0.204284042 0.682413518
1756482541133989632.000000 0.768417716 1.130730867 0.005389611 -0.675734103 0.191310987 -0.194124267 0.684908271
1756482541400648960.000000 0.772122979 1.154749990 0.004809289 -0.681977451 0.161317900 -0.165568069 0.693880796
1756482541700653568.000000 0.778156638 1.180653095 0.004945625 -0.686169446 0.142767340 -0.144746289 0.698453724
1756482542233980672.000000 0.798623323 1.229399681 0.005384460 -0.685297787 0.142901540 -0.146319911 0.698953986
1756482542534285312.000000 0.798551440 1.256512284 0.005018221 -0.690172911 0.108195893 -0.112209395 0.706656933
1756482542767967744.000000 0.797648430 1.278650045 0.004858300 -0.694379449 0.082250699 -0.086839333 0.709599197
1756482543001676800.000000 0.803285480 1.300050497 0.005403761 -0.695206463 0.082600109 -0.086118437 0.708836317
1756482543368898048.000000 0.811892629 1.335484743 0.005655673 -0.695208907 0.084622547 -0.088334486 0.708322465
1756482543735640320.000000 0.819999337 1.370234966 0.006129922 -0.694615960 0.083074421 -0.086893983 0.709264934
1756482544135721728.000000 0.819196105 1.405069113 0.007127045 -0.697535574 0.048849102 -0.051397786 0.713033080
1756482544635841536.000000 0.821011066 1.453560948 0.007814793 -0.697937429 0.036158115 -0.039098326 0.714175940
1756482544969262336.000000 0.823765814 1.487270474 0.007049521 -0.697967470 0.035958204 -0.039272279 0.714147210
1756482545269342720.000000 0.818680823 1.514138103 0.007185659 -0.699088156 0.007532121 -0.010539980 0.714918137
1756482547736596224.000000 0.727476537 1.729258895 0.006275073 -0.685185552 -0.129184142 0.127960503 0.705307305
1756482548270065664.000000 0.708022892 1.780033231 0.006942585 -0.687735498 -0.129253998 0.127365634 0.702916324
1756482549737091072.000000 0.658710778 1.914671540 0.008134330 -0.688353479 -0.124636382 0.125612095 0.703460693
1756482550137187328.000000 0.646350086 1.953846931 0.007831153 -0.689641416 -0.116577014 0.117931634 0.704908967
1756482551704255488.000000 0.655286074 2.124759912 0.009066142 -0.703181565 0.013832763 -0.012021713 0.710774124
1756482552071021824.000000 0.660735607 2.160578489 0.009958914 -0.702636182 0.030980509 -0.030879505 0.710203588
1756482552504468480.000000 0.665488958 2.203711033 0.009039580 -0.704269290 0.031601928 -0.029751977 0.708604932
1756482553004591104.000000 0.678609967 2.254620075 0.008168207 -0.701936424 0.062878966 -0.062304191 0.706717610
1756482553371347456.000000 0.699337602 2.289509058 0.008226314 -0.697244525 0.105610251 -0.104821384 0.701219678
1756482553704762880.000000 0.717357993 2.319814682 0.008791993 -0.690467894 0.139508083 -0.138672680 0.696104586
1756482554238225408.000000 0.738150537 2.366035938 0.008177903 -0.690730393 0.137313366 -0.136623934 0.696685314
1756482554738361344.000000 0.768689275 2.406622171 0.008374832 -0.681427419 0.171416834 -0.171664804 0.690510035
1756482555071789312.000000 0.795251250 2.434093714 0.008958474 -0.671482027 0.208948344 -0.208725050 0.679622233
1756482555605268992.000000 0.823733926 2.476577759 0.007301669 -0.672083139 0.205627307 -0.206703082 0.680658162
1756482556138746624.000000 0.859641969 2.515316486 0.007622337 -0.664221644 0.226005614 -0.228702873 0.674852669
1756482556472165376.000000 0.889481843 2.536700964 0.008732094 -0.650842607 0.263544470 -0.265816659 0.660522342
1756482556805578240.000000 0.921124876 2.555311680 0.008474663 -0.635719538 0.299695939 -0.302337974 0.643921435
1756482557105648640.000000 0.951627374 2.567389250 0.010061674 -0.621544421 0.326786399 -0.329685181 0.631031692
1756482557605769216.000000 0.992659748 2.593893528 0.010096084 -0.621318281 0.327097416 -0.330895245 0.630459607
1756482557872500480.000000 1.022210240 2.600927830 0.010872159 -0.604509056 0.356081188 -0.361799717 0.613902330
1756482558172574464.000000 1.056926489 2.607150555 0.010718087 -0.587026894 0.385494441 -0.391570032 0.594530404
1756482558472647168.000000 1.090340495 2.609922409 0.011615165 -0.566681623 0.413187593 -0.420485854 0.575621128
1756482558706036736.000000 1.115311265 2.610939741 0.012668507 -0.549395561 0.434691101 -0.443284214 0.559202433
1756482558972769024.000000 1.146234870 2.609580517 0.013588093 -0.529898763 0.458384335 -0.468274415 0.538340211
1756482559239500288.000000 1.177461147 2.605744362 0.012876488 -0.509899139 0.480847895 -0.491199881 0.517214596
1756482559506230272.000000 1.202367425 2.604768991 0.012890715 -0.508724511 0.480717897 -0.491589755 0.518120885
1756482559772958720.000000 1.230437756 2.602518797 0.012722617 -0.498990595 0.490752041 -0.502890408 0.507220089
1756482560006346496.000000 1.256910801 2.594699621 0.012475137 -0.479641050 0.509846628 -0.522290707 0.487045616
1756482560273074176.000000 1.286247492 2.583312988 0.012840381 -0.455237776 0.531065404 -0.543523133 0.464015931
1756482560506458880.000000 1.310721159 2.571391106 0.012281587 -0.434068769 0.548040807 -0.561119556 0.443148315
1756482560773184000.000000 1.338150263 2.556608438 0.011325130 -0.408965468 0.568057537 -0.580526114 0.415989697
1756482561006567424.000000 1.359520316 2.541287661 0.012864117 -0.386842221 0.584884465 -0.594832242 0.392986000
1756482561239951360.000000 1.380550385 2.524204493 0.012981633 -0.362435848 0.599182427 -0.611339211 0.368626028
1756482561473338112.000000 1.402166367 2.504894733 0.012944896 -0.340159029 0.614829898 -0.623322904 0.343139261
1756482561673386240.000000 1.416701436 2.489668369 0.014430000 -0.319716781 0.625129640 -0.634267926 0.323571354
1756482561773410304.000000 1.424930215 2.480127573 0.013539130 -0.310536742 0.631287038 -0.638011396 0.313025892
1756482561973457664.000000 1.437495708 2.463699579 0.013905305 -0.288876116 0.639848530 -0.649520874 0.292005420
1756482562173505536.000000 1.450545430 2.444215059 0.014772242 -0.268275827 0.651377738 -0.656929195 0.268662095
1756482562273528576.000000 1.455901623 2.433818579 0.014448687 0.257533461 -0.655975401 0.660648525 -0.258681983
1756482562440235008.000000 1.462694526 2.416079521 0.014845388 -0.237660587 0.661336303 -0.669479787 0.240725160
1756482562606940928.000000 1.471018434 2.396553516 0.013821777 0.220007733 -0.670337915 0.673438787 -0.220735118
1756482562806987264.000000 1.478134632 2.378804207 0.014766915 -0.197078496 0.674533725 -0.683186233 0.198547080
1756482562973693440.000000 1.485643268 2.358879328 0.014412217 0.179677203 -0.682542145 0.685645163 -0.178165838
1756482563140398592.000000 1.488359928 2.343469143 0.015464744 -0.159444377 0.683989823 -0.693644464 0.159977853
1756482563307104512.000000 1.492614269 2.321679354 0.014655905 0.140672490 -0.690721631 0.695408523 -0.139720649
1756482563473809152.000000 1.494380593 2.303331852 0.014015919 -0.121499792 0.693495810 -0.699791729 0.120801203
1756482563607172096.000000 1.496261835 2.286880732 0.013572948 -0.105855122 0.696821630 -0.701675653 0.104334168
1756482563807217920.000000 1.499708891 2.266994238 0.013608607 0.101185463 -0.698154449 0.701687336 -0.099883407
1756482563973922304.000000 1.504466176 2.252093315 0.013727888 -0.101035304 0.696834326 -0.703152359 0.098947361
1756482564273989120.000000 1.512515545 2.222214222 0.012774587 0.101623662 -0.697910786 0.701914966 -0.099541672
1756482564407351552.000000 1.512699485 2.207333326 0.012663487 -0.084033325 0.698577821 -0.705844283 0.081923135
1756482564540712192.000000 1.514077425 2.193518400 0.012890881 -0.078621559 0.699760914 -0.705846369 0.077034056
1756482564907454464.000000 1.521161795 2.157993317 0.013279732 -0.079798393 0.699598551 -0.705534637 0.080093779
1756482565107495936.000000 1.525182605 2.136658430 0.012592325 0.078928180 -0.700599253 0.704878509 -0.077957235
1756482565407558400.000000 1.529603481 2.107793093 0.012715567 -0.076688416 0.699146271 -0.706364214 0.079769358
1756482565574262272.000000 1.528485537 2.088279486 0.012561759 -0.051562570 0.702053249 -0.708304405 0.052606583
1756482565740966400.000000 1.528044820 2.068807364 0.012058318 -0.041038588 0.703327775 -0.708437860 0.041972365
1756482566041032192.000000 1.531868219 2.041262627 0.012316970 -0.044135671 0.701535404 -0.709789515 0.045815960
1756482566507798528.000000 1.537969947 1.994354963 0.011492927 -0.045271538 0.702239931 -0.709052503 0.045322742
1756482566774519040.000000 1.541511893 1.969424486 0.011939090 -0.046747793 0.702115834 -0.709100723 0.044990938
1756482567274619904.000000 1.547620535 1.921443343 0.011531508 -0.048354957 0.700814307 -0.710245550 0.045523845
1756482567674712576.000000 1.552124739 1.882525086 0.011969481 -0.049260028 0.701049685 -0.709846437 0.047126506
1756482567974784512.000000 1.554969907 1.852912903 0.011300899 -0.048998870 0.701182008 -0.709675193 0.048000120
1756482568308197120.000000 1.558329582 1.820409060 0.011299551 -0.048757344 0.700862646 -0.710042536 0.047476724
1756482568608265728.000000 1.560293794 1.790366530 0.011293424 -0.045921728 0.701327205 -0.709931195 0.045045439
1756482569008357376.000000 1.561482310 1.750268102 0.011569150 -0.036344294 0.702864408 -0.709502816 0.035588712
1756482569408450816.000000 1.563965201 1.710260630 0.010882543 -0.035825744 0.703814268 -0.708592236 0.035484109
1756482569808554496.000000 1.566707134 1.674345255 0.010484265 -0.036261063 0.702082574 -0.710326254 0.034668945
1756482570175317760.000000 1.569102883 1.639571786 0.010256570 -0.036390938 0.702140927 -0.710191667 0.036078561
1756482570542076416.000000 1.571516275 1.604453564 0.011456547 -0.036217630 0.702991486 -0.709251523 0.038126074
1756482570908832512.000000 1.573098302 1.567341089 0.010218682 -0.035521910 0.703032553 -0.709298611 0.037134852
1756482571175564032.000000 1.574225783 1.542212844 0.010340421 0.035472717 -0.704686224 0.707614124 -0.037965648
1756482571408956416.000000 1.576234341 1.519684076 0.010585681 0.035062082 -0.704371214 0.708023608 -0.036529690
1756482571642351104.000000 1.577425718 1.497002006 0.010289211 -0.035079375 0.702594280 -0.709774137 0.036761358
1756482571942431744.000000 1.579937935 1.466237664 0.010026490 0.034407869 -0.705607235 0.706795454 -0.037077647
1756482572242511872.000000 1.581738591 1.437166095 0.009166913 0.034289237 -0.706002831 0.706474781 -0.035745021
1756482572542590976.000000 1.584513307 1.406232238 0.007775007 0.034074336 -0.707997680 0.704549074 -0.034481611
1756482572842671104.000000 1.585878611 1.376673698 0.007516142 0.034496494 -0.708587170 0.703984499 -0.033468306
1756482573109408256.000000 1.591216445 1.353354216 0.006753974 0.050900336 -0.707131386 0.703444004 -0.050408050
1756482573376144128.000000 1.603814960 1.332991719 0.006250184 0.081587121 -0.703532875 0.701426089 -0.079916254
1756482573876260352.000000 1.613120198 1.289052963 0.006584572 0.082384527 -0.700354099 0.704461455 -0.080319166
1756482574176330496.000000 1.619062781 1.261762500 0.006699082 -0.081403613 0.699187517 -0.705698490 0.080622792
1756482574543084032.000000 1.625502825 1.227936983 0.006172145 -0.087815963 0.696614981 -0.706539512 0.088418737
1756482574776473344.000000 1.637791514 1.210441470 0.004628338 -0.118677370 0.693434298 -0.700699627 0.118678510
1756482575043205120.000000 1.652973890 1.190074563 0.004706305 0.149459869 -0.689712346 0.692413867 -0.150072321
1756482575343277568.000000 1.663288713 1.165708899 0.006241901 -0.149206430 0.687649786 -0.694421053 0.150514498
1756482575843399936.000000 1.682727218 1.119379878 0.005271999 -0.148566678 0.688869715 -0.693783224 0.148496911
1756482576243497728.000000 1.690052986 1.074145079 0.005258642 0.106237136 -0.697386026 0.701055586 -0.104343288
1756482576710263808.000000 1.700285435 1.029484987 0.005873352 0.103425033 -0.698047400 0.701200962 -0.101736456
1756482577210364672.000000 1.712790012 0.983821809 0.005688060 -0.103402339 0.696487069 -0.702653825 0.102426946
1756482577743822592.000000 1.726170659 0.933727622 0.005000398 -0.104375429 0.696551979 -0.702277005 0.103577122
1756482578177261824.000000 1.737064958 0.892504156 0.004783776 -0.104005873 0.696845889 -0.702144623 0.102867015
1756482578677387520.000000 1.752076387 0.844389677 0.003198344 -0.103257090 0.695860565 -0.703375220 0.101879165
1756482579044147200.000000 1.761202931 0.810095966 0.003907334 -0.104128674 0.696086168 -0.702908337 0.102670446
1756482579310881536.000000 1.768575788 0.786424756 0.004341468 -0.108342186 0.694930613 -0.702936411 0.105895706
1756482579610958848.000000 1.785729289 0.764386654 0.004978050 0.147187874 -0.689719379 0.694423676 -0.142823994
1756482579844353024.000000 1.800206304 0.750513196 0.004566083 -0.173788860 0.682944357 -0.688551247 0.171118751
1756482580177772800.000000 1.815714598 0.721271873 0.003960939 -0.175193444 0.682669878 -0.688097298 0.172601238
1756482580577880320.000000 1.831424952 0.685888112 0.003204755 -0.175849989 0.682311535 -0.688080609 0.173415720
1756482580944648192.000000 1.847813487 0.653689921 0.003475033 -0.176027343 0.682376862 -0.687907636 0.173664108
1756482581244732416.000000 1.855891347 0.619107187 0.002487712 -0.142647848 0.690423667 -0.695479214 0.138835996
1756482581478130432.000000 1.858277559 0.592473984 0.001346095 -0.114947453 0.695486546 -0.700531363 0.111091949
1756482581778215680.000000 1.857354164 0.556008339 0.000649028 0.080185115 -0.700838208 0.704889119 -0.074347317
1756482582078300416.000000 1.854169846 0.523791373 0.000672428 -0.045724746 0.702139616 -0.709445298 0.039957494
1756482582545088000.000000 1.853566170 0.475524604 0.000274362 -0.026172493 0.702214718 -0.711231768 0.018946428
1756482584312170752.000000 1.786336064 0.291255593 0.001556199 0.111499541 0.692438722 -0.702151060 -0.122802258
1756482587212829952.000000 1.581895947 0.056594230 -0.000968521 0.245094985 0.659014404 -0.665321350 -0.250950128
1756482590013503232.000000 1.327171683 -0.083073415 -0.001007123 0.393394500 0.582777023 -0.585918784 -0.402878374
1756482592880839680.000000 1.045376301 -0.157639250 0.001133700 -0.423127413 -0.564745545 0.563197196 0.429923981
1756482595648140544.000000 0.761692047 -0.183091983 0.002438373 0.476670802 0.515594602 -0.517727494 -0.488779455
1756482598415518208.000000 0.481177986 -0.187734261 0.003633222 -0.491470486 -0.499428242 0.502923489 0.506059408
1756482598815615488.000000 0.441910297 -0.188647956 0.003590025 -0.490838885 -0.498756289 0.503845930 0.506417453
1756482599115689216.000000 0.409354419 -0.186258227 0.003532471 -0.501631975 -0.488515139 0.492001414 0.517351925
1756482599615815424.000000 0.360882521 -0.184269786 0.004346818 -0.497796088 -0.493846983 0.496023417 0.512127936
1756482599982580224.000000 0.326471955 -0.183046356 0.003874945 -0.495830327 -0.494790107 0.498070210 0.511137128
1756482600482710272.000000 0.278480083 -0.183697939 0.004200754 -0.495871902 -0.493884146 0.497757554 0.512276292
1756482600816127744.000000 0.244896799 -0.183373496 0.003548025 -0.496880919 -0.489264309 0.496487767 0.516942680
1756482601316253440.000000 0.194499239 -0.174263224 0.003384491 -0.503233373 -0.488070160 0.491468012 0.516723216
1756482601582987008.000000 0.166158900 -0.171446249 0.002707129 -0.512713253 -0.477108270 0.480235964 0.528078020
1756482601849720576.000000 0.137873903 -0.159047469 0.002733968 -0.533067107 -0.453599960 0.457449079 0.548476934
1756482602216480512.000000 0.102624632 -0.150336266 0.003732090 -0.533297300 -0.455371469 0.455930501 0.548049510
1756482602516553216.000000 0.074166760 -0.143142194 0.004967186 -0.534270167 -0.456681520 0.455902815 0.546031237
1756482602749941248.000000 0.052623563 -0.139471427 0.004914238 -0.534238219 -0.456690580 0.455597073 0.546310008
1756482603016671744.000000 0.027451206 -0.134651810 0.004536394 -0.533544719 -0.457911342 0.456612915 0.545116484
1756482603350083328.000000 -0.004685817 -0.128674120 0.005457948 -0.533029556 -0.458684832 0.457875133 0.543910146
1756482603650154752.000000 -0.031603783 -0.122799113 0.005967438 -0.532095432 -0.458944499 0.458035648 0.544470191
1756482604116932608.000000 -0.046770558 -0.120459922 0.005439224 -0.534096181 -0.458027124 0.454002827 0.546657085
1756482604483686400.000000 -0.047949314 -0.120594792 0.005006525 -0.540426552 -0.448185474 0.447252959 0.554106236
1756482604750417920.000000 -0.050037611 -0.113321513 0.004177661 -0.557497203 -0.424271524 0.424531460 0.573553503
1756482604950465792.000000 -0.051741391 -0.106650427 0.004396355 -0.572335839 -0.403990686 0.403617054 0.588486671
1756482605183855872.000000 -0.053090639 -0.098901980 0.004049837 -0.587153614 -0.380405694 0.380648464 0.604689121
1756482605350563072.000000 -0.052691378 -0.093908399 0.003784102 -0.597520411 -0.363684595 0.364212036 0.614859700
1756482605717549568.000000 -0.050655153 -0.087005459 0.005351934 -0.618760884 -0.327803046 0.326539516 0.634863794
1756482607985117184.000000 -0.008953421 -0.044695266 0.003096588 -0.696635306 -0.072584309 0.070019789 0.710301340
1756482608518540032.000000 0.005326008 -0.035689138 0.003632852 -0.700368464 -0.010422555 0.007820314 0.713662624
1756482609018612736.000000 0.014706374 -0.031861059 0.004325248 -0.699447215 0.029413486 -0.033364296 0.713298917
1756482609518682880.000000 0.007324627 -0.034692530 0.004048998 -0.700296402 -0.005155317 0.002826632 0.713828027
1756482611118923776.000000 0.009815026 -0.033771545 0.003986563 -0.700195849 0.005821399 -0.008661164 0.713874638
1756482611618995200.000000 0.009883480 -0.033966053 0.004004221 -0.700186431 0.005844962 -0.008691158 0.713883281
1756482612119062784.000000 0.009697389 -0.033894453 0.003908922 -0.700178504 0.005977925 -0.008654678 0.713890314
1756482612619136000.000000 0.009761693 -0.034023713 0.003954618 -0.700180292 0.005889772 -0.008636731 0.713889599
1756482613119218944.000000 0.009679500 -0.033692706 0.004161232 -0.700288177 0.005844428 -0.008714401 0.713783205
1756482613652634368.000000 0.009583689 -0.033765130 0.003945775 -0.700203061 0.005948556 -0.008743205 0.713865399
1756482614186042112.000000 0.009739086 -0.033710144 0.003926082 -0.700187802 0.005903928 -0.008687392 0.713881493
1756482614719455232.000000 0.009696987 -0.033890419 0.003954966 -0.700172007 0.005976938 -0.008623828 0.713897109
1756482615219534080.000000 0.009707393 -0.033894762 0.003995916 -0.700216889 0.005946099 -0.008696111 0.713852525
1756482615719615232.000000 0.009771729 -0.033647485 0.003901853 -0.700179935 0.005946319 -0.008663433 0.713889182
1756482616219695872.000000 0.009749886 -0.034069054 0.004010905 -0.700194836 0.005876987 -0.008695832 0.713874698
1756482616753111552.000000 0.009832545 -0.033864394 0.003807476 -0.700154364 0.005889649 -0.008629575 0.713915110
1756482617319860480.000000 0.009818478 -0.034023896 0.003928566 -0.700202942 0.005885486 -0.008627615 0.713867545
1756482617853277184.000000 0.009723017 -0.033979040 0.003930812 -0.700207651 0.005986485 -0.008629753 0.713862002
1756482618353353728.000000 0.009849568 -0.033708759 0.003777534 -0.700136244 0.005934620 -0.008645223 0.713932276
1756482618886764032.000000 0.009759044 -0.033780828 0.003816524 -0.700189054 0.005915938 -0.008659509 0.713880479
1756482619420169472.000000 0.009668799 -0.033813275 0.003968333 -0.700202942 0.005871585 -0.008718498 0.713866532
1756482619953595648.000000 0.009719923 -0.033810139 0.003827000 -0.700150669 0.005936858 -0.008665544 0.713917911
1756482620453679872.000000 0.009856040 -0.033985708 0.003793982 -0.700154066 0.005920656 -0.008632338 0.713915169
1756482620987101952.000000 0.009903938 -0.033877097 0.003804980 -0.700161994 0.005941624 -0.008587766 0.713907659
1756482621487217664.000000 0.009896419 -0.033835776 0.003808385 -0.700156868 0.005925152 -0.008599711 0.713912725
1756482622054228736.000000 0.009903176 -0.033635993 0.003752163 -0.700143874 0.005954455 -0.008565548 0.713925660
1756482622554494208.000000 0.010014999 -0.033944473 0.003790934 -0.700139701 0.005930195 -0.008540160 0.713930249
1756482623054602496.000000 0.009871458 -0.033846967 0.003865639 -0.700184584 0.005950473 -0.008587915 0.713885486
1756482623588056320.000000 0.009782488 -0.033788323 0.003851210 -0.700184524 0.005945038 -0.008635127 0.713884950
1756482624088184064.000000 0.009786306 -0.033740580 0.003868539 -0.700183511 0.005827301 -0.008738776 0.713885725
1756482624588308224.000000 0.009976165 -0.033836268 0.003823996 -0.700172842 0.005896510 -0.008533940 0.713898063
1756482625088425984.000000 0.009788029 -0.033857886 0.003915101 -0.700182438 0.005919446 -0.008630542 0.713887334
1756482625621886720.000000 0.009818687 -0.033836670 0.003825710 -0.700173199 0.005922495 -0.008621855 0.713896453
1756482626155351808.000000 0.009959560 -0.033866860 0.003668472 -0.700118065 0.005896693 -0.008569753 0.713951349
1756482626688816640.000000 0.009842438 -0.033913039 0.003762905 -0.700134933 0.005968726 -0.008584037 0.713934064
1756482627222280192.000000 0.009839277 -0.033784412 0.003865978 -0.700183988 0.005908269 -0.008610683 0.713886082
1756482627755733504.000000 0.009847596 -0.033826824 0.003893531 -0.700190306 0.005867258 -0.008680599 0.713879347
1756482628255838720.000000 0.009907128 -0.033863839 0.003939010 -0.700200856 0.005857182 -0.008632051 0.713869750
1756482628755957248.000000 0.009695409 -0.033837222 0.004024469 -0.700212181 0.005903864 -0.008728198 0.713857055
1756482629289423872.000000 0.009951882 -0.033848189 0.003825179 -0.700169086 0.005939785 -0.008550325 0.713901222
1756482629789554432.000000 0.009933839 -0.033803735 0.003792463 -0.700149238 0.005898474 -0.008595565 0.713920474
1756482630323029248.000000 0.009797290 -0.033897899 0.003929747 -0.700167537 0.005883947 -0.008633037 0.713902175
1756482630856507904.000000 0.010030748 -0.033873774 0.003812418 -0.700140953 0.005922858 -0.008567200 0.713928699
1756482631356646656.000000 0.009879867 -0.033640191 0.003799260 -0.700152874 0.005960652 -0.008606447 0.713916183
1756482631856775424.000000 0.009865091 -0.033764467 0.003844479 -0.700168788 0.005925579 -0.008604877 0.713900983
1756482632356904192.000000 0.009957745 -0.033862777 0.003806507 -0.700157166 0.005915067 -0.008601263 0.713912487
1756482632890372096.000000 0.009846910 -0.033770233 0.003894638 -0.700182080 0.005924356 -0.008614806 0.713887870
1756482633423838976.000000 0.009880332 -0.033784129 0.003761913 -0.700148404 0.005932628 -0.008613854 0.713920772
1756482633923971840.000000 0.009968133 -0.033681192 0.003805520 -0.700142562 0.005984108 -0.008520872 0.713927269
1756482634490786048.000000 0.009965925 -0.033621691 0.003781118 -0.700135529 0.005936862 -0.008566982 0.713933945
1756482634990894592.000000 0.009896906 -0.033719286 0.003833841 -0.700178385 0.005900616 -0.008626178 0.713891506
1756482635491003392.000000 0.009972263 -0.033671141 0.003685871 -0.700132906 0.005937538 -0.008537285 0.713936865
1756482636024462336.000000 0.009834317 -0.033780377 0.003747653 -0.700157702 0.005926743 -0.008642436 0.713911355
1756482636524580096.000000 0.009999448 -0.033751637 0.003930634 -0.700202227 0.005947426 -0.008556039 0.713868618
1756482637058042880.000000 0.009892702 -0.033892088 0.003860725 -0.700174630 0.005962137 -0.008602530 0.713894963
1756482637558164480.000000 0.009960709 -0.033692986 0.003724227 -0.700143576 0.005907721 -0.008594778 0.713925958
1756482638091627008.000000 0.010011109 -0.033894438 0.003688174 -0.700142443 0.005967923 -0.008525274 0.713927329
1756482638592164096.000000 0.010061258 -0.034000374 0.003801187 -0.700155020 0.005943380 -0.008512777 0.713915348
1756482639160447744.000000 0.009897101 -0.033866826 0.003790558 -0.700182438 0.005910148 -0.008607621 0.713887632
1756482639661255680.000000 0.009904297 -0.033954069 0.003919597 -0.700207889 0.005942118 -0.008583698 0.713862717
1756482640194593024.000000 0.009937065 -0.033811525 0.003820366 -0.700186908 0.005922850 -0.008556095 0.713883758
1756482640727926784.000000 0.010028547 -0.033975147 0.003814631 -0.700173736 0.005948560 -0.008527610 0.713896811
1756482641261252864.000000 0.009896632 -0.033709425 0.003818796 -0.700179815 0.005886376 -0.008610884 0.713890433
1756482641761257472.000000 0.009920263 -0.033673365 0.003766083 -0.700170636 0.005884591 -0.008647216 0.713899016
1756482642294592512.000000 0.009818537 -0.033754859 0.003833497 -0.700229704 0.005926209 -0.008660373 0.713840544
1756482642861256960.000000 0.009800361 -0.033892900 0.003878621 -0.700209558 0.005931423 -0.008651610 0.713860333
1756482643394573568.000000 0.009746191 -0.033910096 0.004029737 -0.700270772 0.005879551 -0.008682792 0.713800430
1756482643961231616.000000 0.009832299 -0.033782527 0.003959064 -0.700238407 0.005975869 -0.008585073 0.713832498
1756482644494542080.000000 0.009706344 -0.033882558 0.003994924 -0.700260520 0.005912252 -0.008728888 0.713809609
1756482645061193216.000000 0.009797089 -0.033766046 0.003870584 -0.700204849 0.005912436 -0.008645371 0.713865280
1756482645627840000.000000 0.009712117 -0.033942446 0.004084492 -0.700286448 0.005906731 -0.008718793 0.713784277
1756482646194498560.000000 0.009773379 -0.033727996 0.003903631 -0.700249612 0.005906690 -0.008664177 0.713821113
1756482646761152000.000000 0.009790391 -0.034001946 0.003916375 -0.700214803 0.005942495 -0.008647025 0.713855147
1756482647294465792.000000 0.009761959 -0.033844993 0.003958184 -0.700230718 0.005965264 -0.008636488 0.713839471
1756482647827795456.000000 0.009673880 -0.033731423 0.004018235 -0.700252056 0.005956511 -0.008709239 0.713817775
1756482648394450688.000000 0.009919038 -0.033911817 0.004013945 -0.700268745 0.005879355 -0.008630135 0.713802993
1756482648894459648.000000 0.009871821 -0.033775382 0.003977907 -0.700251520 0.005947237 -0.008599387 0.713819742
1756482649427788800.000000 0.009677242 -0.033760943 0.003894171 -0.700215936 0.005894616 -0.008755201 0.713853180
1756482649994452480.000000 0.010918560 -0.005548276 0.004761241 -0.699422479 0.008446109 -0.011938633 0.714558840
1756482650561102080.000000 0.012992105 0.047320373 0.005982567 -0.696551859 0.009271652 -0.013072953 0.717327416
1756482651094416128.000000 0.014288376 0.099831410 0.005899912 -0.698213816 0.008635988 -0.011930282 0.715737760
1756482651661052416.000000 0.017514095 0.156655461 0.005865667 -0.699398935 0.010903789 -0.012739234 0.714534819
1756482652194353920.000000 0.020521400 0.208241388 0.005903814 -0.698143125 0.012741134 -0.012827635 0.715729892
1756482652727660032.000000 0.021596663 0.260323435 0.006199209 -0.699558794 0.013317191 -0.014672456 0.714300334
1756482653260965888.000000 0.023618672 0.311650217 0.006722908 -0.699472189 0.013373666 -0.014980030 0.714377642
1756482653794284288.000000 0.025929824 0.362695038 0.007361648 -0.699950576 0.013241779 -0.014636891 0.713918567
1756482654360929792.000000 0.028166786 0.417008072 0.007113339 -0.698480666 0.014213160 -0.015345301 0.715323269
1756482654894920448.000000 0.030797539 0.470089167 0.007749164 -0.699399114 0.014915115 -0.014255784 0.714433610
1756482655395740160.000000 0.033902153 0.520482242 0.006954876 -0.700425625 0.016466916 -0.016178953 0.713352025
1756482655895911168.000000 0.036523648 0.569255412 0.006458667 -0.700346291 0.014240603 -0.014923622 0.713505208
1756482656396034048.000000 0.038575295 0.617775202 0.007679787 -0.699987113 0.014836075 -0.014886850 0.713846207
1756482656896154880.000000 0.039995693 0.667077780 0.007870202 -0.700115502 0.014040996 -0.015157210 0.713730693
1756482657396274688.000000 0.041827120 0.714895308 0.006604306 -0.699535787 0.013135520 -0.014118641 0.714337289
1756482657896397312.000000 0.044336878 0.764964759 0.005345795 -0.699081838 0.013245446 -0.012646509 0.714807093
1756482658429863168.000000 0.045501456 0.817836940 0.005802453 -0.700420439 0.011032898 -0.011080606 0.713559210
1756482658963315456.000000 0.046484038 0.868147910 0.007199111 -0.700076878 0.012077734 -0.013399100 0.713839650
1756482659496768000.000000 0.047961343 0.920763910 0.005393701 -0.700470746 0.011365511 -0.012183858 0.713486671
1756482660030228736.000000 0.054565627 0.975397527 0.003693347 -0.703656018 0.031073840 -0.031049872 0.709181607
1756482660563686912.000000 0.066755243 0.975214005 0.006502165 -0.695158541 0.088215411 -0.091392457 0.707545102
1756482661097141248.000000 0.084191449 0.977922261 0.005748780 -0.684868813 0.149739057 -0.153879017 0.696314812
1756482661597254400.000000 0.098656230 0.976496994 0.006558994 -0.670765936 0.205674991 -0.211210608 0.680559337
1756482662130707712.000000 0.145117223 1.004919529 0.010685909 -0.646747530 0.270169079 -0.275173366 0.658031940
1756482662630820864.000000 0.167917103 1.007776976 0.012689148 -0.626474738 0.320093483 -0.322373927 0.633359790
1756482663164276480.000000 0.181231663 0.995688975 0.014892045 -0.596406519 0.375319391 -0.377398461 0.600836992
1756482663697735424.000000 0.194255680 0.988303781 0.014032636 -0.561689138 0.426895112 -0.428931355 0.564166546
1756482664231198976.000000 0.204684258 0.973338366 0.012202974 -0.521079540 0.474854946 -0.478241086 0.523712218
1756482664764667392.000000 0.210465655 0.958747804 0.013595728 0.479029775 -0.519095182 0.520750225 -0.479468286
1756482665298139904.000000 0.215040445 0.951328158 0.015563587 0.430664897 -0.559842467 0.562739193 -0.429451853
1756482665798258944.000000 0.216250435 0.932122231 0.013481312 0.383770466 -0.593175352 0.596152961 -0.381398559
1756482666098327040.000000 0.216116071 0.924922228 0.009479625 0.352595121 -0.610783815 0.615555465 -0.351726204
1756482666465077504.000000 0.218069971 0.917751133 0.005908698 -0.314436853 0.630856276 -0.636868954 0.312326491
1756482666965196544.000000 0.212638706 0.906261265 0.009012820 -0.261354387 0.654649377 -0.661249936 0.256664425
1756482667465316096.000000 0.206262752 0.894491673 0.007108591 -0.204883456 0.673542440 -0.681773305 0.198868230
1756482667932099584.000000 0.202971190 0.886712134 0.005828476 -0.149582744 0.687786102 -0.695771754 0.143097907
1756482668398883328.000000 0.200166762 0.881351888 0.007338345 -0.094165847 0.697894752 -0.704664230 0.086741827
1756482668798978560.000000 0.190614313 0.872477651 0.007228799 -0.046551906 0.702264369 -0.709368944 0.038124286
1756482668965684224.000000 0.185776591 0.870789409 0.006726414 -0.026866607 0.703031361 -0.710407913 0.018592050
1756482670265974784.000000 0.179285094 0.763613582 0.006727571 0.008984778 -0.705037653 0.709112704 0.000601563
1756482670666069248.000000 0.178819805 0.724366605 0.007189648 -0.009911919 0.704596698 -0.709538400 0.000729031
1756482671066168576.000000 0.177588075 0.685342908 0.006487995 -0.008082402 0.703651965 -0.710498869 -0.000138160
1756482671532947968.000000 0.177352563 0.644211650 0.006517218 -0.007969148 0.698356688 -0.715705276 0.000611955
1756482671899693312.000000 0.178640991 0.606342673 0.004788823 -0.009531399 0.701760471 -0.712348163 0.001206531
1756482672299778816.000000 0.178333178 0.565882444 0.004023286 -0.009580421 0.702975035 -0.711149871 -0.000418519
1756482672766543616.000000 0.178259015 0.518496931 0.002100246 -0.008765957 0.703744769 -0.710398138 -0.001029245
1756482673266647552.000000 0.176726595 0.470026046 0.002480069 -0.009821824 0.704020619 -0.710111499 -0.000429591
1756482673700073472.000000 0.174475238 0.427609980 0.002579361 -0.011435247 0.703049183 -0.711047947 0.001374000
1756482674066819584.000000 0.173888311 0.392266363 0.002897738 -0.012105939 0.702247560 -0.711827099 0.002013768
1756482674466906880.000000 0.172818109 0.352538466 0.003361167 -0.012533815 0.703101695 -0.710971296 0.003286140
1756482674800317696.000000 0.171324417 0.320690036 0.003489988 -0.012513016 0.702859819 -0.711205482 0.004282812
1756482675100388864.000000 0.171587750 0.290609002 0.002748743 -0.012353184 0.702797771 -0.711277544 0.002650836
1756482675400458240.000000 0.171137124 0.260119975 0.001601964 -0.012957526 0.703120410 -0.710944831 0.003357019
1756482675733867776.000000 0.170427352 0.227251977 0.001227681 -0.013407982 0.704164147 -0.709893286 0.004976548
1756482676000596480.000000 0.169745564 0.201381773 0.000241945 -0.013144916 0.703571320 -0.710488677 0.004531902
1756482676334005504.000000 0.169434220 0.168185741 0.000088973 -0.013607983 0.704210877 -0.709837437 0.005717435
1756482676667414016.000000 0.167303786 0.138407633 0.000023900 -0.015781948 0.700599968 -0.713332236 0.008236146
1756482677134185472.000000 0.165619433 0.090504780 0.002495591 -0.016070597 0.703427970 -0.710521400 0.009503068
1756482677467592960.000000 0.163989991 0.056319218 0.003047025 -0.014488500 0.703818798 -0.710182250 0.008396122
1756482677801001728.000000 0.163979158 0.022054709 0.002785253 -0.013823252 0.704253137 -0.709779143 0.007069509
1756482678101068288.000000 0.165173963 -0.008836158 0.002258601 0.013175303 -0.705343544 0.708715916 -0.006228744
1756482678534502144.000000 0.164610878 -0.050820991 0.002401633 0.011059489 -0.705101132 0.709000051 -0.005396472
1756482678834581248.000000 0.164888620 -0.078917719 0.002687316 -0.011338231 0.704049885 -0.710033238 0.006167534
1756482679134661888.000000 0.170686558 -0.091838136 0.002512392 0.039238058 -0.704135656 0.708135247 -0.034609176
1756482679634795008.000000 0.183135703 -0.080979154 0.003635380 -0.096489862 0.697159767 -0.704240620 0.093291000
1756482680034903296.000000 0.192622513 -0.072008491 0.003820959 -0.142238081 0.690043449 -0.695725203 0.139910176
1756482680334984192.000000 0.198490068 -0.064331740 0.005174935 -0.177288845 0.679044664 -0.689853489 0.177677602
1756482680635065344.000000 0.219718665 -0.080761373 0.004875721 -0.214680612 0.670225799 -0.677516639 0.213730946
1756482680901805312.000000 0.238191754 -0.093440115 0.004827989 -0.243527412 0.660566807 -0.667394280 0.242756709
1756482681168545024.000000 0.257800907 -0.105244599 0.004636226 -0.272226036 0.650348485 -0.655486763 0.270697385
1756482681435284736.000000 0.275644481 -0.113848798 0.006527776 0.300751656 -0.637561440 0.642126143 -0.301227301
1756482681702008320.000000 0.289686292 -0.116715305 0.005001934 0.327911913 -0.627360463 0.627128184 -0.324965984
1756482682068751616.000000 0.288432598 -0.106278807 0.004747890 -0.360777766 0.604781091 -0.610789597 0.361960381
1756482682435493888.000000 0.288101852 -0.098769106 0.004668668 -0.396228909 0.582139850 -0.588508785 0.397206843
1756482682735566592.000000 0.287180662 -0.092621937 0.003990227 0.425801218 -0.562380016 0.566523015 -0.425997347
1756482683002299392.000000 0.285191923 -0.087558202 0.004273955 0.448529333 -0.543383539 0.547647059 -0.451263279
1756482683269031168.000000 0.283583850 -0.085302204 0.004247861 0.473315686 -0.521907687 0.525428176 -0.476979852
1756482683535765760.000000 0.282888800 -0.081564575 0.003299553 -0.496065527 0.499522090 -0.503320634 0.501063883
1756482683835845120.000000 0.279764920 -0.077616528 0.002845667 -0.519849777 0.474049598 -0.478031099 0.525851250
1756482684335979776.000000 0.271085799 -0.072995625 0.004105860 -0.557954609 0.427389890 -0.432554334 0.564731240
1756482684869451008.000000 0.260867625 -0.057848550 0.005169589 -0.593659103 0.376069486 -0.380660981 0.601030707
1756482685269554176.000000 0.254638106 -0.051405273 0.006763956 -0.616711795 0.336829036 -0.341378540 0.624238312
1756482685803011328.000000 0.233908877 -0.040834617 0.004417589 -0.644298673 0.280069202 -0.284800023 0.652172923
1756482686303119360.000000 0.215190321 -0.034965247 0.006058086 -0.664758980 0.225735188 -0.230856329 0.673679829
1756482686803246592.000000 0.199628338 -0.031440612 0.005551508 -0.679941475 0.169016838 -0.174801335 0.691778541
1756482687336724992.000000 0.184350967 -0.029166300 0.004987228 -0.692894936 0.108450569 -0.111922815 0.703994632
1756482687836841984.000000 0.176799610 0.005593665 0.005340404 -0.697241306 0.050741561 -0.054835461 0.712932646
1756482688336952064.000000 0.184447661 0.053927600 0.005534337 -0.697620094 0.052476682 -0.058261465 0.712164342
1756482688837069568.000000 0.188923061 0.100631073 0.005518938 -0.697249293 0.040768649 -0.043645825 0.714336395
1756482689370530304.000000 0.188568592 0.150141701 0.005439803 -0.700744748 0.017524183 -0.019747052 0.712923467
1756482689870632960.000000 0.190575019 0.197516888 0.004862170 -0.699654639 0.017423986 -0.020528803 0.713973701
1756482690404071424.000000 0.193445012 0.248510897 0.005540509 -0.699251473 0.018124470 -0.021068890 0.714335382
1756482690937532160.000000 0.196735173 0.301512331 0.005862423 -0.699779153 0.018761769 -0.021665212 0.713784158
1756482691437653760.000000 0.199452087 0.349530220 0.006093888 -0.698573589 0.019327832 -0.020345280 0.714987755
1756482691937769472.000000 0.202747345 0.398156643 0.006482891 -0.699926257 0.019426245 -0.020296909 0.713662386
1756482692471225088.000000 0.205890357 0.449919224 0.006624026 -0.699759185 0.018596854 -0.019787397 0.713862658
1756482692971331584.000000 0.209640518 0.498705745 0.006461761 -0.700130939 0.021087794 -0.022734419 0.713340819
1756482693471438080.000000 0.213169992 0.548368633 0.006625227 -0.700056612 0.022303417 -0.022339180 0.713389277
1756482693971557632.000000 0.215971470 0.597518623 0.006992559 -0.699049354 0.022694828 -0.023401486 0.714330077
1756482694505018112.000000 0.219758704 0.649483204 0.006757624 -0.699178636 0.022047406 -0.023988806 0.714204252
1756482695005139200.000000 0.223019540 0.697297156 0.007928442 -0.698505402 0.021172868 -0.022920001 0.714924276
1756482695538602240.000000 0.221831322 0.748763978 0.007673513 -0.701196969 0.008004650 -0.009555266 0.712858617
1756482696072065792.000000 0.222670063 0.798876345 0.008612857 -0.700378597 0.008130770 -0.009916010 0.713656425
1756482696605530624.000000 0.223936304 0.850566030 0.007447216 -0.701019466 0.008929063 -0.009451985 0.713023663
1756482697138994432.000000 0.224764079 0.903462529 0.007324505 -0.701077163 0.009710365 -0.010767123 0.712938011
1756482697639113728.000000 0.226470754 0.954076588 0.007207244 -0.701761901 0.009265234 -0.009998085 0.712281287
1756482698139226880.000000 0.231962144 0.984490752 0.004878802 -0.699439883 0.029117623 -0.030380651 0.713451564
1756482698672686080.000000 0.246456608 0.990056872 0.007009172 -0.696043253 0.090799183 -0.093759537 0.706037223
1756482699172812288.000000 0.262825847 0.990448475 0.005846198 -0.686248481 0.148619711 -0.152525693 0.695493460
1756482699672939520.000000 0.276390851 0.989807010 0.010541293 -0.671970963 0.205934912 -0.208921403 0.679998279
1756482699772965120.000000 0.278508812 0.989738703 0.011996268 -0.668340862 0.218275473 -0.220935032 0.675917268
1756482700306434048.000000 0.303058475 0.990394354 0.011258398 -0.642919123 0.277094990 -0.281073481 0.656407773
1756482700806557696.000000 0.360231489 1.015254617 0.008385742 -0.622559369 0.334402263 -0.334674954 0.623368084
1756482701306679296.000000 0.367872566 1.003547549 0.009925693 -0.594570160 0.378658384 -0.380842745 0.598383665
1756482701440044288.000000 0.370733052 1.001873374 0.011671375 -0.586807609 0.391624898 -0.393527150 0.589426219
1756482701973502720.000000 0.381408602 0.988376975 0.011308746 -0.550056696 0.443523556 -0.444185019 0.550839543
1756482702473619456.000000 0.389448673 0.975433648 0.011202082 -0.511528254 0.486894011 -0.489226669 0.511791408
1756482702973749504.000000 0.393394232 0.961033940 0.012408422 0.471233577 -0.526677012 0.529228747 -0.469539315
1756482703507223296.000000 0.397582233 0.946189940 0.012487721 0.422448397 -0.566131651 0.569108605 -0.420889378
1756482704007354624.000000 0.401012182 0.932003319 0.011912871 0.375846326 -0.598858774 0.601353884 -0.372130722
1756482704507485184.000000 0.399024397 0.919429541 0.009073311 0.323940903 -0.627562165 0.631996155 -0.319075227
1756482705007610880.000000 0.394343704 0.905820549 0.008676730 -0.271004707 0.650571585 -0.657781243 0.265776187
1756482705541077248.000000 0.387481838 0.892077148 0.005850198 -0.209869832 0.672621071 -0.679547787 0.204329148
1756482706074532096.000000 0.377946854 0.880749643 0.004010350 -0.147544086 0.686776817 -0.697442532 0.141923681
1756482706607990528.000000 0.386360109 0.827505827 0.002022158 -0.101409860 0.695113122 -0.705586135 0.093177624
1756482707108119808.000000 0.395598412 0.779733360 0.001879761 -0.089930877 0.696849525 -0.706968129 0.080679834
1756482707608241920.000000 0.402738720 0.731540620 0.001838071 -0.077517197 0.697100699 -0.709494889 0.068255208
1756482708108347648.000000 0.406577110 0.677619874 0.001342585 -0.048189331 0.702162504 -0.709346235 0.038385898
1756482708608458752.000000 0.409146398 0.629496396 0.001039373 -0.042129401 0.700853825 -0.711326241 0.032312255
1756482709108584192.000000 0.406133741 0.577922881 0.002849627 -0.018122163 0.702343345 -0.711558580 0.008364911
1756482709642049536.000000 0.406484634 0.524627805 0.002774028 -0.017980307 0.702658355 -0.711248755 0.008555738
1756482710142169600.000000 0.405126005 0.475423634 0.003589567 -0.018134864 0.702346087 -0.711514652 0.011316287
1756482710675629312.000000 0.406322420 0.421448916 0.003367357 -0.015855307 0.704029560 -0.709962189 0.006679405
1756482711209084928.000000 0.405781269 0.368618667 0.003450898 -0.016029373 0.703875244 -0.710102260 0.007587868
1756482711709206784.000000 0.404745638 0.320019960 0.002532335 -0.015640400 0.702999234 -0.710980117 0.007404116
1756482712209335040.000000 0.404218882 0.271058261 0.002420917 -0.014814523 0.702304006 -0.711681247 0.007710289
1756482712742803200.000000 0.404322565 0.219549149 0.001828909 -0.014331361 0.701464951 -0.712525904 0.006962422
1756482713242926080.000000 0.404301673 0.168946162 0.001188902 -0.013284671 0.702646673 -0.711388290 0.006155374
1756482713743045376.000000 0.403815955 0.120077752 0.000340784 -0.014202324 0.701408267 -0.712573767 0.007965086
1756482714243161600.000000 0.403400987 0.071687311 0.001955267 -0.015117283 0.702661753 -0.711303949 0.009200965
1756482714709936896.000000 0.403320640 0.025356798 0.002473222 -0.016349578 0.704121411 -0.709809065 0.010806546
1756482715210052352.000000 0.403353810 -0.023022279 0.002791148 -0.017416053 0.703279853 -0.710608244 0.011403108
1756482715676830976.000000 0.416793108 -0.063047960 0.002426390 0.067149840 -0.702127874 0.706108093 -0.062600389
1756482716143614464.000000 0.436852455 -0.095717907 0.002720676 -0.120840557 0.694407642 -0.699589074 0.117348813
1756482716543714304.000000 0.460086167 -0.120908864 0.003223490 0.168381616 -0.685845673 0.688892841 -0.163370922
1756482717010496512.000000 0.468831062 -0.115747750 0.002161328 0.212641805 -0.674608886 0.675652623 -0.207797989
1756482717410595584.000000 0.474593937 -0.103605151 0.001427142 0.259120256 -0.658270538 0.659361720 -0.254516751
1756482717944051200.000000 0.477886677 -0.087448522 0.001363095 0.313652575 -0.633399606 0.635203302 -0.311358005
1756482718410822912.000000 0.480301917 -0.070745662 0.001840854 0.361228287 -0.607101500 0.609425068 -0.359920800
1756482718810922496.000000 0.480656058 -0.057558194 0.001571937 0.401877880 -0.579889596 0.583630860 -0.401991606
1756482719244365824.000000 0.518856645 -0.057313345 0.000462884 0.446441889 -0.548474729 0.548581779 -0.446007997
1756482719677810176.000000 0.520424366 -0.049593829 -0.000528408 0.480371028 -0.519586265 0.518445313 -0.480091959
1756482720211281920.000000 0.513622344 -0.035507414 -0.000825331 -0.523215830 0.473929554 -0.473829597 0.526423335
1756482720711409920.000000 0.505905271 -0.031965300 0.001224810 -0.562558413 0.426528335 -0.425355107 0.566281497
1756482721211536640.000000 0.492883325 -0.021030212 0.000011519 -0.594867587 0.378702998 -0.376691937 0.600682795
1756482721745004800.000000 0.475756735 -0.014577361 0.000358189 -0.625138283 0.322154492 -0.321700096 0.633977652
1756482722245131520.000000 0.460391909 -0.005831879 0.002001363 -0.648486197 0.270114601 -0.269178808 0.658822060
1756482722778598144.000000 0.442920923 -0.000952277 0.002365252 -0.669694841 0.210131407 -0.209228382 0.680864990
1756482723278723840.000000 0.429143190 -0.001089174 0.004784686 -0.684106886 0.153882191 -0.151899621 0.696594954
1756482723778838784.000000 0.412500858 -0.002858788 0.005030652 -0.694152653 0.095470078 -0.094035447 0.707244575
1756482724278945792.000000 0.397307783 -0.006509528 0.005401256 -0.698437512 0.039800566 -0.037377711 0.713585258
1756482724779064320.000000 0.396239728 0.036197696 0.005438569 -0.699921548 0.020452728 -0.019420799 0.713662684
1756482725279191552.000000 0.398202389 0.084576339 0.005668201 -0.700796604 0.018802051 -0.018825566 0.712864876
1756482725779313152.000000 0.399375737 0.130027145 0.007387726 -0.699953735 0.017234420 -0.021318553 0.713661909
1756482726312771584.000000 0.402007908 0.182935163 0.005690620 -0.701962352 0.016310038 -0.016854422 0.711827815
1756482726812888576.000000 0.399831593 0.229028150 0.005395860 -0.699900925 0.000190765 0.000949461 0.714239359
1756482727346346240.000000 0.399225980 0.282857209 0.005731853 -0.701877058 0.001878545 -0.000966574 0.712294996
1756482727879815680.000000 0.399569273 0.333890229 0.004541335 -0.700998604 0.001282375 -0.001367353 0.713160276
1756482728379947776.000000 0.399717510 0.382600635 0.004331456 -0.701136708 0.000703468 -0.001826008 0.713024259
1756482728913415168.000000 0.399966538 0.435653448 0.004416909 -0.701391399 0.000942731 -0.001789373 0.712773561
1756482729446881024.000000 0.400157958 0.488192528 0.004954592 -0.701502323 0.000759268 -0.001417477 0.712665439
1756482729947002624.000000 0.401850849 0.538457870 0.004701394 -0.701301455 0.001432607 -0.001368738 0.712862194
1756482730447123712.000000 0.401337594 0.588320374 0.003914367 -0.701165736 0.001707976 -0.002069276 0.712993264
1756482730980577024.000000 0.402109772 0.639235198 0.004707861 -0.700125456 0.002170956 -0.001225294 0.714015484
1756482731514027264.000000 0.402493566 0.693186224 0.005473566 -0.701368749 0.002108389 -0.000557831 0.712795317
1756482732047470336.000000 0.402904332 0.745103240 0.005793661 -0.700842738 0.001447301 -0.000095686 0.713314414
1756482732581149440.000000 0.402530074 0.797833681 0.006474500 -0.700897217 0.001408095 -0.000122966 0.713260889
1756482733115956736.000000 0.401622146 0.849769413 0.006956864 -0.700627446 0.002390249 -0.002364643 0.713519394
1756482733650459648.000000 0.401879847 0.903616309 0.006272716 -0.701425850 0.000830923 0.000300988 0.712741971
1756482734184046336.000000 0.409678936 0.957978487 0.006124716 -0.700034380 0.024174502 -0.023940627 0.713298202
1756482734717539840.000000 0.413053989 1.010539532 0.005633742 -0.700463831 0.024339160 -0.023447758 0.712887287
1756482735284171776.000000 0.415110886 1.064880967 0.005120398 -0.700342417 0.022932170 -0.022775766 0.713074923
1756482735850819328.000000 0.417561233 1.120302677 0.005276764 -0.700461328 0.022683971 -0.022952434 0.712960482
1756482736417473024.000000 0.421460271 1.173242688 0.005544594 -0.701875210 0.023819780 -0.023827245 0.711502731
1756482736984100864.000000 0.436708391 1.178130865 0.006449796 -0.694993913 0.085590340 -0.086083241 0.708694220
1756482737517374720.000000 0.453310996 1.180491209 0.006699036 -0.686046541 0.148648664 -0.148554742 0.696545184
1756482738050662144.000000 0.469438672 1.177198410 0.007927825 -0.671673596 0.208855793 -0.208218008 0.679616928
1756482738617262592.000000 0.485464364 1.170810938 0.009481172 -0.649408042 0.270219266 -0.271648705 0.656854391
1756482739150540800.000000 0.498359561 1.160684109 0.011413394 -0.618705451 0.322866440 -0.329066187 0.636141837
1756482739683807232.000000 0.557553709 1.176600456 0.010652604 -0.596432924 0.376254439 -0.376740545 0.600638807
1756482740217080064.000000 0.570650160 1.165319443 0.010094542 -0.564664781 0.422962934 -0.422897041 0.568695188
1756482740750351360.000000 0.578109741 1.153306365 0.010630485 -0.525765359 0.471812695 -0.471422702 0.527943373
1756482741283629568.000000 0.586179137 1.137873888 0.010191500 0.482733727 -0.516275287 0.516251326 -0.483645052
1756482741816921600.000000 0.588774145 1.124251604 0.012330407 0.436454445 -0.556969166 0.558124542 -0.433347344
1756482742350221312.000000 0.619886398 1.093696237 0.011783516 0.382864505 -0.593296766 0.596712589 -0.381245226
1756482742916857088.000000 0.632029057 1.077291489 0.014013724 0.336041659 -0.623393834 0.623957455 -0.330353230
1756482743483481088.000000 0.627022684 1.059902430 0.014034053 0.274368107 -0.652803481 0.653029323 -0.268556267
1756482744050126336.000000 0.620063305 1.044444203 0.008859525 0.213505939 -0.675626457 0.674914002 -0.205998376
1756482744583424256.000000 0.608716726 1.032412052 0.005923588 0.154920205 -0.690130889 0.691378295 -0.147361070
1756482745116727808.000000 0.598586917 1.018399239 0.003824765 0.092565909 -0.701215982 0.701886117 -0.084163994
1756482745683351552.000000 0.595003843 0.979581058 0.004798342 -0.058407106 0.698196828 -0.711638510 0.051773619
1756482746249981184.000000 0.590865314 0.918025136 0.004061894 -0.020603305 0.704044163 -0.709751666 0.012248914
1756482746783272960.000000 0.591145396 0.865607262 0.003365738 -0.022868374 0.703839600 -0.709832013 0.015013620
1756482747316560896.000000 0.593156576 0.818478227 0.005290709 -0.022379218 0.698522508 -0.715090156 0.014544952
1756482747849849856.000000 0.595086575 0.763248205 0.003328294 -0.022251526 0.702599943 -0.711091220 0.014403461
1756482748383130368.000000 0.597279072 0.708893180 0.002325403 -0.022496562 0.704489648 -0.709253788 0.012139861
1756482748883595776.000000 0.598169863 0.660994709 0.001877831 -0.021929245 0.702843010 -0.710879505 0.013458492
1756482749417761536.000000 0.599843264 0.607718587 0.001049858 -0.022003172 0.703195751 -0.710549533 0.012282257
1756482749918122496.000000 0.599802911 0.555847824 0.001197740 0.021768449 -0.704650521 0.709090412 -0.013591425
1756482750951848704.000000 0.594695032 0.456650734 0.001796139 -0.008740703 0.699310124 -0.714764953 -0.000379115
1756482751451962112.000000 0.592661977 0.405408949 0.001846183 -0.007068301 0.702032268 -0.712110043 -0.000336459
1756482751985446400.000000 0.591060460 0.351037681 0.002186745 -0.006550993 0.701874793 -0.712269187 -0.001272201
1756482752485597440.000000 0.590901673 0.301482946 0.002820188 -0.006065599 0.703687906 -0.710480690 -0.001927632
1756482752985716992.000000 0.590113223 0.252218455 0.002896117 -0.006224344 0.703077853 -0.711085260 0.000809970
1756482753485834240.000000 0.588978469 0.201652959 0.002840636 0.006050774 -0.705423236 0.708760500 0.000086518
1756482753985947648.000000 0.586965799 0.151926786 0.002140047 -0.005341577 0.704411387 -0.709771276 -0.000902920
1756482754519399936.000000 0.586193204 0.102269083 0.002333201 -0.005840820 0.700149655 -0.713972151 -0.000491258
1756482756053067008.000000 0.584534049 -0.052195035 0.000153245 0.018103529 -0.705704391 0.708192766 -0.010799002
1756482756586524416.000000 0.604479730 -0.094614945 0.000089493 0.081666559 -0.704822600 0.700777531 -0.073936425
1756482756919936768.000000 0.612089992 -0.098248601 0.000661170 0.113619559 -0.698585451 0.698397517 -0.106348157
1756482757420053504.000000 0.621913970 -0.088526040 0.001426267 0.168961778 -0.685745597 0.688710213 -0.163961112
1756482757920178688.000000 0.656217992 -0.114807099 0.000427196 0.229894370 -0.671214759 0.668509901 -0.222966179
1756482758420307712.000000 0.658874154 -0.098176003 0.000475388 -0.278610766 0.647375643 -0.653081119 0.277066767
1756482758920433152.000000 0.662440121 -0.083646901 0.000398396 0.331212729 -0.622966588 0.627131045 -0.330026478
1756482759453900032.000000 0.661831737 -0.065214738 0.000093991 0.384691626 -0.591465712 0.594835103 -0.385164827
1756482759954025984.000000 0.659654498 -0.051096544 -0.000098238 0.430441946 -0.558177114 0.561082363 -0.433987081
1756482760454152704.000000 0.657392323 -0.039173063 -0.002650866 0.474158734 -0.521816373 0.523367047 -0.478506207
1756482760954281216.000000 0.652109504 -0.026434362 -0.003797621 -0.515848339 0.479869813 -0.480924785 0.521858990
1756482761487753984.000000 0.643967867 -0.014239947 -0.003875157 -0.556582987 0.431730539 -0.432118535 0.563114226
1756482762054564096.000000 0.629049003 -0.004411570 -0.002500650 -0.593706727 0.375714391 -0.377371222 0.603276193
1756482762588032768.000000 0.614217281 0.000563249 -0.002737843 -0.624590755 0.321717054 -0.323847741 0.633645892
1756482763121501952.000000 0.596253932 0.008440882 -0.000274593 -0.646514237 0.263294667 -0.266987264 0.664389312
1756482763654972160.000000 0.614441454 0.051339440 0.000588111 -0.671053171 0.200265110 -0.200314686 0.685168266
1756482764155107072.000000 0.622162700 0.099114314 0.000332708 -0.687524915 0.145345598 -0.141657263 0.697221279
1756482764655488768.000000 0.620769620 0.137006432 0.001620764 -0.693640411 0.086289920 -0.088270806 0.709665656
1756482765190288384.000000 0.623611331 0.185518235 0.002580764 -0.696930707 0.060134530 -0.061000448 0.712004542
1756482765691351040.000000 0.633192420 0.235102355 0.001883965 -0.698428154 0.061904702 -0.062509589 0.710252464
1756482766291325440.000000 0.633657634 0.289086014 0.003279786 -0.699159443 0.038685411 -0.040478900 0.712770045
1756482766391319040.000000 0.634882212 0.300552994 0.002701025 -0.699603796 0.038606063 -0.040950958 0.712311089
1756482766957973248.000000 0.641361475 0.353575140 0.002866717 -0.699130595 0.038770277 -0.041706815 0.712722838
1756482767491289088.000000 0.646213531 0.410579115 0.001012751 -0.702676535 0.036465578 -0.039849252 0.709456146
1756482767991290368.000000 0.652025819 0.454834729 0.000760776 -0.699703157 0.037723530 -0.040641550 0.712278605
1756482768591282688.000000 0.650034249 0.514058352 0.001985330 -0.702278912 0.014027002 -0.014843741 0.711608946
1756482769124662528.000000 0.651103675 0.563742340 0.002045472 -0.701007009 0.013211604 -0.015232923 0.712869346
1756482769658021376.000000 0.653662622 0.614248037 0.001224180 -0.701330543 0.012467158 -0.013924414 0.712591171
1756482770224660992.000000 0.655877829 0.669978499 0.003381426 -0.700550735 0.012940636 -0.014043486 0.713347077
1756482770757971968.000000 0.657889068 0.722826600 0.003552452 -0.701704621 0.013179257 -0.015178944 0.712184429
1756482771291303424.000000 0.660371602 0.775334418 0.004032861 -0.700924397 0.013887650 -0.014685635 0.712949216
1756482771824625920.000000 0.661923707 0.829990447 0.002967196 -0.702398360 0.012909088 -0.016165599 0.711483359
1756482772357938176.000000 0.663192332 0.880299985 0.004312645 -0.702348948 0.012988022 -0.014865811 0.711559057
1756482772924588800.000000 0.664022923 0.935418606 0.005017577 -0.702504754 0.014079903 -0.017022345 0.711336195
1756482773457900288.000000 0.665897965 0.988320529 0.004230661 -0.703836799 0.014072836 -0.017770797 0.709999919
1756482773991240448.000000 0.667391121 1.040609121 0.004877850 -0.701776922 0.015655460 -0.019266857 0.711964071
1756482774524574208.000000 0.669822216 1.090403318 0.005285851 -0.700839698 0.014237895 -0.015968926 0.712997913
1756482775024583168.000000 0.671526253 1.140092969 0.004572527 -0.701458573 0.013983113 -0.016330365 0.712385952
1756482775557911808.000000 0.673760355 1.191182733 0.004869364 -0.700239837 0.013046989 -0.015587837 0.713618219
1756482776057921280.000000 0.674355090 1.238376498 0.005370542 -0.700385332 0.009925481 -0.011707879 0.713599920
1756482776591248640.000000 0.675278366 1.288037181 0.005748028 -0.700027823 0.008864659 -0.012316596 0.713954329
1756482777124577536.000000 0.677015364 1.338888526 0.005225505 -0.700667083 0.011004119 -0.014352585 0.713259101
1756482777657896960.000000 0.691149354 1.342408299 0.006769844 -0.696160555 0.069006726 -0.072100252 0.710915029
1756482778224564224.000000 0.708560884 1.345950842 0.006899775 -0.686929464 0.137118906 -0.140739784 0.699656069
1756482778791224832.000000 0.745746970 1.376454711 0.008105055 -0.668344080 0.203678861 -0.208172157 0.684467375
1756482779324553216.000000 0.772095799 1.390069723 0.007476783 -0.652001917 0.256582499 -0.260157824 0.664362013
1756482779857882624.000000 0.788654685 1.381866574 0.008561232 -0.627665460 0.313212246 -0.316118598 0.638751388
1756482780391209472.000000 0.829170823 1.386636496 0.008258838 -0.600138724 0.369937241 -0.371027201 0.604416192
1756482780891659008.000000 0.834685802 1.374611855 0.008803263 -0.567091644 0.415593594 -0.417590618 0.575592875
1756482781425820416.000000 0.846388698 1.362146020 0.006947216 -0.528558433 0.464753389 -0.466720521 0.535539269
1756482781926118912.000000 0.853143871 1.345787883 0.009340970 0.488466531 -0.507173479 0.509293497 -0.494768292
1756482782459561216.000000 0.857317686 1.332112908 0.007474231 0.442366332 -0.549414277 0.550923944 -0.446025550
1756482782993016832.000000 0.856029332 1.316565633 0.008051932 0.390549451 -0.587361038 0.588902771 -0.394552529
1756482783493134592.000000 0.853141367 1.303924203 0.008772554 0.341404766 -0.617485881 0.619762242 -0.343582362
1756482784026594048.000000 0.849914849 1.287247539 0.008573413 0.287543088 -0.645282626 0.647210419 -0.286440283
1756482784560052992.000000 0.843949020 1.272108078 0.009414025 0.229087129 -0.669575036 0.669308007 -0.226307660
1756482785093537024.000000 0.849785984 1.227025747 0.007039368 0.164296716 -0.686851144 0.689526558 -0.160608873
1756482785627019776.000000 0.860255837 1.171256781 0.007669333 0.124325015 -0.694603145 0.698246956 -0.120503485
1756482786160463872.000000 0.872036755 1.117047787 0.009989779 0.100154117 -0.699742556 0.701134622 -0.093486980
1756482786660568576.000000 0.875935733 1.063749194 0.006936966 0.077779450 -0.701360106 0.704776287 -0.073039442
1756482787160684544.000000 0.877151608 1.010436893 0.005787155 -0.042401925 0.701741397 -0.710236430 0.036404818
1756482787694139392.000000 0.877190351 0.954081833 0.003911452 -0.031956311 0.703007340 -0.710031629 0.024791416
1756482788260930048.000000 0.880700707 0.899414659 0.003890688 -0.031812392 0.702977061 -0.710097134 0.023945181
1756482788794376448.000000 0.882131636 0.847041011 0.003619181 -0.032559458 0.702706754 -0.710264266 0.025842587
1756482789327818496.000000 0.884359181 0.793035090 0.003139673 0.031517971 -0.704299927 0.708763778 -0.024945561
1756482789827923968.000000 0.886568904 0.745771766 0.002564240 -0.030893994 0.702296436 -0.710823298 0.023571555
1756482790328033280.000000 0.890224457 0.695363104 0.002733828 -0.030877758 0.703444064 -0.709705174 0.023057560
1756482790694784000.000000 0.891330063 0.659157813 0.002610333 0.030728843 -0.704708517 0.708434105 -0.023725387
1756482791228244736.000000 0.894443989 0.605995238 0.001702026 0.030866671 -0.705025852 0.708199620 -0.020956952
1756482791761707776.000000 0.895853162 0.553445995 0.001737177 -0.030857032 0.703728795 -0.709456623 0.022021392
1756482792295172864.000000 0.896589398 0.500904202 0.000737946 -0.029754145 0.702852905 -0.710356116 0.022509579
1756482792795287808.000000 0.897433937 0.451329350 0.000481734 -0.028890967 0.703084528 -0.710164130 0.022461202
1756482793295390464.000000 0.899430752 0.403481483 -0.000774670 -0.026650585 0.700253129 -0.713108838 0.020278184
1756482793795505408.000000 0.901098132 0.351160735 -0.000909084 -0.026420772 0.700764835 -0.712559521 0.022128865
1756482794328978432.000000 0.905134380 0.297502398 -0.000100166 -0.026878223 0.702353656 -0.711010098 0.021014929
1756482794862442240.000000 0.906346142 0.244865701 0.000456415 -0.027488047 0.701873362 -0.711470187 0.020697789
1756482795395896320.000000 0.906574428 0.190451130 0.000596397 -0.027276674 0.703962982 -0.709386528 0.021516535
1756482795896003328.000000 0.907022953 0.139290124 -0.000435920 0.026236244 -0.706326604 0.707110405 -0.020229623
1756482796429445888.000000 0.908555865 0.087097175 -0.000746509 0.025986440 -0.704559088 0.708888352 -0.019963199
1756482796929573888.000000 0.909754455 0.036604382 -0.001648361 0.026646437 -0.705264866 0.708183706 -0.019165583
1756482797429711872.000000 0.911133111 -0.011273572 -0.001333274 -0.027905624 0.702698410 -0.710658371 0.020023512
1756482797929829120.000000 0.912040651 -0.059597515 -0.000859421 -0.027544333 0.702474535 -0.710895538 0.019962192
1756482798429935872.000000 0.913188636 -0.110834718 -0.001821298 -0.026885368 0.704241753 -0.709179223 0.019636540
1756482798963401728.000000 0.919598162 -0.133014411 -0.001569400 -0.052305583 0.701592028 -0.709279358 0.044223100
1756482799463533056.000000 0.931412399 -0.123257816 -0.001626538 -0.108117417 0.694739580 -0.703995705 0.100187823
1756482799963650304.000000 0.949731290 -0.123563662 -0.001792539 -0.168398410 0.683247089 -0.691726148 0.162266165
1756482800297058304.000000 0.971779823 -0.144082651 -0.003740303 -0.206354722 0.673708916 -0.680721045 0.200382009
1756482800630467840.000000 0.979459524 -0.142201126 -0.003993159 -0.237545222 0.661539912 -0.671345472 0.235016093
1756482800830517760.000000 0.982200384 -0.137189925 -0.003681170 -0.258686602 0.654932380 -0.662220180 0.256143123
1756482801063908608.000000 0.983815610 -0.130544960 -0.003121302 -0.283657104 0.644797087 -0.651199400 0.282338083
1756482801330642432.000000 0.986471772 -0.122465298 -0.000993300 0.311530620 -0.632857740 0.636907578 -0.311108440
1756482801764087040.000000 0.988645315 -0.108073957 0.000633534 0.356983989 -0.608631849 0.612285435 -0.356702030
1756482802230877184.000000 0.987466156 -0.093759052 0.001309685 -0.400606900 0.579296887 -0.584446907 0.402928054
1756482802731009024.000000 0.980618060 -0.079531096 0.002889242 -0.446691304 0.542933762 -0.549492836 0.451384038
1756482803231137280.000000 0.977835894 -0.065898754 0.000503263 -0.490138173 0.504907787 -0.509749889 0.494962394
1756482803731265024.000000 0.970342755 -0.053506281 -0.002473023 -0.530071735 0.462719738 -0.466914952 0.535635054
1756482804231389696.000000 0.961576462 -0.040461585 -0.005494514 -0.565401196 0.416700363 -0.422139138 0.573132515
1756482804798202112.000000 0.947624683 -0.029070668 -0.006950708 -0.602118373 0.361305445 -0.367079645 0.610052764
1756482805331678208.000000 0.927891076 -0.028521921 -0.009787125 -0.630582988 0.305237859 -0.311826319 0.641840577
1756482805831800576.000000 0.915906489 -0.017278887 -0.006409911 -0.655321956 0.251835704 -0.256596118 0.664296925
1756482806331910400.000000 0.903812945 0.003118157 -0.003843046 -0.676181138 0.192365974 -0.196803495 0.683405340
1756482806865359104.000000 0.912784755 0.045157410 -0.001179316 -0.689161718 0.131659269 -0.134343490 0.699766994
1756482807365465088.000000 0.910557330 0.082895823 0.001286307 -0.697956026 0.072930388 -0.075177357 0.708439887
1756482807865574144.000000 0.917491555 0.126084223 0.000949231 -0.696499050 0.062148266 -0.066147164 0.711794436
1756482808399026176.000000 0.913505852 0.170067713 0.003137219 -0.697517574 0.014839431 -0.019657088 0.716144323
1756482808932480768.000000 0.915533304 0.224976122 0.001449024 -0.701047361 0.014250045 -0.016144020 0.712789595
1756482809432593920.000000 0.915480077 0.271805137 0.002911426 -0.699456215 0.013774705 -0.017058566 0.714339137
1756482809966048000.000000 0.919184864 0.322636366 0.003754753 -0.700250685 0.012224425 -0.016079385 0.713611245
1756482810466161408.000000 0.918484509 0.375697374 0.001311362 -0.702655613 0.011711487 -0.013158747 0.711312056
1756482810966268672.000000 0.920712948 0.424742043 0.001722362 -0.702702224 0.012151166 -0.015631005 0.711208642
1756482811466373120.000000 0.922829509 0.474995077 0.001363046 -0.702540576 0.011149297 -0.013203605 0.711433828
1756482811999823104.000000 0.921114206 0.518832624 0.004282184 -0.702413857 -0.003001834 0.000003005 0.711762428
1756482812533271296.000000 0.917798579 0.574149787 0.002369501 -0.701349735 -0.003065498 -0.001075730 0.712810040
1756482813566900480.000000 0.918071210 0.672045767 0.003875829 -0.700814784 -0.003961141 0.001221309 0.713331282
1756482814100356608.000000 0.917326748 0.724298656 0.004137869 -0.699562371 -0.006338098 0.003698713 0.714533925
1756482814167038976.000000 0.917478025 0.731852412 0.004076464 -0.700727940 -0.006290012 0.004469587 0.713386893
1756482815767406080.000000 0.901339769 0.886553764 0.004622051 -0.699897885 -0.027747134 0.024931148 0.713268220
1756482816267515904.000000 0.896816492 0.935884237 0.004072978 -0.700572312 -0.030036168 0.028460968 0.712380707
1756482816767628288.000000 0.895849586 0.985748887 0.004495773 -0.700214028 -0.018905040 0.016671741 0.713487923
1756482817267745024.000000 0.892466784 1.033546209 0.005532759 -0.699519932 -0.020140082 0.016421275 0.714140534
1756482818434704896.000000 0.885591567 1.151891828 0.005165755 -0.701454401 -0.020792840 0.017179267 0.712203920
1756482820002773760.000000 0.877272725 1.305163860 0.006388230 -0.699327707 -0.020367730 0.017343761 0.714300454
1756482821104477696.000000 0.880435407 1.386685133 0.007521192 -0.698308587 0.007938666 -0.010887850 0.715669990
1756482821637806080.000000 0.895458877 1.394881368 0.007057792 -0.696759701 0.070628576 -0.074744679 0.709894896
1756482822137823744.000000 0.911366284 1.397248507 0.007254784 -0.688718915 0.128168657 -0.132204220 0.701256812
1756482822671162880.000000 0.928653121 1.399033427 0.007214479 -0.675428689 0.188082099 -0.192702651 0.686503410
1756482823204488448.000000 0.944246054 1.396012187 0.006751664 -0.655119956 0.247744650 -0.252208084 0.667706192
1756482823804472320.000000 0.959878206 1.388941050 0.007727250 -0.627749681 0.313791662 -0.317497134 0.637699604
1756482824337793280.000000 0.972035766 1.379802704 0.007922299 -0.597491562 0.367887467 -0.371851712 0.607773721
1756482824904449792.000000 0.986529648 1.365316868 0.008893855 -0.562066793 0.423055381 -0.424897939 0.569707692
1756482825471103744.000000 1.022454858 1.352287650 0.007988390 -0.518581569 0.478067309 -0.477975428 0.523511648
1756482826004424448.000000 1.077446938 1.335482717 0.009484217 0.474568039 -0.519492626 0.522917926 -0.481112748
1756482826604393984.000000 1.099318385 1.316293836 0.010148788 0.426760226 -0.562086344 0.563171625 -0.429851621
1756482827171053824.000000 1.099663615 1.299117208 0.010372017 0.371187836 -0.599431694 0.602499366 -0.374026626
1756482827737707776.000000 1.098321080 1.283906937 0.010609334 0.311911523 -0.633205652 0.634912789 -0.314081997
1756482828271054080.000000 1.095992684 1.269382358 0.010659076 0.255060077 -0.658697486 0.660274088 -0.255147487
1756482828837724160.000000 1.083348632 1.256865025 0.011654582 0.192329884 -0.680170596 0.680979192 -0.191427514
1756482829404385280.000000 1.066604614 1.241048694 0.010834575 0.129219547 -0.695576489 0.695160329 -0.127388507
1756482829937709824.000000 1.054966688 1.230632782 0.010318151 0.067285404 -0.703692794 0.704536796 -0.062586844
1756482830471025408.000000 1.051401854 1.186064839 0.008509086 0.034575876 -0.705928445 0.706828833 -0.029371092
1756482831071015936.000000 1.054678798 1.129156709 0.008214662 -0.036038861 0.703979790 -0.708563507 0.032427490
1756482831604328960.000000 1.058121085 1.075256944 0.007319156 0.035691958 -0.705962837 0.706599414 -0.032555331
1756482832137639936.000000 1.060699105 1.023890972 0.006815003 0.035757717 -0.704446733 0.708034694 -0.034104411
1756482832704275456.000000 1.068547249 0.970183134 0.005783042 0.047246877 -0.703688681 0.707436264 -0.046086345
1756482833204275712.000000 1.068879366 0.919737399 0.005800555 0.035643440 -0.704013646 0.708488286 -0.033744622
1756482833770931968.000000 1.072763801 0.862446904 0.003630541 0.035681181 -0.704949021 0.707664907 -0.031370398
1756482834304250624.000000 1.076364756 0.809690475 0.004002281 0.037285462 -0.704022646 0.708420694 -0.033196833
1756482834837570048.000000 1.080242038 0.755278587 0.002315585 0.036678776 -0.705817163 0.706782341 -0.030587571
1756482835437556480.000000 1.085196495 0.698939383 0.002565429 -0.036747605 0.702620387 -0.709913671 0.031571493
1756482836004780800.000000 1.089913130 0.640755296 -0.000048144 0.038428776 -0.705049634 0.707365930 -0.032582715
1756482836538963200.000000 1.092515707 0.588400662 0.000388185 -0.037949588 0.703722060 -0.708706260 0.032718495
1756482837039152896.000000 1.097358584 0.538984954 -0.001419127 -0.038380928 0.702402890 -0.709991395 0.032701317
1756482837605933056.000000 1.101735115 0.483447134 -0.000998382 -0.037866600 0.702804327 -0.709682584 0.031349637
1756482838106064896.000000 1.099977255 0.432205379 -0.000675440 -0.025356043 0.700330496 -0.713129222 0.018469620
1756482838639538944.000000 1.103206158 0.378571868 -0.000759667 -0.027542872 0.702199996 -0.711193025 0.019004475
1756482839139648768.000000 1.104824543 0.329135150 -0.000771483 -0.028684366 0.702082336 -0.711179137 0.021952782
1756482839673097472.000000 1.107265472 0.276245683 -0.000086540 -0.029843232 0.702594757 -0.710592330 0.022990040
1756482840206548480.000000 1.109070420 0.222213358 -0.000264242 0.028567676 -0.704613268 0.708679855 -0.021841517
1756482840773342720.000000 1.111739874 0.164402604 -0.000987051 0.029242739 -0.706444800 0.706795573 -0.022817433
1756482841306803456.000000 1.112829685 0.112309188 -0.000609115 0.028037064 -0.705995083 0.707283974 -0.023114476
1756482841840263424.000000 1.114281416 0.060408760 -0.000573855 0.028666358 -0.705374002 0.707788587 -0.025710840
1756482841906944768.000000 1.114487290 0.054890119 -0.000370447 -0.028357396 0.704362929 -0.708839417 0.024808353
1756482842407062272.000000 1.121453643 0.005674720 -0.000344660 0.044977732 -0.705138147 0.706353009 -0.042692967
1756482842907185920.000000 1.142914653 -0.030528126 -0.000197509 0.106013432 -0.697196543 0.701322436 -0.104043037
1756482843440656384.000000 1.154709458 -0.027327275 -0.000149231 0.161165625 -0.686951458 0.689982653 -0.161391988
1756482843974131968.000000 1.164191008 -0.013819476 0.000625597 -0.216090038 0.666400015 -0.678842366 0.219975606
1756482844507611392.000000 1.184657812 -0.071584404 -0.000352027 -0.167688861 0.682717323 -0.690587580 0.169901073
1756482845007741696.000000 1.199777126 -0.076388374 -0.001731044 -0.216415867 0.669116259 -0.676242650 0.219416395
1756482845507872000.000000 1.209342718 -0.065656647 -0.000811027 -0.271300077 0.642351747 -0.660450459 0.278542310
1756482846007992576.000000 1.228467107 -0.066778332 -0.000912741 -0.319622666 0.624797523 -0.635004878 0.322859466
1756482846574792704.000000 1.230895400 -0.048522767 -0.000469675 -0.375806063 0.593307018 -0.602219462 0.379589707
1756482847074912512.000000 1.230769396 -0.032594841 0.001005758 -0.423157483 0.553205669 -0.571060061 0.434501767
1756482847575033088.000000 1.272515416 -0.029897638 -0.000583468 0.474748105 -0.523797691 0.525600255 -0.473280698
1756482848076286464.000000 1.262756467 -0.019915182 -0.001659248 -0.509928405 0.481283665 -0.490134060 0.517791152
1756482848611171328.000000 1.251746774 -0.008334626 -0.003172070 -0.551992118 0.432408869 -0.441297799 0.559985399
1756482849145383424.000000 1.235654116 0.004046012 -0.002867600 -0.587519407 0.380199283 -0.390530795 0.598126411
1756482849679683072.000000 1.217282772 0.011348294 -0.003625396 -0.619854152 0.328014106 -0.336945593 0.628216028
1756482850212919296.000000 1.202906132 0.021769900 -0.004445715 -0.646378160 0.270042121 -0.280145586 0.656346798
1756482850779458560.000000 1.186871529 0.028082190 -0.003510475 -0.668500602 0.205619678 -0.217477515 0.680831254
1756482851345997312.000000 1.188901544 0.065583244 0.000648038 -0.685427964 0.138469964 -0.147282317 0.699515998
1756482851879215360.000000 1.188869238 0.112082675 0.001086165 -0.695201337 0.077460684 -0.085275009 0.709523201
1756482852412457728.000000 1.186313629 0.157654166 0.002073341 -0.698370457 0.045770947 -0.052802823 0.712317169
1756482852979008000.000000 1.180366635 0.206126273 0.001204700 -0.699682474 -0.000207742 -0.005076970 0.714435935
1756482853512208384.000000 1.181884170 0.258797944 0.001195150 -0.702249825 0.001786738 -0.007073482 0.711893260
1756482854045441024.000000 1.184113264 0.312111527 -0.000131342 -0.702870369 0.001414845 -0.005299265 0.711296856
1756482854611994624.000000 1.184162498 0.369375587 -0.000257126 -0.702519238 0.003514202 -0.006109111 0.711629868
1756482855145219584.000000 1.183923364 0.421188474 0.000277961 -0.702439606 0.003127409 -0.007663060 0.711695254
1756482855678416896.000000 1.185048580 0.471921057 0.000810278 -0.701956868 0.000735821 -0.006099711 0.712193012
1756482856211650048.000000 1.186102509 0.523967028 0.001555895 -0.702255249 0.001240471 -0.005214361 0.711905181
1756482856744863232.000000 1.186357856 0.576986551 0.001288542 -0.700850844 0.000641181 -0.005462403 0.713286698
1756482857278099456.000000 1.186886549 0.628000081 0.002853772 -0.699697375 0.000479468 -0.005415147 0.714418709
1756482857844653568.000000 1.186767101 0.682873547 0.002042763 -0.699390769 -0.001680233 -0.003251989 0.714730203
1756482858377893376.000000 1.187416315 0.736495495 0.000989181 -0.699713409 -0.001784858 -0.003883110 0.714410901
1756482858977785344.000000 1.186402559 0.793284118 0.001580996 -0.699009001 -0.003956892 -0.002285546 0.715098321
1756482859544341248.000000 1.186625242 0.850257874 0.002613629 -0.698218107 -0.003138151 -0.001633178 0.715876400
1756482860077585664.000000 1.185426116 0.903111100 0.002424994 -0.699600399 -0.004623382 -0.001889530 0.714516878
1756482860644139264.000000 1.185879707 0.960166097 0.003133705 -0.701038957 -0.004178915 -0.002334155 0.713106930
1756482861210710528.000000 1.184545517 1.014653802 0.004425876 -0.699694514 -0.004782441 -0.001947206 0.714423537
1756482861743931136.000000 1.183411956 1.065979123 0.004654659 -0.698456228 -0.005540111 -0.000585421 0.715631127
1756482862277152768.000000 1.183526397 1.119539022 0.004265584 -0.700032234 -0.005114243 -0.001302587 0.714091718
1756482862810365440.000000 1.182824254 1.171715736 0.005294085 -0.699208975 -0.005766326 -0.000982706 0.714893460
1756482863343608320.000000 1.181715369 1.225588083 0.005509266 -0.701070845 -0.005752123 -0.001871534 0.713065982
1756482863843752960.000000 1.181402326 1.274983883 0.005375756 -0.700935423 -0.006507799 -0.001275877 0.713194013
1756482864411164160.000000 1.181195259 1.328795314 0.005910172 -0.699013472 -0.006312609 -0.001077304 0.715079904
1756482864978528768.000000 1.193871379 1.342332244 0.006520903 -0.697009742 0.042388640 -0.049332511 0.714105725
1756482865479113984.000000 1.210054159 1.348971248 0.006532980 -0.693271637 0.100743249 -0.108652830 0.705279946
1756482865979435776.000000 1.224732995 1.347152472 0.008645946 -0.681867898 0.159234762 -0.166424707 0.694264591
1756482866512916992.000000 1.243082285 1.347109199 0.008750744 -0.665709376 0.218629077 -0.226164058 0.676669955
1756482867146401536.000000 1.261409163 1.342333436 0.008048136 -0.638947546 0.286905974 -0.296051532 0.649449468
1756482867679853312.000000 1.316109896 1.359125018 0.007513547 -0.608271420 0.344836742 -0.353405118 0.621448636
1756482868213318912.000000 1.377580523 1.371660113 0.006419783 -0.577948809 0.401633263 -0.406204134 0.582807183
1756482868713442304.000000 1.382906556 1.360632062 0.006794009 -0.544368207 0.441832423 -0.449864507 0.553235412
1756482869280239616.000000 1.393557549 1.345109820 0.006637940 -0.500669777 0.492183179 -0.498441070 0.508568585
1756482869780354304.000000 1.400373220 1.330636621 0.005495774 -0.459000736 0.532601178 -0.538069904 0.464903355
1756482870280470784.000000 1.415854216 1.309355021 0.006332003 -0.410611302 0.566851377 -0.577243924 0.420556098
1756482870813931264.000000 1.469250679 1.274343371 0.003699437 -0.358518928 0.604129791 -0.611180782 0.364622414
1756482871347400704.000000 1.508610129 1.229853630 0.002678977 -0.304155916 0.632993162 -0.641412914 0.308866292
1756482871880863232.000000 1.539534211 1.184147477 0.002433576 -0.249538466 0.655521929 -0.666765392 0.251884103
1756482872414315520.000000 1.548362851 1.144884348 0.003144963 0.191547602 -0.681495607 0.680929005 -0.187640741
1756482872914436352.000000 1.534104347 1.134849668 0.003632102 -0.137452260 0.690393269 -0.697109997 0.136020869
1756482873414568704.000000 1.521504879 1.122004867 0.006094700 -0.078604944 0.698841453 -0.706687808 0.077681109
1756482873981370112.000000 1.513388276 1.056234002 0.008042432 0.025154613 -0.706691742 0.706691265 -0.023269501
1756482874548159488.000000 1.522272944 1.005066037 0.006088328 0.061744742 -0.702840090 0.706146061 -0.059675720
1756482875048284160.000000 1.529302597 0.956222236 0.006253207 0.062191498 -0.702906787 0.705955148 -0.060677242
1756482875548413696.000000 1.531992555 0.903847635 0.004581304 0.049753089 -0.704457641 0.706404030 -0.047513448
1756482876048542208.000000 1.537238002 0.856801212 0.004720669 -0.050835788 0.702798128 -0.707882106 0.048922945
1756482876548669696.000000 1.542285085 0.806186140 0.003760595 0.049856231 -0.704044402 0.706720352 -0.048807226
1756482877082142208.000000 1.548352361 0.752655804 0.001908651 0.050867599 -0.703574657 0.707149506 -0.048319098
1756482877582274048.000000 1.554333329 0.703132749 0.000608690 0.050329994 -0.703901768 0.706782699 -0.049471352
1756482878082393600.000000 1.559609294 0.655137718 0.001634633 -0.047965415 0.701208830 -0.709721148 0.047973499
1756482878582510080.000000 1.566038132 0.603388369 -0.000286419 -0.048888989 0.703020334 -0.707817674 0.048645470
1756482879115976704.000000 1.569799304 0.553588986 -0.000901645 -0.048712425 0.700629830 -0.710262239 0.047671959
1756482879649445888.000000 1.574978232 0.500201285 -0.000835503 -0.038964938 0.700700879 -0.711418331 0.037201483
1756482880182913024.000000 1.576540828 0.446544737 -0.004040761 -0.036909223 0.699517667 -0.712796926 0.035119161
1756482880716379904.000000 1.570979238 0.390632540 -0.002150558 -0.013863233 0.700974762 -0.712903380 0.014527177
1756482881216506368.000000 1.573055863 0.340880573 -0.002377644 -0.013861467 0.701900065 -0.712027848 0.012668896
1756482881716633088.000000 1.573806047 0.291853845 -0.002029257 -0.014542867 0.701877952 -0.712012470 0.013935087
1756482882216762368.000000 1.575662971 0.238991857 -0.002458351 0.014878702 -0.705469549 0.708472431 -0.012581494
1756482882716892160.000000 1.576291680 0.187876880 -0.002678121 0.013503010 -0.706417024 0.707596064 -0.010027459
1756482883217020160.000000 1.586573362 0.143324718 -0.002182186 0.039178278 -0.704097092 0.708088815 -0.036368031
1756482883717147392.000000 1.589753032 0.095601253 -0.001160031 -0.038960829 0.701976180 -0.710214913 0.036144100
1756482884217261312.000000 1.585304618 0.043703947 -0.000880200 -0.013846966 0.702140868 -0.711808264 0.011645313
1756482884750716672.000000 1.585517645 -0.006744577 -0.000271469 -0.013464091 0.699799836 -0.714107931 0.012200669
1756482885250841600.000000 1.585896373 -0.058979273 0.000066286 -0.012693343 0.702837706 -0.711123645 0.012698934
1756482885784306176.000000 1.587365389 -0.112704277 -0.000078330 -0.013713156 0.703871548 -0.710061073 0.013791519
1756482886317761536.000000 1.588053823 -0.166327283 -0.000570044 0.012059679 -0.705028713 0.708963692 -0.012635450
1756482886817878528.000000 1.596687794 -0.172102228 -0.000470564 -0.050829638 0.702158928 -0.708320141 0.051689699
1756482886851220224.000000 1.597565055 -0.171294868 -0.000575380 -0.055048220 0.701644421 -0.708203495 0.055791069
1756482887351344640.000000 1.609814882 -0.159712285 -0.000368752 -0.113996692 0.694203317 -0.701016724 0.116884708
1756482887884811008.000000 1.619882584 -0.144420773 -0.000015521 -0.174660206 0.679773927 -0.689364851 0.179380372
1756482888318252032.000000 1.645605326 -0.158620521 -0.000533771 -0.226738006 0.666114569 -0.672678351 0.228878066
1756482888751692032.000000 1.666727185 -0.166398898 0.000151888 -0.269622266 0.647853315 -0.657409787 0.274595022
1756482889218467584.000000 1.667753339 -0.151565462 0.001113191 -0.317881614 0.624314070 -0.635185659 0.325149745
1756482889718583296.000000 1.669542789 -0.137412533 0.001084009 -0.370177478 0.594878197 -0.605422139 0.377561480
1756482890252026880.000000 1.665377140 -0.119331770 0.001022656 -0.421939045 0.557098150 -0.570331812 0.431660563
1756482890785469440.000000 1.660245538 -0.103875123 0.000713777 -0.469277084 0.517215669 -0.530881763 0.480032951
1756482891218900992.000000 1.674632192 -0.090884261 0.002604406 -0.509152532 0.479287177 -0.491584331 0.519030273
1756482891719013376.000000 1.706070542 -0.075254358 -0.002809109 -0.548413932 0.437298656 -0.447438717 0.554806948
1756482892219127552.000000 1.693632126 -0.067312695 0.000201860 -0.581135154 0.389992952 -0.401684195 0.590624511
1756482892752583936.000000 1.677020907 -0.059443507 0.001602823 -0.614837348 0.337851107 -0.346191198 0.622883141
1756482893252710912.000000 1.658963203 -0.054367580 0.001078137 -0.639327228 0.284539193 -0.294127345 0.650989473
1756482893752838144.000000 1.653822780 -0.046362408 0.006260453 -0.664225876 0.227598101 -0.233800203 0.672562718
1756482894286302976.000000 1.630248785 -0.044450656 0.006695339 -0.680546939 0.167766735 -0.175656170 0.691270649
1756482894819763712.000000 1.599650502 -0.046101019 0.002073684 -0.691960573 0.105549768 -0.115695886 0.704744101
1756482895319874304.000000 1.585174561 -0.024476854 0.000629146 -0.700517535 0.044501986 -0.054281414 0.710174918
1756482895819988736.000000 1.577137947 0.017779671 0.001242419 -0.700627685 0.016115455 -0.025080020 0.712904036
1756482896353457152.000000 1.581977844 0.072267547 0.001580567 -0.701929748 0.017394954 -0.025909189 0.711562216
1756482897387051776.000000 1.575218797 0.169172734 0.001335102 -0.701115310 -0.006766743 -0.002440951 0.713011742
1756482897920515072.000000 1.573804736 0.220398724 0.001932052 -0.700436890 -0.008921215 -0.002077532 0.713655651
1756482898487316480.000000 1.581151009 0.278483748 0.002231320 -0.699763238 0.014317900 -0.025125548 0.713789344
1756482899020782592.000000 1.586965442 0.329015762 0.003683050 -0.698217630 0.016204093 -0.021551339 0.715377629
1756482899554254080.000000 1.590910435 0.377577215 0.004433258 -0.695562363 0.016681153 -0.021836570 0.717940152
1756482900087713280.000000 1.592972040 0.429870248 0.003412257 -0.700102091 0.014522889 -0.019792603 0.713620663
1756482900221076224.000000 1.593915820 0.441061348 0.003964624 -0.698178887 0.014075868 -0.019440562 0.715520978
1756482900721189632.000000 1.595347762 0.493523180 0.002046093 -0.701972902 0.013405223 -0.020822475 0.711773038
1756482901321334272.000000 1.600625634 0.551765621 0.003405394 -0.701392412 0.015314452 -0.019807847 0.712335527
1756482901821457664.000000 1.602541327 0.601511359 0.002856866 -0.701545656 0.014254919 -0.019494688 0.712215185
1756482902354927616.000000 1.604180694 0.649351656 0.002655616 -0.700652301 0.013097984 -0.020216046 0.713096142
1756482902855051776.000000 1.602156639 0.698051155 0.002426980 -0.698140204 0.001115973 -0.007605557 0.715919852
1756482903355164416.000000 1.603165507 0.750060380 0.001178350 -0.699803412 0.001044269 -0.007429686 0.714296103
1756482903888619776.000000 1.604315042 0.802628875 0.000700577 -0.700829268 0.002258087 -0.008326740 0.713276923
1756482904455420928.000000 1.604366183 0.857610345 0.000829594 -0.698930860 0.001819291 -0.008165054 0.715140283
1756482904988878080.000000 1.604543567 0.905482590 0.002765823 -0.698021948 0.000006106 -0.007018381 0.716042042
1756482905522334464.000000 1.605392456 0.958548486 0.003687817 -0.698384643 -0.001090786 -0.005036883 0.715704083
1756482906055786496.000000 1.607417941 1.014599085 0.004721830 -0.700728655 0.000363550 -0.006119315 0.713401675
1756482906555896320.000000 1.607242107 1.060904622 0.004612131 -0.698839188 -0.000518529 -0.006809598 0.715246260
1756482907056017920.000000 1.607999682 1.106251240 0.006235662 -0.697838306 -0.000520454 -0.004432977 0.716241419
1756482907589486336.000000 1.609372735 1.158503175 0.006134121 -0.698229253 -0.000114652 -0.003364776 0.715866327
1756482908122949376.000000 1.612130880 1.201061964 0.008475319 -0.700035691 0.008355522 -0.010962159 0.713974893
1756482908689754368.000000 1.626568317 1.202488780 0.011432292 -0.694997430 0.075422898 -0.078710638 0.710700095
1756482908756438016.000000 1.628942966 1.202787280 0.011610588 -0.694056511 0.083866768 -0.086988978 0.709707618
1756482909256565504.000000 1.647920847 1.207216382 0.012608882 -0.680504203 0.142869979 -0.149024472 0.703060389
1756482909790035200.000000 1.692384243 1.258678436 0.006983665 -0.675378025 0.204226613 -0.207384184 0.677604496
1756482910290158336.000000 1.703813195 1.254253387 0.007684547 -0.654004633 0.254783154 -0.259589821 0.663307428
1756482910790279680.000000 1.717246532 1.248802543 0.008177236 -0.630882442 0.308665514 -0.313478827 0.639096260
1756482911290397696.000000 1.735081196 1.240650773 0.006323870 -0.603265643 0.361094594 -0.366263121 0.609534860
1756482911790528000.000000 1.746907115 1.230499625 0.006864069 -0.572656691 0.408429980 -0.413360894 0.578257799
1756482912324059392.000000 1.763675332 1.218056083 0.005173733 -0.534203410 0.459049284 -0.462203920 0.538765311
1756482912857564928.000000 1.776950598 1.203709722 0.004142622 0.491189927 -0.504908741 0.507631481 -0.496094763
1756482913357657344.000000 1.783106208 1.187576175 0.005651502 0.447641224 -0.544886231 0.546967924 -0.451156735
1756482913891091968.000000 1.784201980 1.171962976 0.007537479 0.396788388 -0.583512843 0.585638404 -0.398872763
1756482914391195136.000000 1.783074617 1.157514334 0.005794983 0.348110408 -0.613675833 0.616829813 -0.348915696
1756482914924644864.000000 1.778059959 1.140228868 0.003397088 0.292106211 -0.642095447 0.645443797 -0.292898983
1756482915424764160.000000 1.773125648 1.126039147 0.003269268 0.238720626 -0.663627505 0.667916536 -0.237694174
1756482915924881408.000000 1.784767628 1.079907894 0.003012037 0.182028949 -0.681549132 0.686082006 -0.177898064
1756482916424995072.000000 1.796154618 1.033286691 0.004411211 -0.155855924 0.686790347 -0.693421006 0.152300030
1756482916958458368.000000 1.805205107 0.976104379 0.004615126 -0.110585757 0.695385277 -0.702100515 0.106136918
1756482917491930368.000000 1.802303910 0.914177120 0.004598793 -0.050298363 0.702949226 -0.708069026 0.044394065
1756482918025422080.000000 1.808743596 0.862979889 0.004981985 -0.045964357 0.702335417 -0.709282577 0.039121527
1756482918558928384.000000 1.801405668 0.804310262 0.004830128 -0.016781989 0.703682601 -0.710221946 0.011573665
1756482919059049216.000000 1.793817043 0.751830637 0.004306421 0.007589397 0.703365386 -0.710687995 -0.011923997
1756482919559151872.000000 1.791332364 0.701712191 0.003510993 0.007860593 0.704621136 -0.709417939 -0.013171540
1756482920059261696.000000 1.796831846 0.656570733 0.002794448 -0.018845938 0.702996075 -0.710842490 0.012014778
1756482920559372800.000000 1.796165228 0.606021106 0.001963736 -0.017037647 0.703884542 -0.710010648 0.011882531
1756482921092805632.000000 1.796813369 0.552791357 -0.000050506 -0.018596010 0.703050554 -0.710759103 0.013988708
1756482921592889600.000000 1.798880935 0.504490733 0.000208214 -0.018066896 0.703326106 -0.710505247 0.013720307
1756482922092977152.000000 1.799826503 0.455056548 -0.000611871 -0.019165164 0.703515112 -0.710283101 0.014043613
1756482922593062400.000000 1.801856399 0.405669123 -0.002118610 -0.018587820 0.701071382 -0.712750614 0.011834239
1756482923126494976.000000 1.801638246 0.350917190 -0.001751512 -0.018918799 0.701636612 -0.712161362 0.013209964
1756482923626588160.000000 1.804866433 0.301454335 -0.001675628 -0.018693056 0.700921953 -0.712879181 0.012742177
1756482924126693120.000000 1.805896282 0.251231819 -0.001406638 -0.018541595 0.701584578 -0.712250531 0.011597405
1756482924626800896.000000 1.806167722 0.202141657 -0.000526899 -0.019603662 0.700564384 -0.713210940 0.012469805
1756482925126898944.000000 1.805874586 0.152190879 -0.000152678 -0.019252647 0.701032698 -0.712688267 0.016063759
1756482925626993664.000000 1.806959629 0.103451014 0.000431359 -0.018476909 0.701869190 -0.711893916 0.015664827
1756482926160427264.000000 1.807753682 0.052077912 0.000819473 -0.019714605 0.701475799 -0.712224543 0.016709372
1756482926660519168.000000 1.809253573 0.003210617 0.001072019 -0.018026179 0.701693356 -0.712092936 0.015004580
1756482927160619264.000000 1.813974500 -0.018383253 0.001492955 -0.040330701 0.698593140 -0.713441789 0.036632176
1756482927660717312.000000 1.828648448 -0.011913314 0.001071213 -0.101365417 0.690686584 -0.709223509 0.098382391
1756482928160868096.000000 1.858531833 -0.049243785 0.000400709 -0.161426917 0.684329152 -0.693545997 0.156936198
1756482928594341120.000000 1.871846080 -0.048230946 0.000903986 -0.206337109 0.671324551 -0.682710886 0.201628804
1756482929094451456.000000 1.879400849 -0.035773002 0.000264974 -0.257712305 0.653581977 -0.664516389 0.254623175
1756482929594545920.000000 1.910980821 -0.042425279 0.000275711 -0.317284435 0.626991987 -0.637939215 0.315032244
1756482930094652160.000000 1.927550077 -0.040025502 0.000661332 -0.364308238 0.600381017 -0.612400472 0.363025963
1756482930261355520.000000 1.928656220 -0.035778861 -0.000399593 -0.379769653 0.591086566 -0.602371454 0.378867298
1756482930761464320.000000 1.967682958 -0.034195125 0.000029637 -0.432878345 0.553646624 -0.563360810 0.434415013
1756482931261573632.000000 1.982918978 -0.026085749 0.001033509 -0.471038431 0.518770397 -0.530968428 0.476521522
1756482931761797376.000000 1.979774714 -0.011607843 0.000554914 -0.513287842 0.473159373 -0.488169879 0.523780525
1756482932229744384.000000 2.017576933 0.009293078 0.000245372 -0.552732468 0.434192181 -0.442464918 0.556946039
1756482932697791744.000000 2.017090559 0.019060774 0.000081969 -0.582476676 0.394470125 -0.400916159 0.586839497
1756482932931191296.000000 2.009328604 0.018232269 -0.000238325 -0.596496463 0.369861960 -0.378238708 0.603597343
1756482933197863168.000000 1.991857529 0.021048274 -0.003008701 -0.609046578 0.343855947 -0.352202952 0.621915221
1756482933697864704.000000 2.009918451 0.055297963 -0.002780112 -0.639936090 0.289749920 -0.295855284 0.647299349
1756482934197890816.000000 2.000981331 0.067198813 -0.003059988 -0.659650981 0.242447674 -0.247505978 0.666948736
1756482934731242240.000000 1.982406020 0.069719598 -0.001598543 -0.677775919 0.182421461 -0.188453123 0.686897099
1756482935297904640.000000 1.975042343 0.099980645 0.000695945 -0.692246079 0.111071363 -0.117363095 0.703338146
1756482935831228160.000000 1.969235778 0.148534313 0.001953105 -0.701525569 0.047261190 -0.051428650 0.709213316
1756482936331238400.000000 1.965275526 0.195255026 0.001640617 -0.702954888 0.008546237 -0.011204550 0.711094916
1756482936864572160.000000 1.966819286 0.246582016 0.001574063 -0.701999843 0.006836924 -0.010855771 0.712061584
1756482937397895936.000000 1.969054699 0.299175918 0.001262682 -0.700883448 0.006388752 -0.009302321 0.713186502
1756482937931215616.000000 1.969803333 0.353028953 0.001036059 -0.702639937 0.005709598 -0.010151003 0.711450279
1756482938464540672.000000 1.970696449 0.403663337 0.000949116 -0.700969994 0.003946374 -0.009183023 0.713120818
1756482939031191296.000000 1.971969843 0.458916932 0.001488771 -0.700730324 0.003197424 -0.007664581 0.713377953
1756482939597830144.000000 1.972620606 0.513197780 0.001512742 -0.701153874 0.002158502 -0.005427004 0.712986052
1756482940131155712.000000 1.974218488 0.566210508 0.002313955 -0.700416923 0.001129103 -0.005864243 0.713708997
1756482940731142144.000000 1.975401998 0.625799775 0.001916887 -0.701151073 0.000578736 -0.005472340 0.712991536
1756482941264478976.000000 1.966370702 0.667802393 0.004056855 -0.696998239 -0.036003049 0.031955458 0.715455234
1756482941831137792.000000 1.948767900 0.719271004 0.004176011 -0.696279466 -0.071430050 0.067205489 0.711038768
1756482942397804544.000000 1.938660741 0.772049665 0.004840122 -0.695817590 -0.071684793 0.063957073 0.711764455
1756482942931133184.000000 1.911068201 0.812884808 0.004261130 -0.688486159 -0.131097943 0.125817433 0.702118397
1756482943531129600.000000 1.892727017 0.867851853 0.005311354 -0.688016057 -0.126979038 0.122722439 0.703881681
1756482944164470528.000000 1.854983926 0.907312095 0.005713814 -0.671785295 -0.197424129 0.195476130 0.686671138
1756482944731139584.000000 1.813793659 0.939116716 0.003796538 -0.652888954 -0.252121598 0.250771880 0.668793082
1756482945264476416.000000 1.780095816 0.978333294 0.003705622 -0.653166831 -0.249888510 0.250145197 0.669594169
1756482945831134720.000000 1.738214850 1.008308291 0.002183740 -0.636548817 -0.291130513 0.291491091 0.651982784
1756482946364468992.000000 1.694027901 1.021669030 0.002674166 -0.607657969 -0.345042229 0.347320110 0.625353098
1756482946931132672.000000 1.648240209 1.027835011 0.003677484 -0.573130488 -0.402949601 0.404816270 0.587602675
1756482947464467200.000000 1.606257200 1.029820800 0.006886111 -0.534966171 -0.455590099 0.453518480 0.548242569
1756482950032991744.000000 1.428929448 0.907278240 0.006579673 -0.300084859 -0.638896346 0.638184011 0.307378829
1756482950566461440.000000 1.390926242 0.875398874 0.005846345 -0.293082476 -0.642290235 0.641497731 0.300077796
1756482952533627136.000000 1.289433241 0.720950127 0.003548972 0.201266393 0.673521638 -0.679212332 -0.211023837
1756482953533868800.000000 1.231079459 0.638616443 0.002371090 -0.201383188 -0.675086498 0.678360283 0.208639547
1756482954534108928.000000 1.174943209 0.557517111 0.002518997 -0.200091049 -0.675405085 0.678457260 0.208536223
1756482956667909376.000000 1.056044340 0.382367134 0.003804864 0.198152676 0.673276782 -0.681381643 -0.207733020
1756482957201377280.000000 1.024698853 0.338485956 0.003402486 0.196931154 0.673688352 -0.681738317 -0.206385672
1756482957768188416.000000 0.992905200 0.292186260 0.003133838 0.196653798 0.673508465 -0.682057917 -0.206181124
1756482958234960896.000000 0.960234404 0.256543040 0.003471840 0.219545633 0.665830493 -0.674912333 -0.230136499
1756482958768413696.000000 0.926343918 0.213518918 0.002856580 0.219042704 0.667130828 -0.674534619 -0.227947161
1756482959201842944.000000 0.900777042 0.179311141 0.001780738 0.218245938 0.666814804 -0.674810231 -0.228818744
1756482959701951744.000000 0.870832920 0.138000101 0.002419991 -0.218908578 -0.668663561 0.671671391 0.232003719
1756482960102050816.000000 0.846371531 0.105837665 0.001716738 -0.218169779 -0.669683874 0.671530604 0.230156913
1756482960502149632.000000 0.823945820 0.076638818 0.002231272 0.217140004 0.666907370 -0.674308121 -0.231070101
1756482960902241280.000000 0.796882987 0.044471607 0.002003249 -0.218872666 -0.669518828 0.671522200 0.229994237
1756482961268981248.000000 0.764631867 0.017739724 0.002320657 -0.253311694 -0.656343520 0.658704698 0.266748101
1756482961769081600.000000 0.729096889 -0.017879145 0.002291719 -0.253596514 -0.655773103 0.659112871 0.266872197
1756482962169174016.000000 0.701038361 -0.046792492 0.002913466 -0.252844691 -0.656893432 0.658219755 0.267034471
1756482962635948544.000000 0.662126899 -0.077739328 0.002930023 -0.272558719 -0.648658931 0.650499523 0.286013812
1756482963069384960.000000 0.623978972 -0.103426151 0.003048129 -0.287679344 -0.643982887 0.642876327 0.298725128
1756482963469481216.000000 0.587274075 -0.125128627 0.003580012 -0.311039001 -0.631482959 0.631774247 0.324569523
1756482963869579776.000000 0.542229354 -0.141747534 0.002963834 -0.350937217 -0.610005975 0.609114528 0.365670979
1756482964369708288.000000 0.500290751 -0.163831562 0.003147245 -0.348337978 -0.609664500 0.612263381 0.363460451
1756482964736469248.000000 0.462244511 -0.176510245 0.005033081 0.377458066 0.590345144 -0.594673693 -0.394184202
1756482965169907456.000000 0.412819535 -0.181864738 0.005119157 0.410879582 0.569446445 -0.572897196 -0.422726363
1756482965570003968.000000 0.362420946 -0.191564769 0.004176093 0.432291806 0.550993383 -0.555913329 -0.447761774
1756482965970100992.000000 0.308346599 -0.187313884 0.004320613 0.467977196 0.520697415 -0.524636686 -0.484384030
1756482966403540992.000000 0.245216817 -0.170630157 0.002654276 -0.503019392 -0.485192508 0.490344048 0.520694315
1756482966803638272.000000 0.198101029 -0.169036686 0.002644463 -0.498819977 -0.487426192 0.495358020 0.517894506
1756482974038764032.000000 0.525075376 0.072462469 0.000964593 -0.700400472 -0.043748107 0.043071203 0.711104870
1756482975105684736.000000 0.536012709 0.079693176 -0.000140919 -0.701125741 0.003967524 -0.005553139 0.713005006
1756482975639145728.000000 0.536159098 0.087768100 -0.000701922 -0.704735160 0.004875638 -0.007484521 0.709414244
1756482976139264512.000000 0.536528707 0.086478792 -0.000092433 -0.701415062 0.006079785 -0.007300255 0.712689757
1756482976706067456.000000 0.536215603 0.096095577 -0.000526174 -0.703671753 0.006735332 -0.009039308 0.710435808
1756482977239506176.000000 0.536229610 0.094763614 0.000047366 -0.701542377 0.006498456 -0.008482640 0.712547660
1756482977772941056.000000 0.536429942 0.094781592 0.000071323 -0.701535881 0.006473093 -0.008433191 0.712554872
1756482978373065984.000000 0.536384225 0.094749540 0.000007993 -0.701546550 0.006435641 -0.008440880 0.712544620
1756482978873178368.000000 0.536149085 0.094658427 0.000119094 -0.701583385 0.006485465 -0.008600173 0.712506056
1756482979373316096.000000 0.536527216 0.094642788 0.000325526 -0.701671839 0.006373599 -0.008449734 0.712421656
1756482979873451520.000000 0.536420107 0.094539016 0.000420869 -0.701682508 0.006377779 -0.008511396 0.712410450
1756482980373575936.000000 0.536129713 0.094629049 0.000049920 -0.701528370 0.006542719 -0.008594440 0.712559700
1756482980907041536.000000 0.536166131 0.094760790 0.000136162 -0.701543093 0.006446261 -0.008620609 0.712545812
1756482981440504576.000000 0.536475182 0.094708875 0.000231734 -0.701592565 0.006438117 -0.008478847 0.712498844
1756482981940641280.000000 0.536345959 0.094759963 0.000244218 -0.701621473 0.006387819 -0.008540669 0.712470114
1756482982440806144.000000 0.536147654 0.094704807 0.000234371 -0.701591849 0.006526322 -0.008553105 0.712497771
1756482982974291712.000000 0.536237240 0.094671920 0.000228360 -0.701665342 0.006423773 -0.008607861 0.712425709
1756482983474399488.000000 0.536164224 0.094672665 0.000229890 -0.701592505 0.006489947 -0.008611640 0.712496817
1756482983974505216.000000 0.536107361 0.094835609 0.000207935 -0.701621890 0.006565928 -0.008603105 0.712467372
1756482984541288192.000000 0.536252141 0.094578058 0.000103459 -0.701581776 0.006490404 -0.008505769 0.712508678
1756482985041387264.000000 0.536360919 0.094837673 -0.000050971 -0.701527476 0.006459084 -0.008528724 0.712562144
1756482985574825216.000000 0.536253333 0.094851218 0.000164778 -0.701597631 0.006400324 -0.008597659 0.712492824
1756482986074938368.000000 0.536248565 0.094656408 0.000294286 -0.701627672 0.006555939 -0.008514406 0.712462783
1756482986575059968.000000 0.536176026 0.094652720 0.000347960 -0.701632261 0.006582458 -0.008507173 0.712458134
1756482987108512000.000000 0.536104381 0.094488233 0.000396957 -0.701653361 0.006608297 -0.008525807 0.712436795
1756482987675296512.000000 0.536193848 0.094788536 0.000197554 -0.701616943 0.006558436 -0.008535246 0.712473094
1756482988275424768.000000 0.536221683 0.094738245 0.000167967 -0.701632380 0.006573189 -0.008510733 0.712458014
1756482988775531776.000000 0.536400974 0.094625741 0.000443876 -0.701671004 0.006573474 -0.008425741 0.712420940
1756482989275654656.000000 0.536285877 0.094746351 0.000343139 -0.701679468 0.006409667 -0.008560142 0.712412596
1756482989775779584.000000 0.536331952 0.094872892 0.000151168 -0.701604903 0.006459814 -0.008463783 0.712486684
1756482990275928320.000000 0.536250234 0.094775416 0.000126680 -0.701581359 0.006491391 -0.008570868 0.712508261
1756482990809417728.000000 0.536111772 0.094826415 0.000027336 -0.701591969 0.006524845 -0.008629403 0.712496877
1756482991376215808.000000 0.536032856 0.094513565 0.000429352 -0.701673150 0.006461433 -0.008700921 0.712416649
1756482991943013376.000000 0.536208928 0.094771713 0.000087187 -0.701578319 0.006512634 -0.008604412 0.712510705
1756482992476470016.000000 0.536071658 0.094838403 0.000115646 -0.701584518 0.006558821 -0.008589116 0.712504387
1756482993143271424.000000 0.536344051 0.094686799 0.000155017 -0.701623619 0.006449244 -0.008524772 0.712467611
1756482993643361280.000000 0.536181509 0.094831944 -0.000015620 -0.701543331 0.006564957 -0.008577444 0.712544978
1756482994276824064.000000 0.536270022 0.094549268 0.000174128 -0.701576114 0.006530417 -0.008431166 0.712514818
1756482994810305792.000000 0.536541581 0.094714507 0.000101031 -0.701618493 0.006581638 -0.008291144 0.712474227
1756482995478427136.000000 0.536633134 0.094495848 0.000352898 -0.701730311 0.006302400 -0.008406707 0.712365210
