1756585667525528320.000000 0.000000001 0.000000003 -0.000000002 -0.000000055 0.000000001 -0.000000001 1.000000000
1756585667558869248.000000 0.000125000 -0.001208283 0.001032932 0.004429250 -0.000864436 0.001186785 0.999989152
1756585667592210688.000000 -0.000486696 -0.001191110 0.003164874 0.005617530 -0.001746527 0.001040557 0.999982178
1756585667625551616.000000 -0.000664324 -0.001529069 0.006935268 0.004653048 -0.002441837 0.001021718 0.999985754
1756585667692233984.000000 -0.000509609 -0.000185352 0.016965734 -0.000922169 -0.001927138 0.001030416 0.999997258
1756585667725575424.000000 -0.001715573 -0.000232343 0.022692617 -0.007988449 -0.000703021 0.000386860 0.999967813
1756585667758916864.000000 -0.001170891 0.001121936 0.029602198 -0.016406948 -0.000314595 -0.000952336 0.999864936
1756585667825599232.000000 -0.000398470 0.001503942 0.031628054 -0.013544573 -0.000695825 -0.000621808 0.999907851
1756585667858940416.000000 -0.000836368 0.000635936 0.030565407 -0.009997065 -0.000299848 0.000762528 0.999949753
1756585667892281856.000000 -0.000571611 0.000404504 0.029805537 -0.009775815 -0.000151146 0.000668052 0.999952078
1756585667925623296.000000 -0.000584162 -0.000269845 0.028362712 -0.007256391 0.000080142 0.000535105 0.999973595
1756585667992305152.000000 -0.000854901 -0.000330456 0.026892921 -0.006034813 -0.000274053 0.000707357 0.999981523
1756585668025646592.000000 -0.001063140 -0.000307545 0.027228769 -0.006134721 -0.000332981 0.000949643 0.999980688
1756585668058988288.000000 -0.000520244 0.000228401 0.027859775 -0.007860874 -0.000260423 0.000579304 0.999968946
1756585668092329728.000000 -0.000718407 0.000953049 0.028968135 -0.008540194 -0.000135924 0.000175924 0.999963582
1756585668159013120.000000 -0.000590561 0.001876237 0.028978366 -0.007735429 -0.000035080 0.000499911 0.999969959
1756585668192354560.000000 -0.000638778 0.001022262 0.028699839 -0.007478464 -0.000154519 0.000225513 0.999972045
1756585668259037440.000000 -0.000328074 0.000807026 0.028296387 -0.007102150 -0.000201483 0.000584246 0.999974608
1756585668292379136.000000 0.000175455 0.001115766 0.028602507 -0.007411553 -0.000527894 0.000627495 0.999972224
1756585668359062272.000000 -0.000788670 0.000815665 0.028519528 -0.007961488 -0.000004951 0.000384381 0.999968231
1756585668392402944.000000 -0.000750984 0.000080891 0.028295567 -0.007903419 -0.000050983 0.000399027 0.999968767
1756585668459085824.000000 -0.000654548 0.000473474 0.028108340 -0.001901208 -0.000050588 0.000891808 0.999997854
1756585668492427520.000000 -0.000490731 -0.000830551 0.028348286 0.001883209 -0.000571991 0.001172227 0.999997377
1756585668525768960.000000 -0.000843396 -0.002052061 0.030141663 0.005511501 -0.001327319 0.001311430 0.999983132
1756585668559110656.000000 -0.001337157 -0.001860275 0.033357356 0.004679651 -0.001991224 0.001132200 0.999986470
1756585668625793792.000000 -0.002108984 -0.001073610 0.043876741 -0.002257798 -0.002284936 0.000435969 0.999994755
1756585668659135488.000000 -0.001981826 -0.000506303 0.050141472 -0.007864513 -0.002046600 0.000364230 0.999966979
1756585668725818624.000000 -0.003579292 -0.001162489 0.060469933 -0.012440549 -0.000112149 -0.001133475 0.999922037
1756585668759160064.000000 -0.002013072 -0.000977203 0.063674390 -0.009499060 -0.000254370 -0.000065464 0.999954879
1756585668792501760.000000 -0.001964523 0.001085491 0.066504546 -0.009129986 0.000304726 -0.000013757 0.999958336
1756585668859184128.000000 -0.001772685 0.000617174 0.070908993 -0.007124765 0.000658836 -0.000038457 0.999974489
1756585668892525312.000000 -0.001884186 -0.000177501 0.073790975 -0.006430334 -0.000386362 0.000131633 0.999979258
1756585668925866240.000000 -0.002159546 -0.000909464 0.075970814 -0.004818670 -0.000737873 0.000418930 0.999988079
1756585668992548096.000000 -0.002708543 -0.000407489 0.082458913 -0.004093542 0.000252745 0.000116083 0.999991655
1756585669025889024.000000 -0.003002345 -0.000386142 0.086359128 -0.005041040 0.000879949 -0.000040225 0.999986947
1756585669092571136.000000 -0.002876808 0.000625393 0.095375113 -0.008664444 0.001307059 -0.000366654 0.999961615
1756585669125912064.000000 -0.003185836 0.000721317 0.099251136 -0.009476896 0.001802821 -0.000834629 0.999953151
1756585669192593920.000000 -0.001660608 0.000222257 0.106390037 -0.009422377 0.001538412 -0.000444163 0.999954402
1756585669225934848.000000 -0.001919708 -0.000238905 0.108811826 -0.008915166 0.001687010 -0.000555631 0.999958694
1756585669259275776.000000 -0.001337082 -0.000991622 0.112635188 -0.008495030 0.001466981 -0.000374462 0.999962807
1756585669292615680.000000 -0.001513206 -0.001567162 0.114842735 -0.007509573 0.001371035 -0.000357294 0.999970853
1756585669359297536.000000 -0.001914186 -0.001266789 0.121525466 -0.007060928 0.000827200 -0.000254736 0.999974728
1756585669392638464.000000 -0.001910969 -0.001598532 0.124811381 -0.007662302 0.000756743 -0.000391825 0.999970257
1756585669425979392.000000 -0.001352347 -0.001471170 0.128391206 -0.008355916 0.000359197 0.000084149 0.999965072
1756585669459320576.000000 -0.001995100 -0.000487534 0.131535992 -0.008998944 0.000394040 0.000088994 0.999959469
1756585669526002432.000000 -0.002128363 -0.000339895 0.138674185 -0.008442699 0.000740263 0.000173612 0.999964118
1756585669559343360.000000 -0.002334883 -0.000651454 0.141979903 -0.007903547 0.001222354 -0.000148786 0.999968052
1756585669626025216.000000 -0.002316973 -0.000445024 0.148357213 -0.007616060 0.001235176 -0.000443738 0.999970138
1756585669659366144.000000 -0.001993794 -0.000657980 0.151282549 -0.007536334 0.000818411 -0.000343366 0.999971211
1756585669692707328.000000 -0.002262789 -0.000715819 0.154382601 -0.007823706 0.000548058 -0.000661054 0.999969065
1756585669759388160.000000 -0.002177230 0.000348946 0.161073461 -0.007770602 -0.000500286 -0.000146543 0.999969721
1756585669792728832.000000 -0.002060812 0.000088137 0.164509699 -0.008415237 -0.000921948 -0.000085446 0.999964178
1756585669826070016.000000 -0.002553062 -0.000299188 0.167567849 -0.008463627 -0.000743523 -0.000052117 0.999963999
1756585669859410944.000000 -0.003075711 0.000301542 0.171691030 -0.007080223 -0.000608254 -0.000040470 0.999974787
1756585669926114816.000000 -0.003183181 0.000782615 0.177765206 -0.005155662 -0.000580029 -0.000116697 0.999986589
1756585669959477248.000000 -0.003021663 0.000031628 0.180472225 -0.005046767 -0.000374312 -0.000020926 0.999987245
1756585669992839936.000000 -0.003318699 0.000405455 0.183407247 -0.004157882 -0.000224917 -0.000278367 0.999991298
1756585670026203136.000000 -0.002399653 -0.000589396 0.185375661 -0.004225048 -0.000941615 0.000063619 0.999990642
1756585670092929280.000000 -0.002780405 -0.000718335 0.191743329 -0.004448790 -0.001133655 0.000028557 0.999989450
1756585670126292736.000000 -0.002374409 -0.000621904 0.195191115 -0.004854030 -0.001206188 0.000414873 0.999987423
1756585670159655168.000000 -0.002870372 -0.000980601 0.200398743 -0.005057313 -0.000936554 0.000459406 0.999986649
1756585670226382336.000000 -0.002791778 0.000225997 0.208254099 -0.003151801 0.001641925 0.000341988 0.999993622
1756585670259746304.000000 -0.001938396 -0.001564662 0.209627077 -0.004188241 0.006895392 0.000579478 0.999967337
1756585670293110272.000000 -0.001693225 -0.000801104 0.214155838 -0.004825351 0.014730735 0.000316834 0.999879837
1756585670326474496.000000 -0.000337460 -0.000730099 0.218042046 -0.005400605 0.022845237 0.000498721 0.999724388
1756585670359838720.000000 0.002272017 -0.001045885 0.221597224 -0.005148292 0.030275900 0.000409369 0.999528289
1756585670393202944.000000 0.003902761 -0.001878963 0.225221619 -0.003704221 0.036297847 0.000570114 0.999333978
1756585670426567680.000000 0.005693992 -0.002317338 0.229099005 -0.003444886 0.041651219 0.001272688 0.999125481
1756585670459932416.000000 0.007438347 -0.002269301 0.232953012 -0.003408599 0.046689536 0.000726417 0.998903394
1756585670493297152.000000 0.007371750 -0.001577946 0.235552892 -0.004225652 0.052889515 0.000770923 0.998591185
1756585670526662144.000000 0.008176253 -0.001831311 0.240179688 -0.004882829 0.058681555 0.000677922 0.998264551
1756585670560027136.000000 0.009050918 -0.002677699 0.244221166 -0.005786475 0.064772353 0.000835589 0.997883022
1756585670593392384.000000 0.009979443 -0.002873588 0.247469544 -0.005236350 0.070782334 0.001174001 0.997477353
1756585670626756608.000000 0.013258429 -0.001797129 0.250720412 -0.004255251 0.075603299 0.001405124 0.997127950
1756585670693487872.000000 0.016292684 -0.002383096 0.258419275 -0.003883578 0.087037377 0.001441322 0.996196449
1756585670726853632.000000 0.017707003 -0.002247678 0.260967165 -0.004135923 0.093132876 0.001366217 0.995644212
1756585670760219392.000000 0.018643338 -0.002833982 0.264418364 -0.003904620 0.098762192 0.001364810 0.995102525
1756585670793585408.000000 0.020329688 -0.002985067 0.267737627 -0.004097464 0.104235418 0.001133062 0.994543612
1756585670826951424.000000 0.021981416 -0.002632799 0.270958066 -0.003318015 0.107598707 0.000967152 0.994188428
1756585670860317696.000000 0.023767184 -0.002549313 0.273775667 -0.002654679 0.107786126 0.001528455 0.994169474
1756585670893683968.000000 0.024178065 -0.003086324 0.278197825 -0.004331001 0.106230766 0.001431377 0.994331062
1756585670927023104.000000 0.023721762 -0.003198595 0.281768203 -0.006192077 0.103819989 0.001261318 0.994576037
1756585670960363008.000000 0.023718053 -0.002702507 0.284884304 -0.005623786 0.102307796 0.001261295 0.994736135
1756585670993701888.000000 0.025693152 -0.002777728 0.286679953 -0.003872466 0.101101205 0.001157374 0.994867921
1756585671060379648.000000 0.026405187 -0.003411749 0.294018090 -0.002434593 0.101889111 0.000695234 0.994792521
1756585671093719040.000000 0.026643438 -0.003899386 0.297506899 -0.002873656 0.101623148 0.000788820 0.994818568
1756585671127058176.000000 0.027216060 -0.003569501 0.300871402 -0.003026655 0.101114310 0.001378730 0.994869232
1756585671160397568.000000 0.027967438 -0.003171636 0.304387212 -0.003785714 0.100781247 0.001342476 0.994900525
1756585671193736704.000000 0.028717076 -0.003279225 0.307762921 -0.004511932 0.100963086 0.001186745 0.994879305
1756585671227075840.000000 0.029170863 -0.003510965 0.311161280 -0.004822036 0.101422720 0.001170545 0.994831085
1756585671260415232.000000 0.029660042 -0.003648157 0.314337611 -0.004940862 0.101745456 0.001351788 0.994797289
1756585671293754368.000000 0.030280503 -0.003821380 0.316939533 -0.004376337 0.101797007 0.001183802 0.994794846
1756585671360432896.000000 0.032618422 -0.003026309 0.322275907 -0.004062201 0.101117738 0.001469528 0.994865119
1756585671393771776.000000 0.033148635 -0.002702615 0.325619280 -0.004116664 0.101178907 0.001132322 0.994859099
1756585671427111168.000000 0.033809643 -0.002714570 0.328854352 -0.004071116 0.101219125 0.001329989 0.994854927
1756585671460450048.000000 0.034630548 -0.002408144 0.332420856 -0.004410866 0.101281196 0.001591092 0.994846761
1756585671493788160.000000 0.036091264 -0.003166812 0.336409122 -0.004588509 0.101507559 0.001943945 0.994822264
1756585671527127552.000000 0.036528632 -0.002787445 0.339526087 -0.004529267 0.101992689 0.001370480 0.994773924
1756585671560466432.000000 0.036780603 -0.002495373 0.342877179 -0.004604841 0.102753185 0.001143731 0.994695604
1756585671593805312.000000 0.037217323 -0.002883446 0.345759124 -0.005104518 0.103094392 0.001156039 0.994657815
1756585671627144448.000000 0.037840780 -0.003085193 0.348893076 -0.005807649 0.102987804 0.000881742 0.994665325
1756585671693822720.000000 0.039158106 -0.003190805 0.354865998 -0.005939887 0.101631843 0.001039542 0.994803846
1756585671727161600.000000 0.039272103 -0.003169783 0.357820481 -0.005749428 0.101577476 0.001037603 0.994810522
1756585671760500480.000000 0.039769225 -0.003269743 0.360945553 -0.005917104 0.101737432 0.000890005 0.994793296
1756585671793839360.000000 0.040424872 -0.003011867 0.364273757 -0.006198323 0.102422833 0.000961724 0.994721174
1756585671827178496.000000 0.041163858 -0.002942012 0.367880404 -0.005670195 0.105405152 0.000970315 0.994412720
1756585671860517376.000000 0.042635918 -0.003637211 0.371616632 -0.005597854 0.110659376 0.001009733 0.993842185
1756585671893856256.000000 0.044336841 -0.003594291 0.375395507 -0.006546089 0.117943555 0.001320215 0.992997825
1756585671927195136.000000 0.046568770 -0.004027190 0.378700495 -0.007681516 0.126102746 0.001426802 0.991986454
1756585671960532992.000000 0.048259255 -0.003407032 0.382418633 -0.006563986 0.133462161 0.001192082 0.991031468
1756585671993871872.000000 0.049970590 -0.003863636 0.385309070 -0.005323898 0.139418021 0.001204725 0.990218639
1756585672027210752.000000 0.053413004 -0.004173581 0.388177931 -0.004246551 0.144132644 0.001591668 0.989547968
1756585672060549376.000000 0.055516802 -0.004407443 0.391660094 -0.004439740 0.148941219 0.002101945 0.988833904
1756585672093888256.000000 0.056509286 -0.004048338 0.394608974 -0.005066601 0.154603943 0.002179147 0.987961173
1756585672127227136.000000 0.058666486 -0.003889751 0.398562163 -0.005699428 0.160260886 0.002380680 0.987055421
1756585672160565504.000000 0.060315702 -0.004059561 0.402044833 -0.005954059 0.165920913 0.002741221 0.986117303
1756585672227243264.000000 0.064361542 -0.003722990 0.408640087 -0.005591501 0.177485973 0.002824383 0.984103382
1756585672260581632.000000 0.066558793 -0.003790652 0.410958678 -0.005143238 0.182833031 0.002712021 0.983126819
1756585672293920512.000000 0.069133319 -0.004143352 0.414536953 -0.004806120 0.188371658 0.003114411 0.982081115
1756585672327259136.000000 0.070345245 -0.004744797 0.418017745 -0.004998290 0.194120541 0.003272797 0.980959535
1756585672360597504.000000 0.072048940 -0.004717399 0.421924531 -0.005173099 0.200037479 0.003046593 0.979769886
1756585672393935104.000000 0.073854335 -0.004699201 0.425133318 -0.005276270 0.205934659 0.003120384 0.978546560
1756585672427273984.000000 0.075665317 -0.004845507 0.428072929 -0.005373563 0.211856186 0.002652839 0.977282524
1756585672460612352.000000 0.080207698 -0.003917768 0.430149913 -0.004433579 0.216307923 0.002869828 0.976310909
1756585672493950720.000000 0.081826985 -0.004164943 0.433274001 -0.004167336 0.221893534 0.002972392 0.975057542
1756585672527289600.000000 0.083857954 -0.004418415 0.435709804 -0.003765886 0.227039993 0.003004090 0.973873556
1756585672560627968.000000 0.086480513 -0.004582270 0.438450754 -0.003358917 0.232058063 0.003171903 0.972691000
1756585672593966336.000000 0.088478997 -0.004550389 0.441178322 -0.003190570 0.237041518 0.002799668 0.971490264
1756585672660643328.000000 0.093789130 -0.004204164 0.446595669 -0.001926217 0.239063591 0.002875963 0.970997751
1756585672693981696.000000 0.094653696 -0.004305375 0.450130433 -0.003905741 0.237387121 0.003052627 0.971402526
1756585672727320064.000000 0.095224023 -0.004213213 0.453246623 -0.004158040 0.236083910 0.003152804 0.971718669
1756585672760658432.000000 0.096147701 -0.004454369 0.456020594 -0.003683211 0.234893322 0.002808450 0.972010195
1756585672793996800.000000 0.097124979 -0.004513300 0.458248377 -0.002461665 0.234033495 0.002828594 0.972221315
1756585672827335168.000000 0.097763173 -0.005100560 0.460467398 -0.001871309 0.233441100 0.002695417 0.972365439
1756585672860672512.000000 0.101634867 -0.002666288 0.458183229 -0.000412935 0.230615556 0.002963230 0.973040342
1756585672894010880.000000 0.102194682 -0.004927642 0.466587335 -0.001465541 0.232397720 0.002934300 0.972615302
1756585672960690944.000000 0.104944572 -0.004861609 0.472868979 -0.003167788 0.232645676 0.002983886 0.972551823
1756585672994030592.000000 0.107072704 -0.004275911 0.475652725 -0.003920268 0.232136190 0.002748063 0.972671568
1756585673027370240.000000 0.108456567 -0.004211216 0.478884816 -0.004654778 0.232336342 0.002456971 0.972621262
1756585673060709376.000000 0.109654427 -0.004259741 0.481768012 -0.004508391 0.232420564 0.002180108 0.972602546
1756585673094049024.000000 0.111041926 -0.004378868 0.484434783 -0.003893051 0.232331097 0.002087649 0.972626746
1756585673127388416.000000 0.112158939 -0.005011038 0.486690998 -0.003334684 0.231972635 0.002250184 0.972714007
1756585673160727808.000000 0.114720091 -0.004831965 0.489333451 -0.002543821 0.231234238 0.002969216 0.972890317
1756585673194067456.000000 0.115776502 -0.005434467 0.492113471 -0.003052432 0.231727809 0.002973974 0.972771406
1756585673227406848.000000 0.116481096 -0.005945764 0.495599926 -0.003336982 0.235271916 0.002877383 0.971919596
1756585673260745984.000000 0.118449554 -0.005374655 0.498513937 -0.003418430 0.241252765 0.001605965 0.970454991
1756585673294084608.000000 0.121056437 -0.005380762 0.501361847 -0.004106208 0.249037832 0.002184418 0.968482614
1756585673327423744.000000 0.124041751 -0.005053805 0.504244983 -0.004116077 0.256407112 0.002037187 0.966557980
1756585673360763136.000000 0.126875490 -0.005578579 0.506877005 -0.003643058 0.262102604 0.002479153 0.965030015
1756585673427441920.000000 0.132025808 -0.005624943 0.511663318 -0.002176758 0.271927953 0.002203281 0.962312698
1756585673460781056.000000 0.135606036 -0.005942805 0.514151752 -0.001626959 0.277119190 0.002871198 0.960829973
1756585673494120448.000000 0.138121650 -0.006378098 0.516862750 -0.002130760 0.283176064 0.002401535 0.959062576
1756585673527459328.000000 0.140984938 -0.006311761 0.519965768 -0.002411800 0.288985491 0.002542708 0.957327127
1756585673560798976.000000 0.143965527 -0.006400473 0.522861242 -0.002938408 0.294400394 0.002649605 0.955673993
1756585673594137856.000000 0.146683812 -0.006217565 0.525161386 -0.002507596 0.299326867 0.002856127 0.954143107
1756585673627477504.000000 0.150148153 -0.006141302 0.527491748 -0.001706623 0.304171383 0.002872880 0.952611506
1756585673660816384.000000 0.152075052 -0.007320791 0.530080020 -0.002029898 0.309544802 0.002707780 0.950878859
1756585673694155520.000000 0.154497355 -0.007518148 0.532765508 -0.001731937 0.314662188 0.002938921 0.949197650
1756585673727493888.000000 0.156833217 -0.007916345 0.535416365 -0.001592746 0.319997579 0.002412716 0.947413981
1756585673760832768.000000 0.159496099 -0.008036590 0.537677467 -0.000634436 0.325591892 0.002624334 0.945506573
1756585673794171904.000000 0.164655298 -0.007190474 0.538177133 0.000715242 0.329900503 0.003271031 0.944009781
1756585673827511040.000000 0.167175442 -0.007186382 0.540881991 0.000591867 0.335784316 0.002732614 0.941934764
1756585673860850176.000000 0.170122728 -0.007446309 0.543854177 -0.000236741 0.341499478 0.003067323 0.939876914
1756585673894189056.000000 0.172760412 -0.007498642 0.546811640 -0.001250119 0.346799552 0.002863784 0.937934101
1756585673927528448.000000 0.175797001 -0.007457649 0.549034834 -0.001407076 0.351753175 0.003451787 0.936085403
1756585673960867072.000000 0.178780943 -0.007358007 0.551071882 -0.001026628 0.356594563 0.003296127 0.934252858
1756585674027545344.000000 0.185874522 -0.007672827 0.554293752 0.001083510 0.366537958 0.003563640 0.930395663
1756585674060884224.000000 0.187608063 -0.008272806 0.556060076 0.001132114 0.371951342 0.002919457 0.928246975
1756585674094223360.000000 0.191440716 -0.008249300 0.558395386 0.001279634 0.377350897 0.003506590 0.926062882
1756585674127561984.000000 0.194818139 -0.008300646 0.560769796 0.000816518 0.382512987 0.003811650 0.923941970
1756585674160901120.000000 0.198148370 -0.008067280 0.563002408 0.000586161 0.387852430 0.004430638 0.921710670
1756585674194238976.000000 0.204538435 -0.007843991 0.564475298 0.000511838 0.391975254 0.005331192 0.919960201
1756585674227577600.000000 0.207566619 -0.007935478 0.566622794 0.000319288 0.397264898 0.004763231 0.917691648
1756585674260916480.000000 0.209655225 -0.008112638 0.568776608 0.000278445 0.403357953 0.004857911 0.915029347
1756585674294255360.000000 0.212841168 -0.008912537 0.570146680 -0.000062311 0.408392310 0.005162874 0.912791908
1756585674327594240.000000 0.215402782 -0.009949930 0.571269035 -0.000005971 0.413474113 0.005700913 0.910498083
1756585674360932864.000000 0.218400165 -0.010372315 0.572452009 0.000593480 0.418507338 0.005348794 0.908197522
1756585674394271488.000000 0.221969202 -0.011274957 0.573842525 0.000598905 0.423599690 0.005401564 0.905833185
1756585674427610368.000000 0.228674024 -0.008413013 0.575921535 0.002005043 0.425400108 0.005319214 0.904987574
1756585674460948992.000000 0.229028910 -0.009081636 0.578524351 0.001723517 0.426094234 0.004956936 0.904663563
1756585674494287616.000000 0.231908917 -0.008896634 0.581453204 0.000027476 0.424981117 0.005753154 0.905183971
1756585674527626496.000000 0.233997226 -0.008416420 0.584366500 -0.001495518 0.424005061 0.005838374 0.905639827
1756585674560965120.000000 0.235755920 -0.008595575 0.586894751 -0.001334260 0.423970163 0.005053735 0.905661106
1756585674594303488.000000 0.237203658 -0.009037504 0.588501275 -0.000047278 0.424323559 0.004305227 0.905500472
1756585674627641088.000000 0.239044279 -0.009557470 0.589668274 0.001443747 0.423966229 0.003903070 0.905668437
1756585674660979712.000000 0.240798637 -0.010026976 0.591620088 0.002318067 0.423096299 0.003569130 0.906074703
1756585674694318336.000000 0.245825410 -0.010002519 0.592713594 0.002658112 0.420655102 0.004455635 0.907205820
1756585674727656960.000000 0.247804880 -0.009547802 0.595703244 0.003049639 0.420383066 0.004074331 0.907332420
1756585674760995328.000000 0.250306696 -0.008888770 0.598889172 0.003032426 0.420678705 0.004186103 0.907194972
1756585674794333696.000000 0.252648294 -0.008748063 0.601609409 0.002039693 0.421144903 0.003813820 0.906983078
1756585674827672064.000000 0.255269647 -0.008418299 0.604099035 0.001220461 0.421564102 0.003899381 0.906789422
1756585674861010432.000000 0.257805437 -0.009510139 0.603881598 0.000531307 0.420763582 0.005173766 0.907155514
1756585674894349056.000000 0.260259330 -0.009960989 0.605127513 0.000097264 0.420349956 0.005279928 0.907346725
1756585674927688448.000000 0.262529969 -0.009796362 0.607137680 0.000542985 0.420281678 0.004920661 0.907380223
1756585674961027072.000000 0.264729351 -0.009705951 0.609339356 0.001509475 0.420370191 0.004789714 0.907338858
1756585674994365696.000000 0.266832590 -0.009643693 0.611349225 0.001960630 0.420517653 0.004693998 0.907270133
1756585675027704064.000000 0.271470815 -0.009064127 0.613816917 0.003124858 0.421904236 0.003895665 0.906626701
1756585675061041920.000000 0.273398042 -0.009970224 0.616345048 0.003442567 0.427622944 0.004443681 0.903939784
1756585675094380032.000000 0.277495176 -0.009563753 0.618211508 0.002927572 0.434345424 0.005242172 0.900726438
1756585675127718400.000000 0.281605363 -0.009058117 0.620588005 0.000948702 0.441505790 0.005909528 0.897238493
1756585675161057024.000000 0.285319537 -0.009079688 0.622041523 0.000706248 0.448313981 0.006218902 0.893854320
1756585675194395392.000000 0.288265765 -0.009170061 0.623036861 0.001449235 0.454210103 0.005457787 0.890876770
1756585675227733504.000000 0.292039514 -0.009107562 0.624207854 0.002273426 0.459713638 0.005762829 0.888045609
1756585675261071872.000000 0.297020078 -0.010009155 0.624996364 0.002087545 0.464011252 0.006162412 0.885805488
1756585675294410496.000000 0.299544096 -0.009156695 0.627299666 0.002260100 0.469691187 0.005575839 0.882810295
1756585675327748608.000000 0.303046227 -0.009108535 0.628800035 0.002457704 0.474899352 0.005361541 0.880020380
1756585675361086720.000000 0.306554973 -0.009454651 0.629768729 0.002548756 0.479754895 0.004839153 0.877385497
1756585675394425088.000000 0.309750706 -0.009846334 0.630927086 0.003050801 0.484810919 0.005305018 0.874597669
1756585675427763200.000000 0.313151300 -0.010083593 0.632364452 0.003163875 0.489834279 0.004927211 0.871795952
1756585675461101312.000000 0.318094134 -0.009635985 0.632417083 0.003560435 0.494055182 0.005355361 0.869406760
1756585675494439680.000000 0.321019650 -0.010911145 0.633544087 0.003029192 0.499015152 0.006001287 0.866567254
1756585675527776768.000000 0.324434549 -0.011081673 0.634473622 0.002041421 0.503914177 0.005917802 0.863731146
1756585675561114880.000000 0.327598453 -0.011343864 0.635712147 0.002140445 0.509244025 0.006387541 0.860595763
1756585675594452736.000000 0.330528796 -0.011912758 0.636730194 0.001859023 0.514107287 0.006104589 0.857702136
1756585675627790848.000000 0.334352911 -0.011947606 0.637435317 0.002343207 0.518923461 0.006818791 0.854790330
1756585675661128960.000000 0.342109710 -0.010220323 0.637979388 0.003518597 0.522153676 0.007468444 0.852811515
1756585675694467072.000000 0.343524575 -0.010901364 0.639565349 0.003074116 0.527772307 0.006824161 0.849352896
1756585675727804928.000000 0.346388757 -0.010823309 0.640547395 0.003993944 0.529741824 0.006787185 0.848122478
1756585675761142784.000000 0.348986268 -0.011105227 0.642128944 0.004194994 0.529490650 0.007143684 0.848275363
1756585675794481152.000000 0.352192402 -0.011051884 0.643891394 0.003901525 0.528545856 0.007649364 0.848861396
1756585675827818752.000000 0.354287803 -0.010948192 0.646018565 0.003886636 0.527992070 0.007269974 0.849209368
1756585675861156608.000000 0.360121369 -0.011173598 0.645217061 0.003959625 0.525773883 0.007132986 0.850585341
1756585675894494208.000000 0.361626387 -0.011668827 0.646624386 0.004618671 0.525519609 0.007007199 0.850740075
1756585675927833600.000000 0.363774836 -0.011521752 0.648021698 0.005406166 0.525303125 0.007110333 0.850868285
1756585675961172224.000000 0.365841329 -0.011897372 0.649702132 0.005480885 0.525330186 0.006868727 0.850853086
1756585675994511360.000000 0.368407190 -0.011657237 0.651995718 0.005635306 0.525385439 0.006364742 0.850821912
1756585676027850752.000000 0.371440947 -0.012532284 0.653767467 0.005099291 0.525109172 0.006883448 0.850991786
1756585676061190400.000000 0.374478817 -0.012628411 0.655730724 0.004549466 0.524871826 0.007415828 0.851136863
1756585676094529792.000000 0.377587080 -0.012598858 0.657359004 0.004110714 0.524738789 0.007376823 0.851221442
1756585676127869184.000000 0.380364656 -0.012246368 0.659043193 0.005030337 0.525342643 0.006730406 0.850849330
1756585676161208320.000000 0.382515877 -0.012660734 0.660544455 0.005541349 0.525804996 0.006357814 0.850563407
1756585676194547968.000000 0.384559423 -0.012052869 0.660770297 0.006643826 0.525215805 0.005519053 0.850925207
1756585676227887104.000000 0.386987656 -0.012840031 0.662076652 0.006525306 0.525329828 0.005531207 0.850855649
1756585676261226752.000000 0.390889704 -0.012438078 0.663688540 0.006215889 0.525005937 0.006585236 0.851050436
1756585676294565888.000000 0.393582642 -0.012600072 0.665316582 0.005617104 0.524684489 0.006862307 0.851250648
1756585676327905280.000000 0.396559715 -0.012745997 0.667073488 0.005139671 0.524715483 0.006783491 0.851235211
1756585676361244672.000000 0.401191592 -0.012712337 0.668178797 0.005988936 0.524292767 0.007203698 0.851486623
1756585676394582784.000000 0.403148651 -0.013044098 0.669846773 0.005896643 0.524488032 0.007350654 0.851365745
1756585676427921920.000000 0.405501842 -0.013146801 0.671752274 0.005898257 0.524788082 0.007430921 0.851180017
1756585676461261568.000000 0.408554316 -0.012939779 0.673375845 0.005419769 0.525138319 0.007532226 0.850966394
1756585676494600448.000000 0.411408067 -0.012944069 0.675096631 0.005274664 0.525695562 0.007531946 0.850623071
1756585676527940096.000000 0.415132821 -0.012350044 0.676177740 0.004737487 0.525432348 0.007413297 0.850789905
1756585676561278976.000000 0.417752087 -0.012690636 0.677324414 0.004542498 0.525666356 0.007641270 0.850644410
1756585676594618112.000000 0.420492291 -0.013138804 0.678741217 0.004333742 0.525621295 0.007988815 0.850670099
1756585676627957504.000000 0.423621178 -0.012778621 0.679988027 0.004688919 0.525317848 0.007893261 0.850856543
1756585676661296640.000000 0.426388443 -0.012801939 0.681439579 0.004726769 0.524694324 0.008019491 0.851239860
1756585676694635520.000000 0.430961430 -0.013039324 0.682682276 0.005386423 0.523860276 0.008507690 0.851744711
1756585676727974912.000000 0.433458775 -0.013049370 0.684582710 0.005439771 0.524020791 0.008858072 0.851642072
1756585676761313792.000000 0.436052561 -0.013275259 0.686287642 0.004715457 0.524405897 0.008990408 0.851407945
1756585676794653184.000000 0.438849270 -0.012974783 0.687920690 0.004211030 0.524936855 0.008883390 0.851084471
1756585676827991296.000000 0.441441506 -0.013131222 0.689331055 0.004461182 0.525052190 0.008865442 0.851012170
1756585676861330176.000000 0.444224596 -0.013403842 0.690926671 0.004728890 0.524848640 0.008687653 0.851138175
1756585676894669568.000000 0.446967959 -0.013364641 0.692228675 0.005002469 0.524396062 0.008562498 0.851416767
1756585676928008448.000000 0.450015485 -0.013833879 0.693616271 0.004703929 0.524219811 0.008830448 0.851524293
1756585676961347584.000000 0.453716964 -0.012909282 0.695079386 0.004317772 0.523628235 0.009346710 0.851884723
1756585676994686720.000000 0.456807554 -0.012797773 0.695457458 0.003953258 0.523220778 0.009536528 0.852134645
1756585677028025600.000000 0.459731907 -0.012838924 0.695703268 0.004600525 0.522765875 0.009697542 0.852408826
1756585677061364736.000000 0.462597430 -0.012950880 0.695654511 0.005196855 0.522270977 0.010014594 0.852704942
1756585677094703616.000000 0.465589404 -0.013019934 0.697071314 0.005138272 0.521956027 0.010213218 0.852895856
1756585677128042752.000000 0.468909979 -0.013452116 0.701369822 0.004689390 0.522801638 0.009956254 0.852383375
1756585677161381376.000000 0.471531123 -0.013750221 0.702997565 0.004901675 0.522913933 0.010166239 0.852310836
1756585677194720768.000000 0.473902583 -0.013883322 0.704447269 0.005148491 0.522836328 0.009843376 0.852360785
1756585677228059648.000000 0.476830989 -0.013633296 0.706324577 0.004945196 0.523080051 0.009931444 0.852211416
1756585677261398528.000000 0.480429232 -0.013245593 0.707857847 0.004530873 0.523172081 0.010077363 0.852155507
1756585677294736384.000000 0.483142763 -0.013450312 0.709163070 0.004229573 0.523342907 0.010327251 0.852049112
1756585677328075264.000000 0.486153215 -0.013782707 0.710787296 0.005365813 0.525472343 0.009667808 0.850738883
1756585677361413632.000000 0.488994092 -0.013935523 0.711747169 0.005289614 0.530290961 0.009731289 0.847743392
1756585677394752768.000000 0.492515683 -0.014149994 0.712729633 0.005104336 0.536458850 0.010594686 0.843844593
1756585677428091648.000000 0.499201000 -0.013405513 0.712277055 0.004828508 0.543021083 0.011145523 0.839631259
1756585677461430016.000000 0.502930403 -0.013553523 0.713432789 0.004628051 0.549358606 0.011390736 0.835496306
1756585677494769152.000000 0.505890489 -0.012489187 0.713652611 0.005740745 0.554956734 0.010690624 0.831790805
1756585677528107520.000000 0.509891510 -0.012396905 0.714185655 0.005536046 0.560178041 0.010810077 0.828283250
1756585677561446144.000000 0.514052749 -0.012546645 0.715164542 0.005373575 0.564858019 0.011282780 0.825093448
1756585677594785280.000000 0.516413987 -0.013343466 0.715946674 0.005217142 0.569536269 0.011120390 0.821874499
1756585677628123648.000000 0.521647453 -0.014233461 0.715312481 0.005756261 0.574119925 0.011296555 0.818673134
1756585677661462272.000000 0.525074124 -0.014445079 0.716729999 0.005759550 0.579138160 0.010694763 0.815138936
1756585677694801152.000000 0.528827310 -0.013938267 0.717057943 0.006016788 0.583769083 0.011047654 0.811822295
1756585677728138496.000000 0.532026947 -0.014187908 0.717437744 0.005900661 0.588473022 0.010949201 0.808421254
1756585677761477120.000000 0.536629736 -0.014383678 0.717909396 0.005282872 0.593097210 0.011520205 0.805031180
1756585677794815744.000000 0.540447831 -0.014159856 0.718026102 0.005446176 0.597489595 0.011928812 0.801769495
1756585677828154112.000000 0.543501735 -0.014179477 0.718744457 0.006065120 0.600034177 0.010758389 0.799879014
1756585677861492736.000000 0.548938036 -0.014220858 0.719106138 0.007031243 0.599960506 0.010421906 0.799930811
1756585677894830848.000000 0.551142573 -0.014813233 0.721828043 0.005579143 0.599084795 0.010235634 0.800600708
1756585677928170240.000000 0.553331375 -0.015648428 0.723386109 0.004374165 0.597315729 0.010888855 0.801920414
1756585677961509120.000000 0.556191564 -0.014410968 0.723045588 0.004595406 0.595619023 0.011357569 0.803173661
1756585677994848768.000000 0.557948053 -0.015103603 0.724648118 0.005240648 0.595645368 0.010362182 0.803163588
1756585678028187648.000000 0.559876025 -0.015795253 0.726144195 0.005136186 0.596175849 0.009810116 0.802777588
1756585678061526784.000000 0.561989188 -0.016269434 0.726996183 0.005388815 0.596656203 0.009270768 0.802425385
1756585678094865920.000000 0.563369632 -0.017394071 0.729345262 0.004613347 0.597033978 0.009180470 0.802150071
1756585678128205056.000000 0.565977395 -0.017807519 0.730413616 0.004547341 0.597126126 0.009083251 0.802083075
1756585678161543168.000000 0.574716270 -0.014910360 0.728501379 0.005599981 0.596255183 0.009095454 0.802723944
1756585678194882304.000000 0.576419234 -0.015500857 0.729965270 0.005201336 0.596031189 0.009383876 0.802889645
1756585678228221184.000000 0.579098582 -0.015773989 0.731461406 0.004987438 0.595883727 0.009572507 0.802998245
1756585678261560320.000000 0.581942856 -0.016353363 0.732713044 0.004573822 0.595620692 0.009607258 0.803195417
1756585678294899456.000000 0.585558891 -0.016637444 0.733805895 0.004058396 0.595461726 0.010110733 0.803309858
1756585678328238336.000000 0.588475108 -0.016347548 0.735181272 0.003391401 0.595482528 0.010564863 0.803291619
1756585678361577472.000000 0.591487288 -0.016294135 0.736391723 0.003594378 0.595647812 0.010083215 0.803174436
1756585678394916352.000000 0.593999028 -0.016734255 0.737177312 0.004914206 0.595730126 0.009304300 0.803115726
1756585678428255232.000000 0.597139537 -0.015760139 0.736595213 0.006949518 0.595393777 0.008930938 0.803354442
1756585678461594368.000000 0.600120068 -0.016199058 0.737369537 0.007372249 0.595778584 0.008493900 0.803069949
1756585678494933248.000000 0.603199124 -0.016493540 0.738463581 0.006996999 0.596003294 0.008590667 0.802905560
1756585678528271872.000000 0.606616378 -0.016104024 0.739602804 0.006222093 0.596034944 0.008945582 0.802884638
1756585678561611008.000000 0.610353351 -0.015966797 0.740802407 0.005615292 0.595830202 0.009426749 0.803035557
1756585678594949632.000000 0.614985764 -0.015919486 0.741186082 0.005593116 0.595502853 0.009604357 0.803276420
1756585678628287488.000000 0.618030787 -0.015901651 0.742824435 0.005479388 0.595578551 0.009313392 0.803224504
1756585678661626624.000000 0.621320784 -0.016036350 0.744411290 0.004939127 0.595848799 0.009397835 0.803026497
1756585678694965248.000000 0.624341130 -0.015256719 0.746009290 0.004637400 0.596048653 0.009480899 0.802879095
1756585678728304128.000000 0.627667427 -0.015294718 0.746856391 0.004200660 0.596118689 0.009482685 0.802829325
1756585678761643008.000000 0.630625248 -0.015361482 0.747339189 0.005327806 0.595947623 0.008847350 0.802956998
1756585678794981632.000000 0.631672740 -0.016025230 0.748409510 0.006137177 0.595664382 0.008312987 0.803167045
1756585678828320512.000000 0.634263039 -0.016112579 0.749126196 0.006519007 0.595432162 0.008018018 0.803339183
1756585678861659392.000000 0.637526274 -0.016177826 0.750152886 0.006093387 0.595462203 0.007984752 0.803320527
1756585678894997760.000000 0.640738010 -0.016307065 0.751362383 0.005706986 0.595884621 0.008380590 0.803006172
1756585678928337664.000000 0.644558787 -0.015663661 0.752114594 0.006528798 0.598568976 0.007881645 0.801005960
1756585678961677568.000000 0.648688436 -0.015968539 0.752187073 0.006460541 0.603294134 0.007560253 0.797456801
1756585678995017216.000000 0.653123498 -0.014992062 0.752011657 0.005604587 0.609320283 0.008178467 0.792862296
1756585679028357376.000000 0.657628059 -0.015530532 0.753193557 0.004265910 0.615315437 0.008138673 0.788227499
1756585679061696000.000000 0.660627306 -0.015593243 0.753317952 0.004602204 0.619726837 0.008590212 0.784757137
1756585679095035904.000000 0.663543642 -0.015818443 0.753119409 0.006234474 0.623436987 0.007931021 0.781808555
1756585679128375808.000000 0.666409433 -0.016110536 0.752932012 0.007043793 0.627595842 0.007805982 0.778468370
1756585679161715456.000000 0.669161379 -0.016847767 0.752950847 0.007859782 0.632076502 0.007464654 0.774830282
1756585679195055360.000000 0.675538778 -0.016073823 0.751848936 0.007462884 0.636493862 0.007741061 0.771206796
1756585679228395264.000000 0.678372860 -0.016241729 0.752127111 0.007178964 0.638602972 0.007722524 0.769464195
1756585679261735168.000000 0.681701183 -0.016375858 0.753037751 0.006684944 0.638221979 0.008412207 0.769777536
1756585679295074816.000000 0.684598088 -0.016449880 0.754307806 0.006028793 0.637217760 0.008869211 0.770609260
1756585679328414720.000000 0.687615752 -0.016672524 0.755477130 0.005348585 0.636726379 0.008980164 0.771019101
1756585679361754368.000000 0.690936208 -0.016862575 0.756360531 0.004831728 0.636524677 0.009178618 0.771186590
1756585679395094272.000000 0.693590760 -0.016872618 0.756726921 0.005874563 0.636156023 0.008911980 0.771486700
1756585679428434176.000000 0.697158456 -0.017124765 0.755611897 0.007416152 0.635381639 0.008343686 0.772117674
1756585679461773568.000000 0.699538887 -0.017399646 0.757138193 0.008658171 0.635308146 0.007598340 0.772172928
1756585679495113728.000000 0.702365875 -0.017464623 0.757803023 0.008600059 0.635127723 0.007816474 0.772319674
1756585679528452096.000000 0.705835581 -0.017448459 0.758633018 0.007743776 0.635279775 0.008370406 0.772197902
1756585679561791744.000000 0.710056424 -0.017139390 0.759575665 0.006254407 0.635695815 0.009318951 0.771858096
1756585679595131648.000000 0.713509619 -0.016889840 0.760527551 0.005757524 0.635963380 0.009499815 0.771639347
1756585679628471040.000000 0.717246830 -0.017063973 0.761020541 0.005716240 0.635958016 0.009676143 0.771641850
1756585679661810944.000000 0.719787955 -0.016875152 0.761346936 0.006101794 0.635861397 0.009375026 0.771722138
1756585679695150592.000000 0.723065138 -0.017210117 0.762063205 0.006610338 0.635933816 0.009009504 0.771662772
1756585679728490240.000000 0.725382566 -0.017015008 0.762685120 0.007395075 0.635637164 0.008517337 0.771905601
1756585679761829888.000000 0.727526188 -0.017427716 0.763869345 0.007793671 0.635418355 0.008385164 0.772083282
1756585679795169280.000000 0.730476618 -0.017626278 0.764054000 0.007853755 0.635038614 0.008458381 0.772394240
1756585679828509184.000000 0.733724236 -0.017721828 0.764539659 0.007912476 0.635077238 0.008763155 0.772358418
1756585679861848576.000000 0.736856461 -0.017854013 0.765352905 0.007819051 0.635188580 0.008621433 0.772269428
1756585679895188224.000000 0.743090510 -0.016913597 0.765373290 0.007679493 0.635307729 0.008941142 0.772169173
1756585679928528128.000000 0.746351719 -0.016704384 0.766618848 0.007141955 0.635257244 0.009448359 0.772209883
1756585679961867008.000000 0.749409318 -0.016588138 0.767761409 0.006281013 0.635206699 0.009711198 0.772255659
1756585679995207168.000000 0.752398372 -0.016722795 0.768737853 0.006437825 0.635136962 0.009621545 0.772312880
1756585680028546816.000000 0.755657792 -0.016840016 0.769228280 0.006664706 0.635003567 0.009359679 0.772423744
1756585680061886720.000000 0.758138299 -0.017095817 0.769754171 0.006959432 0.634873748 0.009398736 0.772527397
1756585680095226880.000000 0.761099815 -0.017121071 0.769891262 0.007302840 0.634709477 0.009665415 0.772655904
1756585680128566784.000000 0.764051080 -0.017623696 0.770846248 0.006924217 0.634497821 0.009883483 0.772830546
1756585680161906432.000000 0.767338514 -0.017280815 0.771329939 0.006588663 0.634664059 0.010145291 0.772693515
1756585680195246336.000000 0.770606756 -0.017107487 0.772269666 0.006262715 0.634956598 0.010010585 0.772457659
1756585680228586240.000000 0.773813426 -0.017188245 0.772661567 0.006460072 0.634973347 0.009937066 0.772443175
1756585680261925888.000000 0.776791334 -0.017470134 0.773317516 0.006578219 0.634909391 0.009864455 0.772495747
1756585680295265792.000000 0.781789184 -0.017642921 0.773526311 0.006317718 0.634728611 0.009981307 0.772644877
1756585680328605440.000000 0.784721494 -0.017366199 0.775118887 0.006244908 0.634819388 0.009833140 0.772572815
1756585680361945344.000000 0.787832022 -0.017143268 0.776420653 0.006449413 0.634692371 0.009545761 0.772679031
1756585680395284224.000000 0.790870249 -0.017478069 0.777331889 0.006977390 0.634681761 0.009642228 0.772682011
1756585680428623872.000000 0.793712139 -0.017756604 0.778212905 0.007135462 0.634800017 0.009806331 0.772581339
1756585680461963776.000000 0.796584368 -0.018007696 0.778702974 0.006855075 0.634813607 0.009937770 0.772571087
1756585680495303424.000000 0.800011873 -0.017614774 0.779034376 0.006682198 0.634613752 0.010179889 0.772733569
1756585680528643072.000000 0.803408146 -0.017617635 0.779548347 0.007061466 0.634459853 0.010033278 0.772858441
1756585680561982976.000000 0.806021452 -0.017755728 0.780032575 0.007613065 0.634207904 0.009746900 0.773063660
1756585680595322624.000000 0.809160948 -0.017731484 0.780456841 0.007988583 0.633964419 0.009366051 0.773264289
1756585680628662272.000000 0.811626792 -0.018479699 0.780861974 0.007638225 0.633881927 0.009969872 0.773327947
1756585680662001920.000000 0.814956188 -0.018247947 0.781615019 0.006699247 0.634339273 0.010342807 0.772956550
1756585680695341824.000000 0.818551898 -0.017897956 0.782016993 0.006484981 0.634552002 0.010288133 0.772784472
1756585680728681216.000000 0.821528196 -0.018130066 0.782718539 0.006412526 0.634403229 0.010334046 0.772906661
1756585680762021120.000000 0.824593902 -0.018355990 0.783320427 0.006440519 0.634263217 0.010445338 0.773019791
1756585680795360512.000000 0.827493846 -0.018182894 0.784051895 0.006877420 0.634141922 0.010478696 0.773115098
1756585680828699392.000000 0.832844138 -0.018394109 0.784442723 0.007271443 0.634003401 0.010313885 0.773227394
1756585680862039040.000000 0.835132599 -0.018377537 0.785381615 0.007252036 0.633918881 0.010241260 0.773297787
1756585680895378688.000000 0.838226259 -0.018726224 0.786229372 0.007080960 0.633544564 0.010368357 0.773604393
1756585680928739584.000000 0.841147900 -0.018845508 0.787053227 0.006802704 0.633287907 0.010920134 0.773809373
1756585680962157312.000000 0.845064282 -0.018828232 0.788064778 0.005803594 0.633267939 0.011256944 0.773829043
1756585680995575552.000000 0.848361015 -0.018448066 0.788583755 0.005335420 0.633789301 0.011362103 0.773403943
1756585681062413568.000000 0.854357004 -0.019350205 0.789402723 0.007100661 0.640790284 0.009197498 0.767628074
1756585681095833600.000000 0.858461261 -0.018989086 0.788788199 0.007628964 0.646358371 0.009174990 0.762940764
1756585681129253632.000000 0.862125754 -0.018929929 0.788281918 0.006754825 0.650555432 0.009522217 0.759369135
1756585681162674432.000000 0.864649177 -0.019279351 0.788203716 0.007820507 0.650830626 0.009582997 0.759122252
1756585681196095744.000000 0.867502034 -0.019542471 0.788831055 0.006464874 0.649182796 0.010479847 0.760532856
1756585681229517312.000000 0.870352030 -0.019486066 0.790271044 0.006686825 0.647506595 0.010185354 0.761962414
1756585681262939392.000000 0.876535416 -0.019574188 0.790500045 0.006817645 0.646565378 0.010273079 0.762758911
1756585681296361472.000000 0.878175616 -0.019624038 0.791186512 0.006697387 0.646469176 0.010733165 0.762835264
1756585681329784320.000000 0.881622672 -0.020103365 0.792351842 0.005918597 0.646773100 0.011352024 0.762575090
1756585681363207936.000000 0.884906054 -0.020248385 0.793172956 0.004700663 0.646991491 0.011992149 0.762388527
1756585681396632320.000000 0.887928843 -0.020357551 0.794135869 0.004689812 0.647222579 0.011469085 0.762200475
1756585681430056704.000000 0.890460014 -0.020606317 0.794525445 0.005411553 0.647209823 0.011245585 0.762209773
1756585681463481856.000000 0.892846942 -0.020999935 0.795250893 0.006324185 0.647274673 0.010700673 0.762155592
1756585681496907520.000000 0.897311568 -0.020656008 0.795363843 0.006881360 0.647344351 0.010246126 0.762097716
1756585681530333696.000000 0.899579942 -0.020956695 0.796879351 0.006684217 0.647593856 0.009915741 0.761891842
1756585681597187328.000000 0.905732930 -0.021418601 0.798990607 0.006224264 0.647156119 0.010173385 0.762264311
1756585681630615040.000000 0.909020007 -0.021275289 0.799366593 0.006065962 0.646808386 0.010487792 0.762556314
1756585681664043008.000000 0.912981749 -0.021455402 0.799983919 0.005665391 0.647108376 0.011301924 0.762293160
1756585681697471488.000000 0.916408181 -0.022015408 0.800599575 0.004325846 0.647730649 0.011668214 0.761767805
1756585681730899456.000000 0.919219255 -0.021919452 0.801276565 0.003779204 0.648046732 0.011236297 0.761508346
1756585681764328960.000000 0.922419488 -0.021928571 0.801828086 0.004958455 0.647991478 0.010587052 0.761557937
1756585681797758976.000000 0.926944017 -0.019884044 0.800723135 0.006489836 0.647290707 0.010082694 0.762148976
1756585681831189504.000000 0.929935694 -0.019547362 0.801536500 0.007329101 0.647021472 0.009787203 0.762373805
1756585681864620544.000000 0.932764769 -0.019463250 0.802005112 0.007494125 0.646890342 0.009677710 0.762484789
1756585681898051840.000000 0.935701728 -0.019495571 0.802450240 0.007521186 0.646940351 0.009830177 0.762440145
1756585681931456512.000000 0.939263701 -0.019157663 0.802988470 0.006945272 0.646983504 0.010238394 0.762403607
1756585681964789504.000000 0.943045974 -0.019255616 0.803708196 0.006490859 0.647180617 0.011105047 0.762228251
1756585681998121728.000000 0.947876096 -0.021028530 0.804106593 0.005522147 0.647631705 0.012046910 0.761838377
1756585682031454208.000000 0.950656235 -0.020878661 0.805296183 0.005246113 0.648450017 0.011950743 0.761145413
1756585682064786944.000000 0.953217924 -0.020833742 0.805963516 0.005192685 0.648892462 0.011443714 0.760776401
1756585682098119168.000000 0.955311894 -0.020656018 0.805195212 0.005856236 0.648767889 0.010826990 0.760886788
1756585682131451392.000000 0.958130002 -0.020550577 0.806219697 0.006130627 0.648941994 0.010142500 0.760745585
1756585682198114560.000000 0.964439750 -0.020545777 0.807231843 0.005424479 0.648911536 0.010026941 0.760778546
1756585682231446784.000000 0.968085647 -0.020556729 0.807998478 0.004489816 0.648777068 0.010611131 0.760891378
1756585682264778752.000000 0.971479535 -0.020227863 0.808937609 0.004229839 0.648520112 0.010843339 0.761108577
1756585682298110720.000000 0.974480391 -0.020189017 0.809355497 0.004415685 0.648137212 0.010920675 0.761432528
1756585682331442688.000000 0.978201628 -0.021237291 0.809399962 0.004644538 0.647683263 0.010942959 0.761816978
1756585682364774400.000000 0.980454445 -0.021602912 0.810018897 0.004788224 0.647485256 0.011020051 0.761983216
1756585682398105856.000000 0.983610988 -0.021610567 0.810650051 0.005303796 0.647521555 0.010569186 0.761955380
1756585682431437568.000000 0.986481130 -0.021997461 0.811444938 0.005357043 0.648209274 0.010157772 0.761375725
1756585682464769024.000000 0.989661157 -0.022247501 0.812167406 0.005572100 0.648391008 0.009759660 0.761224568
1756585682498100480.000000 0.992765307 -0.022289030 0.812605262 0.005048494 0.648342848 0.009679034 0.761270285
1756585682531431936.000000 0.996379197 -0.022242289 0.813069403 0.004338784 0.648160934 0.010466346 0.761419117
1756585682564763136.000000 1.000377893 -0.021709897 0.813894153 0.003282473 0.647982955 0.011267753 0.761564434
1756585682598094336.000000 1.004167318 -0.021437533 0.814438164 0.002825621 0.648011982 0.011206632 0.761542499
1756585682631424768.000000 1.007497072 -0.020851554 0.815359652 0.003130163 0.648103476 0.010694902 0.761470675
1756585682664755456.000000 1.010691166 -0.020945895 0.815985143 0.003526218 0.648015976 0.010654798 0.761543989
1756585682698086400.000000 1.013632059 -0.020948321 0.816404700 0.003650864 0.647945285 0.010858907 0.761600792
1756585682764748032.000000 1.019080877 -0.020958681 0.817519724 0.004411063 0.647831678 0.009996674 0.761705220
1756585682798078720.000000 1.022150397 -0.021180453 0.817723095 0.005098436 0.647575617 0.009982748 0.761918843
1756585682831409408.000000 1.025045991 -0.021402653 0.817990780 0.005372204 0.647518754 0.009866484 0.761966705
1756585682864739840.000000 1.029722691 -0.021369731 0.818599164 0.004779747 0.647800624 0.009887082 0.761730850
1756585682898070528.000000 1.032752752 -0.021419451 0.819684267 0.003923208 0.648110211 0.010089045 0.761469603
1756585682931401728.000000 1.036438823 -0.021071663 0.820892334 0.002778075 0.648275614 0.010445802 0.761329114
1756585682964733440.000000 1.039683819 -0.021270014 0.821735084 0.001957650 0.648088813 0.011193498 0.761479974
1756585682998065152.000000 1.042855144 -0.021324147 0.822179437 0.001859481 0.647957087 0.011294863 0.761590898
1756585683031396608.000000 1.046153545 -0.021279190 0.823359132 0.002410863 0.647983611 0.010617077 0.761576533
1756585683064727296.000000 1.048843861 -0.021253146 0.824261427 0.003283178 0.648074687 0.010001523 0.761504054
1756585683098059008.000000 1.051474929 -0.021089680 0.824727893 0.004137152 0.647902668 0.009623177 0.761651158
1756585683131390208.000000 1.054265141 -0.021379970 0.825209677 0.004697550 0.647520781 0.009571412 0.761973202
1756585683164721408.000000 1.057336092 -0.021636683 0.824321926 0.005099221 0.646933615 0.009752809 0.762466967
1756585683198052608.000000 1.060421944 -0.022149410 0.824639916 0.004920993 0.646850765 0.010307365 0.762531161
1756585683231383808.000000 1.064071178 -0.021973129 0.824962556 0.004648288 0.647043765 0.010743177 0.762363017
1756585683264715008.000000 1.068071127 -0.021703038 0.825618267 0.003958469 0.647234976 0.011245443 0.762197375
1756585683298045696.000000 1.072043896 -0.021305911 0.826411784 0.002802236 0.647330523 0.011769857 0.762113392
1756585683331376640.000000 1.075650215 -0.020775214 0.827389240 0.001910288 0.647532403 0.011969383 0.761941552
1756585683364707328.000000 1.079506636 -0.021249488 0.828269005 0.002227098 0.647501290 0.011760036 0.761970401
1756585683398038272.000000 1.081858397 -0.021345429 0.828485966 0.003080397 0.647300124 0.011027355 0.762149274
1756585683464699392.000000 1.087656736 -0.021459036 0.829767108 0.004362773 0.646697044 0.010369353 0.762664080
1756585683498028544.000000 1.090330482 -0.021460198 0.830557942 0.004937209 0.646543860 0.010267496 0.762791812
1756585683531358976.000000 1.093340874 -0.021666773 0.830953836 0.005117878 0.646499515 0.010145108 0.762829781
1756585683564689152.000000 1.096670747 -0.021347318 0.831388950 0.005275398 0.646625042 0.010294121 0.762720346
1756585683598019328.000000 1.100177050 -0.021012053 0.831517696 0.004947403 0.646781147 0.010931325 0.762581289
1756585683631349248.000000 1.103083134 -0.020953091 0.832178712 0.004455640 0.647091925 0.010844993 0.762321889
1756585683664679424.000000 1.106079340 -0.021533422 0.832912326 0.004459647 0.647489130 0.010589913 0.761988103
1756585683698009344.000000 1.108985186 -0.021780260 0.833851457 0.004470739 0.647514164 0.010439351 0.761968851
1756585683731339264.000000 1.112308979 -0.021713659 0.834502220 0.004329871 0.647258222 0.010359356 0.762188137
1756585683764668928.000000 1.118027449 -0.021828165 0.835210204 0.004510059 0.646786332 0.010563159 0.762584805
1756585683797998336.000000 1.121346235 -0.021268491 0.836003900 0.005067062 0.646694958 0.010371968 0.762661397
1756585683831328256.000000 1.124422908 -0.021024199 0.836879849 0.005495530 0.646750808 0.010362322 0.762611270
1756585683864657408.000000 1.127430677 -0.021382246 0.837681174 0.005341469 0.647045970 0.010357101 0.762362003
1756585683897987072.000000 1.130988955 -0.021292761 0.838272691 0.005263871 0.647247314 0.010547770 0.762188971
1756585683931317248.000000 1.133904338 -0.020883091 0.838777781 0.005452088 0.647062063 0.010377889 0.762347221
1756585683964648448.000000 1.136782408 -0.020847127 0.839535713 0.005995296 0.647063732 0.009913179 0.762347877
1756585683997980672.000000 1.139409542 -0.020880453 0.840102077 0.006198942 0.647576809 0.009516521 0.761915505
1756585684031312640.000000 1.142994165 -0.020644162 0.840626597 0.006633107 0.650095224 0.009212581 0.759768009
1756585684064644864.000000 1.145670652 -0.020293999 0.839737535 0.006160321 0.654504597 0.008531285 0.755984843
1756585684097976832.000000 1.150328040 -0.020578457 0.838803649 0.005379209 0.660234749 0.009972238 0.750973821
1756585684164640512.000000 1.158079743 -0.019922409 0.837120175 0.004983292 0.670482278 0.010344264 0.741836786
1756585684197971712.000000 1.161173820 -0.020002315 0.836186528 0.005375662 0.674838662 0.010369363 0.737872899
1756585684231303424.000000 1.164775372 -0.019741412 0.835915685 0.005125372 0.679193974 0.009498475 0.733879507
1756585684264635136.000000 1.168017864 -0.020029124 0.835501194 0.005759492 0.683507323 0.009140333 0.729863822
1756585684297966592.000000 1.174851656 -0.020087972 0.835663319 0.005780539 0.687870502 0.009165648 0.725752532
1756585684331297792.000000 1.177735448 -0.020655762 0.835519910 0.006059818 0.691659153 0.009544293 0.722135663
1756585684364629248.000000 1.181131959 -0.020364039 0.834932566 0.006095286 0.695442259 0.009547614 0.718492806
1756585684397959168.000000 1.183127761 -0.022708889 0.832897067 -0.005895431 -0.699216068 -0.010205233 -0.714813292
1756585684431290368.000000 1.186897993 -0.022305403 0.831882119 -0.005936703 -0.703406394 -0.010087105 -0.710691571
1756585684464621312.000000 1.190414667 -0.022389822 0.831426263 -0.006126821 -0.707596779 -0.009708023 -0.706523180
1756585684497952512.000000 1.194071054 -0.022430323 0.830512166 -0.006106943 -0.711511672 -0.010212948 -0.702573538
1756585684531283200.000000 1.197427034 -0.022328313 0.829899907 -0.006319080 -0.715561450 -0.010035241 -0.698449254
1756585684564614144.000000 1.200865746 -0.022459619 0.828962088 -0.006065255 -0.719665051 -0.010330305 -0.694218159
1756585684597944576.000000 1.205930233 -0.023289181 0.826800108 -0.006645602 -0.723102212 -0.011298053 -0.690616667
1756585684631275520.000000 1.209125757 -0.023645893 0.826521635 -0.007071573 -0.724547744 -0.010675729 -0.689105690
1756585684664605696.000000 1.212576628 -0.023488056 0.826348305 -0.007974603 -0.723940194 -0.010739919 -0.689733088
1756585684697936384.000000 1.215439439 -0.023657206 0.827072978 -0.007196932 -0.722224712 -0.011155679 -0.691531122
1756585684731266560.000000 1.218443155 -0.023266643 0.827469945 -0.007612041 -0.720717490 -0.011068936 -0.693098724
1756585684764596992.000000 1.220717549 -0.023673210 0.828151822 -0.007917244 -0.720406294 -0.010457554 -0.693428278
1756585684797926912.000000 1.222728968 -0.024414727 0.827798009 -0.007159529 -0.720456123 -0.009528602 -0.693398178
1756585684831257344.000000 1.226070166 -0.024725182 0.827575088 -0.007330094 -0.721076310 -0.009469768 -0.692752242
1756585684864586240.000000 1.229480982 -0.024501149 0.827367902 -0.006608183 -0.721158206 -0.009868496 -0.692668676
1756585684897916416.000000 1.232971549 -0.024373900 0.827831745 -0.006203323 -0.720965326 -0.010326901 -0.692866504
1756585684931246848.000000 1.236661911 -0.023949245 0.827722311 -0.005439426 -0.720414340 -0.010565617 -0.693442166
1756585684964578304.000000 1.239910841 -0.024010343 0.827938914 -0.005690075 -0.720194221 -0.010320535 -0.693672478
1756585684997909760.000000 1.244769573 -0.023852773 0.826573730 0.006438962 0.719877660 0.009919725 0.694000363
1756585685031241216.000000 1.246943831 -0.024411276 0.827189922 0.006911155 0.719863355 0.009520357 0.694016218
1756585685064572672.000000 1.249222636 -0.025268909 0.827922583 0.006953645 0.719629407 0.009597442 0.694257259
1756585685097903616.000000 1.251997709 -0.025597874 0.828313351 0.007052354 0.719454050 0.009872400 0.694434106
1756585685131234816.000000 1.254944563 -0.025767863 0.828678131 0.006863557 0.719653547 0.010074507 0.694226384
1756585685164565504.000000 1.258330822 -0.026020031 0.828581810 0.006540761 0.720041215 0.010329693 0.693823695
1756585685197896704.000000 1.262302518 -0.025464863 0.828668237 0.005843748 0.720195830 0.010382717 0.693668604
1756585685231227648.000000 1.265894413 -0.025759216 0.828377724 0.004808025 0.720066488 0.011129159 0.693799257
1756585685264558336.000000 1.268986940 -0.025634095 0.828038573 0.004708096 0.719544291 0.011472628 0.694335878
1756585685297888000.000000 1.272535563 -0.025896760 0.827955604 0.004272451 0.719282568 0.011843554 0.694603622
1756585685331218432.000000 1.276662946 -0.024363127 0.827983975 -0.004996714 -0.719040155 -0.011744708 -0.694851398
1756585685397879552.000000 1.282775283 -0.024842780 0.827965021 -0.004610077 -0.719220102 -0.011491162 -0.694671988
1756585685431209984.000000 1.286015511 -0.024624025 0.827782035 -0.005083540 -0.719150245 -0.011396342 -0.694742620
1756585685464539904.000000 1.288799644 -0.024657473 0.827460885 -0.005312569 -0.718808830 -0.010961561 -0.695101202
1756585685497870080.000000 1.291373134 -0.024843678 0.827695966 -0.006024498 -0.718616128 -0.010404778 -0.695303082
1756585685531200256.000000 1.294583797 -0.025078423 0.827907324 -0.006600316 -0.718412578 -0.010289798 -0.695509911
1756585685564530432.000000 1.297465563 -0.025585704 0.827419996 0.006677752 0.718622565 0.010547338 0.695288301
1756585685597860096.000000 1.300264359 -0.025768444 0.827744842 0.006192170 0.718744636 0.010876941 0.695161521
1756585685631189760.000000 1.304050922 -0.024957370 0.827126861 0.005943051 0.718915761 0.010992319 0.694984913
1756585685664519424.000000 1.307630777 -0.025091663 0.826884985 0.005295588 0.718858421 0.011862999 0.695035219
1756585685697849088.000000 1.311542630 -0.025110912 0.826917291 0.004260438 0.718737781 0.012762388 0.695151150
1756585685731177728.000000 1.315251708 -0.024964437 0.826885343 0.004311217 0.718932509 0.012935892 0.694946229
1756585685764507136.000000 1.318076730 -0.025485726 0.827074051 0.004501725 0.719196856 0.012735702 0.694675028
1756585685797836544.000000 1.321019769 -0.025537089 0.827134013 0.004672013 0.719238997 0.012447611 0.694635630
1756585685831165696.000000 1.323659301 -0.025797546 0.827150941 0.005348771 0.719033480 0.011664988 0.694857061
1756585685864494848.000000 1.327916741 -0.024964405 0.827796578 -0.005995512 -0.719059110 -0.010527027 -0.694843352
1756585685897824000.000000 1.328440428 -0.026275795 0.827238798 0.006627714 0.719055772 0.010366584 0.694843531
1756585685931156736.000000 1.333468199 -0.025320850 0.827900887 -0.006872754 -0.719272912 -0.009444064 -0.694629431
1756585685964499968.000000 1.336833477 -0.025582556 0.828032970 -0.006508848 -0.719115853 -0.009953860 -0.694788516
1756585685997843200.000000 1.340807676 -0.025483331 0.828279018 -0.005690413 -0.718680143 -0.010988907 -0.695230782
1756585686031186688.000000 1.344732523 -0.025509931 0.828596950 -0.004864790 -0.718748450 -0.011608970 -0.695156336
1756585686064530176.000000 1.348392010 -0.025258971 0.828249812 -0.004143989 -0.718828380 -0.012111668 -0.695069790
1756585686097873408.000000 1.352546692 -0.024880899 0.828470588 -0.003514848 -0.719069839 -0.012625479 -0.694814265
1756585686131217152.000000 1.356213570 -0.024708910 0.828554869 -0.003307054 -0.718880773 -0.012718742 -0.695009232
1756585686164560128.000000 1.358216524 -0.025656892 0.827972412 0.003629267 0.718573511 0.012814246 0.695323467
1756585686197903872.000000 1.360904932 -0.026133733 0.827833652 0.004394199 0.718683600 0.012196888 0.695216477
1756585686231247616.000000 1.363167882 -0.026666775 0.827883482 0.004608871 0.718826592 0.011738624 0.695075095
1756585686264591104.000000 1.366409540 -0.026835125 0.827953339 0.005287733 0.719039083 0.011355720 0.694856763
1756585686297935360.000000 1.369430661 -0.027216863 0.828207135 0.005322315 0.719212353 0.011075897 0.694681644
1756585686331279360.000000 1.373137951 -0.027013168 0.828191519 0.005063531 0.719179511 0.011293505 0.694714069
1756585686364623616.000000 1.376775980 -0.026811365 0.828433394 0.004382523 0.719102800 0.011370325 0.694796860
1756585686397967616.000000 1.380256414 -0.026692139 0.828349233 0.003840068 0.718892753 0.011364828 0.695017576
1756585686431311872.000000 1.383057117 -0.026845798 0.828681588 0.003694293 0.718954027 0.011207823 0.694957554
1756585686464656384.000000 1.387185454 -0.025730025 0.828722715 -0.003630365 -0.718763351 -0.010951755 -0.695159078
1756585686498000384.000000 1.389917135 -0.025893575 0.828575850 -0.003916371 -0.718552113 -0.010929218 -0.695376277
1756585686531344896.000000 1.393556237 -0.025827687 0.828602076 -0.004036759 -0.718355715 -0.010596904 -0.695583582
1756585686564689408.000000 1.396847248 -0.025915980 0.828938127 -0.004148929 -0.717950761 -0.010555362 -0.696001530
1756585686598033920.000000 1.400146484 -0.026265241 0.828899264 -0.003741092 -0.717604041 -0.011281422 -0.696349978
1756585686631377664.000000 1.403569460 -0.026007561 0.828563929 -0.004038330 -0.717533588 -0.011921289 -0.696410239
1756585686664722432.000000 1.406807065 -0.026210779 0.827885151 0.004197252 0.717875421 0.012385990 0.696048796
1756585686698067200.000000 1.409753561 -0.026466284 0.827561498 0.004715135 0.718099296 0.011847842 0.695823908
1756585686731411968.000000 1.412498951 -0.026578367 0.827233911 0.005141716 0.718206286 0.011141072 0.695722103
1756585686764756992.000000 1.415297389 -0.026629323 0.827247739 0.005778403 0.718523443 0.010815238 0.695394754
1756585686798102016.000000 1.418224216 -0.026961628 0.827391505 0.005710902 0.718684554 0.010686664 0.695230782
1756585686831447040.000000 1.421620607 -0.026955437 0.827532291 0.005400015 0.718676448 0.010841903 0.695239246
1756585686864792064.000000 1.425398827 -0.026792008 0.827846527 0.005024671 0.718905568 0.010903194 0.695004106
1756585686898137088.000000 1.429138660 -0.026768122 0.827524304 0.004702238 0.719042540 0.011373421 0.694857180
1756585686931479808.000000 1.432545304 -0.026843792 0.827367902 0.004181446 0.719126165 0.011921167 0.694764733
1756585686964813312.000000 1.436321139 -0.026147963 0.826943636 -0.003687597 -0.719103754 -0.011994098 -0.694789469
1756585686998146560.000000 1.439970016 -0.025980955 0.826951981 -0.003759395 -0.719276428 -0.011948793 -0.694611132
1756585687031479808.000000 1.442725897 -0.025842311 0.826976418 -0.003839510 -0.719374001 -0.011935634 -0.694509804
1756585687064812032.000000 1.445144296 -0.026031911 0.826760769 -0.004399247 -0.719259024 -0.011470369 -0.694633424
1756585687098145024.000000 1.447840691 -0.026567183 0.826960564 -0.004676201 -0.719741106 -0.010973928 -0.694140136
1756585687131478272.000000 1.450938940 -0.026000150 0.827214360 -0.006095011 -0.722099304 -0.009658633 -0.691695213
1756585687164811264.000000 1.455493450 -0.027020123 0.825922966 0.006052164 0.726388514 0.009522468 0.687191725
1756585687198144256.000000 1.459933400 -0.026985768 0.825086355 -0.004636699 -0.731950223 -0.010948449 -0.681254447
1756585687231476992.000000 1.464381933 -0.026663048 0.822765112 -0.003613979 -0.737134874 -0.012143762 -0.675626934
1756585687264809728.000000 1.468066216 -0.026307000 0.821192861 -0.004003008 -0.741153240 -0.012110956 -0.671214759
1756585687298142720.000000 1.471600294 -0.026632411 0.819866657 -0.003843504 -0.744571686 -0.012798807 -0.667408824
1756585687331475200.000000 1.474958181 -0.026518736 0.818950176 -0.003650051 -0.747912705 -0.012224576 -0.663674593
1756585687364807936.000000 1.477777004 -0.027144313 0.818655133 -0.003358809 -0.751641214 -0.012962768 -0.659436226
1756585687398140416.000000 1.482173920 -0.027068978 0.816908479 0.004271205 0.755204082 0.013313361 0.655340731
1756585687431472896.000000 1.485799193 -0.027687382 0.815505981 0.003855741 0.758826375 0.013680449 0.651137948
1756585687464805120.000000 1.489603281 -0.027911626 0.813882828 0.004149211 0.762447178 0.013781209 0.646890461
1756585687498137600.000000 1.492910981 -0.027355114 0.812667370 -0.004199341 -0.765869558 -0.012644629 -0.642858028
1756585687531468800.000000 1.496218681 -0.027027907 0.811507225 -0.004766307 -0.769157290 -0.012608023 -0.638917446
1756585687564801024.000000 1.499450922 -0.027259957 0.810024500 -0.005060663 -0.772601008 -0.012693872 -0.634744823
1756585687598132992.000000 1.502966285 -0.027303940 0.808700323 -0.004549553 -0.776367247 -0.013130503 -0.630127609
1756585687631465216.000000 1.506628871 -0.027419128 0.807090640 -0.004187041 -0.780066550 -0.013426093 -0.625538528
1756585687664797184.000000 1.510002732 -0.027510336 0.805343866 -0.003953290 -0.783858120 -0.013565128 -0.620779276
1756585687698128896.000000 1.512742996 -0.027794957 0.802899241 0.004602592 0.787236750 0.013504817 0.616485894
1756585687731460864.000000 1.515653610 -0.028435493 0.801324129 0.004813287 0.790509701 0.012993315 0.612292886
1756585687764792320.000000 1.518102050 -0.029179363 0.799983501 0.005205257 0.793713808 0.012882533 0.608132780
1756585687798124288.000000 1.520823240 -0.029412437 0.798104525 0.005701476 0.796753168 0.012846594 0.604141414
1756585687831455744.000000 1.523965240 -0.029829483 0.796211362 0.005780946 0.800256789 0.013251046 0.599483252
1756585687864787456.000000 1.528525591 -0.028897427 0.794264674 -0.005999118 -0.803830862 -0.013667769 -0.594670773
1756585687898118912.000000 1.532248378 -0.028999398 0.792550325 -0.004987482 -0.807488978 -0.014288005 -0.589688480
1756585687931450880.000000 1.536116838 -0.028660156 0.790341377 -0.004559663 -0.810558915 -0.015096035 -0.585444927
1756585687964783360.000000 1.539597273 -0.028885525 0.788179874 -0.004424852 -0.813421547 -0.015909128 -0.581440389
1756585687998116608.000000 1.542965770 -0.029420452 0.786332726 -0.004290181 -0.816667914 -0.016066728 -0.576868355
1756585688031450112.000000 1.546321630 -0.029565258 0.784026146 -0.004561810 -0.820067465 -0.016581787 -0.572008550
1756585688064783104.000000 1.549726963 -0.029549437 0.781458735 0.003978491 0.823149264 0.016342256 0.567576051
1756585688098116352.000000 1.552453160 -0.028875979 0.779099345 -0.004321965 -0.825765133 -0.016747652 -0.563748896
1756585688131449344.000000 1.554786086 -0.028753120 0.777266860 -0.004868024 -0.827006876 -0.016127823 -0.561939418
1756585688164782848.000000 1.557487249 -0.029677153 0.775443912 -0.005206540 -0.826586664 -0.016995091 -0.562528729
1756585688198115584.000000 1.560182095 -0.029802924 0.774854064 -0.005157284 -0.825528622 -0.017264429 -0.564072549
1756585688231448320.000000 1.562755227 -0.030074568 0.774841905 -0.004602614 -0.824608982 -0.017228743 -0.565422058
1756585688264781312.000000 1.565455914 -0.029892115 0.774293303 -0.005706154 -0.824263573 -0.016216816 -0.565945208
1756585688298114048.000000 1.567593098 -0.029580921 0.772401452 0.006752804 0.824099362 0.014813844 0.566211402
1756585688331446784.000000 1.570313454 -0.029648948 0.771981955 -0.007456461 -0.824147522 -0.014168892 -0.566148937
1756585688364779264.000000 1.572908640 -0.029523548 0.770950317 -0.007487081 -0.823963940 -0.013902070 -0.566422224
1756585688398110976.000000 1.576157928 -0.029758517 0.769626617 -0.007546156 -0.823679805 -0.014099566 -0.566829622
1756585688431443456.000000 1.578922987 -0.029305600 0.768752575 -0.007785911 -0.823408604 -0.014630506 -0.567206919
1756585688464775680.000000 1.582515836 -0.029450715 0.767300487 -0.007348237 -0.823419809 -0.015195395 -0.567181647
1756585688498107904.000000 1.585723042 -0.029047467 0.765985608 -0.007306340 -0.823696196 -0.015360932 -0.566776216
1756585688531440384.000000 1.589156389 -0.029409461 0.764595866 0.007085332 0.823811293 0.015319970 0.566612899
1756585688564772352.000000 1.592063546 -0.028970655 0.763915539 0.007115390 0.823766947 0.015136166 0.566681921
1756585688598104576.000000 1.594905138 -0.029056178 0.762978554 0.007416240 0.823699772 0.014758747 0.566785574
1756585688631436544.000000 1.598243833 -0.029169215 0.761930943 0.007542967 0.823794186 0.014748088 0.566646993
1756585688664768512.000000 1.601420283 -0.029287908 0.760878921 0.007138784 0.823882937 0.014885802 0.566519558
1756585688698100224.000000 1.604351997 -0.028754009 0.759744644 0.006866774 0.824172437 0.014901097 0.566101313
1756585688731432192.000000 1.607420802 -0.028819339 0.758823276 0.007247067 0.826051414 0.014561265 0.563360155
1756585688764763904.000000 1.611181736 -0.029658005 0.756781697 0.006780465 0.829273582 0.015169992 0.558595896
1756585688798095616.000000 1.614641070 -0.029792307 0.754640222 0.006513443 0.833199978 0.016546641 0.552685916
1756585688831427328.000000 1.617790103 -0.029877251 0.752082825 -0.006149621 -0.837184489 -0.016948173 -0.546623409
1756585688864757760.000000 1.620321393 -0.029973917 0.749557137 -0.007053742 -0.840916693 -0.016287964 -0.540873408
1756585688898089216.000000 1.622798681 -0.030269802 0.747341633 -0.007443850 -0.844039083 -0.015518271 -0.536005378
1756585688931421440.000000 1.625191450 -0.030535750 0.745026350 -0.007860482 -0.846940935 -0.015049569 -0.531415939
1756585688964756224.000000 1.628200769 -0.030773975 0.743100524 -0.007331319 -0.849840403 -0.015200274 -0.526769876
1756585688998090752.000000 1.630852699 -0.030724738 0.740838051 -0.007708734 -0.852551877 -0.015584456 -0.522353292
1756585689031425280.000000 1.633843660 -0.030018428 0.737228870 0.007779322 0.855157852 0.015488558 0.518077850
1756585689064759808.000000 1.636795282 -0.030699803 0.735583663 -0.007823935 -0.858108222 -0.016101403 -0.513156712
1756585689098094080.000000 1.639525175 -0.030526064 0.733050466 -0.007928587 -0.860769749 -0.016133558 -0.508677185
1756585689131428352.000000 1.642210007 -0.030730825 0.731241703 -0.007632797 -0.863744795 -0.016081797 -0.503615141
1756585689164762624.000000 1.644695640 -0.031279072 0.728965402 -0.007960130 -0.866540432 -0.015882345 -0.498790652
1756585689198096640.000000 1.647011757 -0.031207148 0.726568103 -0.008105154 -0.869252086 -0.015533733 -0.494058609
1756585689231430912.000000 1.649600029 -0.031201823 0.724247813 -0.008697162 -0.872088969 -0.015063651 -0.489038110
1756585689264764672.000000 1.651747942 -0.031088654 0.721072435 0.008934056 0.874681950 0.014542999 0.484396815
1756585689298097920.000000 1.653904438 -0.031248813 0.719021201 0.009069626 0.877263427 0.014360229 0.479708761
1756585689331431680.000000 1.655958176 -0.031275950 0.716752172 0.009517084 0.879677355 0.014412986 0.475257307
1756585689364765696.000000 1.658242464 -0.031889487 0.714088082 0.009386967 0.882094145 0.015258071 0.470732599
1756585689398099456.000000 1.661500335 -0.031119190 0.710499287 -0.009723693 -0.884645462 -0.015087974 -0.465918839
1756585689431433216.000000 1.664112210 -0.030921776 0.707487464 -0.009600109 -0.887308002 -0.015105796 -0.460830003
1756585689464766720.000000 1.666696072 -0.031020125 0.704413295 -0.009498826 -0.889846861 -0.014886756 -0.455917597
1756585689498100224.000000 1.669095039 -0.030750588 0.701077223 -0.009708634 -0.892325282 -0.014839806 -0.451044559
1756585689531433984.000000 1.671237946 -0.030948447 0.698098779 -0.009729232 -0.894795239 -0.014579319 -0.446132690
1756585689564767488.000000 1.673713803 -0.030803625 0.694873571 -0.010019113 -0.897416651 -0.014542285 -0.440830469
1756585689598100992.000000 1.675254822 -0.031903896 0.692733288 0.010003210 0.900091827 0.015185544 0.435320705
1756585689631434496.000000 1.678384542 -0.030817293 0.689868450 -0.009756084 -0.902507186 -0.015801571 -0.430274308
1756585689664767488.000000 1.680619717 -0.030697005 0.686560273 -0.009585099 -0.904740989 -0.016926061 -0.425517976
1756585689698100736.000000 1.682955503 -0.030496243 0.683562279 -0.009548518 -0.906947732 -0.017148651 -0.420785844
1756585689731433216.000000 1.684794903 -0.030454801 0.680503964 -0.009772278 -0.909216583 -0.016979432 -0.415862352
1756585689764766208.000000 1.686493516 -0.030436609 0.677836299 -0.009982467 -0.911571026 -0.016277010 -0.410698980
1756585689798098944.000000 1.688350558 -0.030423423 0.674890161 -0.010733852 -0.914107561 -0.015739372 -0.405024052
1756585689831432192.000000 1.692102313 -0.030661024 0.670800447 0.011443160 0.916571856 0.015070932 0.399421990
1756585689864765184.000000 1.693149805 -0.030478414 0.668114662 -0.011264777 -0.918896139 -0.014670908 -0.394065619
1756585689898097920.000000 1.694624543 -0.030298937 0.665009141 -0.011473564 -0.920988142 -0.015566553 -0.389110446
1756585689931431168.000000 1.696773887 -0.030182958 0.661855340 -0.011252162 -0.923061550 -0.015664758 -0.384168446
1756585689964764928.000000 1.698769212 -0.029939964 0.658300161 -0.011519860 -0.925139785 -0.016177468 -0.379106879
1756585689998098944.000000 1.700685382 -0.030418873 0.655199051 -0.011478324 -0.927317500 -0.016043255 -0.373755515
1756585690031432704.000000 1.703061342 -0.030474531 0.652127862 -0.011090622 -0.929648697 -0.015733184 -0.367944181
1756585690064766464.000000 1.705113649 -0.029838022 0.647569418 -0.011028629 -0.931794643 -0.015553036 -0.362484813
1756585690098099968.000000 1.706559658 -0.029608574 0.643989563 -0.011041620 -0.933539331 -0.015138907 -0.357984960
1756585690131433472.000000 1.707664371 -0.029665925 0.640477657 -0.011807906 -0.934000492 -0.014952566 -0.356763393
1756585690164765952.000000 1.709095478 -0.029942982 0.637980223 -0.012513854 -0.933414161 -0.014977362 -0.358269602
1756585690198099456.000000 1.711799860 -0.030228103 0.636389732 -0.011750023 -0.932652056 -0.015383747 -0.360257596
1756585690231432960.000000 1.713918924 -0.030529745 0.634892344 -0.011387845 -0.932257116 -0.015392853 -0.361289650
1756585690264766208.000000 1.717185974 -0.029440705 0.632925391 0.011354298 0.932271540 0.015496210 0.361248881
1756585690298099200.000000 1.719392300 -0.030112088 0.629429460 -0.011558810 -0.932353258 -0.016340438 -0.360994190
1756585690331432704.000000 1.721307278 -0.030013453 0.626773715 -0.011268428 -0.932414293 -0.016847378 -0.360822439
1756585690364765696.000000 1.722813249 -0.030235775 0.624191046 -0.010963958 -0.932435453 -0.017503701 -0.360745847
1756585690398098688.000000 1.725018024 -0.029777788 0.622073889 -0.010639061 -0.932593703 -0.017030576 -0.360368997
1756585690431431424.000000 1.727041721 -0.029418554 0.620074511 -0.011199379 -0.932588995 -0.016192967 -0.360402912
1756585690464764672.000000 1.729127288 -0.029283570 0.618229032 -0.011642721 -0.932584643 -0.015472442 -0.360431582
1756585690498097408.000000 1.731440425 -0.029371740 0.615602851 0.011636032 0.932468057 0.014821334 0.360760778
1756585690531430144.000000 1.733850360 -0.029205455 0.613440752 0.012254555 0.932515025 0.014608017 0.360627502
1756585690564762880.000000 1.736173272 -0.028688109 0.611174822 0.012001601 0.932682097 0.014298564 0.360216171
1756585690598095616.000000 1.738192797 -0.029073462 0.609151483 0.012155364 0.933002532 0.014577317 0.359368980
1756585690631427328.000000 1.740622163 -0.029451195 0.606861830 0.012405053 0.934390068 0.013931140 0.355763048
1756585690664759808.000000 1.742287159 -0.030379105 0.602781892 -0.011809681 -0.936276078 -0.013836871 -0.350793779
1756585690698092288.000000 1.744265914 -0.030515362 0.599147558 -0.011368931 -0.938708723 -0.014617134 -0.344213724
1756585690731424512.000000 1.746458888 -0.031207319 0.595593572 -0.010763708 -0.941372395 -0.016036645 -0.336816102
1756585690764756992.000000 1.747672439 -0.030905493 0.592022657 -0.011103107 -0.943523526 -0.015817594 -0.330741465
1756585690798088960.000000 1.748686910 -0.030759802 0.588598967 -0.011321591 -0.945381641 -0.015563524 -0.325397044
1756585690831421440.000000 1.749781609 -0.030740581 0.584998846 -0.011426415 -0.947113812 -0.014901343 -0.320348084
1756585690864753408.000000 1.751327395 -0.030613909 0.581631064 -0.011483186 -0.948893845 -0.014927898 -0.315032959
1756585690898085632.000000 1.752814293 -0.030219985 0.578308702 -0.011388881 -0.950688422 -0.014637539 -0.309592873
1756585690931418112.000000 1.754780293 -0.029343195 0.572784066 -0.011564189 -0.952299535 -0.015308294 -0.304561377
1756585690964751872.000000 1.756411195 -0.029241323 0.569527209 -0.011565974 -0.953842580 -0.015062152 -0.299706161
1756585690998085632.000000 1.757639170 -0.029457625 0.566023767 -0.011785517 -0.955381036 -0.015464207 -0.294735670
1756585691031419392.000000 1.759126544 -0.029516611 0.562726736 -0.011963046 -0.956951916 -0.015942808 -0.289561391
1756585691064752128.000000 1.760671377 -0.029368499 0.559069633 -0.011934834 -0.958611846 -0.016320828 -0.283997357
1756585691098085632.000000 1.761749387 -0.028951611 0.555148780 -0.011880449 -0.960314035 -0.016455876 -0.278181732
1756585691131419136.000000 1.762957096 -0.028847750 0.550408065 -0.011467059 -0.961914420 -0.016645327 -0.272602528
1756585691164752640.000000 1.763718486 -0.029049637 0.546868205 -0.011700018 -0.963383079 -0.017043615 -0.267330796
1756585691198086144.000000 1.764667511 -0.029004285 0.543450832 -0.011412910 -0.964767575 -0.017063573 -0.262301803
1756585691231419392.000000 1.765668392 -0.028455464 0.540033817 -0.011688448 -0.966055751 -0.016609758 -0.257534146
1756585691264752640.000000 1.766496539 -0.028527694 0.536560416 -0.012001453 -0.967332482 -0.016122602 -0.252712965
1756585691298085632.000000 1.767657518 -0.028711999 0.533025742 -0.012663598 -0.968752980 -0.015590225 -0.247213244
1756585691331418880.000000 1.768668175 -0.029118469 0.528908014 -0.013227628 -0.970195651 -0.015406405 -0.241470575
1756585691364752128.000000 1.770100713 -0.029558398 0.525340796 -0.013036096 -0.971669436 -0.015737891 -0.235459194
1756585691398084864.000000 1.771446109 -0.030006049 0.521449745 -0.012613817 -0.973138154 -0.016690103 -0.229269654
1756585691431417600.000000 1.772333145 -0.030026961 0.518016398 -0.012468208 -0.974440873 -0.016857095 -0.223663658
1756585691464750592.000000 1.773292422 -0.029923158 0.514345527 -0.012250328 -0.975711465 -0.017160159 -0.218042910
1756585691498082048.000000 1.773445129 -0.029757157 0.510851026 0.012796511 0.976858616 0.017367516 0.212795392
1756585691531415040.000000 1.774093390 -0.028901186 0.505347371 -0.012755444 -0.978041053 -0.017083766 -0.207319096
1756585691564747520.000000 1.774443388 -0.028813917 0.502225935 -0.012732318 -0.979348242 -0.016414154 -0.201110825
1756585691598080512.000000 1.774834275 -0.029858902 0.498822868 -0.012741226 -0.980600834 -0.016060544 -0.194940373
1756585691631412480.000000 1.775834680 -0.029642671 0.495293260 0.013321226 0.981719494 0.015876744 0.189201817
1756585691664745216.000000 1.776092529 -0.031114135 0.491289020 -0.012947245 -0.982687175 -0.016545773 -0.184077635
1756585691698077440.000000 1.776756763 -0.031200828 0.487577915 -0.012353645 -0.983710229 -0.016675396 -0.178559601
1756585691731409664.000000 1.777313113 -0.029498696 0.483021319 -0.013030122 -0.984655201 -0.015382448 -0.173343047
1756585691764741888.000000 1.777787805 -0.029266886 0.479639113 -0.013079074 -0.985616207 -0.016002953 -0.167730615
1756585691798074368.000000 1.778626442 -0.029682375 0.476066262 -0.013102938 -0.986579299 -0.016819900 -0.161884665
1756585691831406336.000000 1.779328465 -0.030057006 0.472423255 -0.012835475 -0.987504303 -0.017221600 -0.156121328
1756585691864738304.000000 1.779933333 -0.030019306 0.468640059 -0.012899753 -0.988344133 -0.017077021 -0.150724739
1756585691898070016.000000 1.778658509 -0.029664379 0.464459360 0.013618152 0.989023685 0.016586157 0.146190733
1756585691931402496.000000 1.778921366 -0.029375045 0.459912121 -0.013824184 -0.989848793 -0.016063001 -0.140536040
1756585691964734720.000000 1.779525161 -0.029491635 0.456572413 -0.014010806 -0.990682304 -0.016118368 -0.134508461
1756585691998067968.000000 1.779440403 -0.029482339 0.452432096 -0.013965017 -0.991390824 -0.015883090 -0.129216880
1756585692031401216.000000 1.779264092 -0.030115847 0.449701786 0.014002845 0.992114782 0.016138000 0.123498194
1756585692064734208.000000 1.779165983 -0.029441722 0.444184184 -0.014370110 -0.992798150 -0.015817640 -0.117878199
1756585692098066944.000000 1.778737545 -0.029468242 0.439927936 0.013688061 0.993512630 0.016784225 0.111640424
1756585692131400192.000000 1.779202819 -0.028870214 0.435450733 -0.013538679 -0.994202495 -0.016754573 -0.105344795
1756585692164733184.000000 1.779724002 -0.029241407 0.431802928 -0.013433017 -0.994816899 -0.017172139 -0.099317916
1756585692198065920.000000 1.780004859 -0.029110178 0.428564727 -0.013707686 -0.995377958 -0.016636763 -0.093584538
1756585692231398656.000000 1.779884815 -0.029165769 0.425150692 -0.013706984 -0.995912790 -0.016349006 -0.087764539
1756585692264731136.000000 1.780317783 -0.029597221 0.422327667 -0.013462444 -0.996438682 -0.016057888 -0.081676133
1756585692298063872.000000 1.777218938 -0.028697675 0.416342616 0.014107641 0.996803701 0.015300225 0.077131785
1756585692331396608.000000 1.777401447 -0.028748503 0.412454695 -0.013845415 -0.997255921 -0.015956368 -0.070954405
1756585692364728576.000000 1.777304530 -0.029066877 0.408678412 -0.014118826 -0.997629583 -0.016661568 -0.065256044
1756585692398060288.000000 1.777004361 -0.029292498 0.404910326 -0.014344562 -0.997978747 -0.017109469 -0.059498429
1756585692431392768.000000 1.776777387 -0.029172793 0.401121646 -0.014032925 -0.998328090 -0.016746698 -0.053512901
1756585692464724736.000000 1.776277304 -0.029587250 0.397482634 -0.014464074 -0.998644531 -0.016274644 -0.047277480
1756585692498056960.000000 1.774691582 -0.028581252 0.393429786 0.013888493 0.998875618 0.015579344 0.042567685
1756585692531389184.000000 1.773934722 -0.028394658 0.388904840 -0.014548565 -0.999076366 -0.015199045 -0.037468694
1756585692564720896.000000 1.772733808 -0.029379923 0.385936081 -0.014296784 -0.999224424 -0.016115239 -0.032962535
1756585692598052864.000000 1.771525741 -0.030076822 0.382836461 -0.014422421 -0.999380052 -0.016035052 -0.027830388
1756585692631385088.000000 1.769750118 -0.031158227 0.378997147 -0.014911383 -0.999504447 -0.016543454 -0.022247043
1756585692664716800.000000 1.768272281 -0.032219008 0.375592947 -0.014388022 -0.999609590 -0.017132891 -0.016736651
1756585692698048256.000000 1.769390345 -0.028204627 0.370470017 0.014741288 0.999735296 0.015038525 0.009269794
1756585692731380224.000000 1.769269705 -0.027923830 0.365174800 -0.014354447 -0.999781609 -0.014924380 -0.002848815
1756585692764711680.000000 1.769153357 -0.027855434 0.361759961 -0.014424008 -0.999779701 -0.014937234 0.003077379
1756585692798043136.000000 1.768085718 -0.028114941 0.358095050 -0.014629211 -0.999750614 -0.014772902 0.008152544
1756585692831373568.000000 1.767305851 -0.028078299 0.354351789 -0.014433346 -0.999700904 -0.014202128 0.013718165
1756585692864705024.000000 1.766475201 -0.028008230 0.350359827 -0.014719568 -0.999600947 -0.013923535 0.019686166
1756585692931368192.000000 1.763030291 -0.027782746 0.343951344 0.014563310 0.999350250 0.013482507 -0.030087154
1756585692964702464.000000 1.762503862 -0.028012417 0.339981735 0.014536245 0.999148369 0.013787095 -0.036072750
1756585692998036480.000000 1.761556983 -0.027852539 0.336181283 -0.014811475 -0.998906434 -0.014349359 0.041961711
1756585693031370496.000000 1.760511756 -0.027775828 0.332454979 -0.015100821 -0.998645127 -0.014329575 0.047693688
1756585693064704256.000000 1.758935094 -0.027979013 0.328812957 -0.015029000 -0.998371065 -0.014345342 0.053137101
1756585693131371776.000000 1.756665587 -0.027643416 0.321087778 -0.015119594 -0.997681022 -0.014514984 0.064756803
1756585693164705536.000000 1.755707860 -0.027594358 0.317254782 -0.014668052 -0.997295320 -0.014860329 0.070470788
1756585693198039040.000000 1.754001617 -0.027357120 0.313651383 0.014647855 0.996902645 0.013641761 -0.076056264
1756585693231372544.000000 1.752873302 -0.027427915 0.310256600 0.014467350 0.996429682 0.012997306 -0.082156979
1756585693298038528.000000 1.749072313 -0.027382031 0.303629398 -0.015053569 -0.995482802 -0.012383253 0.092919938
1756585693331371776.000000 1.747747660 -0.027109701 0.300228596 -0.014598235 -0.994903088 -0.012234004 0.099020883
1756585693364705280.000000 1.745964170 -0.027118824 0.296514452 -0.014825554 -0.994310617 -0.012611276 0.104726128
1756585693431371776.000000 1.742407322 -0.027028471 0.289137006 -0.015108222 -0.993067145 -0.013279986 0.115815021
1756585693464704512.000000 1.740664482 -0.027203426 0.285488725 -0.014765407 -0.992362797 -0.013587222 0.121710375
1756585693498037760.000000 1.739157319 -0.026812978 0.281870127 0.014916267 0.991621137 0.012607794 -0.127695084
1756585693564703744.000000 1.735937238 -0.027008947 0.275407553 0.014776294 0.990155280 0.012067514 -0.138667509
1756585693598036224.000000 1.733899236 -0.027492169 0.272185564 0.015137039 0.989366174 0.011811832 -0.144173577
1756585693631369216.000000 1.731222272 -0.026728787 0.269569755 -0.015153575 -0.988632619 -0.011794679 0.149120495
1756585693698034688.000000 1.727003694 -0.026668102 0.262469888 -0.015231721 -0.986814380 -0.012877635 0.160622656
1756585693731366144.000000 1.724820495 -0.026676431 0.259177685 -0.015026317 -0.985824525 -0.013122324 0.166589484
1756585693764698624.000000 1.722221851 -0.026700623 0.256371379 -0.015408293 -0.984868228 -0.012713169 0.172149703
1756585693831363328.000000 1.718051672 -0.026917927 0.250755787 -0.015460781 -0.982901454 -0.011229671 0.183138296
1756585693864695808.000000 1.716379046 -0.026350368 0.247132778 0.014970466 0.981869757 0.010806478 -0.188655615
1756585693898028032.000000 1.714356899 -0.026802737 0.243959785 0.014735807 0.980832398 0.011145192 -0.193975598
1756585693931360512.000000 1.712139368 -0.027015299 0.240452409 0.015027705 0.979670644 0.011754733 -0.199703351
1756585693998029056.000000 1.706546664 -0.026308458 0.233938575 -0.015396769 -0.977331996 -0.012281377 0.210794747
1756585694031363072.000000 1.703978181 -0.025995009 0.231016755 -0.015217951 -0.976138890 -0.011671637 0.216298833
1756585694064697088.000000 1.701825738 -0.026390787 0.227976441 -0.015424448 -0.974829197 -0.011662279 0.222112969
1756585694131364864.000000 1.697326422 -0.026160941 0.222046256 -0.014901464 -0.972110569 -0.011587194 0.233762145
1756585694164698880.000000 1.694191456 -0.026418678 0.219016910 0.015228104 0.970748544 0.012147362 -0.239307106
1756585694231364864.000000 1.689497709 -0.026131496 0.212607265 0.014982252 0.967706621 0.012002199 -0.251347393
1756585694264698624.000000 1.687101364 -0.026123933 0.210091710 0.014699159 0.966313422 0.011556702 -0.256688178
1756585694298032384.000000 1.684408665 -0.026130211 0.207366228 0.014793065 0.964870393 0.011263234 -0.262067497
1756585694364698880.000000 1.679274440 -0.026382208 0.202141047 0.014729543 0.961789191 0.011458096 -0.273154318
1756585694398032128.000000 1.676581502 -0.025977373 0.199023604 0.014944138 0.960005879 0.011513476 -0.279343635
1756585694431365376.000000 1.673856974 -0.025214814 0.195700169 0.014568428 0.958204269 0.011529112 -0.285481095
1756585694464698880.000000 1.670031071 -0.025174774 0.193368673 -0.014461572 -0.956658363 -0.011509277 0.290625542
1756585694531364864.000000 1.664420605 -0.025211602 0.188015461 -0.014282217 -0.953313529 -0.010636928 0.301456898
1756585694564697856.000000 1.661551237 -0.025021669 0.185461044 -0.014576230 -0.951714754 -0.011115252 0.306436062
1756585694631362560.000000 1.656107783 -0.025089186 0.180123091 -0.014412748 -0.948191047 -0.011232685 0.317174852
1756585694664695552.000000 1.653128147 -0.025173765 0.177495956 -0.014294326 -0.946325600 -0.010779738 0.322718680
1756585694698028288.000000 1.650052786 -0.024762593 0.176173329 0.014164641 0.944623411 0.010841941 -0.327671468
1756585694764693504.000000 1.643922329 -0.025091657 0.171023130 0.014064337 0.940872371 0.011337738 -0.338279426
1756585694798025984.000000 1.640596271 -0.024995860 0.168217659 0.014492180 0.939019203 0.011912658 -0.343352795
1756585694831358720.000000 1.637086749 -0.024927404 0.165402889 0.014848483 0.937089980 0.012103862 -0.348562002
1756585694864690944.000000 1.633332610 -0.024672698 0.162532926 0.015174136 0.935086250 0.012565902 -0.353872329
1756585694931355904.000000 1.626495600 -0.024238963 0.157888055 0.014893883 0.930916250 0.012707049 -0.364707679
1756585694964690944.000000 1.623283505 -0.024544802 0.155648947 0.015211682 0.928894758 0.012433084 -0.369822294
1756585694998025984.000000 1.619418383 -0.023599066 0.154151201 -0.015064015 -0.927096844 -0.011739975 0.374334961
1756585695031360512.000000 1.616452336 -0.023867993 0.152421832 -0.015085798 -0.925011277 -0.011255516 0.379473239
1756585695064694528.000000 1.613468647 -0.024256792 0.150694847 -0.015296319 -0.922706544 -0.010324283 0.385061234
1756585695131363584.000000 1.606477857 -0.024052471 0.147162199 -0.015175791 -0.917777658 -0.009923448 0.396680564
1756585695164697856.000000 1.602719426 -0.023853380 0.144636631 -0.015094908 -0.915133893 -0.010512647 0.402730167
1756585695198032384.000000 1.598913431 -0.023479670 0.142796516 0.015308622 0.912659883 0.011159576 -0.408280641
1756585695231366912.000000 1.595267057 -0.023277059 0.139944553 0.015483633 0.910165727 0.011911524 -0.413783669
1756585695298035456.000000 1.588973999 -0.023592982 0.136353493 -0.015370538 -0.905865788 -0.012772663 0.423093200
1756585695331369728.000000 1.585819244 -0.023436828 0.134728432 -0.015155530 -0.903494895 -0.011911476 0.428165287
1756585695364704000.000000 1.582683086 -0.023200804 0.133090734 -0.014646281 -0.900904536 -0.010705873 0.433637947
1756585695398038016.000000 1.579620361 -0.023175810 0.131573439 -0.014141374 -0.898324490 -0.010095025 0.438988984
1756585695464706048.000000 1.573139071 -0.023216434 0.128605366 -0.013831477 -0.893340230 -0.009832365 0.449060529
1756585695498039808.000000 1.569393992 -0.023999605 0.128113747 0.013426865 0.890764236 0.010582238 -0.454144090
1756585695564706560.000000 1.561961174 -0.022977682 0.124141455 0.013886816 0.885762572 0.012486660 -0.463762909
1756585695598040320.000000 1.557774067 -0.022739163 0.122523189 0.013904429 0.883480668 0.012485628 -0.468094736
1756585695631374080.000000 1.555197954 -0.023534290 0.121582747 -0.014276454 -0.880823731 -0.011879906 0.473079979
1756585695664707328.000000 1.551855087 -0.023521181 0.120818377 -0.013879715 -0.878154993 -0.011233434 0.478042960
1756585695698041088.000000 1.548644900 -0.023672029 0.119857788 -0.014010618 -0.875284851 -0.010579807 0.483288974
1756585695764708096.000000 1.541868925 -0.023664676 0.117283463 -0.013136451 -0.869615257 -0.011052809 0.493431479
1756585695798041600.000000 1.538203955 -0.023590202 0.115741134 -0.013096973 -0.867162645 -0.011500311 0.497720033
1756585695831374592.000000 1.535927057 -0.022526506 0.115382314 -0.012360528 -0.866334021 -0.010929556 0.499192566
1756585695898041344.000000 1.530928493 -0.022311421 0.111519337 -0.013111552 -0.868126094 -0.011584762 0.496035278
1756585695931374592.000000 1.528469801 -0.022330606 0.109415650 -0.012596793 -0.868527114 -0.011234625 0.495354235
1756585695964708096.000000 1.525982261 -0.022264613 0.107791901 -0.011925566 -0.868501723 -0.011091875 0.495418519
1756585695998042624.000000 1.523498774 -0.022275858 0.106097460 -0.011604492 -0.868496478 -0.010782745 0.495442301
1756585696064711168.000000 1.517105699 -0.022353990 0.101905107 0.012555891 0.868859470 0.012109031 -0.494751513
1756585696098045440.000000 1.514178991 -0.022301801 0.100022554 0.013042715 0.868817210 0.012273128 -0.494809061
1756585696131379712.000000 1.511261702 -0.022280397 0.098047733 0.012533273 0.868619263 0.012387612 -0.495166838
1756585696164713728.000000 1.508830905 -0.022372780 0.096521258 0.012121877 0.868529618 0.011771321 -0.495349318
1756585696231382016.000000 1.503611803 -0.022309221 0.093755007 0.012015786 0.868895411 0.009875335 -0.494751394
1756585696264716032.000000 1.501408935 -0.023140913 0.092065692 -0.012132222 -0.869020104 -0.010242035 0.494522005
1756585696298049536.000000 1.498452187 -0.022903740 0.090224624 -0.012477758 -0.868715763 -0.010747508 0.495037079
1756585696364717056.000000 1.490474701 -0.022760710 0.086866140 -0.012543905 -0.863108277 -0.011316166 0.504736364
1756585696398049792.000000 1.486110091 -0.022610845 0.086046219 -0.013349912 -0.859164238 -0.011385743 0.511399209
1756585696464717056.000000 1.479406834 -0.022852212 0.084325314 0.012441318 0.851920009 0.009945495 -0.523429751
1756585696498050304.000000 1.475393295 -0.022887848 0.084238648 -0.012112519 -0.849061072 -0.008919377 0.528080642
1756585696531383808.000000 1.472051859 -0.022826904 0.083355188 -0.011871973 -0.846270323 -0.008940170 0.532546341
1756585696598050560.000000 1.464606285 -0.022868671 0.081740499 0.011699885 0.840003431 0.008191775 -0.542393088
1756585696631383808.000000 1.460205793 -0.022708828 0.080978870 0.012001739 0.836701989 0.008647853 -0.547458708
1756585696664716800.000000 1.455726981 -0.022266801 0.079970002 -0.012569742 -0.833327949 -0.009703015 0.552550793
1756585696731383040.000000 1.450284719 -0.020812981 0.082030177 -0.015173377 -0.829712212 -0.009859214 0.557898164
1756585696764716032.000000 1.447244167 -0.020935223 0.081493855 -0.015472050 -0.830152154 -0.009173060 0.557246804
1756585696798048768.000000 1.444487214 -0.021089463 0.079856515 -0.015866874 -0.831454933 -0.009730117 0.555280447
1756585696864713472.000000 1.440037012 -0.021233894 0.076793432 -0.015134117 -0.833343923 -0.008331907 0.552484930
1756585696898046208.000000 1.437339664 -0.021426573 0.075567245 0.014759291 0.833033979 0.007740831 -0.552970767
1756585696931386624.000000 1.435089111 -0.021451969 0.074564815 -0.014054239 -0.832700253 -0.006558476 0.553506851
1756585696998140928.000000 1.428996086 -0.021601256 0.072361350 -0.014403181 -0.832882404 -0.006422230 0.553225398
1756585697031518976.000000 1.425757408 -0.021453323 0.071077824 -0.014751897 -0.833068907 -0.006667109 0.552932262
1756585697064897792.000000 1.422015905 -0.021378826 0.069727540 -0.015490927 -0.833020508 -0.006962830 0.552981377
1756585697131655936.000000 1.414410591 -0.020727221 0.066436648 0.016886082 0.832223475 0.009609310 -0.554099858
1756585697165036288.000000 1.410908222 -0.020321859 0.064986467 0.017139161 0.831660450 0.010323779 -0.554924071
1756585697231797760.000000 1.404637814 -0.020033706 0.061963081 -0.015873138 -0.830475330 -0.009790506 0.556743145
1756585697265178880.000000 1.402593851 -0.019921914 0.061133146 -0.015206185 -0.830343783 -0.009090261 0.556969821
1756585697298560256.000000 1.400378227 -0.019929778 0.060271978 -0.014979392 -0.831034422 -0.008629605 0.555952251
1756585697365325568.000000 1.396020174 -0.020442395 0.058282375 0.014083513 0.831734717 0.006170802 -0.554960430
1756585697398708992.000000 1.393325448 -0.020681003 0.056996346 0.014061684 0.831688702 0.005670723 -0.555035233
1756585697465477376.000000 1.386161566 -0.020947469 0.054337621 -0.015111250 -0.831703901 -0.007434740 0.554964066
1756585697498862592.000000 1.382598042 -0.020523228 0.052981853 0.016270764 0.831742883 0.009040118 -0.554848969
1756585697532248064.000000 1.378932238 -0.020356938 0.051112175 0.017079713 0.831664264 0.010718890 -0.554912686
1756585697599020544.000000 1.372313976 -0.020202387 0.048115730 0.016795037 0.831558645 0.010928830 -0.555075526
1756585697632407552.000000 1.369993925 -0.020164883 0.047191739 0.016081566 0.831543565 0.009889206 -0.555138707
1756585697699182848.000000 1.365105629 -0.020655021 0.044975162 -0.015350299 -0.831785560 -0.008682946 0.554816961
1756585697732570624.000000 1.362459898 -0.020697959 0.043768048 -0.015447393 -0.832095087 -0.008418536 0.554354012
1756585697765959424.000000 1.359503627 -0.020608645 0.042369008 -0.015721805 -0.832473874 -0.008898349 0.553769708
1756585697832739072.000000 1.352820635 -0.020065730 0.039540052 -0.016528213 -0.832784295 -0.009497182 0.553269506
1756585697866129408.000000 1.349588394 -0.019754238 0.038242936 -0.016902840 -0.832858860 -0.009577089 0.553144395
1756585697932902912.000000 1.343407393 -0.019918049 0.035786867 -0.016711231 -0.832333446 -0.010197178 0.553929508
1756585697966245120.000000 1.340368867 -0.019578215 0.034048080 -0.016180899 -0.831955969 -0.009862354 0.554518104
1756585698032929792.000000 1.334628940 -0.019846931 0.031916857 -0.016386688 -0.831988513 -0.010472409 0.554452002
1756585698066272256.000000 1.331558466 -0.019397236 0.030571818 -0.016711690 -0.831936181 -0.010487704 0.554520607
1756585698132956928.000000 1.324988484 -0.019093337 0.027462602 -0.016734933 -0.832208514 -0.011292124 0.554095268
1756585698166298368.000000 1.322018504 -0.018929375 0.026704431 -0.016970310 -0.832755864 -0.010853607 0.553273797
1756585698232983296.000000 1.316536665 -0.018934874 0.024870872 -0.016755592 -0.832871914 -0.010498071 0.553112626
1756585698266325760.000000 1.314452648 -0.019086950 0.023937345 -0.016351739 -0.832760036 -0.009646611 0.553308547
1756585698333010432.000000 1.309582233 -0.019439185 0.021463871 -0.015353891 -0.832436144 -0.008694212 0.553840101
1756585698366353152.000000 1.306693792 -0.019272618 0.019941807 -0.015446558 -0.832378268 -0.008862505 0.553921819
1756585698433038080.000000 1.299711347 -0.018881315 0.016787052 0.016176889 0.832364738 0.009877306 -0.553903937
1756585698466380288.000000 1.295903444 -0.018754307 0.015630484 -0.016305298 -0.832395375 -0.010900608 0.553835154
1756585698533065216.000000 1.289496064 -0.018506553 0.012663722 -0.017081967 -0.832549989 -0.011419614 0.553568840
1756585698566407936.000000 1.286655307 -0.018627807 0.011623502 -0.016885610 -0.832579613 -0.011073282 0.553537309
1756585698633091840.000000 1.280954957 -0.018850606 0.009430051 -0.016215350 -0.832508504 -0.009798300 0.553688228
1756585698666434560.000000 1.278421879 -0.019146837 0.008319974 -0.015899900 -0.832296252 -0.009451642 0.554022431
1756585698733119744.000000 1.272524595 -0.018754456 0.006307244 -0.016105112 -0.832096457 -0.009322711 0.554318666
1756585698766462208.000000 1.269671917 -0.018501379 0.005202174 -0.016082821 -0.831799269 -0.009483850 0.554762602
1756585698833147392.000000 1.264178276 -0.018377483 0.002307415 -0.015818762 -0.831347644 -0.010630431 0.555425823
1756585698866489600.000000 1.261444092 -0.018424036 0.000873446 -0.015578724 -0.831337094 -0.010969571 0.555441916
1756585698933174784.000000 1.254589796 -0.018101804 -0.001555681 -0.015837174 -0.828886867 -0.010874548 0.559086382
1756585698966515712.000000 1.250698328 -0.018449768 -0.002204657 0.016015785 0.825054705 0.011680095 -0.564705193
1756585699033198336.000000 1.243699551 -0.018552113 -0.002148747 -0.015228314 -0.820455372 -0.010034114 0.571419597
1756585699066538496.000000 1.241210222 -0.018740846 -0.003212810 -0.015876001 -0.821171045 -0.010136981 0.570371270
1756585699133220864.000000 1.235645294 -0.018399041 -0.006329894 -0.015291403 -0.822661877 -0.010295228 0.568232059
1756585699166562304.000000 1.232459068 -0.018247787 -0.007401943 -0.015310388 -0.822763741 -0.009995022 0.568089306
1756585699233244672.000000 1.227064252 -0.018315565 -0.009357691 -0.015313594 -0.822623610 -0.009306306 0.568303943
1756585699266585600.000000 1.224173546 -0.018436577 -0.010633111 -0.014911162 -0.822596788 -0.008492567 0.568366170
1756585699333268480.000000 1.219128489 -0.018480929 -0.012336373 0.015037056 0.823077202 0.007485484 -0.567681015
1756585699366609408.000000 1.215796709 -0.018475773 -0.013318777 0.015518909 0.823308885 0.007856755 -0.567327082
1756585699433291776.000000 1.209330082 -0.018286882 -0.015996814 -0.015179330 -0.822627485 -0.008680914 0.568311870
1756585699499973888.000000 1.202994823 -0.017953020 -0.018650651 -0.014864995 -0.821883440 -0.009741206 0.569378316
1756585699533314560.000000 1.197522759 -0.017399633 -0.020460486 -0.014968673 -0.821916580 -0.010029955 0.569322824
1756585699599996672.000000 1.191640139 -0.017507581 -0.022717118 -0.014497008 -0.822095990 -0.009190748 0.569090188
1756585699633337856.000000 1.189501286 -0.017940236 -0.023469329 -0.013928765 -0.822193563 -0.008179184 0.568978786
1756585699666678784.000000 1.187501073 -0.017950339 -0.024050236 0.013479350 0.822251558 0.007111407 -0.568920135
1756585699733361152.000000 1.182313442 -0.018402167 -0.026123762 0.012598889 0.822099984 0.005987029 -0.569172382
1756585699766702592.000000 1.178992510 -0.018158689 -0.027387857 0.012916191 0.821918845 0.006045176 -0.569426119
1756585699833384960.000000 1.171252966 -0.017248325 -0.030169249 -0.014155495 -0.821817517 -0.008671056 0.569509029
1756585699866726144.000000 1.167375326 -0.016912704 -0.031525016 -0.015080615 -0.821603894 -0.010064114 0.569770515
1756585699933408512.000000 1.161174417 -0.016469672 -0.033611655 -0.014575480 -0.821119726 -0.009588791 0.570489407
1756585699966748928.000000 1.158780813 -0.016718050 -0.034530759 -0.013866441 -0.821096361 -0.008850516 0.570552528
1756585700033432576.000000 1.154319406 -0.016848953 -0.036574841 0.012504970 0.821240425 0.007094961 -0.570401132
1756585700066774016.000000 1.151597857 -0.016606364 -0.037682176 0.012154208 0.821355581 0.006761969 -0.570246994
1756585700133457152.000000 1.145128846 -0.016575480 -0.039655209 -0.013256204 -0.821914673 -0.007890700 0.569401860
1756585700166799104.000000 1.142343044 -0.016696973 -0.040636420 -0.013367634 -0.822063506 -0.008165954 0.569180429
1756585700233482240.000000 1.136685610 -0.016337898 -0.042635322 0.013106098 0.821852028 0.007531440 -0.569500506
1756585700300165376.000000 1.131493330 -0.016179584 -0.044929504 0.012494791 0.822044075 0.006965646 -0.569244206
1756585700333507328.000000 1.128655553 -0.016199989 -0.046199203 0.012746321 0.822220087 0.007400542 -0.568978786
1756585700400189696.000000 1.122058511 -0.016443368 -0.048513770 0.013245531 0.822136343 0.007658529 -0.569085121
1756585700433531392.000000 1.119082689 -0.016561326 -0.049328446 -0.013380295 -0.822291732 -0.007295061 0.568862140
1756585700500214528.000000 1.112924814 -0.016562849 -0.051557541 -0.014183713 -0.822714627 -0.007448346 0.568228841
1756585700533556480.000000 1.109810829 -0.016240908 -0.052749515 -0.014164385 -0.822454631 -0.007547697 0.568604290
1756585700600239872.000000 1.103899956 -0.016159622 -0.055278540 -0.013871771 -0.821985424 -0.007745066 0.569286883
1756585700633581312.000000 1.101063013 -0.016282469 -0.055913329 -0.013768969 -0.822072983 -0.007264269 0.569169343
1756585700700264704.000000 1.095047355 -0.016044974 -0.058119416 -0.013709661 -0.822406411 -0.007169640 0.568690062
1756585700733606400.000000 1.092728615 -0.016332375 -0.059533238 -0.013267190 -0.822221160 -0.007399206 0.568965375
1756585700800289792.000000 1.085142851 -0.016002513 -0.062011003 -0.013884695 -0.821784139 -0.008210036 0.569570482
1756585700833630208.000000 1.081936121 -0.015913440 -0.062780499 0.013572322 0.820253730 0.006782408 -0.571798623
1756585700900313600.000000 1.073684216 -0.015869807 -0.063878655 0.014273734 0.812425196 0.007785621 -0.582838714
1756585700933655552.000000 1.069874525 -0.015635466 -0.063456893 0.014618483 0.807963312 0.007539323 -0.589003205
1756585701000337920.000000 1.062731743 -0.016078118 -0.062638164 0.014099856 0.800917029 0.005646711 -0.598582745
1756585701033679360.000000 1.059793472 -0.016175220 -0.062814116 0.013374329 0.799998403 0.005735246 -0.599825799
1756585701100361472.000000 1.053171396 -0.015935212 -0.066023588 -0.014567427 -0.802471638 -0.007545008 0.596464813
1756585701133702656.000000 1.050334930 -0.015719283 -0.067153692 -0.014537594 -0.803092659 -0.007706444 0.595627010
1756585701200385024.000000 1.044342160 -0.016013416 -0.068764329 -0.014415949 -0.803067386 -0.006810730 0.595674872
1756585701233726208.000000 1.041693926 -0.015760574 -0.069086790 -0.014221848 -0.803169310 -0.006440624 0.595546305
1756585701300407552.000000 1.035607457 -0.015604809 -0.071044803 -0.013658430 -0.803150415 -0.006487438 0.595584512
1756585701333748736.000000 1.032268524 -0.015453774 -0.072460771 -0.013923522 -0.803205550 -0.006624712 0.595502496
1756585701400431104.000000 1.025031686 -0.015068106 -0.074851155 0.015231811 0.803092420 0.008172715 -0.595603764
1756585701433772544.000000 1.021819592 -0.015017870 -0.075039268 -0.015790425 -0.802987278 -0.008592221 0.595725060
1756585701500454912.000000 1.015993357 -0.014598752 -0.076992035 -0.015298703 -0.802664578 -0.008415402 0.596175194
1756585701533795840.000000 1.013503432 -0.014427114 -0.077919602 0.014592732 0.802758873 0.007298017 -0.596080542
1756585701600478208.000000 1.008730531 -0.015004574 -0.079141974 0.013439348 0.803565800 0.005557302 -0.595038295
1756585701667160832.000000 1.002620935 -0.014944485 -0.080858946 0.014119007 0.803736508 0.005706787 -0.594790459
1756585701700501760.000000 0.999101102 -0.014619564 -0.081757784 0.014662297 0.803046942 0.006303472 -0.595702112
1756585701767183104.000000 0.989464402 -0.014276420 -0.083639383 0.015761921 0.795100033 0.009300909 -0.606202245
1756585701833865472.000000 0.982374966 -0.014399975 -0.083029866 -0.014713463 -0.786374152 -0.009033796 0.617509246
1756585701867206656.000000 0.979147673 -0.014498590 -0.082739353 0.013941548 0.783038139 0.008223902 -0.621763110
1756585701933888768.000000 0.973781109 -0.015283577 -0.082176328 0.012692207 0.779735506 0.006020192 -0.625951529
1756585701967229440.000000 0.971170425 -0.015155500 -0.083515167 0.012884938 0.780992448 0.005999516 -0.624378800
1756585702033910528.000000 0.964547515 -0.014521286 -0.085545778 0.013559121 0.782548368 0.007594237 -0.622395813
1756585702067250944.000000 0.960932493 -0.014384096 -0.086723208 0.014063583 0.782401562 0.008367413 -0.622559249
1756585702133931776.000000 0.952978015 -0.013271786 -0.088676333 -0.014342586 -0.781711519 -0.008770946 0.623413682
1756585702200611840.000000 0.947347045 -0.013032669 -0.090072870 0.012713424 0.781165123 0.007887548 -0.624145269
1756585702233952256.000000 0.944542766 -0.013196184 -0.091033220 0.012893471 0.781594217 0.007806386 -0.623605192
1756585702267292928.000000 0.941940546 -0.012994003 -0.091570854 0.012838092 0.782390416 0.007256895 -0.622613788
1756585702333973760.000000 0.935712993 -0.013364370 -0.093409896 0.013033573 0.782389522 0.007343721 -0.622609675
1756585702367314176.000000 0.932249010 -0.013152289 -0.094245076 0.013426954 0.781886280 0.007951449 -0.623225808
1756585702433995008.000000 0.927505136 -0.013149159 -0.093872190 -0.013314892 -0.782173038 -0.007194633 0.622877598
1756585702467335424.000000 0.924201310 -0.013695916 -0.094933033 -0.013314773 -0.782400072 -0.007044376 0.622594059
1756585702534016256.000000 0.918182492 -0.012876320 -0.096581817 -0.013408510 -0.782743216 -0.006968581 0.622161329
1756585702567356672.000000 0.915048301 -0.012598615 -0.097176909 -0.014104405 -0.783062518 -0.007344753 0.621739745
1756585702634036480.000000 0.908592641 -0.012622245 -0.098289371 -0.014382237 -0.782755792 -0.007014085 0.622123361
1756585702667376896.000000 0.905311942 -0.012589865 -0.099173665 -0.013964871 -0.782346427 -0.007020432 0.622647464
1756585702734057728.000000 0.898655891 -0.012076362 -0.100768566 0.014642108 0.781868935 0.008556099 -0.623212159
1756585702800738304.000000 0.892474651 -0.011897990 -0.101978898 -0.014380193 -0.781895638 -0.007892836 0.623193562
1756585702834078464.000000 0.890031159 -0.012004428 -0.101842284 -0.013947395 -0.782239556 -0.007032930 0.622781932
1756585702900759296.000000 0.884611785 -0.012112256 -0.103455544 -0.013750534 -0.783053219 -0.005674352 0.621776879
1756585702934099968.000000 0.881731570 -0.012634944 -0.103648186 0.013501095 0.783537745 0.005484237 -0.621173382
1756585703000781056.000000 0.875330925 -0.013022949 -0.104754090 0.013987300 0.784069836 0.005633809 -0.620489478
1756585703034121472.000000 0.871519506 -0.012402650 -0.105528235 0.014304389 0.783948958 0.006494754 -0.620626450
1756585703100801536.000000 0.863923073 -0.012040759 -0.107800961 0.015252391 0.783073485 0.008216116 -0.621687889
1756585703134142208.000000 0.860943377 -0.011882422 -0.108272612 0.015048972 0.782827258 0.007719759 -0.622009277
1756585703200823296.000000 0.855429173 -0.011896842 -0.109569371 0.015124978 0.783518612 0.007054365 -0.621144235
1756585703234163712.000000 0.852905452 -0.012140949 -0.110165238 -0.014992259 -0.783849895 -0.006699967 0.620733202
1756585703300844544.000000 0.846691549 -0.012130832 -0.111610830 -0.014985681 -0.783829093 -0.006370446 0.620763183
1756585703334185472.000000 0.843607306 -0.012111515 -0.112550735 -0.014762490 -0.783452749 -0.006144173 0.621245682
1756585703400866304.000000 0.836652994 -0.011651206 -0.114384711 -0.015281872 -0.782786846 -0.007345995 0.622058988
1756585703434206720.000000 0.833049238 -0.011497512 -0.115140021 -0.015726831 -0.782762885 -0.008434256 0.622064054
1756585703467547136.000000 0.830027163 -0.011297343 -0.115560472 -0.015723754 -0.783004403 -0.008401268 0.621760726
1756585703534227200.000000 0.824803591 -0.011050651 -0.116251230 0.015410113 0.783985734 0.006958053 -0.620548606
1756585703567567616.000000 0.822066784 -0.011318734 -0.116707325 0.015833771 0.784402013 0.006411179 -0.620017588
1756585703634248448.000000 0.816620052 -0.011314347 -0.117837191 0.015895043 0.784545362 0.005661035 -0.619841874
1756585703667588864.000000 0.813575387 -0.011657997 -0.118542910 0.015665403 0.784504056 0.005401907 -0.619902372
1756585703734269952.000000 0.806617618 -0.011656083 -0.120611489 -0.016386915 -0.784233451 -0.005947873 0.620220959
1756585703767610112.000000 0.802505553 -0.011326117 -0.121915102 -0.017077837 -0.783681393 -0.007867184 0.620878339
1756585703800950528.000000 0.798946083 -0.010885231 -0.122909009 0.016985791 0.783380628 0.008814607 -0.621247649
1756585703867631360.000000 0.792586386 -0.010541758 -0.124579966 0.017255215 0.783698201 0.008921903 -0.620838046
1756585703900971776.000000 0.789425731 -0.010833798 -0.124677479 -0.017548293 -0.784188330 -0.008155953 0.620221138
1756585703967651328.000000 0.784147620 -0.010896973 -0.126061738 -0.017211253 -0.784780681 -0.007442750 0.619489908
1756585704000991488.000000 0.781203508 -0.010967246 -0.126813769 -0.017439129 -0.785147488 -0.007210314 0.619021297
1756585704067672320.000000 0.774724483 -0.011130071 -0.127800763 -0.017895132 -0.785452306 -0.007091233 0.618622780
1756585704101012736.000000 0.771318316 -0.010963868 -0.128640890 -0.017599633 -0.785244346 -0.007028958 0.618896008
1756585704134352896.000000 0.768055201 -0.010897617 -0.129913211 -0.017533893 -0.784794986 -0.007673587 0.619459927
1756585704201033472.000000 0.760595560 -0.010875103 -0.132145345 0.018253399 0.784010589 0.008860706 -0.620415747
1756585704234373888.000000 0.757299185 -0.010634915 -0.132996500 0.018069368 0.783815861 0.009044835 -0.620664477
1756585704301054464.000000 0.752102613 -0.010499787 -0.133854806 -0.017850356 -0.784403026 -0.008137685 0.619941235
1756585704334394624.000000 0.748712957 -0.010141835 -0.134292901 -0.018190153 -0.785054266 -0.007640986 0.619112849
1756585704401074176.000000 0.742939591 -0.010002621 -0.135551989 -0.018731859 -0.785755694 -0.008045685 0.618200958
1756585704434414336.000000 0.740025759 -0.010043550 -0.136233270 -0.018487537 -0.785694301 -0.007680163 0.618291080
1756585704501094912.000000 0.734223425 -0.010452120 -0.137658000 -0.016836816 -0.785083473 -0.007529506 0.619115412
1756585704534435072.000000 0.731194913 -0.010346718 -0.138577282 -0.016791133 -0.785048008 -0.007643628 0.619160175
1756585704567775232.000000 0.727724075 -0.010145707 -0.139503837 -0.017328996 -0.785365105 -0.007979078 0.618738890
1756585704634455808.000000 0.721446693 -0.010059394 -0.141456783 -0.017804338 -0.785735965 -0.007717546 0.618257582
1756585704667795968.000000 0.718403697 -0.010123146 -0.141893029 -0.017651541 -0.785889447 -0.007263078 0.618072450
1756585704734476032.000000 0.711391568 -0.009919488 -0.143607974 0.018720061 0.785445809 0.009530351 -0.618573904
1756585704767816192.000000 0.707333922 -0.009764535 -0.144605875 -0.018949192 -0.785308838 -0.009440186 0.618742228
1756585704801156608.000000 0.704382479 -0.009507668 -0.145073533 -0.018884823 -0.785230517 -0.009001664 0.618850112
1756585704867835648.000000 0.698670566 -0.009644751 -0.146623611 0.017379044 0.784991562 0.007906505 -0.619212210
1756585704901175808.000000 0.696337640 -0.009856544 -0.147398472 0.016578458 0.785057127 0.007356257 -0.619157791
1756585704934516224.000000 0.693444312 -0.010024989 -0.148491561 0.016257484 0.785391271 0.006965660 -0.618746996
1756585705001198080.000000 0.686899781 -0.009612793 -0.149970889 0.017382657 0.786212683 0.007815234 -0.617662132
1756585705034539008.000000 0.683662057 -0.009514436 -0.150520504 0.018399488 0.786459863 0.009010791 -0.617301524
1756585705101220864.000000 0.676914990 -0.009913861 -0.151965201 0.019030759 0.786261678 0.009168925 -0.617532551
1756585705134561792.000000 0.674288392 -0.009924970 -0.152486742 -0.018635213 -0.786050379 -0.008468414 0.617823362
1756585705201243904.000000 0.668860912 -0.010089993 -0.153359056 -0.017576771 -0.785483479 -0.006870084 0.618594885
1756585705234584832.000000 0.665732980 -0.010344839 -0.154339731 -0.017708186 -0.785447001 -0.007299303 0.618632495
1756585705267925760.000000 0.662156820 -0.010230506 -0.154955983 -0.017990483 -0.785924673 -0.007520851 0.618014812
1756585705334606592.000000 0.655176282 -0.009829896 -0.156804502 -0.018605612 -0.786336243 -0.007693094 0.617470682
1756585705367947520.000000 0.652129769 -0.009799270 -0.157472134 -0.018925985 -0.786505640 -0.007952806 0.617241859
1756585705434629376.000000 0.645654798 -0.009560134 -0.159040391 -0.018986698 -0.786156356 -0.007992243 0.617684245
1756585705467970304.000000 0.642581701 -0.009366894 -0.159461081 -0.018595146 -0.786034286 -0.007512016 0.617857516
1756585705534652160.000000 0.637144804 -0.009829795 -0.160182893 -0.018182732 -0.786027968 -0.006293068 0.617891550
1756585705567993088.000000 0.634011984 -0.009753907 -0.161324441 -0.017884810 -0.785960853 -0.006111386 0.617987394
1756585705601334272.000000 0.630521178 -0.009781053 -0.161941230 -0.018415703 -0.786047995 -0.006810533 0.617853582
1756585705668016128.000000 0.623366416 -0.009299077 -0.163432539 0.019660845 0.786048472 0.008732438 -0.617790580
1756585705701356800.000000 0.620693207 -0.009144901 -0.163977265 -0.018783856 -0.785998404 -0.007568334 0.617896855
1756585705768037888.000000 0.615755022 -0.009537525 -0.165210545 -0.017656185 -0.786132693 -0.005694853 0.617779255
1756585705801378816.000000 0.612896919 -0.009319194 -0.165490329 -0.018180694 -0.786416054 -0.005587960 0.617404342
1756585705868060672.000000 0.604808748 -0.008711996 -0.167574286 0.019937674 0.786076069 0.008101513 -0.617755055
1756585705901401600.000000 0.600814104 -0.008306012 -0.168762326 0.019454500 0.785654902 0.008276376 -0.618303716
1756585705934742528.000000 0.598102152 -0.008610959 -0.169839203 0.018491672 0.785185754 0.008126104 -0.618930936
1756585706001423616.000000 0.593378484 -0.008813194 -0.170784295 -0.016931454 -0.785337746 -0.005879465 0.618808091
1756585706034763776.000000 0.590687633 -0.008710691 -0.171379447 -0.016849251 -0.785733521 -0.005758489 0.618308902
1756585706101444864.000000 0.584276438 -0.008609979 -0.172763765 -0.017202722 -0.786169469 -0.006725217 0.617734909
1756585706134785536.000000 0.580760479 -0.008342505 -0.173531294 -0.017867429 -0.786071837 -0.007511131 0.617831290
1756585706168124928.000000 0.576981783 -0.008219857 -0.174026668 0.018566515 0.785879016 0.008016373 -0.618049562
1756585706234805760.000000 0.571204066 -0.008261759 -0.175723016 0.018109366 0.785934210 0.007900695 -0.617994487
1756585706268146432.000000 0.568458915 -0.008468852 -0.176523983 -0.017686872 -0.786124229 -0.007557770 0.617769182
1756585706334827520.000000 0.562742889 -0.008583657 -0.178055942 -0.017689895 -0.785919964 -0.006809402 0.618037701
1756585706368167680.000000 0.559743524 -0.007771060 -0.178461194 -0.017192429 -0.785705209 -0.005666571 0.618336141
1756585706434848512.000000 0.553639114 -0.008187592 -0.180292010 -0.016981199 -0.785216331 -0.006274142 0.618956983
1756585706468189184.000000 0.549236774 -0.007837793 -0.181241632 -0.017058473 -0.785157502 -0.007203289 0.619019210
1756585706534870272.000000 0.542121351 -0.007463988 -0.182478607 0.017831692 0.784991324 0.008458205 -0.619192481
1756585706568210432.000000 0.538321257 -0.007114786 -0.183237612 0.018243590 0.785040736 0.009094504 -0.619108617
1756585706634889984.000000 0.532561898 -0.007211920 -0.184995770 0.017591510 0.784953654 0.008089669 -0.619251966
1756585706668230656.000000 0.529982328 -0.007366055 -0.185773611 -0.016445128 -0.784736097 -0.007044978 0.619571745
1756585706734911488.000000 0.524606109 -0.007845820 -0.187428415 -0.015459662 -0.784483612 -0.006838806 0.619919121
1756585706768251648.000000 0.521946788 -0.007639178 -0.187605023 -0.016308622 -0.785066307 -0.007025863 0.619157255
1756585706801592064.000000 0.518360674 -0.007378187 -0.188688815 0.016870368 0.785369456 0.007886634 -0.618747115
1756585706868272896.000000 0.510403454 -0.007093877 -0.191053092 -0.017018782 -0.785434067 -0.009440604 0.618639231
1756585706901613312.000000 0.507444561 -0.007128864 -0.191926539 -0.017203903 -0.785331249 -0.009455380 0.618764579
1756585706934953728.000000 0.504910707 -0.007352334 -0.192108035 -0.017278451 -0.785574138 -0.008629589 0.618466079
1756585707001634816.000000 0.499306262 -0.007475997 -0.192911208 0.017070824 0.785749674 0.007192975 -0.618267238
1756585707034975232.000000 0.496484578 -0.007572919 -0.193748295 0.016590944 0.785533190 0.007207937 -0.618555188
1756585707101655552.000000 0.490229577 -0.007321237 -0.195289791 -0.017003626 -0.785461903 -0.008234495 0.618621647
1756585707134996224.000000 0.486503422 -0.006866885 -0.196104050 0.017668176 0.785837531 0.008881991 -0.618116915
1756585707168336896.000000 0.483310193 -0.007032956 -0.196763396 0.017776033 0.785968125 0.008582075 -0.617951930
1756585707235017984.000000 0.477229476 -0.007097703 -0.198382854 0.017490219 0.785294235 0.008932695 -0.618811190
1756585707268358656.000000 0.474267632 -0.007215415 -0.199106574 0.017262489 0.785001934 0.009071701 -0.619186401
1756585707335039488.000000 0.467860937 -0.006797899 -0.200695395 0.017065711 0.784774780 0.009275470 -0.619476736
1756585707368380160.000000 0.464117229 -0.006105680 -0.201446116 -0.016511053 -0.784970343 -0.009142058 0.619245768
1756585707401720832.000000 0.461141199 -0.005924392 -0.202414513 -0.016375465 -0.785225928 -0.009684174 0.618917048
1756585707468401920.000000 0.455311477 -0.005661695 -0.203910232 -0.016222138 -0.785787046 -0.008580303 0.618224919
1756585707501741312.000000 0.452289194 -0.005593235 -0.204873174 -0.016458336 -0.786245883 -0.008635795 0.617634177
1756585707535081984.000000 0.449340135 -0.005609204 -0.205843598 -0.016202128 -0.786600232 -0.008548787 0.617190897
1756585707601763072.000000 0.442566812 -0.005616236 -0.208024502 0.015642110 0.785841942 0.007780127 -0.618180692
1756585707635103488.000000 0.439859986 -0.006340547 -0.207311541 0.016358839 0.785468996 0.007876613 -0.618634701
1756585707668444160.000000 0.436369568 -0.006260484 -0.208320469 0.016868079 0.784933209 0.008928075 -0.619286478
1756585707735124992.000000 0.429572165 -0.006456325 -0.210290015 0.017442821 0.784647584 0.010554071 -0.619606793
1756585707768465408.000000 0.426786482 -0.005988433 -0.209839255 -0.017201673 -0.784969151 -0.010411523 0.619208515
1756585707835146496.000000 0.421055228 -0.005628825 -0.211544305 -0.016166773 -0.785071492 -0.009975253 0.619113803
1756585707868487168.000000 0.418287396 -0.005322241 -0.212190062 -0.015682710 -0.785079539 -0.009258493 0.619127274
1756585707901827328.000000 0.415096909 -0.005241690 -0.212829530 -0.015777608 -0.785301328 -0.009150855 0.618845046
1756585707968507392.000000 0.408309042 -0.004880584 -0.214690953 -0.016135020 -0.785294771 -0.010664060 0.618819833
1756585708001848064.000000 0.404932916 -0.004684479 -0.215668917 -0.016056940 -0.785082340 -0.011001084 0.619085610
1756585708035188224.000000 0.402018875 -0.004895713 -0.216717482 0.015571762 0.784887552 0.010855568 -0.619347513
1756585708101869056.000000 0.396854490 -0.005119363 -0.218180627 0.015097856 0.785276353 0.009993702 -0.618880630
1756585708135209472.000000 0.393645883 -0.005271921 -0.218716323 0.015128846 0.785655499 0.010224452 -0.618394792
1756585708168549888.000000 0.390105158 -0.004855876 -0.219251096 0.015844382 0.785812914 0.010876723 -0.618165612
1756585708235230464.000000 0.382762164 -0.004211196 -0.221146584 0.016810739 0.785845339 0.012430768 -0.618069589
1756585708268571136.000000 0.379209489 -0.004772445 -0.222903728 -0.016620858 -0.785473228 -0.013723304 0.618520260
1756585708301911296.000000 0.376499295 -0.004558515 -0.224248558 -0.016193414 -0.785361290 -0.013490620 0.618678808
1756585708368592128.000000 0.371558845 -0.004848151 -0.225103021 -0.015513749 -0.786091447 -0.011481942 0.617808938
1756585708401931264.000000 0.368708163 -0.004469623 -0.225856632 -0.015001272 -0.786452532 -0.011097285 0.617368817
1756585708468611840.000000 0.362966388 -0.004410576 -0.227354825 -0.015013533 -0.786680400 -0.011034713 0.617079318
1756585708501952256.000000 0.359648287 -0.004458623 -0.228310853 -0.015456710 -0.786885321 -0.011225193 0.616803527
1756585708535292416.000000 0.356276870 -0.004732461 -0.229142874 0.015730940 0.787138045 0.011771739 -0.616463840
1756585708601972992.000000 0.349744320 -0.003506870 -0.230866194 0.016512778 0.787037313 0.012704290 -0.616553545
1756585708635313152.000000 0.346793622 -0.003634864 -0.231357545 0.016289525 0.786848485 0.012354178 -0.616807580
1756585708668653568.000000 0.343661934 -0.003758722 -0.231547058 -0.015959466 -0.786818266 -0.012335145 0.616855085
1756585708701993984.000000 0.341165841 -0.003558559 -0.232274592 -0.015190191 -0.786902964 -0.011458511 0.616783321
1756585708768674304.000000 0.335438728 -0.003770037 -0.233811527 -0.014430296 -0.787057817 -0.011006180 0.616612315
1756585708802014464.000000 0.331872970 -0.003583106 -0.234515369 -0.014517970 -0.787196040 -0.011160797 0.616430879
1756585708868694016.000000 0.325109482 -0.002682877 -0.235840589 -0.015157973 -0.787144721 -0.011289505 0.616478741
1756585708902034176.000000 0.321866900 -0.002670111 -0.236905515 -0.015104306 -0.787200391 -0.012109540 0.616393447
1756585708968715520.000000 0.315682441 -0.002706893 -0.239703387 0.015116480 0.787653804 0.013147078 -0.615792394
1756585709002056192.000000 0.313526690 -0.003130211 -0.239855468 -0.015288408 -0.788307726 -0.011865604 0.614976704
1756585709035397120.000000 0.311073899 -0.003791474 -0.239759624 -0.015183571 -0.788870931 -0.010471111 0.614282131
1756585709102078976.000000 0.305684090 -0.004194094 -0.241142958 -0.014666185 -0.789030731 -0.009844149 0.614099801
1756585709135419648.000000 0.302417040 -0.003677294 -0.241689980 -0.015096020 -0.789098620 -0.010197656 0.613996327
1756585709202101248.000000 0.295111179 -0.002886541 -0.243338317 -0.016318291 -0.788754463 -0.011051654 0.614392459
1756585709235442176.000000 0.291627467 -0.002689907 -0.244342744 -0.016489198 -0.788681149 -0.011324742 0.614476979
1756585709268782848.000000 0.288147986 -0.002418208 -0.245693654 -0.016004825 -0.788560450 -0.011037945 0.614649773
1756585709335463680.000000 0.282892048 -0.002619001 -0.246715933 -0.015297779 -0.788874567 -0.010090964 0.614281058
1756585709368804608.000000 0.280783772 -0.003150018 -0.247795761 -0.014807310 -0.789069653 -0.009602781 0.614050210
1756585709402145536.000000 0.277812779 -0.003097465 -0.248507559 -0.014980473 -0.789285064 -0.009296598 0.613773823
1756585709468827136.000000 0.270995259 -0.002778563 -0.250628233 -0.015764922 -0.789546549 -0.010301405 0.613401651
1756585709502168064.000000 0.268243313 -0.003440646 -0.250747859 0.016146556 0.789494336 0.010510649 -0.613455474
1756585709535508992.000000 0.264040589 -0.002508488 -0.251663506 -0.016116822 -0.789223671 -0.010753375 0.613800108
1756585709602190592.000000 0.257492572 -0.001961046 -0.252851784 -0.016110914 -0.788712204 -0.011109951 0.614451051
1756585709635531264.000000 0.254286349 -0.001714286 -0.253760099 -0.015635842 -0.788358986 -0.011179194 0.614915192
1756585709702212864.000000 0.248839468 -0.001371954 -0.255282521 -0.015391516 -0.788866758 -0.010921863 0.614274383
1756585709735552768.000000 0.246865764 -0.001539479 -0.255768478 -0.014951656 -0.789884925 -0.010024221 0.612990856
1756585709768893184.000000 0.244282693 -0.001825651 -0.256889910 -0.015199798 -0.790504813 -0.009933269 0.612186730
1756585709835574784.000000 0.237951979 -0.001191323 -0.258899570 -0.014684505 -0.790929317 -0.009019343 0.611664951
1756585709868915712.000000 0.234918952 -0.001337228 -0.259190202 -0.015024697 -0.790996552 -0.009137408 0.611567795
1756585709902256384.000000 0.231279656 -0.001104130 -0.259774268 -0.015687453 -0.790306985 -0.009461153 0.612437248
1756585709968938752.000000 0.221991003 -0.000550510 -0.261034429 -0.016327085 -0.783195198 -0.010980687 0.621464550
1756585710002280192.000000 0.217909142 -0.000300076 -0.260357499 -0.015926780 -0.778800070 -0.010699829 0.626978815
1756585710035621632.000000 0.213937774 -0.000302766 -0.260543585 0.015643802 0.774138272 0.011562512 -0.632717550
1756585710102304512.000000 0.208315253 -0.000213066 -0.259863585 0.014592749 0.767388701 0.008818372 -0.640955508
1756585710135645952.000000 0.204512611 -0.000746904 -0.260136336 -0.014172249 -0.763845325 -0.008012691 0.645194054
1756585710202327808.000000 0.197151393 -0.000929476 -0.258964568 -0.013885782 -0.756020367 -0.008099733 0.654350698
1756585710235668992.000000 0.193001464 -0.000351865 -0.258632690 0.013785347 0.751957476 0.008729074 -0.659009635
1756585710302351616.000000 0.184959054 0.000110701 -0.258097231 0.013870774 0.744385421 0.010333529 -0.667526186
1756585710335693312.000000 0.181386799 -0.000085643 -0.257861614 0.013478357 0.740994930 0.010037513 -0.671300352
1756585710402375936.000000 0.174683005 -0.000235516 -0.256855726 0.012932114 0.734364212 0.009638896 -0.678564012
1756585710435717632.000000 0.170504808 0.000497687 -0.256006896 0.013406201 0.731114745 0.009448240 -0.682057440
1756585710502400512.000000 0.163156152 -0.000201294 -0.254442275 0.013622282 0.723582923 0.008660062 -0.690048754
1756585710535741696.000000 0.159872919 -0.000597687 -0.254328668 0.013153387 0.719058812 0.008653637 -0.694770813
1756585710602424576.000000 0.151659429 -0.000239138 -0.253237307 0.014530711 0.711305022 0.010892695 -0.702648938
1756585710635764992.000000 0.149362311 0.000613723 -0.250558138 -0.013944171 -0.708255470 -0.010139957 0.705745697
1756585710669106432.000000 0.145523876 0.000489336 -0.249947995 -0.013888837 -0.704268932 -0.010633958 0.709717751
1756585710735789312.000000 0.138637125 0.000808637 -0.248142764 -0.014030273 -0.697147727 -0.010640341 0.716711283
1756585710769131008.000000 0.134886891 0.000723203 -0.247098312 -0.013825269 -0.693430960 -0.010477988 0.720314264
1756585710835813888.000000 0.128803566 0.000232770 -0.245435685 -0.013609574 -0.686510384 -0.010634235 0.726914823
1756585710869154816.000000 0.125558510 0.001086145 -0.244220704 -0.013716395 -0.683720469 -0.009888896 0.729548156
1756585710935837952.000000 0.118763924 0.001252679 -0.244175836 -0.012570410 -0.675439298 -0.008548807 0.737258971
1756585710969179904.000000 0.115307890 0.001418580 -0.242615223 -0.012175494 -0.671153605 -0.009103280 0.741162419
1756585711002522112.000000 0.111548088 0.001653992 -0.241456375 -0.012710874 -0.666644931 -0.010375028 0.745194852
1756585711069204736.000000 0.101884983 0.001935558 -0.238784254 -0.013740401 -0.658465803 -0.011958501 0.752390206
1756585711102546944.000000 0.098301426 0.002139646 -0.237564236 -0.013377940 -0.654754877 -0.011278265 0.755638778
1756585711169230848.000000 0.091415912 0.001917554 -0.234725341 -0.013141634 -0.647387326 -0.010045042 0.761981726
1756585711202573056.000000 0.088718981 0.001589456 -0.233686477 -0.012496428 -0.643283844 -0.009892986 0.765461922
1756585711269256960.000000 0.082967401 0.001246553 -0.231327489 -0.011823361 -0.635158122 -0.009989724 0.772227108
1756585711302599168.000000 0.078822136 0.002958611 -0.229911879 -0.011762020 -0.630758584 -0.009158882 0.775835931
1756585711335941120.000000 0.076487072 0.002810695 -0.227745444 -0.011714101 -0.627161980 -0.008544406 0.778753936
1756585711402625280.000000 0.070390590 0.002180179 -0.224569470 -0.011261125 -0.618865550 -0.008482031 0.785370409
1756585711435967488.000000 0.066713683 0.002151782 -0.222802699 -0.011194563 -0.614223123 -0.008302686 0.789009333
1756585711502651648.000000 0.061318472 0.001360587 -0.218950227 -0.011769329 -0.606095612 -0.008004809 0.795264423
1756585711535992576.000000 0.058774114 0.000667157 -0.216930851 -0.011424393 -0.602019191 -0.007814935 0.798361659
1756585711602676992.000000 0.051571235 0.003499726 -0.213345319 -0.010273922 -0.592460692 -0.006434531 0.805508256
1756585711636018944.000000 0.048202261 0.003684379 -0.211180776 -0.010687120 -0.588304400 -0.007408475 0.808535039
1756585711669361408.000000 0.044526793 0.004272111 -0.210035622 -0.011469472 -0.582831264 -0.008161986 0.812471330
1756585711736045312.000000 0.036838293 0.004830733 -0.206081480 -0.012180846 -0.574739456 -0.007313767 0.818213224
1756585711769387776.000000 0.034312382 0.004367856 -0.204135478 -0.011877246 -0.570306122 -0.006709993 0.821318984
1756585711836071936.000000 0.030526318 0.003196641 -0.198781013 -0.012283479 -0.560964763 -0.006514670 0.827722907
1756585711902756352.000000 0.022768825 0.003844027 -0.193304628 -0.013175290 -0.551225781 -0.007387233 0.834219396
1756585711936098560.000000 0.018859781 0.004187417 -0.190932393 -0.013294099 -0.546501279 -0.007334671 0.837320626
1756585711969439744.000000 0.015889205 0.003970245 -0.189087719 -0.013461554 -0.541920662 -0.007236621 0.840290725
1756585712036123648.000000 0.009871490 0.003100286 -0.184817553 -0.013404933 -0.533330083 -0.006178643 0.845778525
1756585712069465856.000000 0.006956995 0.002638716 -0.182485670 -0.013824039 -0.528576434 -0.005725257 0.848753870
1756585712136150016.000000 0.002197459 0.003676789 -0.176661149 -0.013472707 -0.519462287 -0.005145954 0.854371727
1756585712169492224.000000 -0.000199832 0.003928090 -0.174425259 -0.012720633 -0.514516592 -0.004635833 0.857373595
1756585712236176384.000000 -0.004885316 0.004128728 -0.169049129 -0.012202223 -0.504718423 -0.004086474 0.863188207
1756585712269518592.000000 -0.007408865 0.004151739 -0.166334793 -0.012237408 -0.499803901 -0.003928243 0.866043270
1756585712336202752.000000 -0.013218164 0.004514488 -0.160469979 -0.012876139 -0.490239739 -0.004182493 0.871482551
1756585712369544960.000000 -0.015956156 0.004432236 -0.157892123 -0.013107928 -0.485268861 -0.004211195 0.874256611
1756585712436228352.000000 -0.022473969 0.004323401 -0.152186453 -0.013002154 -0.475300729 -0.004403335 0.879716396
1756585712469570560.000000 -0.024941705 0.004744278 -0.150439829 -0.012695146 -0.470447928 -0.004579877 0.882324576
1756585712502912768.000000 -0.027316354 0.004824331 -0.147258133 -0.012932869 -0.466078371 -0.004277911 0.884638608
1756585712569597184.000000 -0.032241397 0.004950924 -0.141225189 -0.012705979 -0.457146168 -0.003585000 0.889293611
1756585712602939392.000000 -0.034769062 0.004852054 -0.138034403 -0.012763016 -0.452972651 -0.003544200 0.891426086
1756585712669623808.000000 -0.038632832 0.004370932 -0.133869648 -0.018079709 -0.443371594 -0.006541955 0.896131694
1756585712702966016.000000 -0.038657099 0.004620446 -0.133386791 -0.017833387 -0.440752894 -0.006903360 0.897424757
1756585712769650688.000000 -0.036629431 0.003576491 -0.133985177 -0.015895186 -0.436015278 -0.005837541 0.899779975
1756585712802992896.000000 -0.034910366 0.003371438 -0.135156646 -0.012588352 -0.432345390 -0.003743715 0.901612461
1756585712869676288.000000 -0.032178786 0.002520128 -0.134782940 -0.008139997 -0.421418726 -0.001515265 0.906828403
1756585712903018496.000000 -0.031060141 0.003156282 -0.132135049 -0.007757841 -0.416587263 -0.000790712 0.909062326
1756585712969702144.000000 -0.032019854 0.002983148 -0.130327806 -0.009987700 -0.406110525 -0.002234442 0.913766682
1756585713003043328.000000 -0.032934312 0.003125396 -0.128387317 -0.012697938 -0.400952965 -0.003876542 0.916002452
1756585713069726208.000000 -0.033545323 0.003549358 -0.125209868 -0.014368558 -0.390909880 -0.004555567 0.920305610
1756585713103067648.000000 -0.033088524 0.003081188 -0.124360189 -0.014132109 -0.385952204 -0.004443834 0.922399879
1756585713169750272.000000 -0.029512957 0.003293703 -0.123463050 -0.011648943 -0.376229405 -0.003467195 0.926446855
1756585713203091712.000000 -0.028870011 0.003835488 -0.122827321 -0.010452026 -0.370946735 -0.002850856 0.928590953
1756585713269774336.000000 -0.027602362 0.003535771 -0.121498227 -0.009848287 -0.360398769 -0.002059865 0.932744086
1756585713303114752.000000 -0.027540898 0.003473718 -0.120755687 -0.010072508 -0.355157018 -0.002050457 0.934750199
1756585713369797376.000000 -0.027185105 0.003590303 -0.117741495 -0.011214376 -0.344913453 -0.002349890 0.938564539
1756585713403138816.000000 -0.026783090 0.002886119 -0.116378784 -0.011675882 -0.339797139 -0.002679585 0.940422475
1756585713436480256.000000 -0.026858520 0.002689456 -0.115639165 -0.011609294 -0.334096938 -0.002784903 0.942463100
1756585713503162880.000000 -0.025957005 0.002955924 -0.114422232 -0.011283886 -0.322992057 -0.002533399 0.946331024
1756585713569845760.000000 -0.025485562 0.002804662 -0.112129629 -0.011750074 -0.313263059 -0.002641986 0.949590087
1756585713603187200.000000 -0.024985041 0.002880704 -0.110960998 -0.011936856 -0.308372110 -0.002764651 0.951186955
1756585713636528384.000000 -0.024745060 0.003107233 -0.109653361 -0.012254406 -0.303431720 -0.002873556 0.952770114
1756585713703211008.000000 -0.023517743 0.003164719 -0.107652709 -0.012769250 -0.293337822 -0.003154727 0.955918431
1756585713736551424.000000 -0.023030017 0.002670836 -0.107001089 -0.013105694 -0.288086146 -0.003247744 0.957509398
1756585713803234304.000000 -0.021643553 0.002780543 -0.104945384 -0.013190820 -0.277307361 -0.003266607 0.960685194
1756585713869917184.000000 -0.021016540 0.002800456 -0.103060454 -0.013250382 -0.266007811 -0.003455487 0.963873625
1756585713903258624.000000 -0.019770492 0.002844642 -0.101682313 -0.012938382 -0.260794729 -0.003445713 0.965301394
1756585713969944576.000000 -0.018813800 0.003046977 -0.099844858 -0.012628313 -0.249910936 -0.002949512 0.968182027
1756585714003288832.000000 -0.017918870 0.002621404 -0.099305026 -0.012764963 -0.244730815 -0.002978354 0.969502449
1756585714069977600.000000 -0.016428962 0.002475327 -0.097721219 -0.012140896 -0.234599426 -0.002658209 0.972012758
1756585714103322112.000000 -0.015877763 0.002282463 -0.096973322 -0.011819317 -0.229197964 -0.002579360 0.973304689
1756585714136666368.000000 -0.015441494 0.002280383 -0.095793873 -0.011858354 -0.223753840 -0.002698125 0.974569857
1756585714203354368.000000 -0.011382071 0.001111072 -0.094211169 -0.012214337 -0.212435320 -0.002841527 0.977094710
1756585714236698624.000000 -0.010150930 0.000519329 -0.093623333 -0.012481218 -0.206689969 -0.002755867 0.978323102
1756585714303387648.000000 -0.008728189 0.000712187 -0.091563553 -0.012131153 -0.195200160 -0.002404153 0.980685532
1756585714370076928.000000 -0.007198160 0.000862239 -0.090290338 -0.011199802 -0.184365094 -0.001960693 0.982792139
1756585714403421696.000000 -0.006291079 0.000818243 -0.089117013 -0.011084690 -0.179172933 -0.001481948 0.983754098
1756585714470110976.000000 -0.004603804 0.000843793 -0.087661535 -0.010843778 -0.168426871 -0.001234087 0.985653758
1756585714503455744.000000 -0.003782563 0.000934583 -0.086551972 -0.010964930 -0.162987664 -0.001181229 0.986566484
1756585714570145024.000000 -0.002071101 0.001065546 -0.084799990 -0.011111486 -0.151404276 -0.000986533 0.988409042
1756585714603489536.000000 -0.001309427 0.000860992 -0.083887041 -0.011220207 -0.145431399 -0.001063880 0.989304185
1756585714670178048.000000 0.000281549 0.000925975 -0.081928641 -0.011185160 -0.134384081 -0.000965770 0.990865707
1756585714703522816.000000 0.000741062 0.001954986 -0.081591912 -0.010055350 -0.128801748 -0.001356573 0.991618514
1756585714770212608.000000 0.002094753 0.001414134 -0.080228627 -0.004185613 -0.116030879 -0.000515023 0.993236721
1756585714803557632.000000 0.003391860 0.000628830 -0.078271233 -0.001033500 -0.107835658 0.000276573 0.994168162
1756585714870247424.000000 0.004632050 -0.000764099 -0.071433708 0.000263812 -0.095993392 0.000924517 0.995381474
1756585714903592448.000000 0.004617645 -0.000964582 -0.066629015 -0.001771723 -0.090835929 0.000327508 0.995864272
1756585714970278144.000000 0.002037553 0.000158056 -0.057359226 -0.008385628 -0.077106714 -0.002829763 0.996983588
1756585715036960512.000000 0.001715895 0.001495933 -0.048541930 -0.008909795 -0.062028434 -0.003586671 0.998028159
1756585715070300928.000000 0.003123655 0.001751587 -0.043603431 -0.007714274 -0.055524219 -0.002776638 0.998423696
1756585715136983040.000000 0.003231100 0.001821540 -0.039785031 -0.005514160 -0.046301447 -0.003299155 0.998906851
1756585715203665408.000000 0.007718157 -0.000094329 -0.028845791 -0.005580090 -0.038309526 -0.000154153 0.999250352
1756585715237006848.000000 0.007808886 -0.000199664 -0.025191326 -0.007488880 -0.032914087 -0.000448507 0.999430120
1756585715303689216.000000 0.008386611 0.000893085 -0.018686643 -0.013483426 -0.026873432 -0.001572343 0.999546766
1756585715370371584.000000 0.008535015 0.001715311 -0.017971901 -0.012607695 -0.025815595 -0.001267867 0.999586403
1756585715437053952.000000 0.007971017 0.000618107 -0.020784019 -0.007092897 -0.025976300 -0.001448072 0.999636412
1756585715503735296.000000 0.008873526 0.000231701 -0.020890435 -0.005842793 -0.026906168 0.000071470 0.999620974
1756585715570417664.000000 0.008894575 0.001122553 -0.019623874 -0.008055803 -0.025875648 -0.000750945 0.999632478
1756585715637100032.000000 0.008991044 0.001802940 -0.018941278 -0.008951779 -0.026978510 -0.000664800 0.999595702
1756585715703782656.000000 0.009116882 0.000563667 -0.019768365 -0.008728174 -0.027466450 -0.000475925 0.999584556
1756585715737123584.000000 0.009037004 0.000613422 -0.019907260 -0.008377568 -0.027225144 -0.000489418 0.999594092
1756585715803805952.000000 0.008872541 0.000678859 -0.019832546 -0.008516363 -0.027128978 -0.000603085 0.999595523
1756585715870488064.000000 0.009048494 0.000638605 -0.019579981 -0.008830599 -0.027202675 -0.000669401 0.999590695
1756585715937170688.000000 0.008900749 0.000615400 -0.019714640 -0.008541934 -0.027135560 -0.000556520 0.999595106
1756585716003852800.000000 0.009084295 0.000779630 -0.019710263 -0.008527949 -0.027285988 -0.000726882 0.999591053
1756585716070535936.000000 0.009541653 0.000396854 -0.019988852 -0.008749609 -0.027380859 -0.000242007 0.999586821
1756585716137218816.000000 0.009263758 0.000451313 -0.020044668 -0.008558438 -0.027216241 -0.000267958 0.999592960
1756585716203901696.000000 0.009305000 0.001045421 -0.019514276 -0.008463598 -0.027333869 -0.000395227 0.999590516
1756585716270585088.000000 0.008809732 0.000753830 -0.019766632 -0.008748052 -0.032769531 -0.000512139 0.999424517
1756585716303926528.000000 0.007981777 0.000565032 -0.020785833 -0.008545056 -0.037295904 0.000069361 0.999267757
1756585716370609408.000000 0.005860975 0.000420056 -0.021892974 -0.008450852 -0.047647819 -0.000158050 0.998828411
1756585716437291776.000000 0.004251845 0.000400319 -0.022484368 -0.009322306 -0.058082126 -0.000168332 0.998268306
1756585716503974912.000000 0.002587040 0.000405395 -0.023403298 -0.009390910 -0.068167761 -0.000216962 0.997629702
1756585716570658048.000000 0.002300543 0.001025844 -0.023319468 -0.008346951 -0.069887482 -0.000572738 0.997519851
1756585716637341184.000000 0.002459855 0.001535142 -0.023001123 -0.009392643 -0.068271443 -0.000696945 0.997622371
1756585716704024320.000000 0.002492693 0.001129862 -0.023423433 -0.008560477 -0.068366885 -0.000483071 0.997623444
1756585716770707712.000000 0.002185876 0.001162815 -0.023449695 -0.008819392 -0.068157457 -0.000592839 0.997635484
1756585716837389824.000000 0.002243367 0.001295374 -0.023327822 -0.008809099 -0.070031807 -0.000554629 0.997505784
1756585716904072960.000000 -0.000215652 0.001704264 -0.024250899 -0.008583662 -0.081354111 -0.000514357 0.996648252
1756585716970756096.000000 -0.002025742 0.001640667 -0.026237253 -0.008623322 -0.092278287 -0.000900795 0.995695531
1756585717037439488.000000 -0.003648931 0.001522141 -0.028115625 -0.008328161 -0.103836924 -0.001010210 0.994558990
1756585717104123136.000000 -0.005653216 0.001796382 -0.029174179 -0.008745743 -0.115605004 -0.001486719 0.993255675
1756585717170806528.000000 -0.007272357 0.002316303 -0.030147960 -0.009018200 -0.127247348 -0.001633396 0.991828680
1756585717237490176.000000 -0.009013808 0.002884294 -0.030583411 -0.008892379 -0.135048181 -0.002033851 0.990797102
1756585717270831872.000000 -0.009263597 0.003102728 -0.030257901 -0.009389608 -0.135065392 -0.002225268 0.990789711
1756585717370856192.000000 -0.008437331 0.003433936 -0.030240698 -0.009199218 -0.132046953 -0.002071775 0.991198659
1756585717404197888.000000 -0.008061425 0.002992911 -0.030455470 -0.008711442 -0.132157579 -0.001880144 0.991188645
1756585717470881536.000000 -0.008345613 0.003143589 -0.030240906 -0.008685310 -0.132066250 -0.001955015 0.991200924
1756585717537564928.000000 -0.008529016 0.003453170 -0.030120619 -0.009228365 -0.131929219 -0.002143997 0.991213918
1756585717604248576.000000 -0.008078073 0.002438281 -0.030818751 -0.009028734 -0.132111907 -0.001974298 0.991191745
1756585717670931968.000000 -0.008061473 0.002312410 -0.030737378 -0.009321992 -0.132101178 -0.001951627 0.991190553
1756585717737614592.000000 -0.008488976 0.002338905 -0.031034293 -0.009473186 -0.134381056 -0.002059842 0.990882337
1756585717804298496.000000 -0.010494747 0.002471859 -0.032504879 -0.009219623 -0.146553516 -0.001925659 0.989157975
1756585717870981888.000000 -0.012006117 0.002752411 -0.033086926 -0.010003090 -0.156635776 -0.002466543 0.987602770
1756585717904323840.000000 -0.012729533 0.002315420 -0.034127176 -0.010438569 -0.161858186 -0.002482455 0.986755729
1756585717971009024.000000 -0.014331134 0.003037393 -0.035160329 -0.010775131 -0.172931224 -0.002718377 0.984871268
1756585718037696000.000000 -0.015819743 0.003209736 -0.036429070 -0.010423540 -0.184154019 -0.002487794 0.982838988
1756585718104383232.000000 -0.016730294 0.002863441 -0.038209904 -0.010575172 -0.196235731 -0.002470670 0.980496585
1756585718171069440.000000 -0.018607907 0.003018951 -0.039973281 -0.010535690 -0.207405671 -0.002454856 0.978195250
1756585718204413184.000000 -0.019529853 0.003128532 -0.041385964 -0.010213670 -0.213959411 -0.002893677 0.976784945
1756585718271100160.000000 -0.020660885 0.003097269 -0.043119501 -0.010275370 -0.223965675 -0.002869169 0.974538684
1756585718337787648.000000 -0.021547414 0.002918100 -0.044436421 -0.010528557 -0.231389597 -0.003109591 0.972799301
1756585718404475136.000000 -0.021580581 0.002627937 -0.044209033 -0.010926372 -0.229871318 -0.003198431 0.973154426
1756585718471162368.000000 -0.021742206 0.003576781 -0.043232378 -0.011039702 -0.227701783 -0.003400659 0.973662436
1756585718537849856.000000 -0.021560211 0.003162930 -0.043772951 -0.010436599 -0.228028283 -0.003084577 0.973593712
1756585718571193600.000000 -0.021614958 0.003307013 -0.043680068 -0.010456420 -0.227901250 -0.003132200 0.973623097
1756585718637880320.000000 -0.021348801 0.003719804 -0.042918999 -0.009094225 -0.229146019 -0.002995153 0.973344982
1756585718704567808.000000 -0.022079594 0.001614012 -0.042973325 0.000106243 -0.231676191 -0.000191199 0.972792983
1756585718771255808.000000 -0.024875225 0.000790872 -0.038241472 0.000535577 -0.232941508 0.000314813 0.972490609
1756585718837943296.000000 -0.030091150 0.002032479 -0.028846711 -0.005302854 -0.232080683 -0.002467906 0.972678959
1756585718871287040.000000 -0.032692403 0.003105558 -0.023525491 -0.009677114 -0.231745303 -0.003689210 0.972721457
1756585718937975296.000000 -0.037641559 0.004717577 -0.014396541 -0.017139569 -0.233223572 -0.006071103 0.972253144
1756585719004658176.000000 -0.038660519 0.004126288 -0.013915505 -0.016944539 -0.236124948 -0.006324217 0.971554399
1756585719071340032.000000 -0.037865840 0.003521280 -0.016849551 -0.012136239 -0.237004161 -0.004061452 0.971424341
1756585719138023168.000000 -0.036223426 0.002571903 -0.018595627 -0.008758595 -0.236410752 -0.002864655 0.971609592
1756585719204706048.000000 -0.036217213 0.002891162 -0.018278634 -0.009092181 -0.236484915 -0.002868888 0.971588433
1756585719238047488.000000 -0.036438465 0.003320503 -0.017346177 -0.010542679 -0.236415014 -0.003205384 0.971589744
1756585719304730624.000000 -0.037120402 0.004101141 -0.016236132 -0.012342402 -0.236232907 -0.003934988 0.971610188
1756585719371413504.000000 -0.036496248 0.003759634 -0.016095957 -0.010725017 -0.228245273 -0.003167129 0.973539472
1756585719438096640.000000 -0.034543365 0.003363628 -0.013958459 -0.010523395 -0.217272595 -0.002606071 0.976050794
1756585719504778496.000000 -0.034116417 0.003291113 -0.012048899 -0.011272878 -0.206374690 -0.002685934 0.978404462
1756585719538119936.000000 -0.033205796 0.003430350 -0.010973653 -0.011480276 -0.201265991 -0.002792736 0.979465425
1756585719604803328.000000 -0.031907056 0.002948270 -0.009222514 -0.011245500 -0.190548941 -0.002851747 0.981609166
1756585719671486208.000000 -0.029774021 0.002170585 -0.008401226 -0.011087574 -0.179534033 -0.002406387 0.983686388
1756585719738169088.000000 -0.028285079 0.001982887 -0.006946433 -0.010864032 -0.168731794 -0.002255621 0.985599637
1756585719771510528.000000 -0.027532335 0.001849827 -0.006187240 -0.010905837 -0.163461357 -0.002237176 0.986486971
1756585719838193664.000000 -0.025932016 0.001908372 -0.004503466 -0.010678787 -0.152732268 -0.002001423 0.988207877
1756585719904876544.000000 -0.024207430 0.001509125 -0.002585008 -0.011269564 -0.141578496 -0.001764289 0.989861310
1756585719971559424.000000 -0.023139345 0.001600348 -0.001063864 -0.011240675 -0.130315676 -0.001621052 0.991407514
1756585720004902400.000000 -0.022487551 0.001856167 -0.000435511 -0.010786119 -0.124837928 -0.001793366 0.992116868
1756585720071587840.000000 -0.020886639 0.001600021 0.000035535 -0.009728498 -0.113474093 -0.001482319 0.993492186
1756585720138273536.000000 -0.019134844 0.001764398 0.001670858 -0.008688015 -0.102000244 -0.001281882 0.994745672
1756585720171616256.000000 -0.018382870 0.001477153 0.001915345 -0.008544015 -0.095816419 -0.001148246 0.995361686
1756585720238301696.000000 -0.016623812 0.001258611 0.003378935 -0.008605449 -0.084169395 -0.001191417 0.996413589
1756585720304987136.000000 -0.014721857 0.000976844 0.004702207 -0.008947025 -0.073013291 -0.001004288 0.997290432
1756585720371673088.000000 -0.013019038 0.001263004 0.005548866 -0.008472949 -0.062530935 -0.001105112 0.998006523
1756585720438357504.000000 -0.011518033 0.001393491 0.006906412 -0.008451574 -0.051971897 -0.000863505 0.998612404
1756585720505043456.000000 -0.010035181 0.001527244 0.008181486 -0.008447932 -0.041207414 -0.000946863 0.999114454
1756585720538386432.000000 -0.009234621 0.001510551 0.008749939 -0.008579165 -0.035933744 -0.000863276 0.999317050
1756585720605072128.000000 -0.006980292 0.001038442 0.009516133 -0.008229746 -0.025500553 -0.000503160 0.999640822
1756585720671757824.000000 -0.006230999 0.001324877 0.009995280 -0.008157754 -0.023618853 -0.000506937 0.999687612
1756585720738443264.000000 -0.006868460 0.001294347 0.009594743 -0.007516182 -0.026904467 -0.000427465 0.999609709
1756585720771786496.000000 -0.007025684 0.001505023 0.010017493 -0.007826150 -0.027003132 -0.000410006 0.999604642
1756585720871813888.000000 -0.007167282 0.001744860 0.009894810 -0.008051316 -0.026623121 -0.000770564 0.999612808
1756585720938500096.000000 -0.007369577 0.001628315 0.009763056 -0.007858621 -0.026424833 -0.000768895 0.999619663
1756585721005180928.000000 -0.007347580 0.001577608 0.010015176 -0.008209242 -0.026455926 -0.000856149 0.999615908
1756585721071861760.000000 -0.007187582 0.001647914 0.010009354 -0.007954818 -0.026485287 -0.000741645 0.999617279
1756585721138542336.000000 -0.007399356 0.001685040 0.010164194 -0.008008914 -0.026436727 -0.000752087 0.999618113
1756585721205223168.000000 -0.007245814 0.001296755 0.009661402 -0.008176315 -0.026498191 -0.000794191 0.999615133
1756585721238563584.000000 -0.007059160 0.001257815 0.009646253 -0.008129328 -0.026638607 -0.000781953 0.999611795
1756585721305243136.000000 -0.007115754 0.001297981 0.009774385 -0.008159593 -0.026467152 -0.000742089 0.999616146
1756585721371923968.000000 -0.006124831 0.001038975 0.009987410 -0.007897219 -0.017106412 -0.000574699 0.999822378
1756585721438604544.000000 -0.003702367 0.000834039 0.011061391 -0.007967980 -0.009194264 0.000110646 0.999926031
1756585721505285376.000000 -0.003930874 0.001102521 0.010545003 -0.007610853 -0.011975344 -0.000092587 0.999899328
1756585721571965696.000000 -0.004543386 0.001280589 0.010459453 -0.007236243 -0.013891932 -0.000247523 0.999877334
1756585721605305856.000000 -0.005017987 0.001263432 0.010467010 -0.007524679 -0.012683479 -0.000510083 0.999891162
1756585721671986432.000000 -0.004745689 0.001142960 0.010615502 -0.007710935 -0.013410531 -0.000413679 0.999880314
1756585721738665728.000000 -0.004481028 0.000639622 0.010492094 -0.007788082 -0.013424359 -0.000422719 0.999879539
1756585721805346304.000000 -0.004522064 0.000535608 0.010505882 -0.008021560 -0.013418243 -0.000283804 0.999877810
1756585721872026624.000000 -0.004543853 0.000444871 0.010690850 -0.008088816 -0.013411381 -0.000315817 0.999877334
1756585721905366784.000000 -0.004548267 0.000283243 0.010570428 -0.008083643 -0.013373576 -0.000289806 0.999877930
1756585721972047360.000000 -0.004563389 0.000525971 0.010635484 -0.008061056 -0.013371005 -0.000310853 0.999878168
1756585722038728448.000000 -0.004432237 0.000549708 0.010636808 -0.007952196 -0.010917172 -0.000086078 0.999908805
1756585722072069120.000000 -0.003504967 0.000497086 0.010787617 -0.007606586 -0.004731990 -0.000257985 0.999959826
1756585722138749952.000000 -0.001740954 0.000196625 0.011481349 -0.006905274 0.007499722 0.000334812 0.999947965
1756585722205430272.000000 0.000898079 0.000349904 0.012196640 -0.006578315 0.018142939 0.000527261 0.999813676
1756585722238770432.000000 0.001728205 0.000833626 0.012943077 -0.006807664 0.020483825 0.000486476 0.999766886
1756585722305451520.000000 0.001715337 0.000670230 0.012067729 -0.005997485 0.018838177 0.000697432 0.999804318
1756585722338792192.000000 0.001446823 0.000726051 0.011968798 -0.005356021 0.017847650 0.000786774 0.999826074
1756585722405473024.000000 0.001052381 0.000863752 0.012507004 -0.006514119 0.018150723 0.000427750 0.999814034
1756585722438813184.000000 0.001052525 0.000993135 0.012680379 -0.006729227 0.018114939 0.000611319 0.999813080
1756585722505494016.000000 0.001058203 0.000895272 0.012367179 -0.005922709 0.018106535 0.000612387 0.999818325
1756585722572175104.000000 0.001158204 0.000934910 0.012524142 -0.006021941 0.018120581 0.000661045 0.999817431
1756585722638854656.000000 0.000928645 0.000712174 0.012574963 -0.006476537 0.018192908 0.000509419 0.999813437
1756585722705535744.000000 0.000923653 0.000586690 0.012375166 -0.006198969 0.018191744 0.000484067 0.999815166
1756585722738875904.000000 0.001293403 0.000342587 0.012159019 -0.006319627 0.018000547 0.000512040 0.999817908
1756585722805556480.000000 0.001277046 0.000448885 0.012459816 -0.006488465 0.018005772 0.000505787 0.999816716
1756585722872237312.000000 0.001337757 0.000513838 0.012433584 -0.006255258 0.017947568 0.000408030 0.999819338
1756585722905577728.000000 0.001378114 0.000627155 0.012458791 -0.006210257 0.017955780 0.000424059 0.999819458
1756585722972259584.000000 0.001288271 0.000523209 0.012587441 -0.006399944 0.018036950 0.000405583 0.999816775
1756585723038942976.000000 0.001232548 0.000495748 0.012486388 -0.006284452 0.018043891 0.000454499 0.999817371
1756585723105625600.000000 0.001159515 0.000495383 0.012474915 -0.006364436 0.018088859 0.000321646 0.999816120
1756585723138967808.000000 0.001077734 -0.000236450 0.012157366 -0.006648253 0.018082390 0.000584223 0.999814212
1756585723205651200.000000 0.001090837 -0.000086481 0.012170133 -0.006507030 0.018086802 0.000531120 0.999815166
1756585723238993152.000000 0.001257016 0.000474010 0.012452221 -0.006330200 0.017992396 0.000458832 0.999818027
1756585723305676800.000000 0.001362112 0.000517013 0.012310693 -0.006277859 0.017961945 0.000526929 0.999818861
1756585723372360448.000000 0.000293117 0.000657716 0.012221873 -0.007395145 0.011882965 0.000359380 0.999902070
1756585723405702144.000000 -0.000612288 0.000256873 0.011315986 -0.005704505 0.006983647 0.000290487 0.999959350
1756585723472385536.000000 -0.001776137 0.000510194 0.011852996 -0.007809736 0.003376824 -0.000400869 0.999963760
1756585723505726464.000000 -0.001503925 0.000521586 0.011840162 -0.007430402 0.004393427 -0.000199291 0.999962807
1756585723572410112.000000 -0.000991372 0.000438477 0.011503243 -0.006753484 0.006342404 0.000006810 0.999957085
1756585723639093760.000000 -0.000807523 0.000310792 0.011704631 -0.006866007 0.006516565 0.000105293 0.999955237
1756585723705777664.000000 -0.000952762 0.000717703 0.011522556 -0.006859527 0.006691048 0.000222035 0.999954104
1756585723739119360.000000 -0.001032620 0.000983940 0.011753867 -0.006867342 0.006662069 0.000170976 0.999954224
1756585723805803008.000000 -0.000869819 0.001033786 0.011740861 -0.006653186 0.006586325 0.000362365 0.999956191
1756585723872486656.000000 -0.000892372 0.001296685 0.011879403 -0.006594906 0.006516689 0.000219940 0.999957025
1756585723905828352.000000 -0.000743836 0.001250947 0.011798051 -0.006641077 0.006469331 0.000189776 0.999957025
1756585723972510976.000000 -0.000714743 0.001148211 0.011627266 -0.006581205 0.006438062 0.000266343 0.999957681
1756585724005852672.000000 -0.000631222 0.001168957 0.011574372 -0.006565908 0.006399394 0.000257130 0.999957979
1756585724072536320.000000 -0.000795281 0.001079051 0.011628201 -0.006688577 0.006462934 0.000180497 0.999956787
1756585724139219712.000000 -0.000854627 0.001009315 0.011617093 -0.006684077 0.006470768 0.000231628 0.999956727
1756585724172561408.000000 -0.000496261 0.000700239 0.011579298 -0.006806166 0.006328165 0.000118825 0.999956846
1756585724239245056.000000 -0.000771666 0.001088364 0.011632078 -0.006693131 0.006543972 0.000252378 0.999956191
1756585724272586752.000000 -0.000881907 0.001104051 0.011646394 -0.006704886 0.006561284 0.000301568 0.999955952
1756585724339270400.000000 -0.000960367 0.001223358 0.011568668 -0.006644847 0.006579708 0.000319398 0.999956250
1756585724405953024.000000 -0.001274124 0.001075268 0.011516909 -0.006727227 0.006762709 0.000234574 0.999954522
1756585724472636416.000000 -0.001363563 0.001100158 0.011533975 -0.006695859 0.006771404 0.000171420 0.999954641
1756585724505978368.000000 -0.001084301 0.001167161 0.011577449 -0.006686454 0.006654878 0.000341774 0.999955475
1756585724572661760.000000 -0.001039782 0.001003153 0.011590125 -0.006767218 0.006652204 0.000303803 0.999954998
1756585724639345152.000000 -0.000952963 0.000674163 0.011328558 -0.006849934 0.006608080 0.000316875 0.999954700
1756585724672687104.000000 -0.000650841 0.000538921 0.011479829 -0.006913857 0.006467489 0.000313863 0.999955177
1756585724739370496.000000 -0.000722113 0.000885762 0.011435687 -0.006798396 0.006556222 0.000293911 0.999955356
1756585724806053888.000000 -0.000498807 0.000565924 0.011574174 -0.006940122 0.006363817 0.000353454 0.999955654
1756585724839394816.000000 -0.000878182 0.001066567 0.011613463 -0.006706683 0.006567989 0.000284331 0.999955952
1756585724906078464.000000 -0.000913952 0.001046385 0.011514598 -0.006666294 0.006594846 0.000254937 0.999956012
1756585724939420160.000000 -0.000989724 0.001121901 0.011519956 -0.006653175 0.006633271 0.000213875 0.999955893
1756585725006101248.000000 -0.000857600 0.001137679 0.011523379 -0.006662857 0.006575316 0.000225586 0.999956191
1756585725072782336.000000 -0.000977044 0.000999819 0.011758228 -0.006756488 0.006600039 0.000172420 0.999955416
1756585725106122496.000000 -0.000775429 0.000789179 0.011458419 -0.006833311 0.006512697 0.000315626 0.999955416
1756585725172803328.000000 -0.000970572 0.000787102 0.011365726 -0.006814525 0.006628109 0.000217328 0.999954820
1756585725239484416.000000 -0.000755941 0.000794890 0.011467084 -0.006823552 0.006513601 0.000328119 0.999955535
1756585725306164224.000000 -0.001053110 0.000815414 0.011416245 -0.006826743 0.006625038 0.000184782 0.999954760
1756585725339504640.000000 -0.000674264 0.000824518 0.011648067 -0.006830854 0.006483373 0.000275500 0.999955654
1756585725406185472.000000 -0.000531845 0.000982588 0.011501243 -0.006715999 0.006392755 0.000194756 0.999957025
1756585725439525888.000000 -0.000575980 0.001012193 0.011460418 -0.006670280 0.006394544 0.000217455 0.999957323
1756585725506206464.000000 -0.000554370 0.001135638 0.011552237 -0.006603677 0.006340028 0.000206947 0.999958098
1756585725572887296.000000 -0.000475912 0.001224889 0.011543137 -0.006569674 0.006283799 0.000229180 0.999958694
1756585725639567872.000000 -0.000508699 0.001361339 0.011883292 -0.006549492 0.006183374 0.000041513 0.999959528
1756585725672908288.000000 -0.000348989 0.001289123 0.011924663 -0.006590386 0.006170235 0.000102488 0.999959290
1756585725739587584.000000 -0.000202288 0.001268359 0.010635324 -0.004776233 0.005907428 0.000102159 0.999971151
1756585725772928000.000000 -0.000649421 -0.000191966 0.010536382 0.000060603 0.004786356 0.000557024 0.999988437
1756585725839608576.000000 -0.001078985 -0.001241633 0.013864731 -0.002314853 0.003547166 0.000649293 0.999990821
1756585725872948736.000000 -0.001389605 0.000006221 0.017535435 -0.009035636 0.004203897 -0.000270823 0.999950349
1756585725939629056.000000 -0.000936949 0.002616217 0.019883115 -0.011265714 0.005012045 -0.000643304 0.999923825
1756585725972971264.000000 -0.000793734 0.001471273 0.018405328 -0.008888595 0.004780207 -0.000198619 0.999949098
1756585726039655424.000000 -0.001088784 0.001058237 0.015774971 -0.003354796 0.003775485 -0.000334741 0.999987245
1756585726072997888.000000 -0.001141750 0.000062638 0.015095452 -0.002351162 0.004077185 0.000012717 0.999988914
1756585726139682048.000000 -0.001010452 0.000904973 0.016897051 -0.005454991 0.003999840 0.000077526 0.999977171
1756585726206365696.000000 -0.001210446 0.001924279 0.018910008 -0.009354997 0.004499880 -0.000522254 0.999946058
1756585726273050112.000000 -0.001132588 0.000849274 0.017560331 -0.006988751 0.004304263 -0.000142691 0.999966323
1756585726306392320.000000 -0.001309112 0.000526980 0.017007114 -0.005955081 0.004273823 -0.000127931 0.999973178
1756585726373076736.000000 -0.001278967 0.000446626 0.017130906 -0.006871970 0.004382547 -0.000064785 0.999966800
1756585726439760896.000000 -0.001105062 0.000889007 0.017796723 -0.008103246 0.004370480 -0.000061321 0.999957681
1756585726473103360.000000 -0.001207424 0.000855056 0.017594157 -0.007498439 0.004411959 -0.000050277 0.999962211
1756585726539787776.000000 -0.001163908 0.000508733 0.017185798 -0.006791680 0.004325194 -0.000129820 0.999967575
1756585726606472192.000000 -0.001323443 0.000631241 0.017530404 -0.007464896 0.004458372 -0.000137250 0.999962270
1756585726639813376.000000 -0.000794438 0.001174229 0.017933698 -0.007242737 0.004160143 0.000026587 0.999965131
1756585726706498048.000000 -0.000475582 0.000888042 0.017581515 -0.006820016 0.003995507 0.000114618 0.999968767
1756585726773182464.000000 -0.001230284 0.001313165 0.017769041 -0.006954243 0.004404111 -0.000094394 0.999966204
1756585726839866880.000000 -0.001196614 0.001453059 0.017768549 -0.006870003 0.004418391 -0.000114091 0.999966621
1756585726873209344.000000 -0.001184073 0.001301130 0.017776372 -0.006838425 0.004399481 -0.000086560 0.999966979
1756585726939894016.000000 -0.001254554 0.001501302 0.017892988 -0.006895931 0.004412895 -0.000093175 0.999966502
1756585727006575360.000000 -0.001327986 0.001519648 0.017809829 -0.006848132 0.004430563 -0.000146786 0.999966800
1756585727039916032.000000 -0.001135462 0.001506900 0.017860346 -0.006774557 0.004353307 -0.000024667 0.999967575
1756585727106596352.000000 -0.001081940 0.001504558 0.017913036 -0.006826275 0.004361298 -0.000037099 0.999967277
1756585727139937280.000000 -0.000815495 0.001454495 0.018123409 -0.006828926 0.004091581 -0.000096951 0.999968350
1756585727206618368.000000 -0.000848185 0.001583713 0.018159233 -0.006702739 0.004163888 -0.000076126 0.999968886
1756585727273299712.000000 -0.001177994 0.001193616 0.017766794 -0.006967715 0.004447502 -0.000091919 0.999965847
1756585727339981312.000000 -0.001236320 0.001222029 0.017765038 -0.006920039 0.004430337 -0.000220450 0.999966264
1756585727373321728.000000 -0.001315682 0.001102789 0.017765360 -0.006989723 0.004473951 -0.000222522 0.999965608
1756585727440002816.000000 -0.001387988 0.001025067 0.017759768 -0.007059522 0.004460114 -0.000194404 0.999965131
1756585727473343488.000000 -0.001262717 0.000984147 0.017675493 -0.007019709 0.004430791 -0.000158365 0.999965549
1756585727540024064.000000 -0.001218939 0.000921625 0.017485671 -0.007053108 0.004436221 -0.000110935 0.999965370
1756585727606705152.000000 -0.001280296 0.000907540 0.017616509 -0.007115582 0.004440803 -0.000200076 0.999964833
1756585727640045568.000000 -0.001210998 0.001169718 0.017815908 -0.006889616 0.004410526 -0.000179718 0.999966621
1756585727706726912.000000 -0.001009232 0.001200311 0.017835878 -0.006850135 0.004269898 -0.000110096 0.999967456
1756585727773408000.000000 -0.001216746 0.001118883 0.017725840 -0.006978836 0.004430068 -0.000142974 0.999965906
1756585727806748672.000000 -0.001103864 0.001251889 0.017825864 -0.006816482 0.004301875 -0.000153015 0.999967515
1756585727873429504.000000 -0.001159727 0.001207963 0.017821616 -0.006961971 0.004429047 -0.000078526 0.999966025
1756585727906769920.000000 -0.001196886 0.001284456 0.017803047 -0.006907487 0.004431517 -0.000152809 0.999966383
1756585727973450240.000000 -0.001099169 0.001394836 0.017801329 -0.006862077 0.004394684 -0.000106737 0.999966800
1756585728006790656.000000 -0.001109597 0.001321151 0.017792938 -0.006895718 0.004382495 -0.000098975 0.999966621
1756585728073471488.000000 -0.001095674 0.001187877 0.017742345 -0.006936427 0.004404599 -0.000080434 0.999966323
1756585728140152576.000000 -0.001050694 0.001048372 0.017674349 -0.007009665 0.004324512 0.000005883 0.999966085
1756585728206833152.000000 -0.000853885 0.000983516 0.017646573 -0.007045378 0.004278372 0.000060709 0.999966025
1756585728240173568.000000 -0.000789856 0.000973261 0.018009897 -0.007039428 0.004232438 -0.000038033 0.999966264
1756585728306854144.000000 -0.001090056 0.001172337 0.017806377 -0.006952584 0.004368575 -0.000074575 0.999966323
1756585728340194560.000000 -0.001132204 0.001020909 0.017787866 -0.007049560 0.004398829 -0.000085250 0.999965489
1756585728406874112.000000 -0.001092437 0.001234923 0.017811455 -0.006935561 0.004378720 -0.000131765 0.999966383
1756585728473555200.000000 -0.001094358 0.001332290 0.017867221 -0.006910963 0.004385695 -0.000153739 0.999966562
1756585728506895616.000000 -0.000944857 0.001386114 0.017883621 -0.006879024 0.004305441 -0.000068503 0.999967158
1756585728573576192.000000 -0.001141989 0.001200310 0.017762350 -0.006901343 0.004423026 -0.000128292 0.999966443
1756585728640256768.000000 -0.001149809 0.001456573 0.017727323 -0.006801558 0.004412937 -0.000139313 0.999967158
1756585728673596928.000000 -0.000934967 0.001215808 0.018011678 -0.006976319 0.004199503 -0.000090736 0.999966860
1756585728740277504.000000 -0.000932056 0.001171701 0.018086262 -0.006996799 0.004206347 -0.000128978 0.999966681
1756585728806958080.000000 -0.000945734 0.001209900 0.017672505 -0.006902407 0.004327545 0.000025629 0.999966860
1756585728873637632.000000 -0.000807639 0.001336121 0.018025462 -0.006867406 0.004099292 -0.000036468 0.999968052
1756585728906978048.000000 -0.000836876 0.001278482 0.017599629 -0.006875830 0.004285567 0.000066974 0.999967217
1756585728973657856.000000 -0.000845939 0.001242260 0.017575517 -0.006867056 0.004311293 0.000080812 0.999967158
1756585729006997504.000000 -0.000847328 0.001098466 0.017583346 -0.006922251 0.004280971 0.000041905 0.999966919
1756585729073676544.000000 -0.000840004 0.001096895 0.017531661 -0.006911195 0.004302206 0.000061924 0.999966919
1756585729140355840.000000 -0.000867624 0.001010746 0.017551048 -0.007044057 0.004335506 -0.000009744 0.999965847
1756585729173694976.000000 -0.000982214 0.000949889 0.017620048 -0.007022031 0.004317984 -0.000097175 0.999966025
1756585729240374016.000000 -0.001170101 0.001303045 0.017835090 -0.006917343 0.004422323 -0.000139585 0.999966323
1756585729307051776.000000 -0.001046891 0.001016513 0.017692400 -0.007016677 0.004370452 -0.000053388 0.999965847
1756585729340391424.000000 -0.001159757 0.001463204 0.017852118 -0.006816877 0.004373545 -0.000092100 0.999967277
1756585729407070464.000000 -0.001086322 0.000882624 0.017550223 -0.007102231 0.004411266 -0.000008658 0.999965072
1756585729440409600.000000 -0.001010944 0.000787487 0.017504593 -0.007103372 0.004347448 0.000002053 0.999965370
1756585729507088384.000000 -0.001042316 0.000746564 0.017578971 -0.007183646 0.004426321 -0.000031205 0.999964476
1756585729573767168.000000 -0.001013125 0.000729615 0.017549640 -0.007181292 0.004381700 -0.000024744 0.999964654
1756585729607106560.000000 -0.000963095 0.000841694 0.017645579 -0.007135545 0.004343895 -0.000022878 0.999965131
1756585729673785088.000000 -0.001288033 0.000910337 0.017655166 -0.007064028 0.004480703 -0.000151356 0.999965072
1756585729707124224.000000 -0.001066389 0.001017057 0.017617840 -0.007011760 0.004369517 -0.000045801 0.999965906
1756585729773801728.000000 -0.000855081 0.000789351 0.017617565 -0.007049419 0.004231767 0.000059136 0.999966204
1756585729840480256.000000 -0.001034849 0.001252833 0.017774673 -0.006927130 0.004381189 -0.000069845 0.999966443
1756585729873819392.000000 -0.001056886 0.001180709 0.017732220 -0.006958370 0.004355554 -0.000121777 0.999966323
1756585729940497664.000000 -0.001190811 0.001153314 0.017748425 -0.006944844 0.004470140 -0.000021433 0.999965906
1756585729973838336.000000 -0.001186885 0.001181728 0.017775383 -0.006946531 0.004419633 -0.000051100 0.999966145
1756585730040519936.000000 -0.001106987 0.001003035 0.017745221 -0.007028571 0.004390590 -0.000012273 0.999965668
1756585730107201280.000000 -0.001001369 0.001151585 0.017710188 -0.006948960 0.004328812 0.000020342 0.999966502
1756585730140542208.000000 -0.001083507 0.001220745 0.017697534 -0.006907507 0.004394847 0.000024396 0.999966562
1756585730207222784.000000 -0.000935358 0.001202694 0.017712034 -0.006896318 0.004338677 0.000135651 0.999966800
1756585730273904384.000000 -0.000953221 0.001120787 0.017795091 -0.006923825 0.004280136 0.000024053 0.999966919
1756585730307245056.000000 -0.001003659 0.001200164 0.017791407 -0.006875248 0.004302899 0.000037545 0.999967098
1756585730373926400.000000 -0.000982600 0.001015716 0.017771672 -0.007001894 0.004394864 -0.000000019 0.999965847
1756585730407267328.000000 -0.000951179 0.001192057 0.017739823 -0.006911817 0.004397393 -0.000004433 0.999966443
1756585730473948928.000000 -0.000977282 0.001116385 0.017758470 -0.006940092 0.004377458 -0.000073695 0.999966383
1756585730507289856.000000 -0.000976369 0.001122400 0.017728748 -0.006953479 0.004378803 -0.000062268 0.999966264
1756585730573971456.000000 -0.000943423 0.001075961 0.017758753 -0.006976270 0.004357623 0.000031678 0.999966145
1756585730607312128.000000 -0.000994406 0.001162445 0.017803140 -0.006972125 0.004398558 -0.000026147 0.999966025
1756585730673992704.000000 -0.001045781 0.001164085 0.017794363 -0.006936629 0.004404244 -0.000091283 0.999966264
1756585730740674304.000000 -0.001266695 0.001211050 0.017772593 -0.006935089 0.004484578 -0.000088387 0.999965966
1756585730774015232.000000 -0.001046482 0.001115507 0.017765844 -0.006958896 0.004397066 -0.000022602 0.999966145
1756585730840696832.000000 -0.001079524 0.001138972 0.017687898 -0.006958032 0.004375001 -0.000069849 0.999966264
1756585730874037504.000000 -0.001003715 0.000974147 0.017691202 -0.007053883 0.004387430 -0.000001149 0.999965489
1756585730940719104.000000 -0.001091324 0.001319349 0.017844353 -0.006900467 0.004348946 -0.000098967 0.999966800
1756585730974060288.000000 -0.001049476 0.001031759 0.017833052 -0.007013832 0.004360898 -0.000035961 0.999965906
1756585731040742144.000000 -0.000974547 0.001040663 0.017739557 -0.006989614 0.004375441 0.000027369 0.999966025
1756585731074082048.000000 -0.000981902 0.000948087 0.017733412 -0.007042036 0.004392524 -0.000003803 0.999965608
1756585731140764160.000000 -0.000973839 0.000909554 0.017684972 -0.007078970 0.004403793 0.000094217 0.999965250
1756585731207446016.000000 -0.000955296 0.000905860 0.017724117 -0.007093892 0.004394779 0.000042910 0.999965250
1756585731240786688.000000 -0.000951112 0.001007843 0.017802551 -0.007075985 0.004382203 -0.000020832 0.999965370
1756585731307468544.000000 -0.001383588 0.000917899 0.017721355 -0.007079597 0.004574495 -0.000120586 0.999964535
1756585731374150656.000000 -0.000966379 0.001272401 0.017778367 -0.006882881 0.004374544 0.000043951 0.999966800
1756585731407491328.000000 -0.000890145 0.001370190 0.017887846 -0.006887658 0.004341673 0.000066462 0.999966919
1756585731474173184.000000 -0.000863299 0.001296578 0.017831471 -0.006887339 0.004326684 0.000075044 0.999966919
1756585731507514112.000000 -0.000898462 0.001353320 0.017778231 -0.006850997 0.004318447 0.000062142 0.999967217
1756585731574194944.000000 -0.000788106 0.001270190 0.017707827 -0.006872325 0.004295490 -0.000002361 0.999967158
1756585731640876800.000000 -0.000958627 0.001239034 0.017760128 -0.006906115 0.004320297 -0.000003014 0.999966860
1756585731674217472.000000 -0.000940246 0.001293074 0.017774155 -0.006857304 0.004347438 -0.000002899 0.999967098
1756585731740899328.000000 -0.001124108 0.001233433 0.017692119 -0.006890567 0.004419011 -0.000086813 0.999966502
1756585731774240256.000000 -0.001286773 0.000937710 0.017794603 -0.007082435 0.004519571 -0.000096570 0.999964774
1756585731840921856.000000 -0.001059417 0.001055318 0.017695246 -0.006983242 0.004362471 -0.000048004 0.999966145
1756585731907603456.000000 -0.000980161 0.001258755 0.017840024 -0.006915131 0.004354219 0.000020651 0.999966621
1756585731940944384.000000 -0.001169434 0.001152094 0.017696120 -0.006931363 0.004448603 -0.000037352 0.999966085
1756585732007623168.000000 -0.001202810 0.001201167 0.017798504 -0.006888509 0.004498056 -0.000047475 0.999966204
1756585732040963072.000000 -0.001166167 0.001291910 0.017836686 -0.006842121 0.004418849 -0.000013874 0.999966860
1756585732107643136.000000 -0.001110654 0.001403851 0.017953547 -0.006842973 0.004426897 0.000026861 0.999966800
1756585732174322944.000000 -0.001128410 0.001364038 0.017948227 -0.006817471 0.004430293 0.000003860 0.999967039
1756585732207662592.000000 -0.001091149 0.001336206 0.017833680 -0.006862558 0.004406218 -0.000043471 0.999966741
1756585732274342400.000000 -0.001161785 0.001235145 0.017709943 -0.006864117 0.004443607 -0.000048537 0.999966621
1756585732341021952.000000 -0.001021077 0.001274679 0.017728418 -0.006843143 0.004369988 0.000019294 0.999967039
1756585732374361856.000000 -0.000991399 0.001311955 0.017681325 -0.006868044 0.004392263 0.000053875 0.999966800
1756585732441040384.000000 -0.001093303 0.001019155 0.017718635 -0.007013170 0.004436663 0.000011757 0.999965608
1756585732474380032.000000 -0.001069372 0.001309718 0.017705422 -0.006816417 0.004428694 0.000025064 0.999967039
1756585732541059584.000000 -0.001098091 0.000987669 0.017719558 -0.006993147 0.004454103 0.000045125 0.999965608
1756585732607738880.000000 -0.001072775 0.000881666 0.017739313 -0.007054252 0.004430896 0.000019506 0.999965310
1756585732641079040.000000 -0.001148283 0.000897239 0.017778384 -0.007074657 0.004498330 -0.000033623 0.999964893
1756585732707758080.000000 -0.001217704 0.000805986 0.017742142 -0.007092031 0.004499606 -0.000024000 0.999964714
1756585732741097984.000000 -0.001221939 0.000782047 0.017755823 -0.007114399 0.004535207 -0.000010009 0.999964476
1756585732807777280.000000 -0.001031161 0.001141169 0.017800435 -0.006924979 0.004445264 -0.000013326 0.999966145
1756585732841116928.000000 -0.001088589 0.001108489 0.017747810 -0.006932617 0.004428809 -0.000028654 0.999966204
1756585732907795200.000000 -0.001106126 0.001275660 0.017737331 -0.006852603 0.004465551 0.000015550 0.999966621
1756585732974475776.000000 -0.001165419 0.001155228 0.017821509 -0.006958248 0.004489684 -0.000035328 0.999965727
1756585733007816704.000000 -0.001092632 0.001191159 0.017720699 -0.006889157 0.004460035 -0.000041864 0.999966323
1756585733074498816.000000 -0.001117388 0.001211801 0.017917892 -0.006889457 0.004454537 0.000015081 0.999966383
1756585733107839744.000000 -0.001148343 0.001147546 0.017809905 -0.006948658 0.004485121 -0.000018760 0.999965847
1756585733174521856.000000 -0.001138636 0.001147928 0.017788129 -0.006929201 0.004436302 0.000017384 0.999966145
1756585733207863040.000000 -0.001129545 0.001204782 0.017786184 -0.006871094 0.004472854 0.000021219 0.999966383
1756585733274544896.000000 -0.001053932 0.001059179 0.017747616 -0.006968470 0.004454739 0.000063436 0.999965787
1756585733307885056.000000 -0.001062498 0.001105512 0.017812790 -0.006990487 0.004425961 0.000030108 0.999965847
1756585733374566912.000000 -0.001129109 0.001123386 0.017764058 -0.006927500 0.004438100 -0.000004235 0.999966204
1756585733441249024.000000 -0.001147372 0.001032903 0.017758533 -0.007007366 0.004483693 0.000036997 0.999965489
1756585733474589952.000000 -0.000966688 0.001099190 0.017810415 -0.006981533 0.004375508 0.000010227 0.999966145
1756585733541271808.000000 -0.001005866 0.001040851 0.017768010 -0.007003246 0.004418367 0.000036362 0.999965727
1756585733574612736.000000 -0.000923651 0.001127753 0.017734509 -0.006949211 0.004384439 -0.000006526 0.999966264
1756585733641294848.000000 -0.000999484 0.001070935 0.017736441 -0.006961315 0.004409641 -0.000022931 0.999966085
1756585733707976704.000000 -0.000921377 0.001011125 0.017636571 -0.007001312 0.004389574 -0.000005414 0.999965906
1756585733741316608.000000 -0.001027331 0.000955068 0.017692339 -0.007013534 0.004412062 -0.000053061 0.999965668
1756585733807998464.000000 -0.000883172 0.001056927 0.017782558 -0.006987322 0.004346875 -0.000013803 0.999966145
1756585733841339648.000000 -0.000836105 0.001152600 0.017830843 -0.006927574 0.004335086 0.000046652 0.999966681
1756585733908021504.000000 -0.000752383 0.001079555 0.017623769 -0.006967384 0.004278485 0.000036805 0.999966621
1756585733941362432.000000 -0.000724800 0.001079781 0.017633403 -0.006949062 0.004226548 0.000061601 0.999966979
1756585734008045568.000000 -0.000980265 0.001224596 0.017733539 -0.006914159 0.004395748 0.000056119 0.999966502
1756585734074728960.000000 -0.000619317 0.001081019 0.017533569 -0.006909410 0.004206257 0.000066109 0.999967337
1756585734108070656.000000 -0.001036192 0.001130168 0.017777003 -0.006941373 0.004453325 0.000020977 0.999966025
1756585734174753024.000000 -0.001099186 0.001126562 0.017827408 -0.006913224 0.004478534 -0.000014866 0.999966085
1756585734241436160.000000 -0.001137379 0.001246126 0.017797858 -0.006903154 0.004457603 -0.000013196 0.999966264
1756585734274778112.000000 -0.001086212 0.001244749 0.017847881 -0.006868020 0.004457961 0.000008990 0.999966502
1756585734341461504.000000 -0.001154121 0.001294795 0.017872931 -0.006864016 0.004474944 -0.000070876 0.999966443
1756585734374803200.000000 -0.001238780 0.001322263 0.017823189 -0.006831515 0.004511031 -0.000043233 0.999966562
1756585734441486592.000000 -0.001130089 0.000972330 0.017731033 -0.007027189 0.004458029 -0.000046311 0.999965429
1756585734474828544.000000 -0.001201930 0.001348485 0.017999839 -0.006863519 0.004531148 -0.000003850 0.999966264
1756585734541511936.000000 -0.001151821 0.001171806 0.017728800 -0.006893605 0.004489393 -0.000012212 0.999966204
1756585734608195328.000000 -0.001257676 0.001315039 0.017916998 -0.006862439 0.004544779 -0.000022234 0.999966145
1756585734641536256.000000 -0.001126012 0.001351275 0.017949080 -0.006825576 0.004488372 0.000052596 0.999966681
1756585734708219648.000000 -0.001113829 0.001216516 0.018007170 -0.006952247 0.004479512 -0.000009147 0.999965787
1756585734774903552.000000 -0.001171999 0.001388478 0.018056378 -0.006877604 0.004496806 -0.000003920 0.999966323
1756585734808245504.000000 -0.001100011 0.001416884 0.017964087 -0.006833577 0.004439143 0.000010484 0.999966860
1756585734874928896.000000 -0.000998456 0.001344036 0.017737361 -0.006790458 0.004417449 0.000026649 0.999967217
1756585734908270848.000000 -0.000978617 0.001223166 0.017672557 -0.006847403 0.004399167 -0.000015609 0.999966919
1756585734974954240.000000 -0.001244659 0.001215788 0.017781500 -0.006875781 0.004543212 -0.000066354 0.999966085
1756585735008295424.000000 -0.001190101 0.001199679 0.017687587 -0.006904376 0.004557388 -0.000020651 0.999965787
1756585735074977280.000000 -0.000955101 0.001097112 0.017667312 -0.006943243 0.004381447 0.000003958 0.999966323
1756585735141659904.000000 -0.001107180 0.001137924 0.017806720 -0.006908717 0.004460380 -0.000047826 0.999966204
1756585735175001088.000000 -0.000806987 0.001077598 0.017804820 -0.006934864 0.004275029 -0.000006292 0.999966800
1756585735241683712.000000 -0.000778171 0.001132156 0.017759426 -0.006938137 0.004282618 0.000089528 0.999966800
1756585735275025408.000000 -0.000831826 0.001153837 0.017720919 -0.006917874 0.004313832 0.000048148 0.999966800
1756585735341708032.000000 -0.000748512 0.001089361 0.017711591 -0.006953697 0.004284451 0.000070722 0.999966681
1756585735375049472.000000 -0.001081937 0.001378866 0.017781060 -0.006790366 0.004451445 0.000028778 0.999967098
1756585735441732096.000000 -0.000840136 0.001239898 0.017883515 -0.006889553 0.004300791 -0.000022489 0.999967039
1756585735475073536.000000 -0.000656344 0.001263881 0.017893316 -0.006926538 0.004194554 0.000021994 0.999967277
1756585735541755136.000000 -0.000683253 0.001245296 0.017926801 -0.006947565 0.004216824 0.000022597 0.999966979
1756585735575096576.000000 -0.000863712 0.001136237 0.017828714 -0.006982820 0.004328239 0.000080331 0.999966264
1756585735641779200.000000 -0.000552172 0.001257195 0.017877284 -0.006917300 0.004173647 0.000050773 0.999967396
1756585735708462080.000000 -0.000813278 0.001163205 0.017774988 -0.006921364 0.004320056 0.000071331 0.999966800
1756585735741803520.000000 -0.000587788 0.001399508 0.017938908 -0.006857635 0.004139067 -0.000007353 0.999967992
1756585735775144704.000000 -0.000587957 0.001362349 0.017921567 -0.006859696 0.004152101 -0.000030993 0.999967873
1756585735841827328.000000 -0.001053895 0.001287152 0.017780041 -0.006804670 0.004441268 -0.000039391 0.999967039
1756585735908510208.000000 -0.001106900 0.001188826 0.017674193 -0.006857892 0.004474365 -0.000047045 0.999966502
1756585735941851648.000000 -0.000871003 0.001169350 0.017681278 -0.006896276 0.004336365 0.000055923 0.999966860
1756585736008537088.000000 -0.001042745 0.001078446 0.017704271 -0.006976758 0.004424377 -0.000015080 0.999965966
1756585736075223808.000000 -0.001080015 0.001141848 0.017711772 -0.006921235 0.004419406 0.000011176 0.999966323
1756585736108567552.000000 -0.000909340 0.001023895 0.017805612 -0.007044022 0.004335026 -0.000045424 0.999965847
1756585736175254016.000000 -0.001227477 0.000996216 0.017705368 -0.007021470 0.004521203 -0.000078677 0.999965131
1756585736241940992.000000 -0.001180627 0.001009996 0.017767722 -0.006979399 0.004523604 -0.000018365 0.999965429
1756585736275284480.000000 -0.001092418 0.001034970 0.017830383 -0.007001774 0.004463342 -0.000016744 0.999965549
1756585736341971456.000000 -0.001333674 0.001047409 0.017787049 -0.006984876 0.004572668 -0.000100590 0.999965131
1756585736408657664.000000 -0.001259228 0.001210986 0.017842740 -0.006929948 0.004534729 -0.000041704 0.999965727
1756585736442000896.000000 -0.000941368 0.001006474 0.017721456 -0.007018178 0.004361614 -0.000052016 0.999965906
1756585736508688128.000000 -0.000876774 0.001080289 0.017788772 -0.007002618 0.004338886 -0.000042229 0.999966085
1756585736575375616.000000 -0.001026151 0.001054174 0.017759228 -0.006990745 0.004413729 -0.000002781 0.999965847
1756585736608719104.000000 -0.000771711 0.001067303 0.017739357 -0.006967254 0.004279051 -0.000013526 0.999966621
1756585736675406336.000000 -0.000993584 0.001133519 0.017831655 -0.006977288 0.004394047 -0.000008233 0.999966025
1756585736708750080.000000 -0.000974888 0.001040041 0.017791221 -0.006992548 0.004383155 0.000033505 0.999966025
1756585736775437568.000000 -0.000900232 0.001065336 0.017786834 -0.006972918 0.004328153 -0.000043957 0.999966323
1756585736842125056.000000 -0.001149443 0.001175399 0.017827051 -0.006941408 0.004501020 -0.000024049 0.999965847
1756585736875467776.000000 -0.001021531 0.001033798 0.017817087 -0.007056997 0.004407182 -0.000010635 0.999965370
1756585736942155520.000000 -0.000964787 0.000957136 0.017671036 -0.007022423 0.004423286 0.000070327 0.999965608
1756585737008837888.000000 -0.000913024 0.001107763 0.017798731 -0.006946179 0.004323666 -0.000089786 0.999966502
1756585737042179072.000000 -0.001268382 0.001075882 0.017685346 -0.006940061 0.004546761 -0.000089363 0.999965608
1756585737108861696.000000 -0.000963542 0.001093608 0.017714303 -0.006927188 0.004410137 -0.000013692 0.999966323
1756585737142202880.000000 -0.001172119 0.001199981 0.017775781 -0.006888863 0.004504514 -0.000064032 0.999966145
1756585737208885248.000000 -0.001001999 0.001056310 0.017821578 -0.007005344 0.004393331 -0.000059407 0.999965847
1756585737242226688.000000 -0.001028339 0.001103331 0.017840309 -0.006983879 0.004413197 -0.000081083 0.999965906
1756585737308908032.000000 -0.000946116 0.001022441 0.017861256 -0.007013196 0.004389851 -0.000041299 0.999965787
1756585737375590400.000000 -0.000986883 0.001043931 0.017857967 -0.007006606 0.004395438 -0.000019095 0.999965847
1756585737408931840.000000 -0.001023500 0.001094477 0.017914375 -0.006980069 0.004410689 0.000010011 0.999965966
1756585737475613952.000000 -0.001001690 0.001129083 0.017884361 -0.006968881 0.004404095 -0.000009457 0.999966085
1756585737542296320.000000 -0.000922365 0.001093025 0.017779645 -0.006985279 0.004382053 -0.000011239 0.999966025
1756585737575637248.000000 -0.000873585 0.001004340 0.017741971 -0.006988317 0.004355235 0.000052281 0.999966145
1756585737642319872.000000 -0.001091075 0.000996491 0.017745262 -0.007014655 0.004454651 -0.000026925 0.999965549
1756585737675661056.000000 -0.000943914 0.000954741 0.017752625 -0.007038568 0.004345817 -0.000075686 0.999965787
1756585737742342400.000000 -0.000959899 0.001087695 0.017801832 -0.006931755 0.004368321 -0.000060671 0.999966502
1756585737775683584.000000 -0.000931441 0.001184933 0.017828889 -0.006878438 0.004392438 0.000015551 0.999966681
1756585737842365952.000000 -0.000861493 0.001281813 0.017764226 -0.006850698 0.004343294 0.000010633 0.999967158
1756585737909048320.000000 -0.000876285 0.001202467 0.017833566 -0.006931302 0.004328333 0.000027408 0.999966681
1756585737942389504.000000 -0.001164620 0.001215238 0.017862424 -0.006893813 0.004507409 -0.000052711 0.999966085
1756585738009076992.000000 -0.001133707 0.001199343 0.017857092 -0.006890089 0.004506738 -0.000029466 0.999966145
1756585738075764992.000000 -0.000843469 0.001180807 0.017753517 -0.006910305 0.004328225 0.000061199 0.999966800
1756585738109108992.000000 -0.000924430 0.000925089 0.017788356 -0.007081933 0.004378225 0.000029187 0.999965370
1756585738175795456.000000 -0.000987595 0.001160466 0.017782589 -0.006912367 0.004393229 0.000015307 0.999966443
1756585738209139712.000000 -0.001017954 0.001090544 0.017770974 -0.006990039 0.004426192 -0.000007036 0.999965847
1756585738275827712.000000 -0.001130228 0.001197749 0.017703028 -0.006899908 0.004464131 -0.000026201 0.999966323
1756585738342515712.000000 -0.001193978 0.001174382 0.017811000 -0.006922183 0.004475926 -0.000051558 0.999966085
1756585738375859712.000000 -0.001149674 0.001222594 0.017836636 -0.006887811 0.004452545 -0.000030954 0.999966383
1756585738442547712.000000 -0.001063490 0.001254982 0.017766003 -0.006869696 0.004427993 0.000008126 0.999966621
1756585738509235968.000000 -0.001006380 0.001344222 0.017797159 -0.006800912 0.004417551 0.000001256 0.999967158
1756585738575924224.000000 -0.001105954 0.001288197 0.017750503 -0.006821355 0.004449903 0.000003024 0.999966919
1756585738609268480.000000 -0.001014235 0.000986218 0.017762939 -0.007025403 0.004409574 -0.000027605 0.999965608
1756585738675955456.000000 -0.001022736 0.001192243 0.017857626 -0.006921959 0.004435774 0.000015439 0.999966204
1756585738742643712.000000 -0.000911455 0.001234436 0.017812029 -0.006881448 0.004373560 0.000042359 0.999966800
1756585738775988224.000000 -0.000983948 0.001053657 0.017721673 -0.006979338 0.004416605 0.000075514 0.999965966
1756585738842676480.000000 -0.000902552 0.000979197 0.017809324 -0.007024252 0.004366847 -0.000001408 0.999965787
1756585738909364992.000000 -0.001167917 0.001247962 0.017796036 -0.006902698 0.004507807 -0.000030011 0.999966025
1756585738942709248.000000 -0.001171530 0.001183384 0.017765597 -0.006921341 0.004524400 -0.000036521 0.999965906
1756585739009391360.000000 -0.001090428 0.001122738 0.017723190 -0.006943614 0.004475893 -0.000039820 0.999965906
1756585739076072448.000000 -0.001046740 0.001096073 0.017761165 -0.006961703 0.004445857 0.000044842 0.999965906
1756585739109413632.000000 -0.000904477 0.001124919 0.017783707 -0.006914899 0.004371481 0.000026222 0.999966562
1756585739176095744.000000 -0.000980217 0.000931882 0.017756792 -0.007035035 0.004412154 0.000035398 0.999965549
1756585739242777856.000000 -0.000808529 0.001006446 0.017736565 -0.006981684 0.004299805 -0.000011106 0.999966383
1756585739276119040.000000 -0.001104219 0.001100483 0.017732868 -0.006934173 0.004498509 -0.000048245 0.999965906
1756585739342801152.000000 -0.001127306 0.000879586 0.017800130 -0.007074950 0.004466278 -0.000033247 0.999965012
1756585739409483264.000000 -0.001133533 0.000998690 0.017805064 -0.007010386 0.004476559 -0.000011826 0.999965489
1756585739442824192.000000 -0.001122149 0.001015737 0.017761307 -0.007026637 0.004482402 0.000009896 0.999965310
1756585739509506560.000000 -0.001114962 0.000916597 0.017762637 -0.007028696 0.004467638 -0.000048000 0.999965370
1756585739576187648.000000 -0.001052223 0.000896319 0.017695850 -0.007076845 0.004432794 -0.000022816 0.999965131
1756585739609528576.000000 -0.001129245 0.001009440 0.017709086 -0.007010011 0.004479366 0.000002785 0.999965429
1756585739676210688.000000 -0.001097670 0.000987681 0.017792040 -0.007035847 0.004457524 -0.000063542 0.999965370
1756585739742892800.000000 -0.000965202 0.000989223 0.017790621 -0.007016235 0.004355162 -0.000033014 0.999965966
1756585739776233984.000000 -0.001318347 0.001135127 0.017786359 -0.006913952 0.004556722 -0.000133675 0.999965727
1756585739842916096.000000 -0.001092712 0.001025006 0.017682763 -0.006989687 0.004432758 -0.000070034 0.999965727
1756585739909598208.000000 -0.000942667 0.001037608 0.017763244 -0.006957468 0.004401344 0.000003189 0.999966145
1756585739942939392.000000 -0.000786354 0.000991238 0.017743316 -0.006986033 0.004302303 -0.000001459 0.999966383
1756585740009622784.000000 -0.000802115 0.001173561 0.017810984 -0.006883218 0.004306675 -0.000002171 0.999967098
1756585740042965504.000000 -0.000867626 0.001290524 0.017731335 -0.006797460 0.004360754 0.000071154 0.999967396
1756585740109649920.000000 -0.000812224 0.001151002 0.017742196 -0.006916881 0.004303980 0.000030572 0.999966800
1756585740176334592.000000 -0.000944461 0.001128209 0.017706798 -0.006923659 0.004375930 0.000058710 0.999966502
1756585740243019264.000000 -0.001128553 0.001104597 0.017679861 -0.006908294 0.004499576 -0.000018877 0.999966085
1756585740276361728.000000 -0.000954519 0.001180274 0.017665673 -0.006846220 0.004406911 0.000070826 0.999966919
1756585740343046656.000000 -0.000934623 0.001234732 0.017741330 -0.006847039 0.004393520 0.000086230 0.999966919
1756585740409730560.000000 -0.000967213 0.001126732 0.017749276 -0.006911263 0.004418004 0.000044264 0.999966383
1756585740443072768.000000 -0.000891333 0.001102476 0.017711019 -0.006928274 0.004362026 0.000081068 0.999966502
1756585740509757696.000000 -0.000813512 0.001203710 0.017736997 -0.006911891 0.004322410 0.000152330 0.999966800
1756585740543100160.000000 -0.000899632 0.001194664 0.017693143 -0.006865875 0.004369756 0.000092066 0.999966919
1756585740609785088.000000 -0.000975800 0.001158077 0.017801082 -0.006907560 0.004406236 0.000040936 0.999966443
1756585740676470272.000000 -0.001053570 0.001078550 0.017738156 -0.006951869 0.004470372 0.000118005 0.999965906
1756585740709812480.000000 -0.000975166 0.001116755 0.017775582 -0.006910870 0.004406577 0.000011970 0.999966443
1756585740776497664.000000 -0.000997515 0.001259514 0.017795401 -0.006821395 0.004417337 0.000051074 0.999966979
1756585740809840128.000000 -0.000910759 0.001087056 0.017705690 -0.006934768 0.004379743 0.000080171 0.999966443
1756585740876524288.000000 -0.000934512 0.001056268 0.017718216 -0.006954687 0.004396488 0.000120417 0.999966145
1756585740943209472.000000 -0.000954019 0.001012348 0.017622571 -0.006968951 0.004398310 0.000104830 0.999966085
1756585741009890560.000000 -0.000946439 0.001048764 0.017682221 -0.006961173 0.004403921 0.000124030 0.999966145
1756585741043230976.000000 -0.001044282 0.001049040 0.017699869 -0.006961999 0.004482108 0.000086946 0.999965787
1756585741109912064.000000 -0.000977988 0.001049768 0.017602997 -0.006926925 0.004419010 0.000086156 0.999966264
1756585741176593408.000000 -0.000788567 0.001119650 0.017767183 -0.006914304 0.004327604 0.000153441 0.999966800
1756585741209933568.000000 -0.000882541 0.001225724 0.017794518 -0.006880266 0.004395359 0.000094842 0.999966681
1756585741276614656.000000 -0.000615539 0.001160556 0.017787412 -0.006872318 0.004217777 0.000103056 0.999967515
1756585741343294720.000000 -0.000733638 0.001215955 0.017749846 -0.006884684 0.004285316 0.000099962 0.999967158
1756585741376635136.000000 -0.000899834 0.001165536 0.017696192 -0.006894253 0.004383383 0.000126975 0.999966681
1756585741443315968.000000 -0.000825697 0.001220920 0.017749667 -0.006855662 0.004294402 0.000041915 0.999967277
1756585741509997056.000000 -0.000950039 0.001208702 0.017772781 -0.006864155 0.004427772 0.000140219 0.999966681
1756585741543337472.000000 -0.000907796 0.001126145 0.017692119 -0.006955126 0.004383631 0.000118063 0.999966264
1756585741610018304.000000 -0.000714740 0.001164938 0.017757338 -0.006892091 0.004248156 0.000112295 0.999967277
1756585741643358720.000000 -0.000658749 0.001160484 0.017712086 -0.006888411 0.004213016 0.000068882 0.999967456
1756585741710039552.000000 -0.000987215 0.001089425 0.017603457 -0.006910978 0.004434824 0.000106493 0.999966323
1756585741776719360.000000 -0.000682097 0.001190887 0.017616732 -0.006841390 0.004266850 0.000125885 0.999967575
1756585741843400192.000000 -0.001050837 0.001224686 0.017741680 -0.006874127 0.004454765 0.000009450 0.999966502
1756585741876740352.000000 -0.001136401 0.001154855 0.017709898 -0.006860055 0.004518086 0.000024299 0.999966264
1756585741943421440.000000 -0.001079401 0.001194145 0.017807860 -0.006877718 0.004477748 0.000018047 0.999966383
1756585742010209024.000000 -0.000904198 0.001146712 0.017747194 -0.006919770 0.004342345 0.000006696 0.999966681
1756585742043629824.000000 -0.001083132 0.001045787 0.017692983 -0.006952248 0.004506379 0.000013505 0.999965668
1756585742110473216.000000 -0.001070497 0.001046700 0.017688187 -0.006952316 0.004470703 0.000024007 0.999965847
1756585742177318656.000000 -0.001037083 0.001009368 0.017726544 -0.006940793 0.004432619 0.000042508 0.999966145
1756585742244165120.000000 -0.000947321 0.001083774 0.017668825 -0.006942175 0.004400621 0.000111370 0.999966204
1756585742277589760.000000 -0.001176502 0.001059463 0.017572606 -0.006960407 0.004503578 0.000059416 0.999965727
1756585742344440576.000000 -0.001089111 0.000941429 0.017664775 -0.006976082 0.004487947 0.000024249 0.999965668
1756585742411292928.000000 -0.001075928 0.000941651 0.017738543 -0.006974667 0.004471287 0.000014242 0.999965727
1756585742444720128.000000 -0.001117241 0.000981017 0.017666901 -0.006981460 0.004506499 0.000001272 0.999965549
1756585742511575808.000000 -0.001170897 0.000976413 0.017629320 -0.006969805 0.004520490 0.000040408 0.999965489
1756585742578433536.000000 -0.001073868 0.001127236 0.017664069 -0.006879051 0.004470360 0.000029009 0.999966443
1756585742611863296.000000 -0.000880331 0.001122099 0.017719550 -0.006950991 0.004331574 0.000015839 0.999966502
1756585742678722816.000000 -0.000881023 0.001134225 0.017748140 -0.006917277 0.004359604 0.000151380 0.999966562
1756585742745585920.000000 -0.000820940 0.001025414 0.017491292 -0.006927827 0.004382130 0.000123577 0.999966443
1756585742779018240.000000 -0.000921413 0.001096293 0.017664259 -0.006902365 0.004330364 -0.000013892 0.999966800
1756585742845884160.000000 -0.000941594 0.001110495 0.017676840 -0.006930656 0.004344202 0.000005005 0.999966562
1756585742912751872.000000 -0.000903062 0.001078462 0.017651798 -0.006927859 0.004324491 0.000048964 0.999966681
1756585742979588096.000000 -0.000875365 0.001114930 0.017738216 -0.006910611 0.004318948 -0.000015487 0.999966860
1756585743012921856.000000 -0.000925332 0.001128525 0.017672937 -0.006888319 0.004378474 0.000144403 0.999966681
1756585743079588352.000000 -0.001034722 0.001206691 0.017640736 -0.006818019 0.004440133 0.000028569 0.999966919
1756585743146255616.000000 -0.000976752 0.001120921 0.017669359 -0.006907398 0.004384241 0.000051118 0.999966562
1756585743179589120.000000 -0.000801947 0.001063722 0.017587511 -0.006925093 0.004380890 0.000171393 0.999966443
1756585743246255872.000000 -0.000961141 0.001185475 0.017637430 -0.006872429 0.004448764 0.000170831 0.999966502
1756585743312922368.000000 -0.000843158 0.001057195 0.017521497 -0.006915474 0.004404256 0.000195877 0.999966383
1756585743346255360.000000 -0.000796181 0.001062292 0.017602259 -0.006936496 0.004412045 0.000169698 0.999966204
1756585743412921600.000000 -0.000995155 0.001235238 0.017722746 -0.006857833 0.004430254 0.000068763 0.999966681
1756585743479587328.000000 -0.000794979 0.001052154 0.017590195 -0.006907083 0.004376975 0.000195737 0.999966621
1756585743512919296.000000 -0.000989682 0.001220646 0.017736290 -0.006858884 0.004453727 0.000082799 0.999966621
1756585743579584512.000000 -0.000785817 0.001040111 0.017607611 -0.006927565 0.004365633 0.000177069 0.999966502
1756585743646249728.000000 -0.000822462 0.001017240 0.017544024 -0.006948489 0.004380928 0.000088778 0.999966323
1756585743679582464.000000 -0.000847267 0.000987887 0.017538158 -0.006970414 0.004381606 0.000086603 0.999966145
1756585743746247168.000000 -0.000826540 0.001011686 0.017596178 -0.006961957 0.004377030 0.000064534 0.999966204
1756585743812911616.000000 -0.001046789 0.000791496 0.017614529 -0.007133573 0.004458547 -0.000006434 0.999964595
1756585743846243584.000000 -0.000699894 0.001040736 0.017795082 -0.007076702 0.004317600 0.000207431 0.999965668
1756585743912908032.000000 -0.000998098 0.000846679 0.017668920 -0.007105492 0.004487897 0.000019148 0.999964714
1756585743979571456.000000 -0.001040266 0.000803176 0.017637478 -0.007107313 0.004499689 0.000055355 0.999964595
1756585744046238720.000000 -0.001035469 0.000807579 0.017610652 -0.007092271 0.004440424 0.000035282 0.999965012
1756585744079572480.000000 -0.000940043 0.001037843 0.017619841 -0.006977106 0.004325937 -0.000100498 0.999966323
1756585744146239232.000000 -0.001038851 0.000924470 0.017075533 -0.006709770 0.002368467 0.000079293 0.999974728
1756585744212906240.000000 -0.002876121 0.000785149 0.016619409 -0.007321895 -0.008248680 -0.000191793 0.999939203
1756585744246239232.000000 -0.003893764 0.001118354 0.016631780 -0.007736092 -0.013209339 -0.000501482 0.999882758
1756585744312905472.000000 -0.005970684 0.001251630 0.016149461 -0.007736570 -0.022247219 -0.000761795 0.999722302
1756585744379571456.000000 -0.005979285 0.001402218 0.016108306 -0.007198855 -0.020733112 -0.000796047 0.999758840
1756585744446236160.000000 -0.005597792 0.001363899 0.016628830 -0.007780262 -0.019949175 -0.000852823 0.999770403
1756585744512901632.000000 -0.006220044 0.001697152 0.017000819 -0.007762278 -0.019410558 -0.001025360 0.999781013
1756585744579566592.000000 -0.006029527 0.001613277 0.016510904 -0.007010630 -0.019769270 -0.000802011 0.999779701
1756585744612899072.000000 -0.006359179 0.001718167 0.016764367 -0.007200476 -0.019595332 -0.000941956 0.999781609
1756585744679564032.000000 -0.006410075 0.001751649 0.016865361 -0.007421946 -0.019599818 -0.000992434 0.999779940
1756585744746228224.000000 -0.006385322 0.001777150 0.016863596 -0.007164114 -0.019608818 -0.001045421 0.999781549
1756585744812892672.000000 -0.006367155 0.001721088 0.016935881 -0.007410821 -0.019615524 -0.001069387 0.999779582
1756585744879555584.000000 -0.006465449 0.001741530 0.016704110 -0.007195268 -0.019611405 -0.001129476 0.999781132
1756585744946219008.000000 -0.005782295 0.001656004 0.016606877 -0.007320852 -0.019923527 -0.000768107 0.999774456
1756585745046217728.000000 -0.005930850 0.001735727 0.016570501 -0.007200625 -0.019903166 -0.001051140 0.999775469
1756585745112883456.000000 -0.005885047 0.001595071 0.016472775 -0.007398065 -0.019842543 -0.000820541 0.999775469
1756585745179548928.000000 -0.006071317 0.001647263 0.016506379 -0.007309707 -0.019784233 -0.000859123 0.999777198
1756585745246214400.000000 -0.005874350 0.001598502 0.016737804 -0.007373284 -0.019876810 -0.000712634 0.999774992
1756585745312878336.000000 -0.005766846 0.001631081 0.016604163 -0.007286383 -0.019939365 -0.000635039 0.999774516
1756585745379543040.000000 -0.005861644 0.001587314 0.016751058 -0.007355146 -0.019901058 -0.000681547 0.999774694
1756585745446207488.000000 -0.005882122 0.001580990 0.016757041 -0.007380306 -0.019870350 -0.000664238 0.999775112
1756585745546203648.000000 -0.005779587 0.001566578 0.016611723 -0.007344596 -0.019891394 -0.000673214 0.999774933
1756585745612867072.000000 -0.005872951 0.001580989 0.016761677 -0.007349158 -0.019809956 -0.000559658 0.999776661
1756585745679530496.000000 -0.005792973 0.001613064 0.016605012 -0.007312775 -0.019883377 -0.000517178 0.999775410
1756585745746192640.000000 -0.005879777 0.001571524 0.016720820 -0.007376435 -0.019859415 -0.000639638 0.999775350
1756585745812855296.000000 -0.005811298 0.001613011 0.016681226 -0.007355501 -0.019898741 -0.000657175 0.999774814
1756585745912848896.000000 -0.005771775 0.001621370 0.016630603 -0.007316666 -0.019938996 -0.000661128 0.999774218
1756585745979511808.000000 -0.005459211 0.001441655 0.016442178 -0.007397516 -0.020040495 -0.000517173 0.999771655
1756585746046178304.000000 -0.005447839 0.001461336 0.016425500 -0.007352470 -0.020061877 -0.000505305 0.999771655
1756585746112844288.000000 -0.005676638 0.001516468 0.016560296 -0.007385862 -0.019978026 -0.000612127 0.999772966
1756585746179508736.000000 -0.005447819 0.001449764 0.016441349 -0.007378549 -0.020037016 -0.000506636 0.999771953
1756585746246174208.000000 -0.005484379 0.001446074 0.016398488 -0.007368020 -0.020010203 -0.000506244 0.999772489
1756585746346171904.000000 -0.005452106 0.001477054 0.016439091 -0.007326557 -0.020049920 -0.000520928 0.999772012
1756585746412836352.000000 -0.005458346 0.001466543 0.016421415 -0.007359465 -0.020026332 -0.000447995 0.999772310
1756585746479500800.000000 -0.005473398 0.001463796 0.016420716 -0.007360272 -0.020052167 -0.000518992 0.999771714
1756585746546164736.000000 -0.005811627 0.001663934 0.016588964 -0.007283690 -0.019889481 -0.000599472 0.999775469
1756585746612828672.000000 -0.005737104 0.001691914 0.016514214 -0.007238988 -0.019993542 -0.000663762 0.999773741
1756585746679491328.000000 -0.005693338 0.001562253 0.016586488 -0.007343397 -0.019984478 -0.000584900 0.999773204
1756585746779485952.000000 -0.005383117 0.001374298 0.016558252 -0.007468059 -0.020117573 -0.000496346 0.999769628
1756585746846148608.000000 -0.005709952 0.001543881 0.016622335 -0.007376142 -0.019988239 -0.000597478 0.999772906
1756585746912810752.000000 -0.005703234 0.001537338 0.016647648 -0.007400343 -0.019988118 -0.000581785 0.999772727
1756585746979474176.000000 -0.005705709 0.001545004 0.016619390 -0.007365304 -0.019976847 -0.000590343 0.999773204
1756585747046142464.000000 -0.005701812 0.001547099 0.016588185 -0.007340203 -0.020004716 -0.000625399 0.999772787
1756585747112809216.000000 -0.005760395 0.001561453 0.016526783 -0.007359333 -0.019961109 -0.000673026 0.999773502
1756585747212810240.000000 -0.005713597 0.001577661 0.016621524 -0.007353468 -0.019991089 -0.000714362 0.999772847
1756585747279477504.000000 -0.005701929 0.001550166 0.016596736 -0.007360471 -0.020020640 -0.000654979 0.999772251
1756585747346144512.000000 -0.005692633 0.001541353 0.016640773 -0.007348392 -0.020004135 -0.000632773 0.999772727
1756585747412811264.000000 -0.005730923 0.001562368 0.016569225 -0.007339502 -0.019977950 -0.000641676 0.999773324
1756585747512810752.000000 -0.005663904 0.001563348 0.016574958 -0.007357446 -0.020050639 -0.000680640 0.999771655
1756585747579475968.000000 -0.005589240 0.001555562 0.016774120 -0.007405191 -0.020215610 -0.000689142 0.999768019
1756585747646141440.000000 -0.005651442 0.001534849 0.016681181 -0.007406438 -0.020149473 -0.000741174 0.999769330
1756585747712807168.000000 -0.005795433 0.001639439 0.016592352 -0.007301065 -0.020001704 -0.000744056 0.999773026
1756585747779472384.000000 -0.005683547 0.001543017 0.016658701 -0.007380974 -0.020035271 -0.000659397 0.999771833
1756585747846137600.000000 -0.005808720 0.001657034 0.016602900 -0.007304107 -0.019973429 -0.000759243 0.999773562
1756585747946134528.000000 -0.005798705 0.001621796 0.016579503 -0.007312179 -0.019972455 -0.000690222 0.999773622
1756585748012800512.000000 -0.005655612 0.001527240 0.016581781 -0.007376427 -0.020035744 -0.000613012 0.999771893
1756585748079468544.000000 -0.005695914 0.001508871 0.016661709 -0.007380555 -0.020021796 -0.000610146 0.999772131
1756585748146136320.000000 -0.005806216 0.001619962 0.016592007 -0.007315451 -0.019968653 -0.000699935 0.999773622
1756585748212803584.000000 -0.005777986 0.001631330 0.016581867 -0.007315150 -0.019961882 -0.000681511 0.999773800
1756585748312804352.000000 -0.005759240 0.001519367 0.016527025 -0.007337443 -0.019989062 -0.000680652 0.999773026
1756585748379471360.000000 -0.005797903 0.001626462 0.016580958 -0.007324293 -0.019985246 -0.000691970 0.999773204
1756585748446136576.000000 -0.005820281 0.001614697 0.016587622 -0.007344304 -0.019960763 -0.000677404 0.999773622
1756585748546135552.000000 -0.005790588 0.001623653 0.016568244 -0.007327917 -0.019993171 -0.000692768 0.999773085
1756585748612801536.000000 -0.005805938 0.001625129 0.016610635 -0.007324946 -0.019976005 -0.000725255 0.999773383
1756585748679467008.000000 -0.005825985 0.001619968 0.016594887 -0.007321880 -0.019972550 -0.000718228 0.999773502
1756585748746132480.000000 -0.005808680 0.001641101 0.016588425 -0.007328438 -0.019978398 -0.000721754 0.999773324
1756585748846128640.000000 -0.005665541 0.001511255 0.016568234 -0.007378167 -0.020033808 -0.000665663 0.999771833
1756585748912793088.000000 -0.005628524 0.001576950 0.016609365 -0.007336526 -0.020113096 -0.000722152 0.999770522
1756585748979458304.000000 -0.005589501 0.001663799 0.016589519 -0.007292615 -0.020105649 -0.000618328 0.999771118
1756585749046126080.000000 -0.005585663 0.001572166 0.016571477 -0.007329628 -0.020108530 -0.000648535 0.999770761
1756585749146127616.000000 -0.005766409 0.001521808 0.016583879 -0.007362054 -0.019978069 -0.000617128 0.999773145
1756585749212795136.000000 -0.005602208 0.001564264 0.016593851 -0.007334461 -0.020069905 -0.000577893 0.999771535
1756585749279461888.000000 -0.005576086 0.001639621 0.016658247 -0.007297421 -0.020102449 -0.000642480 0.999771118
1756585749346127872.000000 -0.005828992 0.001568602 0.016586279 -0.007355376 -0.019963656 -0.000720680 0.999773383
1756585749412794112.000000 -0.005724581 0.001690413 0.016593667 -0.007283875 -0.020029383 -0.000670675 0.999772608
1756585749512793600.000000 -0.005637678 0.001608087 0.016575813 -0.007295824 -0.020068420 -0.000642700 0.999771774
1756585749579459072.000000 -0.005869817 0.001622967 0.016643206 -0.007296021 -0.019960174 -0.000737106 0.999773920
1756585749679457536.000000 -0.005701098 0.001608601 0.016608512 -0.007318047 -0.020040924 -0.000697435 0.999772191
1756585749746121728.000000 -0.005855235 0.001564912 0.016633393 -0.007330276 -0.019968610 -0.000695396 0.999773562
1756585749812786688.000000 -0.005678957 0.001566169 0.016586978 -0.007350367 -0.020066077 -0.000753965 0.999771416
1756585749879451392.000000 -0.005665589 0.001621926 0.016567400 -0.007284621 -0.020104252 -0.000724159 0.999771118
1756585749946115584.000000 -0.005791947 0.001669166 0.016561510 -0.007261195 -0.020026263 -0.000757502 0.999772847
1756585750046114816.000000 -0.005547651 0.001706240 0.016427895 -0.007196516 -0.020175010 -0.000865432 0.999770224
1756585750112781312.000000 -0.005760957 0.001634234 0.016534138 -0.007227399 -0.020112136 -0.000837741 0.999771297
1756585750179447296.000000 -0.005776831 0.001689566 0.016525252 -0.007215452 -0.020087482 -0.000823889 0.999771893
1756585750246112512.000000 -0.005694287 0.001753013 0.016502962 -0.007216069 -0.020084886 -0.000739809 0.999772012
1756585750346110720.000000 -0.005657892 0.001853305 0.016583616 -0.007179939 -0.020092173 -0.000731368 0.999772131
1756585750412775936.000000 -0.005736222 0.001751033 0.016496904 -0.007231914 -0.020046500 -0.000690401 0.999772727
1756585750512773376.000000 -0.005686197 0.001663984 0.016550524 -0.007271544 -0.020090444 -0.000699846 0.999771535
1756585750579437568.000000 -0.005747510 0.001680927 0.016472626 -0.007229481 -0.020058928 -0.000757019 0.999772429
1756585750646100736.000000 -0.005767588 0.001682739 0.016515309 -0.007247255 -0.020036951 -0.000741645 0.999772727
1756585750712764672.000000 -0.005895636 0.001721193 0.016460605 -0.007209396 -0.019982848 -0.000772699 0.999774039
1756585750812759808.000000 -0.005801857 0.001644022 0.016496010 -0.007280198 -0.020041429 -0.000773358 0.999772370
1756585750879422976.000000 -0.005764674 0.001798601 0.016473569 -0.007193860 -0.020052988 -0.000765857 0.999772787
1756585750946085632.000000 -0.005551110 0.001783997 0.016680600 -0.007256963 -0.020152591 -0.000646656 0.999770403
1756585751012752384.000000 -0.005728173 0.001723832 0.016548961 -0.007246564 -0.020058218 -0.000716937 0.999772310
1756585751079419392.000000 -0.005601468 0.001724468 0.016677070 -0.007241576 -0.020131851 -0.000669830 0.999770939
1756585751179421440.000000 -0.005713475 0.001815125 0.016553955 -0.007171255 -0.020103009 -0.000731593 0.999771953
1756585751246089216.000000 -0.005690332 0.001784414 0.016543869 -0.007194430 -0.020097697 -0.000744106 0.999771833
1756585751312756224.000000 -0.005668913 0.001659684 0.016495872 -0.007250592 -0.020100843 -0.000729479 0.999771416
1756585751379423488.000000 -0.005589433 0.001816175 0.016423883 -0.007157570 -0.020178081 -0.000829285 0.999770463
1756585751479423232.000000 -0.005732177 0.001704101 0.016564446 -0.007261315 -0.020074435 -0.000801081 0.999771833
1756585751546088960.000000 -0.005757018 0.001741404 0.016609734 -0.007251322 -0.020099072 -0.000786988 0.999771357
1756585751612754944.000000 -0.005711864 0.001666574 0.016521404 -0.007277010 -0.020067271 -0.000704256 0.999771893
1756585751679420928.000000 -0.005768685 0.001756747 0.016611530 -0.007273775 -0.020028220 -0.000717524 0.999772727
1756585751779419136.000000 -0.005797707 0.001749421 0.016646849 -0.007250848 -0.019991668 -0.000730407 0.999773622
1756585751846084352.000000 -0.005736486 0.001730212 0.016510440 -0.007260877 -0.020044269 -0.000679220 0.999772489
1756585751912749312.000000 -0.005760713 0.001696990 0.016452463 -0.007241799 -0.020056931 -0.000758208 0.999772370
1756585751979413760.000000 -0.005745736 0.001769189 0.016597779 -0.007245104 -0.020052630 -0.000752261 0.999772429
1756585752046082304.000000 -0.005782160 0.001762102 0.016634762 -0.007246489 -0.020023219 -0.000678450 0.999773085
1756585752112750592.000000 -0.005749856 0.001771294 0.016667498 -0.007240642 -0.020034241 -0.000704869 0.999772847
1756585752179418624.000000 -0.005709792 0.001697254 0.016646996 -0.007274805 -0.020059364 -0.000658306 0.999772131
1756585752279420160.000000 -0.005741747 0.001664363 0.016629577 -0.007285599 -0.020011326 -0.000686482 0.999773026
1756585752346087680.000000 -0.005806374 0.001675900 0.016549122 -0.007287873 -0.020023443 -0.000728153 0.999772668
1756585752412753664.000000 -0.005733888 0.001652205 0.016531345 -0.007298784 -0.020021725 -0.000644673 0.999772787
1756585752512753920.000000 -0.005760972 0.001697372 0.016626677 -0.007271833 -0.020019529 -0.000678795 0.999772966
1756585752579420672.000000 -0.005712379 0.001532670 0.016591245 -0.007365438 -0.020009838 -0.000554636 0.999772549
1756585752646086912.000000 -0.005791713 0.001631431 0.016627228 -0.007311046 -0.020013299 -0.000670871 0.999772787
1756585752712752896.000000 -0.005705797 0.001604265 0.016613495 -0.007321957 -0.020015284 -0.000611352 0.999772668
1756585752812751616.000000 -0.005715114 0.001672669 0.016629480 -0.007280389 -0.020043844 -0.000593676 0.999772429
1756585752879416064.000000 -0.005705150 0.001727615 0.016710490 -0.007273703 -0.020009829 -0.000568578 0.999773204
1756585752946081280.000000 -0.005772578 0.001660660 0.016692754 -0.007305273 -0.019995723 -0.000619459 0.999773264
1756585753012748032.000000 -0.005748479 0.001715292 0.016725458 -0.007300599 -0.019996112 -0.000586613 0.999773264
1756585753079415296.000000 -0.005796569 0.001647608 0.016691200 -0.007343211 -0.019955516 -0.000596696 0.999773800
1756585753146082304.000000 -0.005800956 0.001631664 0.016725488 -0.007356077 -0.019960582 -0.000579288 0.999773562
1756585753212749312.000000 -0.005808435 0.001676551 0.016704172 -0.007313270 -0.019962996 -0.000612123 0.999773800
1756585753279415552.000000 -0.005832141 0.001595336 0.016682167 -0.007372378 -0.019968299 -0.000640398 0.999773264
1756585753346080768.000000 -0.005842010 0.001674934 0.016742283 -0.007320451 -0.019979546 -0.000697154 0.999773383
1756585753446079488.000000 -0.005855547 0.001678755 0.016728107 -0.007310325 -0.019954372 -0.000673905 0.999773979
1756585753512745216.000000 -0.005844546 0.001665340 0.016719677 -0.007330239 -0.019960096 -0.000662050 0.999773681
1756585753579410432.000000 -0.005827839 0.001673542 0.016705129 -0.007322409 -0.019976085 -0.000671453 0.999773443
1756585753679408128.000000 -0.005759085 0.001684306 0.016681444 -0.007337925 -0.020006225 -0.000676965 0.999772727
1756585753746071552.000000 -0.005851098 0.001657584 0.016617285 -0.007322574 -0.019983804 -0.000663488 0.999773324
1756585753846067968.000000 -0.005754842 0.001640294 0.016670421 -0.007291274 -0.020024743 -0.000652283 0.999772668
1756585753912731648.000000 -0.005793510 0.001592828 0.016639004 -0.007354243 -0.019996710 -0.000676470 0.999772787
1756585753979396352.000000 -0.005813402 0.001618590 0.016626203 -0.007330763 -0.019990139 -0.000660687 0.999773085
1756585754046067456.000000 -0.005803484 0.001606999 0.016648630 -0.007342373 -0.019990372 -0.000661512 0.999773085
1756585754146073856.000000 -0.005786440 0.001622466 0.016727692 -0.007346641 -0.019982349 -0.000616081 0.999773204
1756585754212743424.000000 -0.005871965 0.001608923 0.016658710 -0.007347129 -0.019938964 -0.000645059 0.999773979
1756585754312749312.000000 -0.005804166 0.001628955 0.016652213 -0.007324529 -0.019975731 -0.000578545 0.999773443
1756585754379419392.000000 -0.005626212 0.001664090 0.016555823 -0.007296743 -0.020073187 -0.000552417 0.999771774
1756585754446089216.000000 -0.005654995 0.001633508 0.016601680 -0.007323700 -0.020054501 -0.000567211 0.999771893
1756585754512759296.000000 -0.005776530 0.001564994 0.016614590 -0.007349056 -0.020016043 -0.000646029 0.999772429
1756585754579428864.000000 -0.005781132 0.001641620 0.016648937 -0.007308835 -0.020016599 -0.000631365 0.999772787
1756585754679432192.000000 -0.005819661 0.001616056 0.016625173 -0.007333641 -0.019977970 -0.000610193 0.999773383
1756585754746101504.000000 -0.005804188 0.001609802 0.016607927 -0.007323146 -0.019994555 -0.000626470 0.999773085
1756585754846104576.000000 -0.005742182 0.001627919 0.016606743 -0.007267223 -0.020034209 -0.000759613 0.999772608
1756585754912773376.000000 -0.005881011 0.001579140 0.016636306 -0.007361380 -0.019936329 -0.000617494 0.999774039
1756585754979441664.000000 -0.005779016 0.001526597 0.016560623 -0.007383557 -0.019971596 -0.000581538 0.999773145
1756585755046108672.000000 -0.005616093 0.001590191 0.016532902 -0.007323720 -0.020079272 -0.000606207 0.999771416
1756585755146107136.000000 -0.005576699 0.001652777 0.016579831 -0.007280994 -0.020112855 -0.000605799 0.999771059
1756585755212773120.000000 -0.005576215 0.001611436 0.016563009 -0.007318858 -0.020105483 -0.000575179 0.999770939
1756585755279438848.000000 -0.005568938 0.001826459 0.016552977 -0.007175231 -0.020113228 -0.000557365 0.999771833
1756585755346104320.000000 -0.005860983 0.001916838 0.016698968 -0.007172429 -0.019952096 -0.000655607 0.999774992
1756585755412769792.000000 -0.005527639 0.001795462 0.016509203 -0.007180540 -0.020157572 -0.000646628 0.999770820
1756585755512765952.000000 -0.005720267 0.001921059 0.016639531 -0.006989606 -0.020258155 -0.000582430 0.999770224
1756585755579430400.000000 -0.006187158 0.000826606 0.016897399 0.000123553 -0.022952696 0.000160029 0.999736547
1756585755646094592.000000 -0.006367117 0.000079195 0.022175051 0.001081401 -0.025051447 0.000516085 0.999685466
1756585755712758528.000000 -0.007647067 0.000504824 0.032449435 -0.004545119 -0.024568653 0.000403550 0.999687791
1756585755779421952.000000 -0.008085093 0.001454917 0.043750711 -0.011857951 -0.022164319 -0.001432222 0.999683022
1756585755846085632.000000 -0.006846223 0.001737735 0.051421676 -0.010420231 -0.017787203 -0.000276568 0.999787450
1756585755912748288.000000 -0.007121988 0.001190795 0.056076452 -0.007223536 -0.019225705 -0.000005311 0.999789119
1756585756012745728.000000 -0.008665806 0.000248356 0.063967071 -0.005642733 -0.024033720 -0.000028289 0.999695241
1756585756079414272.000000 -0.009083422 0.000595912 0.071054369 -0.006702704 -0.023997271 0.000204030 0.999689579
1756585756146083072.000000 -0.010010296 0.000917786 0.078592971 -0.007978317 -0.023556251 -0.000058056 0.999690711
1756585756246085376.000000 -0.010623417 0.000884015 0.088784114 -0.008293096 -0.023324942 0.000242918 0.999693513
1756585756312753664.000000 -0.010923422 0.000893375 0.095652916 -0.008846501 -0.023504967 0.000202302 0.999684632
1756585756379421440.000000 -0.011447620 0.000700430 0.102243744 -0.008586346 -0.023250721 -0.000188889 0.999692738
1756585756446087936.000000 -0.011472128 0.000358001 0.108263768 -0.008159230 -0.022994725 -0.000157626 0.999702334
1756585756512755200.000000 -0.011722346 0.000217830 0.114881597 -0.008105287 -0.022815144 -0.000332955 0.999706864
1756585756579422208.000000 -0.012330768 0.000902866 0.122735269 -0.009224591 -0.022866830 -0.000704151 0.999695778
1756585756646088960.000000 -0.012343842 0.000457576 0.128932774 -0.009311859 -0.022844756 0.000046012 0.999695718
1756585756746088448.000000 -0.012668289 0.000649264 0.138980478 -0.009843728 -0.021705041 -0.000649904 0.999715805
1756585756812754944.000000 -0.013082956 0.000898213 0.145766303 -0.008754050 -0.021603169 -0.000412924 0.999728262
1756585756879419904.000000 -0.013665212 0.000618520 0.151765198 -0.008367830 -0.022077240 -0.000732878 0.999720991
1756585756946085376.000000 -0.014190414 0.000500605 0.158611909 -0.009102625 -0.022879044 -0.000463961 0.999696732
1756585757012751616.000000 -0.014386860 0.000357785 0.165577456 -0.009316657 -0.023514967 -0.000271339 0.999680102
1756585757079417600.000000 -0.014677912 0.000495193 0.172007516 -0.009044741 -0.022701632 -0.000547011 0.999701321
1756585757146083584.000000 -0.015069037 0.000855654 0.177339643 -0.007419550 -0.022741461 -0.000083798 0.999713838
1756585757212749056.000000 -0.015175190 0.000369489 0.183627024 -0.007012752 -0.023451086 0.000083999 0.999700427
1756585757279414272.000000 -0.015836943 0.000426037 0.190227360 -0.007027675 -0.022784645 -0.000490198 0.999715626
1756585757346078208.000000 -0.016017200 0.000340276 0.197316378 -0.008030593 -0.023427796 -0.000161328 0.999693334
1756585757412742656.000000 -0.016619433 0.000339958 0.204300329 -0.008049778 -0.023426883 -0.000396545 0.999693036
1756585757512738816.000000 -0.017125860 0.000126897 0.213448927 -0.006748919 -0.023661874 -0.000050193 0.999697268
1756585757546070784.000000 -0.018339390 0.000181778 0.217082575 -0.006008524 -0.023290360 -0.000154851 0.999710679
1756585757646066432.000000 -0.018431056 -0.000295488 0.226598293 -0.005143628 -0.022926193 -0.000103320 0.999723971
1756585757712729344.000000 -0.018147685 -0.000656721 0.232450828 -0.006371750 -0.023314985 0.000338083 0.999707878
1756585757779391488.000000 -0.019024694 0.000237310 0.240491420 -0.006537369 -0.022314753 -0.000236151 0.999729693
1756585757846054400.000000 -0.018319903 -0.000101655 0.244922847 -0.004661043 -0.022201199 -0.000290708 0.999742687
1756585757912716544.000000 -0.018975480 -0.000261875 0.251304895 -0.004820198 -0.022314468 -0.000128717 0.999739408
1756585757979385600.000000 -0.019551586 -0.000895310 0.258565217 -0.005980739 -0.022197811 0.000391682 0.999735653
1756585758046141440.000000 -0.019600427 -0.000876808 0.265953332 -0.006530005 -0.021956636 0.000268258 0.999737620
1756585758112899328.000000 -0.019436592 -0.001048925 0.272309005 -0.005892931 -0.021773417 0.000011230 0.999745607
1756585758179658240.000000 -0.020166373 -0.001228086 0.278325170 -0.005059781 -0.021376302 -0.000091052 0.999758720
1756585758246420224.000000 -0.020561695 -0.001581236 0.284317553 -0.004988397 -0.021818958 -0.000084819 0.999749482
1756585758313184000.000000 -0.020637030 -0.001110491 0.291537762 -0.005317530 -0.022086222 -0.000112649 0.999741912
1756585758379950336.000000 -0.020661341 -0.001506507 0.298528880 -0.006055820 -0.022750054 0.000193261 0.999722898
1756585758413334016.000000 -0.020989124 -0.001426330 0.302170485 -0.006512756 -0.022654155 0.000047851 0.999722242
1756585758480102912.000000 -0.021809602 -0.001296268 0.309073836 -0.006917124 -0.022808926 -0.000029139 0.999715984
1756585758546874112.000000 -0.022294862 -0.001455953 0.315453559 -0.006568305 -0.023071798 -0.000033595 0.999712288
1756585758613647104.000000 -0.022602532 -0.001740757 0.321964711 -0.006862994 -0.022709690 -0.000054473 0.999718547
1756585758680421120.000000 -0.022844478 -0.001794006 0.328572273 -0.007030719 -0.021921691 -0.000008485 0.999734998
1756585758747198464.000000 -0.023340376 -0.002134233 0.335162222 -0.007630890 -0.021533350 -0.000504182 0.999738932
1756585758813977600.000000 -0.023842881 -0.001874371 0.341936886 -0.008196457 -0.021317733 -0.000299880 0.999739110
1756585758880758528.000000 -0.023108676 -0.001955824 0.349497795 -0.008475934 -0.022000453 0.000036388 0.999722064
1756585758947541760.000000 -0.024660807 -0.002474795 0.355137944 -0.008178681 -0.021166638 0.000091781 0.999742508
1756585759047605504.000000 -0.025099391 -0.002990092 0.364545047 -0.007568995 -0.019589437 0.000039953 0.999779522
1756585759114287616.000000 -0.025562322 -0.002911696 0.370741516 -0.007572791 -0.019693226 -0.000347205 0.999777377
1756585759180970752.000000 -0.025967371 -0.002551481 0.377850771 -0.008466559 -0.019397434 -0.000647412 0.999775767
1756585759214312192.000000 -0.026143463 -0.002349708 0.381446570 -0.008989668 -0.019480035 -0.000805574 0.999769568
1756585759280995328.000000 -0.026327880 -0.002348279 0.387599677 -0.008764490 -0.020236304 -0.000473364 0.999756694
1756585759347678464.000000 -0.026605535 -0.002581920 0.393581897 -0.007855244 -0.019816453 -0.000729111 0.999772549
1756585759414361600.000000 -0.026912173 -0.002820875 0.400416642 -0.007771566 -0.020217357 -0.000781999 0.999765098
1756585759481044736.000000 -0.027832475 -0.002715207 0.406773955 -0.008504596 -0.020127829 -0.000844270 0.999760926
1756585759547726592.000000 -0.028377835 -0.002744007 0.413859546 -0.008686185 -0.019712957 -0.001143025 0.999767363
1756585759614409728.000000 -0.028103065 -0.002626472 0.421253979 -0.009557104 -0.020452989 -0.000861879 0.999744773
1756585759681092864.000000 -0.028567353 -0.002191361 0.428011656 -0.009952808 -0.020909350 -0.000533545 0.999731719
1756585759747775744.000000 -0.028686741 -0.002324485 0.434507102 -0.009851409 -0.020444769 -0.000482051 0.999742329
1756585759781117440.000000 -0.028066577 -0.002023720 0.436606377 -0.009111495 -0.020661986 -0.000305162 0.999745011
1756585759847800576.000000 -0.028273745 -0.003410361 0.443097562 -0.008535848 -0.015094026 0.000257256 0.999849617
1756585759914483456.000000 -0.027923767 -0.003315223 0.452481568 -0.011279842 0.000701806 -0.000124184 0.999936163
1756585759981165312.000000 -0.025045039 -0.002921383 0.460515916 -0.010432245 0.013517112 -0.000238176 0.999854207
1756585760047848192.000000 -0.021345140 -0.004771804 0.466886491 -0.010780397 0.022911478 0.000629862 0.999679208
1756585760081189376.000000 -0.019624373 -0.004713847 0.470281661 -0.009957646 0.028185101 0.001284403 0.999552310
1756585760147872000.000000 -0.016340662 -0.004406788 0.476570517 -0.009687973 0.038955018 0.001762807 0.999192476
1756585760214554624.000000 -0.013469770 -0.004440410 0.484203130 -0.009792945 0.050431933 0.001864337 0.998677790
1756585760247895808.000000 -0.012348143 -0.004385106 0.488215238 -0.009899370 0.056536403 0.001966786 0.998349547
1756585760314578176.000000 -0.010570947 -0.002730421 0.495914549 -0.008650275 0.068085998 0.001669227 0.997640610
1756585760347919360.000000 -0.008482568 -0.004286003 0.498550624 -0.009530152 0.073195063 0.002530659 0.997268975
1756585760414600960.000000 -0.005843757 -0.005020953 0.505285680 -0.009268873 0.084711961 0.002833036 0.996358395
1756585760447942144.000000 -0.004340703 -0.004958988 0.508627355 -0.008685618 0.090144247 0.002618754 0.995887399
1756585760514624768.000000 -0.001564063 -0.005238074 0.515064478 -0.008230175 0.101245403 0.002711848 0.994823754
1756585760547965696.000000 0.000254336 -0.005250372 0.518445492 -0.008007864 0.106602758 0.002653399 0.994265914
1756585760614648320.000000 0.003776963 -0.005273293 0.524939358 -0.007803288 0.117368221 0.002588835 0.993054450
1756585760647989504.000000 0.005991379 -0.005264326 0.528437197 -0.007765972 0.123116687 0.002489789 0.992358685
1756585760714672128.000000 0.010283085 -0.005341495 0.535440743 -0.007689551 0.134023428 0.002412518 0.990945399
1756585760781354496.000000 0.013623985 -0.003760214 0.541586041 -0.004769125 0.144601211 0.002306778 0.989475846
1756585760814695680.000000 0.014721407 -0.004828325 0.543804646 -0.004761722 0.150737390 0.002327660 0.988559663
1756585760881377024.000000 0.021100685 -0.003869610 0.550223410 -0.004003126 0.159425586 0.003397200 0.987196028
1756585760914718208.000000 0.022015570 -0.005290612 0.552965522 -0.004196087 0.165772751 0.003183420 0.986149967
1756585760981400832.000000 0.025868898 -0.005730358 0.559292674 -0.004014888 0.177329957 0.003376657 0.984137535
1756585761014741504.000000 0.026578449 -0.004272164 0.562765002 -0.003637060 0.184000880 0.002355884 0.982916534
1756585761081423104.000000 0.030782182 -0.005118083 0.569450080 -0.003316361 0.195178106 0.003220098 0.980756998
1756585761114764032.000000 0.032684453 -0.004912981 0.572289407 -0.003098652 0.200325921 0.003227450 0.979719102
1756585761181445632.000000 0.036844976 -0.004625020 0.577866554 -0.001923788 0.210241660 0.003337429 0.977641881
1756585761214786048.000000 0.039592773 -0.004499992 0.580666304 -0.000939026 0.215873986 0.003662414 0.976413965
1756585761281467648.000000 0.044739172 -0.004963090 0.585925221 -0.001456830 0.226953328 0.003799564 0.973897219
1756585761314807552.000000 0.049020972 -0.005710015 0.589047015 -0.002295289 0.231391042 0.003382433 0.972852290
1756585761381489152.000000 0.051765904 -0.005161319 0.594788253 -0.000319835 0.242848903 0.003930783 0.970056176
1756585761414829824.000000 0.054596692 -0.005385384 0.597669840 -0.000453384 0.247879833 0.004473206 0.968780398
1756585761481511168.000000 0.059914120 -0.005453764 0.603411317 -0.000627664 0.258258134 0.005525845 0.966060042
1756585761514852096.000000 0.062342145 -0.005469286 0.606443346 -0.000565476 0.263742805 0.005248674 0.964578629
1756585761581533440.000000 0.067921311 -0.005505603 0.611294329 -0.000032460 0.274475724 0.005185668 0.961580098
1756585761648214784.000000 0.074534528 -0.005793096 0.615223289 -0.000183337 0.284690917 0.005303944 0.958604753
1756585761681555712.000000 0.078948744 -0.005632073 0.617045283 0.000143646 0.288720369 0.004972719 0.957400560
1756585761714896128.000000 0.080632329 -0.005649321 0.619978070 0.000455704 0.294585943 0.005425726 0.955609500
1756585761781576704.000000 0.086512558 -0.005807281 0.625343978 0.000317545 0.305404872 0.005001336 0.952209473
1756585761848258048.000000 0.091672800 -0.007247461 0.632298648 -0.001262880 0.316817373 0.005117831 0.948471963
1756585761881598720.000000 0.096044429 -0.007050379 0.634280205 -0.001554118 0.321257979 0.005977139 0.946971655
1756585761948280064.000000 0.100517623 -0.006936397 0.640023530 -0.002211605 0.327203542 0.005846656 0.944933295
1756585761981620480.000000 0.103152603 -0.006956900 0.643227220 -0.003633368 0.326668501 0.006223066 0.945111573
1756585762048302336.000000 0.106109887 -0.007099472 0.648215294 -0.002841931 0.324125797 0.006159930 0.945989728
1756585762081643264.000000 0.107257061 -0.007273574 0.650580645 -0.001624527 0.323127627 0.005781467 0.946336329
1756585762148325120.000000 0.110028565 -0.007997685 0.655026734 -0.000387086 0.322643787 0.005132866 0.946506500
1756585762181665024.000000 0.111883134 -0.008537784 0.657788515 -0.000254154 0.322697669 0.005514618 0.946485996
1756585762248346880.000000 0.115929969 -0.008805623 0.663880229 -0.002566411 0.323090911 0.005859462 0.946346283
1756585762315028736.000000 0.120487429 -0.008093837 0.669703543 -0.004211821 0.323317826 0.005985224 0.946262121
1756585762348369408.000000 0.122689821 -0.008458884 0.670821428 -0.003691856 0.322784096 0.005442983 0.946449816
1756585762415051008.000000 0.125813276 -0.009052973 0.676154613 -0.003017897 0.323062479 0.005288760 0.946358085
1756585762448392192.000000 0.127493203 -0.009185879 0.678678751 -0.002943351 0.323021829 0.004992623 0.946373761
1756585762515073792.000000 0.131793618 -0.009545337 0.684851229 -0.003953916 0.324098825 0.005343771 0.945999861
1756585762548414464.000000 0.136326090 -0.008083936 0.686475635 -0.002618742 0.326778233 0.006036859 0.945078194
1756585762615096064.000000 0.143441349 -0.008370166 0.692413211 -0.004853261 0.339290798 0.007198622 0.940641463
1756585762648435968.000000 0.146720648 -0.008101116 0.694484830 -0.004823430 0.345689416 0.006904209 0.938311219
1756585762715117568.000000 0.151765496 -0.010071377 0.697143972 -0.003216220 0.358001173 0.006805296 0.933690786
1756585762748458496.000000 0.155036375 -0.009888847 0.699172974 -0.002748915 0.363752484 0.006680452 0.931467652
1756585762781799424.000000 0.158115685 -0.010097248 0.701004088 -0.002991274 0.369299531 0.006759470 0.929281056
1756585762848480768.000000 0.165070981 -0.009205597 0.706305861 -0.003825520 0.380680114 0.007034901 0.924672186
1756585762915162368.000000 0.172145814 -0.009610424 0.709279776 -0.004228929 0.390640050 0.006724074 0.920509279
1756585762948503296.000000 0.175276369 -0.010112970 0.710996330 -0.003601263 0.395129204 0.007140560 0.918590784
1756585763015185664.000000 0.181470424 -0.010522232 0.714250088 -0.002745551 0.404924124 0.007226486 0.914317667
1756585763048527360.000000 0.184485123 -0.010474393 0.716084838 -0.002741073 0.410083890 0.006683790 0.912019253
1756585763115209472.000000 0.191548258 -0.010357196 0.719497442 -0.001650049 0.420665115 0.006028188 0.907194495
1756585763148550912.000000 0.194739223 -0.010598019 0.721323311 -0.002477210 0.420940727 0.005963182 0.907065153
1756585763215234048.000000 0.198572874 -0.010982335 0.726218879 -0.003795661 0.417113185 0.006013559 0.908826768
1756585763248576000.000000 0.200314805 -0.010558289 0.728342593 -0.003045969 0.415318727 0.006043613 0.909650862
1756585763315258880.000000 0.204787016 -0.009729309 0.734357774 -0.000400887 0.413918287 0.005356580 0.910298228
1756585763348600576.000000 0.206093937 -0.009292124 0.736461222 -0.000299358 0.414240390 0.004937079 0.910154104
1756585763415283968.000000 0.210382551 -0.010777608 0.740564108 -0.002350813 0.414480448 0.005681944 0.910037458
1756585763448625664.000000 0.213206053 -0.009512235 0.742823243 -0.002036634 0.414348781 0.005817785 0.910097301
1756585763481966848.000000 0.215808824 -0.009287689 0.745386660 -0.001908334 0.414690167 0.005503002 0.909944117
1756585763548648960.000000 0.220576942 -0.009720948 0.749035239 -0.000921520 0.414982140 0.004973842 0.909815550
1756585763581990912.000000 0.222683847 -0.009638811 0.751142621 -0.000924237 0.414730012 0.004724959 0.909931839
1756585763648674048.000000 0.228748024 -0.009716965 0.755209744 -0.000413128 0.420165688 0.004351126 0.907436907
1756585763682015744.000000 0.233133346 -0.009413570 0.757532895 -0.001008130 0.426512152 0.004642919 0.904469430
1756585763748698880.000000 0.240675628 -0.009520283 0.759580731 -0.001582679 0.439851522 0.004813815 0.898056269
1756585763782040576.000000 0.243545756 -0.009619981 0.760361910 -0.000437963 0.445332348 0.004545857 0.895353794
1756585763848723712.000000 0.250526965 -0.011206044 0.764367104 0.000746448 0.455372602 0.004320424 0.890290201
1756585763882065408.000000 0.253796369 -0.010691576 0.764250457 0.001369847 0.460105658 0.004154962 0.887853444
1756585763948748544.000000 0.261412203 -0.010371118 0.768217266 0.000529394 0.470191717 0.004806226 0.882551074
1756585763982088960.000000 0.265341461 -0.009756038 0.769183517 0.000050345 0.474915177 0.005352822 0.880015373
1756585764015430400.000000 0.269989312 -0.011042087 0.769440532 0.000019043 0.479536235 0.005767327 0.877503157
1756585764082113536.000000 0.276052147 -0.011326522 0.771363437 0.001682501 0.490445405 0.004831636 0.871456921
1756585764148796416.000000 0.281611055 -0.011786224 0.776204407 0.001988207 0.501585782 0.004211937 0.865095496
1756585764215479296.000000 0.289347112 -0.011819393 0.778356075 0.002006390 0.510911465 0.004718717 0.859618068
1756585764248820992.000000 0.293435842 -0.011707091 0.779814422 0.001430796 0.515639663 0.004382703 0.856793225
1756585764315503872.000000 0.300588191 -0.011783361 0.781399012 0.002326757 0.523764431 0.004080372 0.851850271
1756585764348845568.000000 0.303225100 -0.011988002 0.781516790 0.003344810 0.524568021 0.003509317 0.851354837
1756585764415527680.000000 0.308951914 -0.012227338 0.785761118 0.000948357 0.521110833 0.004288414 0.853477716
1756585764448868864.000000 0.311496258 -0.011572102 0.787524998 0.002206305 0.519157469 0.004476735 0.854664028
1756585764515552000.000000 0.316271603 -0.011783032 0.790567756 0.004315847 0.518318057 0.003475303 0.855170012
1756585764548893440.000000 0.319352001 -0.012073477 0.792082310 0.004275538 0.518628657 0.003247565 0.854982734
1756585764615576832.000000 0.324828625 -0.012626408 0.795341492 0.003805612 0.518543184 0.003926288 0.855033934
1756585764648918016.000000 0.327974230 -0.012237302 0.796949506 0.003781457 0.518236220 0.004105155 0.855219364
1756585764715600896.000000 0.333928376 -0.012438339 0.800098181 0.003646798 0.518406808 0.004381666 0.855115175
1756585764748942592.000000 0.337103069 -0.012346194 0.800004721 0.003839671 0.518340707 0.004691165 0.855152726
1756585764815625728.000000 0.342413634 -0.012722215 0.803193569 0.004280455 0.518443227 0.004713328 0.855088413
1756585764848967424.000000 0.345316380 -0.012735294 0.804315209 0.004555529 0.518652380 0.004417322 0.854961634
1756585764915649280.000000 0.350453556 -0.013190515 0.805734456 0.004967209 0.519157588 0.003979621 0.854654849
1756585764948990720.000000 0.352941900 -0.013314744 0.806715250 0.005303821 0.518915951 0.004171701 0.854798675
1756585765015673344.000000 0.358970463 -0.012847970 0.810433269 0.004588252 0.518810630 0.004298022 0.854866147
1756585765049014016.000000 0.362631112 -0.012836221 0.812436938 0.003526276 0.519186378 0.004661902 0.854641140
1756585765115695872.000000 0.368953735 -0.012666282 0.815377176 0.002193811 0.519006789 0.005214585 0.854751468
1756585765149037056.000000 0.371837676 -0.012871778 0.817077398 0.002091825 0.518438578 0.005716268 0.855093241
1756585765215718912.000000 0.377436161 -0.012839906 0.819409728 0.002815493 0.517766476 0.005661594 0.855498672
1756585765282400512.000000 0.382699996 -0.013385047 0.821643472 0.003790587 0.517795444 0.006068774 0.855474651
1756585765315740928.000000 0.385529101 -0.013461795 0.822870255 0.003757488 0.518057287 0.006120720 0.855315804
1756585765349081600.000000 0.389284015 -0.014173454 0.826500535 0.003203738 0.518846452 0.006402638 0.854837537
1756585765415763456.000000 0.394581854 -0.013791259 0.827745438 0.002763281 0.518935740 0.006483986 0.854784250
1756585765449104384.000000 0.397648156 -0.013734032 0.829192281 0.002502917 0.518450975 0.006730772 0.855077267
1756585765515786240.000000 0.404303759 -0.013654893 0.833657563 0.002502646 0.518383265 0.007482680 0.855112016
1756585765582468096.000000 0.410235077 -0.013984689 0.837049246 0.002639322 0.518120050 0.007892793 0.855267465
1756585765615808768.000000 0.413124800 -0.013710359 0.838764429 0.002817406 0.518157125 0.008224244 0.855241358
1756585765682490624.000000 0.419512510 -0.013926126 0.842914224 0.001611049 0.518554807 0.008339564 0.855002224
1756585765715831552.000000 0.422888815 -0.013760041 0.844581485 0.000875875 0.518654943 0.008626129 0.854939759
1756585765782512128.000000 0.428620934 -0.013640985 0.848169386 0.000465076 0.518378019 0.008529107 0.855108917
1756585765815853056.000000 0.431127429 -0.014297992 0.849464715 0.001114592 0.518235445 0.008322846 0.855196834
1756585765882534912.000000 0.435822159 -0.014443241 0.850952625 0.002238270 0.517162263 0.007961112 0.855847359
1756585765915875584.000000 0.439093828 -0.014739964 0.853918791 0.002152406 0.516954720 0.008319004 0.855969667
1756585765982557184.000000 0.446316987 -0.014476161 0.857675016 0.000150767 0.517462552 0.009829432 0.855649412
1756585766015898112.000000 0.449905872 -0.014490210 0.859164476 -0.000872007 0.517893732 0.010325880 0.855382264
1756585766082579712.000000 0.455974281 -0.014857818 0.861923873 -0.001877507 0.517622650 0.011082935 0.855535269
1756585766115920128.000000 0.458799779 -0.015142475 0.863162100 -0.001904337 0.517598331 0.010905953 0.855552137
1756585766182600448.000000 0.464112818 -0.015560748 0.866068304 -0.000831331 0.517510533 0.010361824 0.855613768
1756585766215941376.000000 0.466626346 -0.015435922 0.867238164 -0.000316584 0.517291546 0.010324558 0.855746865
1756585766282622464.000000 0.471949577 -0.015342699 0.870333791 0.000157684 0.517602026 0.010137524 0.855561495
1756585766315963392.000000 0.474542707 -0.015573926 0.872142315 0.000413391 0.518019319 0.009907971 0.855311394
1756585766382644480.000000 0.480632246 -0.015456285 0.874210238 0.000102028 0.517911911 0.010330661 0.855371654
1756585766415985408.000000 0.484547883 -0.014940658 0.875671387 -0.000030083 0.517481863 0.011175662 0.855621278
1756585766482666496.000000 0.490993261 -0.014782494 0.879545927 -0.002009756 0.518062532 0.011521083 0.855262876
1756585766516007168.000000 0.493564606 -0.015051481 0.880943537 -0.002736191 0.518373966 0.011465336 0.855072856
1756585766582688512.000000 0.499600470 -0.015450549 0.883842707 -0.002663133 0.517882407 0.011777810 0.855366647
1756585766616028928.000000 0.501571715 -0.016080864 0.885115504 -0.002451736 0.517867506 0.011654609 0.855378032
1756585766682709248.000000 0.506500900 -0.016174912 0.887847066 -0.001358700 0.517672181 0.011042700 0.855506778
1756585766716049920.000000 0.509418011 -0.016060278 0.889260948 -0.000857113 0.517471492 0.010916011 0.855630457
1756585766782731008.000000 0.515166879 -0.016151812 0.892511964 -0.001113181 0.517218649 0.011125022 0.855780363
1756585766816071424.000000 0.518699765 -0.015673531 0.894725025 -0.002092234 0.517173529 0.011409812 0.855802059
1756585766882752768.000000 0.525899351 -0.015088999 0.898754358 -0.003542779 0.516965568 0.012726535 0.855904281
1756585766916093440.000000 0.528462470 -0.015090208 0.900039792 -0.003622403 0.516824603 0.012734942 0.855988979
1756585766982774528.000000 0.533928156 -0.015459298 0.903060555 -0.002680203 0.517147303 0.012210933 0.855805159
1756585767016115200.000000 0.536433458 -0.015932005 0.904442906 -0.002265938 0.517441154 0.011716521 0.855635643
1756585767082795776.000000 0.542113781 -0.016439371 0.907484472 -0.002221531 0.517182469 0.012079827 0.855787098
1756585767149477376.000000 0.548785448 -0.014906581 0.910025716 -0.003070622 0.516260862 0.012721079 0.856331468
1756585767182818304.000000 0.551711500 -0.015297494 0.911252141 -0.002598713 0.516161263 0.012504506 0.856396258
1756585767249499904.000000 0.556451440 -0.015849600 0.914087653 -0.000716141 0.516880810 0.010926133 0.855987430
1756585767316181504.000000 0.561682999 -0.016718194 0.917834044 -0.000583612 0.517666638 0.011255182 0.855508208
1756585767349522176.000000 0.564791560 -0.016952358 0.919632018 -0.001627130 0.517655551 0.011438464 0.855511129
1756585767416204032.000000 0.570921659 -0.016250888 0.922992051 -0.002608899 0.517525136 0.011815467 0.855582476
1756585767449544704.000000 0.572878957 -0.016629966 0.924512625 -0.001915403 0.517468393 0.011599787 0.855621636
1756585767516226304.000000 0.577667117 -0.017064784 0.926742017 0.000086817 0.517084360 0.011021189 0.855863512
1756585767549565952.000000 0.580150247 -0.017483542 0.928148568 0.000623501 0.517361641 0.010653358 0.855700314
1756585767616247552.000000 0.585208058 -0.017311919 0.930659175 0.002148635 0.518262446 0.009480014 0.855166435
1756585767649588224.000000 0.588040709 -0.017491236 0.931949794 0.002340729 0.518733323 0.009061228 0.854884982
1756585767682929152.000000 0.591684818 -0.017489806 0.934148669 0.001812816 0.519054532 0.009010891 0.854691744
1756585767749610752.000000 0.598414779 -0.017097458 0.937898278 -0.000141059 0.518294990 0.009678820 0.855147183
1756585767782951424.000000 0.601255298 -0.017185565 0.939348936 -0.000278995 0.518094957 0.009727545 0.855267823
1756585767849633024.000000 0.605595112 -0.017375555 0.941048086 0.001547735 0.517697215 0.008977505 0.855515420
1756585767882973696.000000 0.607913077 -0.017334362 0.942811310 0.002844703 0.517086089 0.008147974 0.855889916
1756585767916314368.000000 0.610437274 -0.017646374 0.944822490 0.003686655 0.516882122 0.008156367 0.856009841
1756585767982994944.000000 0.616191506 -0.016966194 0.946967840 0.004813945 0.516085625 0.007964239 0.856486499
1756585768049677824.000000 0.622276902 -0.017545013 0.950718939 0.003353250 0.516002476 0.009245278 0.856530666
1756585768083019008.000000 0.625697136 -0.017203936 0.951739252 0.001781889 0.515629768 0.009909430 0.856752455
1756585768149701888.000000 0.631001353 -0.017033748 0.954689384 0.001605819 0.515782297 0.009932855 0.856660664
1756585768183043328.000000 0.633339286 -0.017353762 0.955463648 0.002705866 0.515864134 0.009560228 0.856612802
1756585768216384512.000000 0.635743618 -0.017719859 0.957022429 0.003756011 0.516266048 0.008737809 0.856375515
1756585768283067392.000000 0.640397251 -0.018023552 0.959862590 0.005892968 0.516791463 0.006983645 0.856062591
1756585768316408576.000000 0.643016219 -0.018582130 0.961417913 0.006000655 0.516624928 0.006763141 0.856164098
1756585768383091200.000000 0.649712563 -0.018638048 0.965582967 0.003907410 0.516391754 0.007845232 0.856307685
1756585768416431616.000000 0.653685987 -0.018967630 0.969007075 0.002372862 0.516333580 0.008577356 0.856341302
1756585768449773312.000000 0.656934857 -0.018536290 0.970345736 0.001693620 0.516234815 0.008772991 0.856400549
1756585768516455936.000000 0.663121939 -0.018334515 0.973468959 0.003093323 0.516758323 0.007867226 0.856089652
1756585768549797120.000000 0.665452957 -0.018265791 0.974869549 0.004004422 0.517346263 0.007284091 0.855735838
1756585768616480000.000000 0.670404673 -0.018632486 0.977046013 0.004355443 0.517109573 0.007062788 0.855879068
1756585768649821184.000000 0.673440278 -0.020001512 0.980044127 0.003836522 0.516497612 0.007420360 0.856247902
1756585768683162624.000000 0.676439166 -0.019834796 0.981108487 0.003654275 0.516030312 0.007812020 0.856526971
1756585768783186688.000000 0.685625494 -0.020143930 0.986658335 0.002330650 0.516747177 0.008393077 0.856093824
1756585768816528128.000000 0.688264370 -0.020019170 0.987855613 0.002368917 0.516947389 0.008938134 0.855967283
1756585768849868288.000000 0.691097617 -0.019950319 0.989399672 0.002395549 0.516860545 0.008859740 0.856020331
1756585768916551168.000000 0.696863174 -0.019708175 0.992571115 0.003217397 0.517070472 0.008454597 0.855895042
1756585768949892352.000000 0.699423313 -0.020337768 0.994222105 0.003054503 0.517420828 0.008083106 0.855687499
1756585768983234048.000000 0.702435136 -0.020333070 0.995862186 0.003122912 0.517756522 0.007948522 0.855485380
1756585769049914624.000000 0.708103061 -0.020424906 0.998393476 0.003471753 0.517319381 0.008110985 0.855746984
1756585769083254784.000000 0.710587740 -0.020608682 0.999549687 0.003445243 0.516977131 0.008243279 0.855952621
1756585769149935360.000000 0.716289759 -0.020568879 1.003099918 0.002781921 0.516464293 0.008446918 0.856262565
1756585769183276288.000000 0.719658554 -0.020800924 1.004879475 0.001889547 0.516192615 0.008938773 0.856423795
1756585769216616448.000000 0.723444283 -0.020458702 1.006954432 0.000764392 0.516220391 0.009724273 0.856400251
1756585769283297024.000000 0.729743123 -0.020073526 1.010572672 0.000867197 0.516342580 0.009876022 0.856324732
1756585769316636672.000000 0.733392060 -0.020570127 1.012894630 0.001418330 0.516843140 0.009093530 0.856030703
1756585769383316992.000000 0.737819195 -0.021024158 1.014919281 0.003168290 0.517139554 0.007990707 0.855857968
1756585769416657152.000000 0.739239931 -0.020851087 1.015950918 0.003540050 0.517045438 0.007937949 0.855913758
1756585769483337984.000000 0.745900154 -0.021395849 1.018871546 0.002681729 0.516646743 0.008415875 0.856153131
1756585769516678400.000000 0.748537123 -0.020677321 1.020661235 0.002222964 0.516937554 0.008462456 0.855978489
1756585769550018560.000000 0.752002120 -0.020301808 1.022684693 0.001997841 0.517251372 0.008516756 0.855788887
1756585769616698880.000000 0.758437157 -0.020234883 1.026051641 0.001947504 0.517232001 0.008768179 0.855798185
1756585769650039296.000000 0.761175513 -0.019960988 1.027808785 0.001784665 0.516648710 0.009079685 0.856147468
1756585769716719616.000000 0.766876101 -0.020177815 1.030787587 0.002387888 0.516647041 0.008933104 0.856148601
1756585769750059008.000000 0.769513607 -0.020313572 1.032056808 0.002839260 0.517019868 0.008774704 0.855923772
1756585769783399168.000000 0.772434115 -0.020285800 1.033374548 0.002609055 0.517373443 0.008771152 0.855710804
1756585769850079488.000000 0.777493596 -0.020530857 1.036158323 0.002379500 0.517660379 0.008263773 0.855543017
1756585769883419904.000000 0.780122221 -0.020926146 1.037834883 0.002986834 0.517812014 0.008139757 0.855450571
1756585769916760064.000000 0.782885551 -0.021225791 1.039426804 0.002973913 0.517984390 0.007917262 0.855348349
1756585769983440384.000000 0.788782954 -0.021660011 1.043474197 0.001972489 0.518001139 0.007949850 0.855340719
1756585770016782336.000000 0.791317344 -0.021776274 1.044827461 0.001890710 0.517424822 0.008183936 0.855687439
1756585770083465472.000000 0.796856940 -0.022330068 1.047065735 0.002851803 0.517149985 0.008107181 0.855851650
1756585770116807168.000000 0.799340785 -0.021991089 1.047612548 0.003119215 0.517006338 0.008001018 0.855938554
1756585770150148864.000000 0.802255034 -0.022071874 1.049297094 0.002674915 0.517037988 0.008258441 0.855918527
1756585770183489536.000000 0.805795670 -0.021880709 1.051197410 0.001987485 0.517043710 0.008552347 0.855914056
1756585770250172928.000000 0.812044740 -0.021508075 1.055257440 0.001074068 0.517740726 0.008621908 0.855493546
1756585770283514624.000000 0.814625323 -0.021528400 1.056522012 0.001572159 0.517754793 0.008209147 0.855488300
1756585770350198016.000000 0.819670498 -0.021733716 1.059179068 0.002602919 0.517062485 0.007636120 0.855909705
1756585770383539712.000000 0.821969211 -0.021997940 1.060741186 0.003124279 0.516938508 0.007152173 0.855987012
1756585770416881408.000000 0.825662136 -0.021008300 1.062817335 0.004503688 0.516950011 0.006347391 0.855980217
1756585770483564800.000000 0.829973876 -0.022131801 1.064846396 0.004216820 0.516586483 0.006784322 0.856197834
1756585770516906496.000000 0.833157301 -0.022133403 1.066702127 0.004099605 0.516452432 0.007066625 0.856276870
1756585770550248448.000000 0.836993694 -0.022109602 1.069190979 0.003266021 0.516762376 0.007249944 0.856091976
1756585770616931840.000000 0.842412174 -0.021741942 1.071577549 0.003265609 0.516556561 0.007339183 0.856215358
1756585770650272256.000000 0.845111370 -0.021880619 1.073018193 0.003467394 0.516460776 0.007137708 0.856274128
1756585770683614208.000000 0.848060310 -0.020572282 1.074489594 0.004343305 0.516384423 0.006713670 0.856319547
1756585770750297600.000000 0.854622126 -0.020595085 1.077605367 0.003736764 0.516798437 0.006595748 0.856073618
1756585770783639552.000000 0.857583046 -0.020444546 1.079414129 0.003916948 0.516850591 0.006650398 0.856040835
1756585770850322944.000000 0.864595771 -0.021636425 1.082638979 0.005487047 0.521536708 0.005987217 0.853190184
1756585770883664896.000000 0.869424284 -0.022036161 1.083957672 0.004200790 0.527095497 0.007322109 0.849764109
1756585770917006336.000000 0.873935103 -0.021191424 1.085540771 0.003360124 0.533392310 0.007983543 0.845823646
1756585770983689984.000000 0.878661275 -0.021929953 1.084742546 0.005333374 0.534359574 0.007744086 0.845205009
1756585771017030400.000000 0.880664051 -0.021939781 1.086243153 0.005109389 0.532914698 0.007461018 0.846120715
1756585771050371072.000000 0.882183373 -0.021899775 1.087733269 0.005853618 0.531858802 0.007065196 0.846783459
1756585771117051136.000000 0.889741540 -0.023509935 1.093010426 0.004735440 0.532154977 0.006819683 0.846606255
1756585771150391552.000000 0.892385960 -0.023085466 1.094233036 0.003804128 0.532125294 0.007814701 0.846621037
1756585771217072384.000000 0.898906648 -0.019737300 1.097389936 0.004485432 0.532864511 0.007803417 0.846152782
1756585771250413056.000000 0.902045488 -0.020021845 1.098940611 0.004264991 0.533220410 0.007537738 0.845932066
1756585771283753728.000000 0.904841721 -0.020667247 1.100256205 0.004108649 0.533118844 0.007811720 0.845994353
1756585771350434560.000000 0.910437465 -0.020521047 1.102497101 0.005368076 0.532863677 0.007304454 0.846152604
1756585771383774976.000000 0.913040042 -0.020932490 1.103886127 0.005597827 0.533166051 0.007025408 0.845963001
1756585771417115392.000000 0.915990412 -0.022650950 1.106609583 0.004539085 0.533396125 0.006767522 0.845826387
1756585771483796480.000000 0.922230959 -0.020510288 1.108694196 0.005076811 0.532583952 0.007216285 0.846331179
1756585771517136896.000000 0.925774038 -0.020623967 1.110655546 0.004863725 0.532732546 0.007590300 0.846235693
1756585771550476288.000000 0.928911448 -0.020846518 1.112035751 0.004934745 0.533125401 0.007614227 0.845987678
1756585771617156864.000000 0.934426069 -0.021216264 1.115323305 0.004872395 0.534214377 0.007325476 0.845303237
1756585771650497792.000000 0.937473297 -0.023296788 1.115733862 0.004168783 0.534038067 0.007527384 0.845416725
1756585771717178112.000000 0.943913400 -0.022869281 1.119586706 0.004141712 0.533378720 0.007123819 0.845836461
1756585771750518784.000000 0.947177410 -0.022859778 1.121434689 0.003442271 0.533077955 0.007678044 0.846024394
1756585771783858944.000000 0.951171875 -0.021713231 1.125174046 0.002765149 0.533388138 0.007721652 0.845830858
1756585771850539776.000000 0.956109345 -0.022088658 1.127721071 0.003571732 0.533182561 0.007235550 0.845961750
1756585771883880192.000000 0.957943082 -0.022489445 1.128187418 0.004621339 0.533062637 0.007043663 0.846033931
1756585771917220608.000000 0.959699988 -0.023448093 1.127109528 0.004883937 0.532530665 0.006774083 0.846369565
1756585771950561024.000000 0.963057816 -0.023388878 1.129971743 0.004578834 0.533495963 0.006583494 0.845764697
1756585772017240576.000000 0.970170021 -0.023171473 1.133736849 0.004204378 0.535349309 0.007320045 0.844588518
1756585772050580736.000000 0.974076271 -0.023478437 1.134749889 0.003234160 0.539656878 0.007470426 0.841845691
1756585772083921152.000000 0.979092360 -0.023002822 1.135741472 0.001713418 0.545205235 0.008837150 0.838254333
1756585772150601728.000000 0.988835752 -0.021996045 1.137885571 -0.001261155 0.557043731 0.011104541 0.830407977
1756585772183941632.000000 0.991299987 -0.022195308 1.134963274 0.000285208 0.560983837 0.011680166 0.827744365
1756585772217282048.000000 0.994988441 -0.022793815 1.135252237 0.001587841 0.565825820 0.010702008 0.824453890
1756585772283962368.000000 1.000914216 -0.023378827 1.136015415 0.003869135 0.575064659 0.009313478 0.818045795
1756585772317302528.000000 1.005499125 -0.023079747 1.137839675 0.005679850 0.580172479 0.008454378 0.814430058
1756585772350642944.000000 1.008557081 -0.024013780 1.136820197 0.006362778 0.584595084 0.007506038 0.811265528
1756585772417322240.000000 1.014983892 -0.024914742 1.139244080 0.005413184 0.594279766 0.008515315 0.804195166
1756585772450662400.000000 1.020864248 -0.024392601 1.137760997 0.004146738 0.597717822 0.009261509 0.801642358
1756585772517342720.000000 1.030297756 -0.023597376 1.138776064 0.001910335 0.606344700 0.011177574 0.795121074
1756585772550682880.000000 1.033954263 -0.023537990 1.139426947 0.002581308 0.608321011 0.011374598 0.793605506
1756585772617363200.000000 1.039403677 -0.024012562 1.141238213 0.002850646 0.606924832 0.009993841 0.794691324
1756585772650703360.000000 1.042306066 -0.024134479 1.142309427 0.002753633 0.605250239 0.010207655 0.795965135
1756585772684043520.000000 1.043158293 -0.024707654 1.143691301 0.003901122 0.603797317 0.009868650 0.797067344
1756585772750723584.000000 1.048989654 -0.025597520 1.146928310 0.004754566 0.602456987 0.009197489 0.798084199
1756585772784064000.000000 1.053489447 -0.024729744 1.148211479 0.005335028 0.601760507 0.009520993 0.798602104
1756585772850743040.000000 1.059759259 -0.025198143 1.151749492 0.002344908 0.603245497 0.011715136 0.797466099
1756585772884083200.000000 1.063291550 -0.024617109 1.152663231 0.001762683 0.603917539 0.012265982 0.796950579
1756585772917423360.000000 1.066652536 -0.024992557 1.152441263 0.002420448 0.603807032 0.012075364 0.797035456
1756585772984103424.000000 1.071016312 -0.024886737 1.154703379 0.003898060 0.603821456 0.011103044 0.797032833
1756585773017444608.000000 1.073247194 -0.025286781 1.155157089 0.004383744 0.603391349 0.010841263 0.797359467
1756585773050785792.000000 1.076580882 -0.025715955 1.156187773 0.004847766 0.603152156 0.010666228 0.797540128
1756585773117468160.000000 1.082389355 -0.025838673 1.158447504 0.004338944 0.603366852 0.010936522 0.797377050
1756585773150809344.000000 1.087464094 -0.025339099 1.158362269 0.003847095 0.603394449 0.012057852 0.797342479
1756585773217491456.000000 1.095242023 -0.025039114 1.160659552 0.002483469 0.603005707 0.013270293 0.797622621
1756585773284173824.000000 1.101013184 -0.025312999 1.162704825 0.003341587 0.602664649 0.012626839 0.797887743
1756585773317513984.000000 1.102644205 -0.025803301 1.162599206 0.003811636 0.602522671 0.011781309 0.798005700
1756585773350855168.000000 1.105272055 -0.026054733 1.163363934 0.004295476 0.602915645 0.011152636 0.797715485
1756585773417537536.000000 1.112460375 -0.026932074 1.168285728 0.003938731 0.605930150 0.010761848 0.795435369
1756585773450878464.000000 1.115122557 -0.026616435 1.166922808 0.004079646 0.609696567 0.010470584 0.792555332
1756585773484219904.000000 1.119395852 -0.026727533 1.167461872 0.002653420 0.615440130 0.010713410 0.788106382
1756585773550902016.000000 1.127907038 -0.027266253 1.167775631 0.002212007 0.626966000 0.010677434 0.778970361
1756585773584242944.000000 1.129563093 -0.027134702 1.166864038 0.002840919 0.631092250 0.010236892 0.775635123
1756585773617584128.000000 1.132455945 -0.026934367 1.166449428 0.003924550 0.633896828 0.010278085 0.773339450
1756585773684266240.000000 1.139033675 -0.026717758 1.166649818 0.007011640 0.640915275 0.009854867 0.767516434
1756585773717607424.000000 1.141661644 -0.027296208 1.166220069 0.007056098 0.645816445 0.009682897 0.763398826
1756585773784288768.000000 1.151216626 -0.028617341 1.167984128 0.005037722 0.655668855 0.011359232 0.754946411
1756585773817629696.000000 1.156322718 -0.028307322 1.167994022 0.003627575 0.658571064 0.011889136 0.752415895
1756585773850970880.000000 1.161153913 -0.028411916 1.168116570 0.002896402 0.659196556 0.012614077 0.751859307
1756585773917652992.000000 1.168336272 -0.027083931 1.168448925 0.002388824 0.657587528 0.012584303 0.753269315
1756585773950994176.000000 1.169633865 -0.028593706 1.170310736 0.003113682 0.657737732 0.011917729 0.753146410
1756585774017677312.000000 1.173194408 -0.029059716 1.171194077 0.003876527 0.656123996 0.010571747 0.754569173
1756585774051019008.000000 1.176189065 -0.028821994 1.172667623 0.004035702 0.655345440 0.010171178 0.755250096
1756585774084360960.000000 1.179658651 -0.029039547 1.173640013 0.003138314 0.654939353 0.010391982 0.755603552
1756585774151044608.000000 1.186989546 -0.029234851 1.174367070 0.001959406 0.654403090 0.012032339 0.756047666
1756585774184385792.000000 1.190885544 -0.028560491 1.174475312 0.002325441 0.654498816 0.012023877 0.755963922
1756585774251069440.000000 1.196359634 -0.027400265 1.175537586 0.004610192 0.655193627 0.010251103 0.755377412
1756585774284411392.000000 1.198751211 -0.027999943 1.175596237 0.005588021 0.655537426 0.009659605 0.755080283
1756585774351095552.000000 1.205365777 -0.028599977 1.176769137 0.004043826 0.655234754 0.010860832 0.755336463
1756585774384437248.000000 1.209263086 -0.028278293 1.177567363 0.002962921 0.655170023 0.011386695 0.755389869
1756585774451121408.000000 1.216203809 -0.028277755 1.177695274 0.003831827 0.659726679 0.009977873 0.751429737
1756585774484463104.000000 1.220668793 -0.028187208 1.178125739 0.003861281 0.665053010 0.010590223 0.746711195
1756585774517805056.000000 1.225547791 -0.027706118 1.177418590 0.003305000 0.670647740 0.011514898 0.741679311
1756585774584489472.000000 1.233589172 -0.027044024 1.175830364 0.004962057 0.681462884 0.010202381 0.731764734
1756585774617831168.000000 1.235529780 -0.029100372 1.173519254 0.005349128 0.685771406 0.009649617 0.727733433
1756585774684514048.000000 1.241529107 -0.029000396 1.172920227 0.005169170 0.693657696 0.009765860 0.720220149
1756585774717856256.000000 1.245057583 -0.028637826 1.173605323 0.005117608 0.697287440 0.009922601 0.716704726
1756585774751198208.000000 1.248815417 -0.028494848 1.172541261 0.005745172 0.700825751 0.010216014 0.713236272
1756585774817882368.000000 1.257516384 -0.027896769 1.170329452 0.004737368 0.708972096 0.010427795 0.705143571
1756585774851224320.000000 1.261150002 -0.027941540 1.169237375 0.004318465 0.713124156 0.011638497 0.700927913
1756585774917908480.000000 1.268417716 -0.028345615 1.167561054 0.004522006 0.719631433 0.011669276 0.694243491
1756585774951250688.000000 1.271615386 -0.028558638 1.166355371 -0.005174227 -0.719963908 -0.011359234 -0.693899274
1756585774984592640.000000 1.274072528 -0.028797802 1.166363955 0.004630296 0.718639374 0.011334132 0.695275307
1756585775051288832.000000 1.280366182 -0.029089717 1.167906523 0.003937271 0.717006147 0.011224849 0.696965396
1756585775084643072.000000 1.284056664 -0.030156244 1.166671515 0.003329293 0.716440141 0.011714331 0.697542369
1756585775117998336.000000 1.287271976 -0.030282136 1.166674972 0.003484309 0.716229737 0.012287623 0.697747827
1756585775184709120.000000 1.293083310 -0.029023724 1.167888165 -0.003492394 -0.716934800 -0.012249734 -0.697023928
1756585775218064640.000000 1.296581745 -0.028952161 1.168357730 -0.003398050 -0.717106521 -0.012320141 -0.696846485
1756585775251419904.000000 1.300186157 -0.028743923 1.168626666 -0.003462237 -0.717054367 -0.012510148 -0.696896493
1756585775318131456.000000 1.307447314 -0.028378306 1.168676019 -0.003600129 -0.716996133 -0.012166960 -0.696961641
1756585775351487232.000000 1.310636640 -0.028417584 1.168803692 -0.003924290 -0.717083573 -0.012059008 -0.696871936
1756585775384843008.000000 1.313711047 -0.028044194 1.168962240 -0.004129557 -0.717421353 -0.012075588 -0.696522713
1756585775451555328.000000 1.320897698 -0.027987434 1.167564631 -0.004155052 -0.716752708 -0.012471812 -0.697203636
1756585775484911360.000000 1.322754145 -0.029603790 1.165910363 0.004065758 0.716338515 0.013196425 0.697616279
1756585775518267648.000000 1.326169252 -0.029578205 1.166046143 0.003829075 0.716232538 0.013270893 0.697725117
1756585775584979456.000000 1.333404660 -0.027803656 1.167767525 -0.004623190 -0.716595650 -0.013027381 -0.697351933
1756585775618336000.000000 1.336603045 -0.028171569 1.167799234 -0.004349644 -0.716630161 -0.013192017 -0.697315037
1756585775685049344.000000 1.343151808 -0.028051276 1.167984486 -0.004213037 -0.717316687 -0.012725043 -0.696618378
1756585775718406144.000000 1.346831679 -0.028284999 1.168587565 -0.004039273 -0.717576981 -0.012792746 -0.696350038
1756585775785120000.000000 1.353755116 -0.028167216 1.168970585 -0.004184585 -0.717365503 -0.012913321 -0.696564853
1756585775818477312.000000 1.356927991 -0.028227247 1.168413639 -0.004336184 -0.717138410 -0.013207962 -0.696792126
1756585775885191680.000000 1.363132358 -0.028793000 1.169038892 -0.004574555 -0.717177391 -0.012737665 -0.696759343
1756585775918548992.000000 1.365520120 -0.028020702 1.169003248 0.004712408 0.717103422 0.012224562 0.696843624
1756585775951906560.000000 1.368994713 -0.028468680 1.167502046 -0.004863478 -0.716417849 -0.012879945 -0.697535634
1756585776018620416.000000 1.375466347 -0.028650604 1.168600678 0.004614795 0.716801703 0.012573780 0.697148502
1756585776051961344.000000 1.378641367 -0.028774798 1.167502642 -0.005572144 -0.716579974 -0.012244011 -0.697375238
1756585776118642176.000000 1.384585857 -0.029495243 1.167600513 -0.005590435 -0.716220319 -0.011867931 -0.697751045
1756585776151982336.000000 1.388063788 -0.029204957 1.168097138 -0.005571381 -0.715783894 -0.012051840 -0.698195755
1756585776185322752.000000 1.391336441 -0.029018063 1.168350935 -0.005809481 -0.715269446 -0.012205134 -0.698718131
1756585776252003328.000000 1.397751689 -0.028847203 1.167702079 -0.005849842 -0.714838803 -0.012832729 -0.699147105
1756585776285343744.000000 1.400954723 -0.028623248 1.167792678 -0.005620254 -0.715343654 -0.013113857 -0.698627174
1756585776352024064.000000 1.407403708 -0.029039171 1.167222261 -0.005737293 -0.715914786 -0.012683799 -0.698048890
1756585776385364480.000000 1.410534382 -0.029667402 1.168159962 0.005876879 0.716389179 0.012121477 0.697570980
1756585776452044032.000000 1.416612029 -0.028700629 1.166648388 -0.005746957 -0.716017783 -0.011918107 -0.697956681
1756585776485384192.000000 1.420040488 -0.028625386 1.167775989 0.005371888 0.715995312 0.012103535 0.697979450
1756585776552064768.000000 1.426650643 -0.028523460 1.166881442 -0.005497893 -0.715209961 -0.012423908 -0.698777676
1756585776585405184.000000 1.429801702 -0.028537862 1.167260408 -0.005585053 -0.715011179 -0.012625452 -0.698976696
1756585776618745344.000000 1.432775021 -0.028323706 1.166909337 -0.006179275 -0.714936793 -0.012516110 -0.699049830
1756585776685425664.000000 1.438737988 -0.028655570 1.166393518 -0.006675752 -0.715620399 -0.011937652 -0.698355556
1756585776718766080.000000 1.441300392 -0.029216334 1.166513562 -0.006845854 -0.716230512 -0.011586449 -0.697734118
1756585776785446400.000000 1.447950006 -0.029078275 1.166508675 -0.006881201 -0.716640353 -0.011121357 -0.697320342
1756585776818786304.000000 1.451766133 -0.028721107 1.167026281 -0.006811424 -0.716494977 -0.011382343 -0.697466195
1756585776852125440.000000 1.455084205 -0.028734012 1.167305470 -0.006612862 -0.716211319 -0.011541935 -0.697756827
1756585776918805760.000000 1.462285876 -0.028120840 1.167417407 0.006605124 0.716078818 0.011465577 0.697894037
1756585776952146176.000000 1.465512395 -0.029050793 1.168372512 -0.006262111 -0.716238439 -0.011647186 -0.697730422
1756585777018826496.000000 1.472203255 -0.028540328 1.168746948 -0.006240295 -0.716277361 -0.011497040 -0.697693110
1756585777052166656.000000 1.475022912 -0.028712947 1.168773651 -0.006790219 -0.716162622 -0.011195656 -0.697810650
1756585777085507328.000000 1.477812648 -0.028698327 1.168523788 -0.007188442 -0.716074407 -0.011127936 -0.697898269
1756585777152188416.000000 1.483861208 -0.028858628 1.168585300 -0.006642174 -0.716253698 -0.011235509 -0.697717965
1756585777185528576.000000 1.486900687 -0.029188801 1.168677449 -0.006746229 -0.716230154 -0.010924839 -0.697746038
1756585777252209408.000000 1.491835594 -0.029341549 1.168942809 -0.008025488 -0.716061115 -0.009666890 -0.697924554
1756585777285549824.000000 1.494720936 -0.029240657 1.169017315 -0.008458620 -0.715844274 -0.009460537 -0.698144674
1756585777352229632.000000 1.502614975 -0.028499518 1.169540286 -0.006647042 -0.715535641 -0.010874202 -0.698460042
1756585777385570048.000000 1.506628036 -0.029549304 1.168293953 0.006057574 0.715056419 0.011483766 0.698946238
1756585777452250624.000000 1.513157129 -0.027480599 1.168459892 -0.007032547 -0.714933336 -0.009425205 -0.699093759
1756585777485591296.000000 1.515485048 -0.027724028 1.168174744 -0.007785713 -0.714761376 -0.009283834 -0.699263513
1756585777552271872.000000 1.521839380 -0.028244670 1.168115139 -0.007521047 -0.714811802 -0.009699029 -0.699209273
1756585777585612032.000000 1.525578260 -0.028052706 1.168540597 -0.006709555 -0.714786351 -0.009770179 -0.699242592
1756585777618952192.000000 1.529430628 -0.027717385 1.168768883 -0.006614035 -0.714868844 -0.009846421 -0.699158013
1756585777685633024.000000 1.536358833 -0.027711108 1.168694019 -0.006820253 -0.714901924 -0.009616222 -0.699125469
1756585777718973440.000000 1.539457083 -0.027579173 1.168816924 -0.007046875 -0.714854598 -0.009636188 -0.699171305
1756585777785652992.000000 1.545762539 -0.028052397 1.168333292 -0.007605073 -0.714966297 -0.009681446 -0.699050546
1756585777818993152.000000 1.548681498 -0.028751403 1.168164134 -0.006933166 -0.715181291 -0.010183460 -0.698830426
1756585777885673472.000000 1.555917859 -0.028235454 1.168902636 0.006048948 0.715000153 0.011276240 0.699007213
1756585777919013888.000000 1.559126377 -0.028680198 1.168518424 0.006329386 0.714988232 0.011083160 0.699020088
1756585777985694464.000000 1.565188885 -0.028681070 1.168408990 -0.007417148 -0.715477526 -0.009974106 -0.698525190
1756585778019034624.000000 1.568102121 -0.029176433 1.168329716 -0.007490632 -0.715610027 -0.009810450 -0.698391020
1756585778085713664.000000 1.574741364 -0.029227678 1.167764425 -0.007331422 -0.715474188 -0.010202621 -0.698526204
1756585778119053056.000000 1.578540325 -0.029491805 1.168088078 -0.006174319 -0.715594172 -0.010985984 -0.698402703
1756585778152392704.000000 1.582558036 -0.029073641 1.168601751 -0.005967729 -0.715515494 -0.011372480 -0.698478818
1756585778185731840.000000 1.586162329 -0.028978636 1.168705344 -0.005746106 -0.715215027 -0.011551658 -0.698785484
1756585778252409856.000000 1.591507435 -0.029320786 1.168519020 -0.006591455 -0.714933157 -0.010692851 -0.699079990
1756585778285749248.000000 1.594549060 -0.029054884 1.168391943 -0.007359480 -0.714973748 -0.009959590 -0.699041784
1756585778319088640.000000 1.596974730 -0.029655183 1.168443918 -0.007499671 -0.714994907 -0.009897059 -0.699019492
1756585778385767168.000000 1.603668213 -0.029719193 1.168848157 0.007072961 0.715246737 0.010000000 0.698764741
1756585778452445952.000000 1.611171246 -0.029657090 1.168693900 0.005489395 0.714991868 0.011704804 0.699013293
1756585778485785600.000000 1.615608931 -0.028263211 1.169239879 -0.005189647 -0.715008855 -0.012067839 -0.698992014
1756585778519124736.000000 1.619174480 -0.028398184 1.169109225 -0.005143433 -0.714667916 -0.012512261 -0.699333131
1756585778585803264.000000 1.624788761 -0.028674491 1.168853641 -0.006230796 -0.715110421 -0.011343522 -0.698891759
1756585778619142656.000000 1.628079057 -0.028727015 1.168824673 -0.006981382 -0.715659142 -0.010963378 -0.698328793
1756585778652480512.000000 1.631439447 -0.028673248 1.168731689 -0.006820215 -0.715909481 -0.010561177 -0.698079884
1756585778719159040.000000 1.638001919 -0.028770022 1.169250965 -0.005342214 -0.715746224 -0.010842509 -0.698255897
1756585778752498688.000000 1.641677380 -0.028090334 1.169381142 -0.005177814 -0.715449989 -0.010917503 -0.698559463
1756585778819176704.000000 1.648581386 -0.027607318 1.169832468 -0.004661265 -0.714290738 -0.011734996 -0.699735224
1756585778852515840.000000 1.652147889 -0.027490031 1.169451356 -0.004979568 -0.713634372 -0.012265837 -0.700393260
1756585778885855232.000000 1.655326128 -0.028532673 1.169925809 0.005463994 0.713562250 0.012572658 0.700457811
1756585778952533504.000000 1.661602736 -0.028886991 1.169480801 0.006400262 0.714412212 0.011898816 0.699594736
1756585779019211776.000000 1.668073773 -0.028931893 1.169125676 -0.005816536 -0.715263426 -0.011829661 -0.698730707
1756585779052551936.000000 1.671741366 -0.028848743 1.169144511 -0.005343343 -0.715257168 -0.012512197 -0.698728979
1756585779085891072.000000 1.675151348 -0.028363947 1.168746471 -0.005182216 -0.714992523 -0.012800845 -0.698995709
1756585779152571648.000000 1.681750298 -0.028017407 1.169157267 -0.005021038 -0.714643717 -0.012578432 -0.699357510
1756585779185912064.000000 1.684373379 -0.028463978 1.169272661 -0.005247396 -0.714775026 -0.012453312 -0.699223995
1756585779252592640.000000 1.691312909 -0.028537165 1.169079304 -0.005066453 -0.715937197 -0.012333045 -0.698037446
1756585779285932800.000000 1.695071459 -0.028284825 1.168706179 -0.005167438 -0.716340780 -0.012458317 -0.697620273
1756585779319272960.000000 1.698405623 -0.028165646 1.168744922 -0.005481432 -0.716452420 -0.012219177 -0.697507441
1756585779385953792.000000 1.704580307 -0.028277691 1.169134736 -0.005675596 -0.715901017 -0.012156588 -0.698072910
1756585779419293696.000000 1.707046509 -0.028673954 1.168074012 0.005921038 0.715425968 0.012201502 0.698556960
1756585779485974016.000000 1.712961197 -0.028591994 1.168121219 0.006566115 0.715694308 0.010574006 0.698302865
1756585779519314432.000000 1.716328979 -0.028230995 1.169694066 -0.006790638 -0.716500819 -0.009937041 -0.697482407
1756585779552653568.000000 1.719477177 -0.028431706 1.169585943 -0.007080234 -0.716393232 -0.009671002 -0.697593808
1756585779619333888.000000 1.726596355 -0.028539944 1.169177651 -0.006069896 -0.716009021 -0.010465981 -0.697986186
1756585779652674048.000000 1.730128050 -0.028587395 1.169020534 -0.005581788 -0.715528309 -0.011396993 -0.698468447
1756585779719354368.000000 1.736876011 -0.029472962 1.169425964 -0.005669411 -0.714702606 -0.012008536 -0.699302435
1756585779752694528.000000 1.740172863 -0.029382296 1.169418812 -0.006255038 -0.714594305 -0.012043188 -0.699407518
1756585779819375104.000000 1.746036768 -0.029027408 1.169102192 -0.006776274 -0.714993894 -0.011384706 -0.699005187
1756585779852715008.000000 1.749204278 -0.029164512 1.168591619 -0.007200106 -0.715098083 -0.011385811 -0.698894322
1756585779886055168.000000 1.752129912 -0.029505515 1.168807745 0.006638296 0.715171099 0.011664649 0.698820651
1756585779952735488.000000 1.760454893 -0.028435921 1.168761373 -0.005390405 -0.715478301 -0.012185647 -0.698507905
1756585779986074368.000000 1.764065266 -0.028040266 1.169031739 -0.005742897 -0.715566754 -0.012193612 -0.698414385
1756585780052754688.000000 1.769556522 -0.028501699 1.168931246 -0.006318585 -0.716156840 -0.010966197 -0.697824717
1756585780086094848.000000 1.772233009 -0.028436270 1.168781519 -0.007180934 -0.716278672 -0.010298451 -0.697701454
1756585780152775168.000000 1.777504921 -0.029453546 1.168403506 -0.007777723 -0.715903580 -0.009758751 -0.698087633
1756585780186115328.000000 1.781636238 -0.029637124 1.168643594 -0.007060162 -0.716212094 -0.010202885 -0.697772443
1756585780219455232.000000 1.785397768 -0.029719338 1.168986201 -0.006513258 -0.716430485 -0.010470112 -0.697549641
1756585780286135296.000000 1.792286038 -0.029435955 1.169012070 -0.006584780 -0.716401756 -0.010327061 -0.697580516
1756585780319475456.000000 1.794203997 -0.029961342 1.168388486 0.007036856 0.716190636 0.010617080 0.697788477
1756585780386155520.000000 1.800506353 -0.029862953 1.168770671 0.006687374 0.716490030 0.010109666 0.697492003
1756585780419494400.000000 1.804646015 -0.030334678 1.170300841 -0.006548162 -0.716926455 -0.009741741 -0.697050035
1756585780452834304.000000 1.807757258 -0.030475266 1.170065999 -0.007153488 -0.716615021 -0.009352454 -0.697369516
1756585780519514368.000000 1.814285755 -0.030151334 1.169777393 -0.007585249 -0.716566205 -0.009050926 -0.697419167
1756585780552854528.000000 1.817178011 -0.030506657 1.169603467 -0.007516876 -0.716509461 -0.008987346 -0.697479069
1756585780586194176.000000 1.820783615 -0.030307226 1.169850707 -0.007143983 -0.716699004 -0.008923868 -0.697289050
1756585780652874240.000000 1.828095198 -0.029449157 1.169684052 -0.005910951 -0.716906369 -0.009882578 -0.697074473
1756585780686214400.000000 1.831447005 -0.029361965 1.170207262 -0.005678134 -0.716705799 -0.009995640 -0.697280884
1756585780752894464.000000 1.837358475 -0.029374704 1.170397997 -0.007036604 -0.716162622 -0.009354115 -0.697835326
1756585780786234112.000000 1.840160728 -0.029740311 1.170450687 -0.007897560 -0.716339946 -0.008809874 -0.697651148
1756585780819573760.000000 1.843522787 -0.031037875 1.170739651 0.007984533 0.716631293 0.008433144 0.697355628
1756585780886252544.000000 1.848911047 -0.031499922 1.170835853 0.008795368 0.716463506 0.008025929 0.697522998
1756585780919592960.000000 1.852126241 -0.031285107 1.170315504 -0.008716526 -0.716282606 -0.008520911 -0.697703898
1756585780986272512.000000 1.859185219 -0.031449743 1.170442104 -0.006961420 -0.716658831 -0.010068812 -0.697316527
1756585781019612416.000000 1.862998962 -0.031644344 1.170227528 -0.006468583 -0.716623008 -0.010707192 -0.697348595
1756585781086407424.000000 1.870212913 -0.031512454 1.170216322 -0.005791717 -0.716877997 -0.010803327 -0.697090924
1756585781119826432.000000 1.873266339 -0.031635806 1.170246482 -0.006482358 -0.716971099 -0.010536430 -0.696993232
1756585781153246208.000000 1.875804901 -0.031613383 1.170174360 -0.007627531 -0.717005432 -0.009595758 -0.696959913
1756585781220086528.000000 1.880932927 -0.032438546 1.169957042 -0.008995066 -0.716641545 -0.008759899 -0.697328746
1756585781253507840.000000 1.884084940 -0.032469418 1.170153737 -0.008667951 -0.716374934 -0.008985156 -0.697603881
1756585781286929408.000000 1.887723923 -0.032240704 1.170686603 0.007862729 0.716201186 0.009608082 0.697783470
1756585781353772800.000000 1.896242380 -0.031561121 1.170382261 -0.006366768 -0.716371953 -0.011145840 -0.697600484
1756585781420619520.000000 1.903820515 -0.031378049 1.170067549 -0.006265845 -0.716433287 -0.011367326 -0.697534978
1756585781454043392.000000 1.906701803 -0.031372078 1.169674397 -0.006739734 -0.716520190 -0.011432691 -0.697440207
1756585781487468032.000000 1.909943938 -0.031174464 1.169608116 -0.006708380 -0.716763437 -0.011176389 -0.697194695
1756585781520892928.000000 1.913010240 -0.031356603 1.169939995 -0.006796685 -0.717274666 -0.011099930 -0.696668983
1756585781587744512.000000 1.919511080 -0.031175293 1.169612765 -0.007209316 -0.716849327 -0.011110554 -0.697102308
1756585781621170688.000000 1.922764897 -0.031160461 1.169631004 -0.007226468 -0.717023909 -0.011148951 -0.696922004
1756585781654597632.000000 1.925984859 -0.031088626 1.169409871 -0.007333358 -0.717348337 -0.011056293 -0.696588397
1756585781721453312.000000 1.932951450 -0.031260170 1.169507504 -0.007289120 -0.717761755 -0.010328904 -0.696174026
1756585781754880512.000000 1.934942245 -0.032624993 1.169582009 0.007581967 0.717644274 0.010898958 0.696283281
1756585781821738752.000000 1.941880703 -0.032266594 1.169432163 0.007300071 0.717154145 0.011163929 0.696787000
1756585781855168768.000000 1.945724010 -0.031078128 1.170092821 -0.007643384 -0.717262983 -0.010797851 -0.696676970
1756585781888599040.000000 1.949138403 -0.031327449 1.170372367 -0.007691467 -0.717299402 -0.011156207 -0.696633399
1756585781955461376.000000 1.956259489 -0.031858869 1.170946002 -0.005298743 -0.717680156 -0.013038535 -0.696230769
1756585781988892928.000000 1.959657073 -0.031820484 1.170877099 -0.005659924 -0.717833102 -0.013289030 -0.696065426
1756585782022325504.000000 1.962655067 -0.031818397 1.170604110 -0.006541050 -0.717821300 -0.012415865 -0.696086049
1756585782089045760.000000 1.968187094 -0.031832278 1.170241594 -0.007987481 -0.717641830 -0.010512911 -0.696287215
1756585782122378496.000000 1.971079707 -0.032179948 1.170116901 -0.008139464 -0.717535853 -0.010200472 -0.696399331
1756585782155711488.000000 1.974785805 -0.032486510 1.170243502 -0.007657690 -0.717429876 -0.010454176 -0.696510315
1756585782222375936.000000 1.982422352 -0.033282369 1.169962883 0.006714368 0.716758013 0.012197713 0.697183013
1756585782255708672.000000 1.985303521 -0.032808632 1.170125723 -0.006677027 -0.716363966 -0.012304824 -0.697586417
1756585782289041408.000000 1.988463879 -0.032508723 1.170258760 -0.007052082 -0.716464341 -0.011870803 -0.697487116
1756585782355706112.000000 1.994057178 -0.032765757 1.170286417 -0.008279282 -0.717378318 -0.010382601 -0.696557283
1756585782389038848.000000 1.996896267 -0.032803223 1.170414686 -0.008393855 -0.717706680 -0.009656690 -0.696228027
1756585782455703296.000000 2.003278255 -0.033138901 1.170236826 -0.007923070 -0.717452407 -0.010132763 -0.696488857
1756585782489035264.000000 2.006835461 -0.033439074 1.171012163 -0.007466506 -0.717515409 -0.010212147 -0.696427882
1756585782555699456.000000 2.013433218 -0.034445487 1.171649456 -0.007019632 -0.717446983 -0.010763540 -0.696494639
1756585782589031424.000000 2.016406536 -0.034890987 1.171401501 -0.007057480 -0.717366278 -0.010862303 -0.696575880
1756585782622363392.000000 2.019381046 -0.035194945 1.170993328 0.007075411 0.717164457 0.010645784 0.696786821
1756585782689025792.000000 2.025956631 -0.035661407 1.171380043 0.008119144 0.717639327 0.009910380 0.696297169
1756585782722357760.000000 2.029281139 -0.035748295 1.171124697 0.008073700 0.717570007 0.009788522 0.696370900
1756585782755689216.000000 2.032813549 -0.035920829 1.171079159 0.007532946 0.717346847 0.010407426 0.696597815
1756585782822351872.000000 2.039455414 -0.034875538 1.170584917 -0.007842660 -0.716884196 -0.010648127 -0.697066844
1756585782855683328.000000 2.042039394 -0.034987625 1.170504808 -0.008525978 -0.717216432 -0.009505324 -0.696733534
1756585782889014784.000000 2.044014692 -0.037118226 1.170842171 0.008700737 0.717546344 0.009148112 0.696396351
1756585782955676928.000000 2.048656464 -0.036635533 1.171292067 -0.009515743 -0.717538834 -0.007663415 -0.696411431
1756585782989007872.000000 2.052024364 -0.036772214 1.171149969 -0.009570022 -0.717448831 -0.007792334 -0.696501970
1756585783055676928.000000 2.060103416 -0.037061721 1.171221018 -0.008257600 -0.717804134 -0.008819195 -0.696140289
1756585783089088000.000000 2.064069748 -0.037066627 1.171345949 -0.007508659 -0.717845857 -0.009279216 -0.696099877
1756585783122499840.000000 2.067651749 -0.036572300 1.170869589 -0.008024805 -0.717442036 -0.009609608 -0.696505785
1756585783189325568.000000 2.073407412 -0.035634324 1.170331001 0.009015049 0.716885686 0.009137225 0.697072625
1756585783222739200.000000 2.077017546 -0.035205767 1.169905186 0.009063801 0.717023015 0.008914135 0.696933627
1756585783256153088.000000 2.080301762 -0.035221227 1.169920921 0.009046602 0.717278719 0.008658970 0.696673870
1756585783289567488.000000 2.083338737 -0.035370842 1.169392109 0.009667312 0.717019677 0.007977258 0.696940303
1756585783356397312.000000 2.088786125 -0.036533806 1.171503067 -0.009992809 -0.717033386 -0.007755451 -0.696924090
1756585783389812992.000000 2.091751575 -0.036842223 1.171593666 -0.010202237 -0.717025816 -0.007753721 -0.696928859
1756585783423228928.000000 2.094863176 -0.037028473 1.170437813 0.010466645 0.716806114 0.007538457 0.697153270
1756585783490062592.000000 2.101404667 -0.037661802 1.171901941 -0.009426676 -0.717828095 -0.007753803 -0.696113467
1756585783523479808.000000 2.105305672 -0.037244149 1.171658993 -0.009145635 -0.717719734 -0.007887246 -0.696227431
1756585783556896512.000000 2.109158039 -0.036982931 1.171668530 -0.008758384 -0.717645049 -0.008157715 -0.696306229
1756585783623733248.000000 2.116085529 -0.036974430 1.171359539 -0.008360943 -0.717112303 -0.008308717 -0.696857989
1756585783657152768.000000 2.119136333 -0.036954127 1.171364784 -0.008713306 -0.716962755 -0.007992267 -0.697011292
1756585783690572032.000000 2.122792482 -0.037935778 1.171478271 0.009243275 0.717246234 0.008188140 0.696710467
1756585783757412096.000000 2.128832817 -0.038369820 1.171070099 0.009853872 0.717733085 0.007449898 0.696208775
1756585783790832896.000000 2.131546497 -0.038699917 1.170567513 0.010372706 0.717524707 0.007285818 0.696417809
1756585783824253952.000000 2.134923458 -0.037072230 1.170984745 -0.011225772 -0.717792034 -0.006356454 -0.696138144
1756585783857675776.000000 2.137918472 -0.037657123 1.170952559 -0.010742478 -0.718042910 -0.006657102 -0.695884109
1756585783924520192.000000 2.145350933 -0.037608292 1.170784712 -0.009551557 -0.718269825 -0.007448415 -0.695659339
1756585783957943552.000000 2.148878098 -0.037951052 1.170981407 -0.008982521 -0.718086958 -0.008037355 -0.695849061
1756585783991365376.000000 2.152367115 -0.037370332 1.170692444 -0.009021863 -0.717949688 -0.008105211 -0.695989430
1756585784024789248.000000 2.155646801 -0.037361331 1.170816183 -0.009437859 -0.717917264 -0.008264428 -0.696015418
1756585784091540224.000000 2.162075758 -0.037378088 1.170980453 -0.009675218 -0.717990220 -0.007545397 -0.695945084
1756585784124866304.000000 2.165151358 -0.037704814 1.171239376 -0.009740469 -0.718311250 -0.007653234 -0.695611656
1756585784158192128.000000 2.168008327 -0.038259111 1.170329094 0.009639225 0.718113899 0.008417374 0.695807934
1756585784224843776.000000 2.175603867 -0.038625915 1.171087742 -0.009320968 -0.718697786 -0.008366841 -0.695209801
1756585784258169344.000000 2.179210186 -0.038960807 1.171128511 -0.009409187 -0.718829393 -0.008045972 -0.695076346
1756585784324820224.000000 2.184597015 -0.039292976 1.171217203 -0.010037738 -0.718632221 -0.007363531 -0.695278883
1756585784358145536.000000 2.187401295 -0.039573744 1.171467543 -0.010157874 -0.718571186 -0.007453033 -0.695339322
1756585784391470592.000000 2.190748215 -0.039477803 1.171263218 -0.010412963 -0.718224347 -0.007653458 -0.695691705
1756585784458119424.000000 2.197635174 -0.039179817 1.171528101 -0.009434139 -0.718160868 -0.007962460 -0.695767581
1756585784491444224.000000 2.200656176 -0.039667029 1.171419144 -0.009061592 -0.717986524 -0.008607899 -0.695944905
1756585784524768768.000000 2.204110384 -0.039782085 1.171007395 -0.009109126 -0.717894793 -0.008701995 -0.696037591
1756585784591417600.000000 2.210930824 -0.040829740 1.170704365 0.009468149 0.717795610 0.008471093 0.696138024
1756585784624741888.000000 2.213505507 -0.039938085 1.170288086 -0.010124281 -0.717428327 -0.007615719 -0.696517169
1756585784658065664.000000 2.216796637 -0.041020166 1.170317888 -0.010186012 -0.717502177 -0.007662843 -0.696439683
1756585784691389440.000000 2.219968319 -0.041691922 1.170274019 -0.009667004 -0.717454195 -0.008049826 -0.696492195
1756585784758036736.000000 2.226331949 -0.041602522 1.170482159 -0.008025410 -0.716846287 -0.008836147 -0.697129071
1756585784791360256.000000 2.230470181 -0.041613422 1.170615196 -0.007525527 -0.716899872 -0.009640800 -0.697068930
1756585784824684032.000000 2.234459162 -0.040996205 1.170542002 -0.007119959 -0.717181325 -0.009966874 -0.696779013
1756585784891329024.000000 2.241513491 -0.040521987 1.170091867 -0.006574436 -0.716791451 -0.009880676 -0.697186708
1756585784924652032.000000 2.244532585 -0.040633567 1.170293331 -0.006455481 -0.716756403 -0.010532883 -0.697214305
1756585784957974784.000000 2.247110128 -0.040444348 1.170714378 0.006608224 0.717086077 0.011188217 0.696863592
1756585784991297792.000000 2.249834776 -0.040422641 1.170159101 0.005232496 0.718937337 0.012846841 0.694936574
1756585785024620032.000000 2.250433445 -0.041501716 1.170019388 -0.005218661 -0.721062303 -0.012447937 -0.692738891
1756585785091267584.000000 2.250427485 -0.041431770 1.169081926 -0.006415796 -0.726825893 -0.012125594 -0.686684847
1756585785124592128.000000 2.249199152 -0.042057261 1.168197155 -0.007966269 -0.730276525 -0.010950443 -0.683017552
1756585785157916416.000000 2.248528004 -0.042481221 1.166544914 -0.008975431 -0.733997941 -0.010281025 -0.679014623
1756585785224564224.000000 2.248522758 -0.043487370 1.164348125 -0.009523217 -0.741915166 -0.010047567 -0.670350909
1756585785257888000.000000 2.248968363 -0.043559898 1.162875175 -0.009234964 -0.745540679 -0.010403833 -0.666314960
1756585785291211776.000000 2.250638008 -0.041697044 1.162799835 0.009705028 0.749806345 0.010075992 0.661509514
1756585785357857792.000000 2.253544092 -0.042383902 1.161993980 0.007605418 0.757701278 0.011918767 0.652448356
1756585785424504064.000000 2.254288435 -0.042589508 1.160525322 0.007667349 0.765051842 0.012187458 0.643807828
1756585785457826816.000000 2.253978729 -0.042892516 1.159488678 0.007792767 0.768628180 0.012289999 0.639530361
1756585785491149824.000000 2.253902674 -0.043225747 1.156692028 -0.008282323 -0.771548986 -0.012090405 -0.636001170
1756585785557794816.000000 2.253875017 -0.043529432 1.154424667 -0.008744620 -0.778396428 -0.011991525 -0.627597690
1756585785591117056.000000 2.254238605 -0.043748230 1.153661013 -0.008891465 -0.781904936 -0.012158727 -0.623215675
1756585785624439552.000000 2.254458427 -0.043751642 1.153020144 -0.009088092 -0.785424471 -0.012224584 -0.618770182
1756585785691083520.000000 2.254952192 -0.043744400 1.150733471 -0.009658012 -0.792383850 -0.012276547 -0.609822869
1756585785724405248.000000 2.255270004 -0.043291572 1.150033951 -0.009462328 -0.795872390 -0.012380583 -0.605263948
1756585785757725696.000000 2.255334139 -0.042813934 1.148801804 -0.009952221 -0.799269199 -0.012170952 -0.600767493
1756585785824368384.000000 2.254969120 -0.042772125 1.146763325 -0.010591292 -0.806198418 -0.012301698 -0.591422677
1756585785857689600.000000 2.255227089 -0.042867716 1.145594358 -0.010591932 -0.809548616 -0.012025413 -0.586834192
1756585785891010816.000000 2.255638838 -0.043150559 1.144679308 0.010405738 0.812845588 0.011983286 0.582263112
1756585785957652224.000000 2.256705999 -0.042143308 1.142262936 -0.011226815 -0.819026947 -0.011379716 -0.573532343
1756585785990972928.000000 2.256969929 -0.041761655 1.142081499 -0.011209469 -0.822458506 -0.011317828 -0.568602085
1756585786024293120.000000 2.257243633 -0.041217122 1.141323805 -0.011315533 -0.825632095 -0.011139820 -0.563985467
1756585786057613824.000000 2.257315874 -0.041004393 1.140560865 -0.011550190 -0.828749299 -0.010891503 -0.559394896
1756585786124263168.000000 2.257902622 -0.040476799 1.138155460 -0.012001772 -0.834810734 -0.010960093 -0.550297081
1756585786157586944.000000 2.257931948 -0.040457472 1.137756109 -0.012038154 -0.838087201 -0.011155212 -0.545289397
1756585786224234240.000000 2.258774281 -0.039854094 1.136182785 -0.012124703 -0.844337940 -0.010978711 -0.535561323
1756585786257558016.000000 2.258997917 -0.039753988 1.135857105 -0.011900274 -0.847578466 -0.011049686 -0.530421674
1756585786290881792.000000 2.257992744 -0.041395374 1.132646322 0.010873704 0.849678159 0.012068239 0.527051449
1756585786324205568.000000 2.258495331 -0.041906018 1.132659435 0.010863247 0.852845788 0.012322963 0.521904528
1756585786390852096.000000 2.257647514 -0.041955251 1.130313635 -0.011113983 -0.858152747 -0.012376820 -0.513125062
1756585786424175360.000000 2.257832766 -0.042147532 1.129720688 -0.011249189 -0.861101568 -0.012009704 -0.508166730
1756585786457498368.000000 2.257892132 -0.042313091 1.129006863 -0.011318590 -0.864063919 -0.012087184 -0.503109694
1756585786524143872.000000 2.258054018 -0.042727202 1.126965046 -0.010999510 -0.869305313 -0.012344742 -0.493998945
1756585786557466624.000000 2.257912636 -0.042322360 1.126343727 -0.011212471 -0.871946573 -0.012784582 -0.489305675
1756585786590788864.000000 2.257897854 -0.042662472 1.125501633 -0.011034460 -0.874710381 -0.013139095 -0.484342277
1756585786657432320.000000 2.258011103 -0.042845301 1.124052644 -0.011270385 -0.880342305 -0.013045749 -0.474025518
1756585786690754304.000000 2.257538319 -0.042113513 1.121730566 0.012160857 0.882678986 0.013374869 0.469628781
1756585786757398016.000000 2.256506205 -0.040969066 1.119662285 -0.012954103 -0.888080835 -0.013349758 -0.459310889
1756585786790719488.000000 2.256168604 -0.040967911 1.118371964 -0.012943590 -0.890736282 -0.013648034 -0.454131126
1756585786824040960.000000 2.255248070 -0.040933371 1.117117763 -0.012794051 -0.893386543 -0.013796477 -0.448894799
1756585786890683136.000000 2.254834175 -0.041219488 1.115321994 -0.013024987 -0.898599446 -0.013807762 -0.438359141
1756585786924004096.000000 2.255087852 -0.041412622 1.113863230 -0.013196136 -0.900859296 -0.013713690 -0.433693886
1756585786957325056.000000 2.255967617 -0.041764643 1.113147974 0.012951881 0.903541744 0.013464763 0.428092748
1756585786990645504.000000 2.254902840 -0.041139096 1.112067223 -0.013463988 -0.905776501 -0.013268310 -0.423334092
1756585787057286912.000000 2.253754139 -0.041109666 1.109928250 -0.013662850 -0.910284102 -0.012860068 -0.413558722
1756585787090611200.000000 2.254089832 -0.041248508 1.108900547 0.013669316 0.912538052 0.012547467 0.408570766
1756585787123937024.000000 2.253433943 -0.041317552 1.107525229 -0.014035966 -0.914724708 -0.013207395 -0.403617740
1756585787190587648.000000 2.252705574 -0.041560121 1.106730223 -0.014034300 -0.919256151 -0.012995302 -0.393194944
1756585787223912960.000000 2.252245426 -0.041452751 1.105890393 -0.014254045 -0.921348751 -0.013345495 -0.388246447
1756585787257238016.000000 2.251320124 -0.042070188 1.104602695 -0.013992612 -0.923289657 -0.013586912 -0.383608997
1756585787323887104.000000 2.251187325 -0.042717021 1.102436662 -0.013775934 -0.927549005 -0.013720810 -0.373195618
1756585787357211904.000000 2.251353741 -0.043143023 1.101417780 -0.013332482 -0.929797828 -0.014321536 -0.367550313
1756585787390536192.000000 2.251060963 -0.043130245 1.100441337 -0.013316980 -0.931945920 -0.014771897 -0.362051547
1756585787457184512.000000 2.249098778 -0.043273423 1.099214792 -0.015058715 -0.936766624 -0.011165972 -0.349452198
1756585787490508544.000000 2.250240803 -0.041899186 1.094924927 -0.017797807 -0.939146459 -0.006545585 -0.342993170
1756585787523831552.000000 2.250380516 -0.043428149 1.092808843 0.019723278 0.940950096 0.004509591 0.337940216
1756585787590478592.000000 2.254844189 -0.044302545 1.085508347 -0.018210685 -0.944223702 -0.007459995 -0.328716189
1756585787623801856.000000 2.258294582 -0.044250220 1.081096411 -0.016460773 -0.946267247 -0.010906409 -0.322782278
1756585787657125376.000000 2.261668921 -0.044128690 1.076180100 -0.014673538 -0.948292136 -0.013980845 -0.316751033
1756585787690448640.000000 2.264542103 -0.043530900 1.071386695 -0.012575824 -0.950658381 -0.016901108 -0.309523672
1756585787757094400.000000 2.267266512 -0.043386921 1.063480854 -0.013363454 -0.954972267 -0.015864087 -0.295969367
1756585787790416896.000000 2.268109083 -0.041629430 1.058912039 0.014724711 0.956413925 0.014438292 0.291285396
1756585787823739648.000000 2.269695282 -0.041946180 1.056420803 0.015393686 0.957791865 0.012593951 0.286773801
1756585787890384128.000000 2.272653341 -0.044015236 1.052087426 0.014921903 0.960685730 0.010709332 0.277030200
1756585787923706624.000000 2.274290323 -0.044454206 1.049080849 0.013945902 0.962225914 0.013223375 0.271573365
1756585787957028608.000000 2.276266575 -0.044594999 1.045393944 0.011847915 0.963936388 0.017378772 0.265300483
1756585787990349312.000000 2.277206421 -0.043963991 1.043074608 0.011593142 0.965341330 0.017652629 0.260135144
1756585788023671040.000000 2.272219896 -0.041207448 1.040468931 -0.012737771 -0.965668738 -0.018781312 -0.258783817
1756585788090317056.000000 2.269999027 -0.041541442 1.042395353 -0.014832494 -0.967403114 -0.013774739 -0.252431154
1756585788123640576.000000 2.268661261 -0.041814554 1.043105721 -0.016307374 -0.968510807 -0.011736064 -0.248159736
1756585788156964352.000000 2.267969847 -0.042322408 1.044152021 -0.016388904 -0.969858229 -0.010489247 -0.242891654
1756585788190287872.000000 2.267244339 -0.042438950 1.043256998 -0.016686881 -0.971182048 -0.010623773 -0.237516671
1756585788256934400.000000 2.266630888 -0.041928124 1.040746927 -0.015559013 -0.973596454 -0.012553002 -0.227399081
1756585788290257152.000000 2.266577482 -0.041806754 1.039421320 -0.015476074 -0.974828660 -0.013695781 -0.221995503
1756585788323579904.000000 2.266088724 -0.042070735 1.038967013 0.015353714 0.976039886 0.013505287 0.216628879
1756585788390225408.000000 2.263242722 -0.042077962 1.035978913 -0.015838891 -0.978255868 -0.013232100 -0.206372365
1756585788423546880.000000 2.262412786 -0.041820396 1.034977198 -0.016013497 -0.979432583 -0.012794960 -0.200728059
1756585788456869120.000000 2.261391640 -0.042205606 1.033648491 -0.016241198 -0.980481744 -0.013064509 -0.195502415
1756585788490191104.000000 2.260402679 -0.042505965 1.032256126 -0.016332675 -0.981457353 -0.013446724 -0.190509617
1756585788556834816.000000 2.258597136 -0.042722993 1.029573679 -0.016166804 -0.983417749 -0.013884530 -0.180098593
1756585788590156544.000000 2.257326365 -0.042755168 1.027978659 -0.016481604 -0.984295309 -0.014284601 -0.175177187
1756585788623478016.000000 2.255373001 -0.042441647 1.026694775 -0.016861327 -0.985121846 -0.014183119 -0.170439050
1756585788690120448.000000 2.253206015 -0.042066913 1.024531245 -0.017273212 -0.986862838 -0.014211457 -0.160004795
1756585788723441408.000000 2.256039619 -0.041938055 1.027965307 -0.016786642 -0.988185763 -0.013336495 -0.151754156
1756585788756762368.000000 2.254648447 -0.041865088 1.026747108 -0.017123805 -0.988863289 -0.013109765 -0.147256389
1756585788823403264.000000 2.253520250 -0.041929882 1.025371075 -0.017856745 -0.990398645 -0.011133211 -0.136630177
1756585788856722944.000000 2.253353834 -0.042895082 1.025772691 -0.018395701 -0.991353035 -0.009965562 -0.129543394
1756585788890043136.000000 2.252336264 -0.042808458 1.023480296 -0.019051326 -0.992158294 -0.007312994 -0.123310998
1756585788923363072.000000 2.250770569 -0.044002935 1.019988656 -0.020407533 -0.992627323 -0.007517625 -0.119239852
1756585788990002688.000000 2.251617193 -0.042502396 1.009697914 -0.018269988 -0.993907511 -0.012607804 -0.107958905
1756585789023322368.000000 2.252817392 -0.041351385 1.005834699 0.017610736 0.994735420 0.014312625 0.099932767
1756585789056641792.000000 2.252415419 -0.042755596 0.999868512 -0.017551294 -0.995427370 -0.015290270 -0.092641711
1756585789123290624.000000 2.251410723 -0.042829875 0.992378294 -0.017993147 -0.996422291 -0.015736319 -0.081062965
1756585789156614656.000000 2.251811981 -0.043547984 0.990280032 -0.018507771 -0.996803641 -0.014117679 -0.076424651
1756585789189938688.000000 2.251450300 -0.044750176 0.987791538 -0.018605519 -0.997177124 -0.013072373 -0.071558826
1756585789223262720.000000 2.251231670 -0.045254704 0.984559417 -0.018746639 -0.997531950 -0.013109188 -0.066383906
1756585789289909760.000000 2.250949860 -0.045928348 0.977335751 -0.018094450 -0.998203993 -0.014578383 -0.055218093
1756585789323232256.000000 2.250982761 -0.045360938 0.973548830 -0.018139960 -0.998473942 -0.016295096 -0.049551580
1756585789356555520.000000 2.249013662 -0.043619111 0.969149649 0.018174978 0.998695135 0.018014442 0.044196445
1756585789389878784.000000 2.248371601 -0.044271231 0.967692316 0.018103253 0.998875201 0.018202752 0.039865721
1756585789456524288.000000 2.247457027 -0.043187208 0.967196226 -0.017792342 -0.999214649 -0.016401760 -0.031378318
1756585789489847040.000000 2.247509003 -0.043074884 0.968621790 -0.018236458 -0.999332190 -0.014144430 -0.028331324
1756585789523169536.000000 2.247226000 -0.043169111 0.969825029 -0.018650478 -0.999471664 -0.011901926 -0.023810035
1756585789556491520.000000 2.247524977 -0.043526240 0.969786882 -0.018443270 -0.999607384 -0.011005670 -0.017996866
1756585789623136000.000000 2.246285200 -0.043009177 0.967325449 -0.017905761 -0.999732137 -0.013324642 -0.006122337
1756585789656457984.000000 2.245518923 -0.042281955 0.965890050 -0.018163744 -0.999726951 -0.014698559 -0.000358757
1756585789723101440.000000 2.241612196 -0.043279909 0.964830518 0.018181508 0.999656081 0.015954519 -0.010129401
1756585789756421888.000000 2.240267277 -0.043524079 0.965023279 -0.018318588 -0.999601603 -0.015256868 0.015110563
1756585789823064320.000000 2.239410877 -0.044070825 0.965026736 -0.018167440 -0.999388337 -0.014519850 0.026118336
1756585789856385280.000000 2.238221645 -0.044434734 0.964824080 -0.017968148 -0.999237955 -0.014609066 0.031419937
1756585789923026688.000000 2.236138105 -0.044330418 0.964258790 -0.018344909 -0.998795748 -0.014589361 0.043100942
1756585789989667584.000000 2.233699083 -0.044726379 0.963510394 -0.018535595 -0.998215497 -0.015354222 0.054650545
1756585790056308224.000000 2.232012749 -0.044596799 0.962461114 -0.018916829 -0.997534573 -0.015106563 0.065868974
1756585790089633280.000000 2.230521202 -0.044097371 0.962924242 0.019035561 0.997211516 0.014129238 -0.070762627
1756585790156282368.000000 2.229032755 -0.043872602 0.962328315 0.018876104 0.996352255 0.013870942 -0.082058519
1756585790222930176.000000 2.225998163 -0.044756912 0.961877108 -0.018525556 -0.995488405 -0.014076046 0.091986522
1756585790256254464.000000 2.224898338 -0.045254730 0.962207079 -0.018623231 -0.994965374 -0.014056421 0.097465247
1756585790322902272.000000 2.223091125 -0.045221195 0.961593747 -0.018592944 -0.993765175 -0.014027160 0.109033987
1756585790389549568.000000 2.221310377 -0.045251340 0.961158395 -0.018509421 -0.992485106 -0.014277449 0.120112665
1756585790456196096.000000 2.219388008 -0.045299150 0.960448623 -0.018641371 -0.991116643 -0.015107511 0.130813494
1756585790522842112.000000 2.217556000 -0.045105614 0.959539413 0.018519066 0.989628136 0.014926714 -0.141670272
1756585790556164864.000000 2.216763020 -0.045130409 0.959544182 0.018460365 0.988806129 0.014753255 -0.147322744
1756585790622810368.000000 2.215090752 -0.045018017 0.959780455 0.018396500 0.987074792 0.014412016 -0.158547133
1756585790689453824.000000 2.211694479 -0.044892296 0.959094763 -0.018543284 -0.985263526 -0.014549692 0.169411510
1756585790722776064.000000 2.210465431 -0.044946529 0.958765745 -0.018678956 -0.984333456 -0.014694002 0.174707949
1756585790789419776.000000 2.208165646 -0.044847056 0.958590031 -0.018506479 -0.982349277 -0.014785033 0.185550347
1756585790822741504.000000 2.206806421 -0.044913970 0.958463669 -0.018710738 -0.981324077 -0.015003471 0.190861121
1756585790889384192.000000 2.204781532 -0.044971824 0.958477020 -0.018665418 -0.979215145 -0.015110541 0.201397583
1756585790956026624.000000 2.203382969 -0.044982560 0.958603144 0.018521784 0.976897061 0.014992365 -0.212377742
1756585790989347584.000000 2.202528715 -0.045088880 0.958958387 0.018367911 0.975727618 0.014564521 -0.217729568
1756585791055988736.000000 2.200233936 -0.045051906 0.959351063 0.018273061 0.973167419 0.014408158 -0.228918701
1756585791122650368.000000 2.198004484 -0.045169417 0.959096909 0.018383749 0.970437467 0.014366976 -0.240222350
1756585791155981568.000000 2.196782589 -0.045972157 0.959574938 -0.018466752 -0.969120324 -0.014859079 0.245446548
1756585791222643968.000000 2.194295168 -0.045938089 0.959794283 -0.018524202 -0.966382742 -0.015203416 0.255988479
1756585791289305856.000000 2.192755222 -0.046144687 0.959674358 -0.018531028 -0.963533759 -0.015467645 0.266496003
1756585791355967744.000000 2.190073252 -0.046330027 0.959977388 -0.018971169 -0.960461915 -0.015981948 0.277304411
1756585791389298688.000000 2.188926697 -0.046502203 0.960437059 -0.019018266 -0.958936930 -0.015920289 0.282533109
1756585791455960320.000000 2.186712742 -0.046132717 0.960834265 0.019333368 0.955733538 0.015486560 -0.293189317
1756585791522620416.000000 2.184313059 -0.046459708 0.961150169 0.019352796 0.952462137 0.015510733 -0.303645909
1756585791555950848.000000 2.183010578 -0.046533342 0.961321592 0.019412860 0.950828850 0.016059386 -0.308690459
1756585791622611968.000000 2.181020260 -0.047268473 0.962532759 0.019795574 0.947429001 0.016568890 -0.318923056
1756585791689272576.000000 2.179009914 -0.046625677 0.962294579 -0.019483160 -0.943806350 -0.016876051 0.329492301
1756585791722603008.000000 2.177452564 -0.046621189 0.962708235 -0.019607866 -0.942105353 -0.016997667 0.334311396
1756585791789263360.000000 2.175163031 -0.046750944 0.963425875 -0.019536981 -0.938463032 -0.016490912 0.344432354
1756585791822593792.000000 2.174032927 -0.047299825 0.964033127 -0.019451398 -0.936655223 -0.016944120 0.349301517
1756585791889253632.000000 2.171569824 -0.047209017 0.964353800 -0.019891191 -0.932588398 -0.017206332 0.359982342
1756585791955913472.000000 2.168684006 -0.046375252 0.964848042 0.019886876 0.928285182 0.016905755 -0.370951980
1756585792022572288.000000 2.168273449 -0.047164921 0.966544390 -0.019759493 -0.923743904 -0.017045576 0.382120818
1756585792055902208.000000 2.167428255 -0.047119282 0.966915607 -0.019688824 -0.921498060 -0.016695263 0.387524158
1756585792122554368.000000 2.165585995 -0.047422960 0.967715740 -0.019661995 -0.917115390 -0.016803021 0.397782087
1756585792155879680.000000 2.164553881 -0.047497369 0.968158245 -0.019822894 -0.914931893 -0.016878914 0.402767777
1756585792222530560.000000 2.163091660 -0.047661569 0.968987465 -0.019519581 -0.910624564 -0.016928773 0.412426233
1756585792289180928.000000 2.160897255 -0.046723142 0.969710588 -0.019442469 -0.906272292 -0.015627248 0.421957701
1756585792355830784.000000 2.159109831 -0.046579681 0.971186876 -0.019454861 -0.901688814 -0.015383956 0.431673646
1756585792389155328.000000 2.158029795 -0.046692766 0.971438169 -0.019653950 -0.899116576 -0.015503596 0.436992943
1756585792455803136.000000 2.155492067 -0.047132783 0.972975492 -0.020337146 -0.894322813 -0.015982078 0.446674109
1756585792489127424.000000 2.154728413 -0.047307063 0.973636627 -0.020138176 -0.891764343 -0.016037073 0.451767236
1756585792555775744.000000 2.152829647 -0.047399346 0.974560738 -0.020092463 -0.886475503 -0.015801752 0.462069154
1756585792589099520.000000 2.152684450 -0.047042392 0.975890160 -0.019966694 -0.883851111 -0.015401772 0.467088223
1756585792655746816.000000 2.150892258 -0.047236532 0.977007389 -0.019962437 -0.878760576 -0.015489408 0.476593614
1756585792722393600.000000 2.149892092 -0.047820762 0.978035688 -0.019745691 -0.873535693 -0.015528706 0.486111522
1756585792755716864.000000 2.148219109 -0.047464103 0.978082180 -0.019577246 -0.870802760 -0.015558254 0.490996242
1756585792822362880.000000 2.146283627 -0.047341853 0.979560375 -0.019542035 -0.865280151 -0.015648160 0.500663161
1756585792855685376.000000 2.145375252 -0.046917025 0.980555534 0.019747242 0.862399697 0.015691059 -0.505599320
1756585792922329600.000000 2.143515348 -0.046690997 0.980969667 0.019644314 0.856644154 0.016325735 -0.515275061
1756585792955652096.000000 2.143352985 -0.047068868 0.981626034 0.019559046 0.853844345 0.016336864 -0.519904256
1756585793022296320.000000 2.141272068 -0.046422116 0.982581854 0.019362066 0.848084092 0.015785029 -0.529272437
1756585793088944384.000000 2.139694929 -0.046518393 0.983965874 0.019440830 0.842315972 0.015631538 -0.538406432
1756585793122270464.000000 2.140623569 -0.048674684 0.987243652 -0.019579506 -0.839377046 -0.016008139 0.542961001
1756585793188921856.000000 2.138848782 -0.049098074 0.989518404 -0.019850241 -0.833321691 -0.016127082 0.552196443
1756585793255572736.000000 2.138091326 -0.049386378 0.991130829 -0.019396381 -0.827240109 -0.015423052 0.561301827
1756585793288898304.000000 2.137321949 -0.049482018 0.992286682 -0.019256100 -0.824101448 -0.015471749 0.565903425
1756585793355547392.000000 2.135948420 -0.049776785 0.993717909 -0.019454522 -0.818001091 -0.015732942 0.574672222
1756585793422196992.000000 2.133923531 -0.049265426 0.995677471 -0.018375549 -0.811855793 -0.013668776 0.583408713
1756585793455521536.000000 2.133634090 -0.050216101 0.995884657 0.016384369 0.807900250 0.010861340 -0.588991344
1756585793488846080.000000 2.132496357 -0.050798431 0.996813536 0.013883018 0.803711057 0.007173722 -0.594814658
1756585793555494656.000000 2.127119064 -0.051454980 0.998263836 -0.013813757 -0.797443569 -0.005200430 0.603213072
1756585793588818432.000000 2.124629498 -0.051223285 0.997866154 -0.015013147 -0.794007421 -0.006832337 0.607684255
1756585793655466240.000000 2.112442732 -0.049385056 0.997192979 0.018957246 0.786136329 0.015565146 -0.617566288
1756585793688790016.000000 2.105921268 -0.048624743 0.996344924 0.020479823 0.782202959 0.018623425 -0.622408450
1756585793722113536.000000 2.102123260 -0.048290893 0.997364163 0.020414345 0.778979838 0.016329564 -0.626503825
1756585793788759296.000000 2.096831083 -0.048719380 0.996914387 0.019758606 0.780124903 0.014320238 -0.625147760
1756585793822082560.000000 2.094168425 -0.049572058 0.996124744 0.019572029 0.782058179 0.013288585 -0.622756362
1756585793888728320.000000 2.090446949 -0.049307078 0.994155765 0.018165797 0.784245610 0.012190345 -0.620064676
1756585793922051072.000000 2.087842703 -0.049108204 0.992497087 -0.017806083 -0.783214867 -0.012676589 0.621366858
1756585793988696320.000000 2.081539154 -0.048673548 0.990228415 -0.018553564 -0.781642854 -0.014207258 0.623288393
1756585794022018560.000000 2.077069998 -0.048335947 0.989374518 -0.019398142 -0.781433761 -0.015743803 0.623487830
1756585794088666112.000000 2.068926096 -0.047386780 0.987269640 -0.020075940 -0.781478703 -0.017476082 0.623363912
1756585794121991936.000000 2.065551281 -0.047502596 0.986647248 -0.019367231 -0.781601489 -0.016283283 0.623264730
1756585794188641536.000000 2.061124086 -0.049290728 0.986089945 0.018700944 0.782167912 0.014875064 -0.622609258
1756585794255291392.000000 2.054834843 -0.049000550 0.985585332 -0.018858610 -0.783004940 -0.014234073 0.621566594
1756585794288616448.000000 2.051202059 -0.048648119 0.984342456 -0.019035378 -0.782649159 -0.014359417 0.622006297
1756585794355265536.000000 2.043342113 -0.048099644 0.983288407 -0.019548204 -0.776165724 -0.016259726 0.630016148
1756585794388590080.000000 2.038576126 -0.047612436 0.983794093 -0.020592442 -0.771247804 -0.017646702 0.635957062
1756585794455238656.000000 2.031655312 -0.047858112 0.985069156 -0.019426135 -0.763162732 -0.016692163 0.645698547
1756585794521886464.000000 2.026210070 -0.047886238 0.986918092 0.018498307 0.756273806 0.014450486 -0.653834045
1756585794555209984.000000 2.022835970 -0.048116602 0.987486124 0.018401496 0.752359807 0.014492445 -0.658335984
1756585794621857280.000000 2.016671181 -0.047833011 0.988904476 -0.017469395 -0.746481895 -0.014511540 0.665018082
1756585794655179520.000000 2.013126373 -0.047450423 0.988952279 -0.017191712 -0.746461511 -0.014025358 0.665058732
1756585794721825280.000000 2.006259680 -0.047004648 0.987998724 -0.018322324 -0.749018431 -0.014956656 0.662126839
1756585794755148288.000000 2.003217697 -0.046756290 0.987473488 -0.018521879 -0.749920547 -0.014791094 0.661103129
1756585794821793792.000000 1.997648239 -0.046485662 0.986827493 -0.017527934 -0.749933779 -0.013928860 0.661134064
1756585794888438528.000000 1.993124008 -0.046910457 0.985997438 0.017559456 0.749998271 0.013843194 -0.661061823
1756585794921760768.000000 1.988699913 -0.046847120 0.985349536 -0.018359462 -0.750074208 -0.014076094 0.660948932
1756585794988404480.000000 1.982589722 -0.046878994 0.984777093 -0.017831812 -0.749954641 -0.013657992 0.661107838
1756585795021726464.000000 1.979433060 -0.046803106 0.984380364 -0.017462788 -0.749671459 -0.013507004 0.661441863
1756585795088373504.000000 1.972717762 -0.046251446 0.983600497 -0.017595977 -0.749620020 -0.013650378 0.661493719
1756585795155027200.000000 1.965796709 -0.045710418 0.982991457 -0.017157640 -0.749435604 -0.013237827 0.661722481
1756585795188353536.000000 1.962895274 -0.045692790 0.983134031 -0.017360087 -0.749370515 -0.013229412 0.661791205
1756585795255005952.000000 1.956889510 -0.046257079 0.982499003 0.016942417 0.749033391 0.013819666 -0.662171483
1756585795288332288.000000 1.955135465 -0.042293224 0.977994561 -0.016699698 -0.748625815 -0.012091443 0.662672222
1756585795354983936.000000 1.949566603 -0.042244501 0.977519512 -0.015999680 -0.748574913 -0.011658665 0.662754714
1756585795388309760.000000 1.946018219 -0.042016268 0.976866126 -0.016157322 -0.748409510 -0.011923593 0.662932873
1756585795454960896.000000 1.938747644 -0.041672587 0.976516128 -0.016944848 -0.748418629 -0.012700565 0.662888587
1756585795521610496.000000 1.932440996 -0.041588504 0.975742459 -0.017020488 -0.748308957 -0.012489876 0.663014412
1756585795554935552.000000 1.929761410 -0.041717634 0.975356579 0.016747810 0.748296082 0.011884743 -0.663046956
1756585795621585408.000000 1.923737288 -0.042157236 0.975391030 -0.016914841 -0.748585820 -0.011650307 0.662719846
1756585795688234496.000000 1.917374253 -0.041758694 0.974360585 -0.015886100 -0.747741640 -0.011828910 0.663694322
1756585795721559040.000000 1.914131641 -0.041608091 0.974075556 -0.016055522 -0.747361183 -0.012255108 0.664110959
1756585795788207616.000000 1.907385826 -0.041672252 0.973461151 -0.016342582 -0.747683525 -0.013082704 0.663725317
1756585795821531648.000000 1.904770851 -0.041595906 0.972850919 -0.015815446 -0.747659802 -0.012706843 0.663772047
1756585795888179200.000000 1.898775935 -0.041004747 0.972393870 0.014952275 0.747716069 0.011337603 -0.663753510
1756585795954826240.000000 1.892736673 -0.041164715 0.971600652 -0.015112684 -0.748216927 -0.010857739 0.663193166
1756585795988148736.000000 1.889201641 -0.040873572 0.971133709 -0.015235898 -0.748243690 -0.011044427 0.663157046
1756585796054795264.000000 1.882727385 -0.040835239 0.969990849 -0.015163919 -0.748164892 -0.011915991 0.663232505
1756585796121448448.000000 1.876630306 -0.041151665 0.969265938 -0.015039091 -0.748417675 -0.012084493 0.662947118
1756585796188101376.000000 1.869911432 -0.040829256 0.968746185 -0.015559971 -0.748482645 -0.012072940 0.662861943
1756585796221427456.000000 1.866787434 -0.040159807 0.968278050 0.014748401 0.748408973 0.011950838 -0.662965834
1756585796288079616.000000 1.860518456 -0.040935759 0.968107820 -0.015119197 -0.748383522 -0.012015410 0.662985027
1756585796354731008.000000 1.853226423 -0.040964216 0.968091846 -0.014630150 -0.747641385 -0.012323785 0.663827240
1756585796388056832.000000 1.850294113 -0.040870465 0.967916131 -0.014400229 -0.747305155 -0.012122315 0.664214373
1756585796454706176.000000 1.843418837 -0.040518172 0.966863155 -0.014293029 -0.747771263 -0.012649670 0.663682103
1756585796521356544.000000 1.837328911 -0.040327914 0.966059089 -0.014174453 -0.748052418 -0.011861127 0.663382232
1756585796554681344.000000 1.834969521 -0.040057950 0.964301467 0.013934216 0.747772992 0.011638609 -0.663706303
1756585796621330688.000000 1.829235792 -0.039929338 0.963997126 0.013823161 0.747804940 0.011724774 -0.663671076
1756585796654655232.000000 1.826168299 -0.041166943 0.964356422 -0.014370780 -0.747808516 -0.012194930 0.663646877
1756585796721304064.000000 1.818866253 -0.040694159 0.963413000 -0.014323521 -0.747095168 -0.012579775 0.664443731
1756585796754628096.000000 1.815818906 -0.040611424 0.963115573 -0.014215592 -0.746792138 -0.012277565 0.664792240
1756585796821275904.000000 1.809786081 -0.040581338 0.962300658 -0.013701825 -0.747100711 -0.012342285 0.664455116
1756585796887922176.000000 1.803379059 -0.040653527 0.961494684 -0.014261963 -0.747893751 -0.012538788 0.663546801
1756585796921245696.000000 1.800255895 -0.040143847 0.960733294 0.014053900 0.747886419 0.012630095 -0.663557827
1756585796987892224.000000 1.794553757 -0.039540865 0.960245609 -0.013956308 -0.747956991 -0.012508088 0.663482666
1756585797054533888.000000 1.788953066 -0.039832998 0.959739447 -0.013605726 -0.747681022 -0.012121153 0.663808048
1756585797087903232.000000 1.785689831 -0.039482951 0.959514141 -0.013620919 -0.747585297 -0.012124484 0.663915455
1756585797154643456.000000 1.778786898 -0.039589249 0.959014893 -0.015088372 -0.747873604 -0.013441817 0.663533568
1756585797221385216.000000 1.772206426 -0.039752886 0.958686233 -0.015144243 -0.747984111 -0.012947880 0.663417578
1756585797288128512.000000 1.764780402 -0.037742853 0.957311749 0.013841108 0.747335434 0.012021283 -0.664194107
1756585797321500416.000000 1.762643576 -0.039271072 0.957278848 -0.013781103 -0.747262776 -0.011867841 0.664279759
1756585797388246272.000000 1.756579161 -0.039119337 0.956830382 -0.013631357 -0.747429729 -0.011511942 0.664101362
1756585797454994176.000000 1.750112057 -0.039018162 0.956584454 -0.014122673 -0.747320950 -0.012101313 0.664202929
1756585797488368640.000000 1.746505260 -0.039142653 0.956613302 -0.014399796 -0.747283697 -0.012285636 0.664235532
1756585797555119104.000000 1.740174055 -0.039488949 0.955877781 -0.014449165 -0.747248173 -0.012287621 0.664274395
1756585797621871360.000000 1.732986331 -0.039114993 0.955034375 0.013688438 0.746876597 0.011483376 -0.664722681
1756585797688625664.000000 1.727261543 -0.038684130 0.954315782 -0.013223362 -0.746894538 -0.011297641 0.664714992
1756585797722002944.000000 1.723751783 -0.038328834 0.954130888 -0.013237727 -0.747073472 -0.011422879 0.664511561
1756585797788758528.000000 1.717429757 -0.038252208 0.953299880 -0.013803559 -0.746883929 -0.011490974 0.664711952
1756585797855516928.000000 1.710441351 -0.038083103 0.952954888 -0.014083506 -0.746821821 -0.011351184 0.664778233
1756585797888896768.000000 1.707160950 -0.038054571 0.952987194 -0.013999905 -0.746648073 -0.010968511 0.664981544
1756585797955657728.000000 1.701049805 -0.038023971 0.952056170 0.013841938 0.746197224 0.011375047 -0.665483952
1756585798022420480.000000 1.697794199 -0.035677578 0.950151443 -0.013123724 -0.746437013 -0.010663420 0.665241241
1756585798089140992.000000 1.692007065 -0.035630789 0.949318171 -0.013057888 -0.746166289 -0.010650286 0.665546417
1756585798122475776.000000 1.688986659 -0.035707496 0.949131370 -0.013024315 -0.746320128 -0.010240833 0.665381014
1756585798189144320.000000 1.682337523 -0.035921942 0.948880434 -0.013453375 -0.746403098 -0.010289110 0.665278614
1756585798222479104.000000 1.678664207 -0.035583664 0.948587775 -0.013312177 -0.746214509 -0.010222731 0.665493965
1756585798289148160.000000 1.670662403 -0.035333406 0.948267102 0.013368164 0.746200800 0.010816311 -0.665498912
1756585798355816960.000000 1.665841103 -0.035511632 0.947108269 -0.013861367 -0.747005045 -0.010975167 0.664583325
1756585798422485760.000000 1.660290122 -0.035479840 0.945656657 -0.013510304 -0.747170627 -0.011091989 0.664402425
1756585798455820032.000000 1.657421112 -0.035523336 0.945450902 -0.013503220 -0.747583687 -0.010783749 0.663942873
1756585798522488576.000000 1.651514888 -0.035860382 0.945240021 -0.013667048 -0.748108149 -0.009969489 0.663361251
1756585798589156608.000000 1.645397067 -0.036058374 0.944409013 -0.012931495 -0.747383773 -0.009830654 0.664194047
1756585798622490624.000000 1.642348289 -0.036004871 0.944077671 -0.012671874 -0.746764719 -0.009576622 0.664898753
1756585798689157376.000000 1.634412169 -0.035477202 0.944329739 0.013366869 0.746598899 0.010197774 -0.665062070
1756585798722491392.000000 1.631014347 -0.035441700 0.943458438 -0.013937742 -0.746762931 -0.011384303 0.664846838
1756585798789158656.000000 1.624310970 -0.035443597 0.942848086 -0.014436907 -0.747227609 -0.011342571 0.664314628
1756585798855825920.000000 1.618313313 -0.035450958 0.942286909 -0.013375738 -0.747185349 -0.010414326 0.664399624
1756585798889159424.000000 1.615240455 -0.035437968 0.942045152 -0.013351813 -0.747267663 -0.009784424 0.664317012
1756585798955826176.000000 1.608420849 -0.035067093 0.941887498 -0.013659706 -0.746771038 -0.010163132 0.664863288
1756585799022492928.000000 1.602285028 -0.035279859 0.941266179 -0.013772013 -0.745995343 -0.010347675 0.665728450
1756585799089197312.000000 1.594580889 -0.034637772 0.940114379 0.014615307 0.745912194 0.011392775 -0.665786505
1756585799122575104.000000 1.591494083 -0.035083696 0.940116048 -0.015211561 -0.746181965 -0.011473735 0.665469468
1756585799189330944.000000 1.585414648 -0.034913905 0.939034879 -0.014653241 -0.746128201 -0.011213887 0.665546596
1756585799256089088.000000 1.579870701 -0.034891546 0.938604832 -0.014033868 -0.745945632 -0.010365876 0.665778399
1756585799289468672.000000 1.576389551 -0.034996536 0.938744485 -0.013575084 -0.745998800 -0.009792006 0.665736973
1756585799356230144.000000 1.571280599 -0.035280854 0.938390255 -0.013068422 -0.746608734 -0.008428811 0.665081680
1756585799422993152.000000 1.564104795 -0.035344258 0.937954843 -0.014273164 -0.746714234 -0.009322239 0.664926529
1756585799456375552.000000 1.559990406 -0.035307914 0.938156724 0.014871247 0.746493161 0.010616531 -0.665142298
1756585799523141632.000000 1.553670883 -0.035001673 0.937239587 -0.014635869 -0.746295512 -0.011185475 0.665359914
1756585799589908736.000000 1.547721624 -0.034577873 0.936379552 -0.014723171 -0.746398091 -0.011142604 0.665243626
1756585799656678912.000000 1.541799784 -0.034766190 0.936074853 -0.014468569 -0.746483266 -0.010836174 0.665158689
1756585799690064896.000000 1.538483620 -0.034533046 0.935757995 -0.014392775 -0.746904314 -0.010398809 0.664694488
1756585799756838144.000000 1.531909227 -0.034411862 0.935165286 -0.014929352 -0.747372925 -0.010363065 0.664156199
1756585799823613696.000000 1.524760723 -0.034189839 0.934041619 -0.014937139 -0.746781290 -0.011154805 0.664808393
1756585799857001984.000000 1.521155119 -0.034541778 0.934638083 0.014821725 0.746729374 0.011593467 -0.664861798
1756585799923780096.000000 1.515837669 -0.034499750 0.932766378 -0.015581500 -0.746493638 -0.012032097 0.665101349
1756585799990559488.000000 1.508770466 -0.033722267 0.931875587 -0.015634960 -0.746258199 -0.012625892 0.665353239
1756585800023950336.000000 1.505638599 -0.033869948 0.931835294 -0.015431736 -0.746266484 -0.011896632 0.665362179
1756585800090688512.000000 1.499884248 -0.034179751 0.931511045 -0.014760875 -0.746457160 -0.011078625 0.665177524
1756585800157372672.000000 1.493532419 -0.033754412 0.930560470 -0.014787956 -0.746097863 -0.010729630 0.665585697
1756585800190715136.000000 1.490362406 -0.034036234 0.930150509 -0.014964929 -0.745695531 -0.011090850 0.666026473
1756585800257399552.000000 1.483776093 -0.033852633 0.930338681 0.015174831 0.745374739 0.011158448 -0.666379571
1756585800324083968.000000 1.476450443 -0.033807613 0.929454744 0.015228548 0.745078206 0.011680450 -0.666701078
1756585800357426176.000000 1.472626567 -0.033686504 0.928936183 0.015655341 0.744844317 0.012107284 -0.666944742
1756585800424109824.000000 1.468036413 -0.033319648 0.928203046 -0.014992936 -0.744745135 -0.012078728 0.667071223
1756585800457452032.000000 1.465190172 -0.033398401 0.928110123 -0.014675958 -0.744853914 -0.011672483 0.666964114
1756585800524136704.000000 1.459271431 -0.033317693 0.927205980 -0.014147894 -0.744956970 -0.011310579 0.666866660
1756585800590821376.000000 1.453574181 -0.033804558 0.926236272 -0.013892929 -0.745617270 -0.010820834 0.666141808
1756585800624163584.000000 1.450582743 -0.033422969 0.925759554 -0.013840818 -0.745619178 -0.010604274 0.666144192
1756585800690848256.000000 1.443853855 -0.033545475 0.925506353 -0.014072804 -0.745397329 -0.010195674 0.666394055
1756585800757533184.000000 1.436398387 -0.032393802 0.924457371 0.014506282 0.745464265 0.010832408 -0.666299760
1756585800790875392.000000 1.433102727 -0.033679519 0.925158143 -0.015694937 -0.745783627 -0.011015761 0.665912271
1756585800857559552.000000 1.426893473 -0.033926964 0.924846590 -0.015014897 -0.745935917 -0.010160516 0.665770948
1756585800924244224.000000 1.421276331 -0.034545001 0.924652278 -0.014992465 -0.746436715 -0.008915694 0.665227830
1756585800957586432.000000 1.418519497 -0.034568060 0.924572110 -0.014858689 -0.746258199 -0.008802676 0.665432632
1756585801024271360.000000 1.412950993 -0.034946680 0.924041152 -0.014307832 -0.745530665 -0.008616717 0.666262031
1756585801090955264.000000 1.406299591 -0.034606412 0.922320664 -0.014661627 -0.745581508 -0.009803339 0.666181147
1756585801124296704.000000 1.401572227 -0.034725320 0.922257602 0.015582656 0.745408297 0.009824152 -0.666353643
1756585801190979584.000000 1.394976854 -0.033657171 0.921922028 -0.015191933 -0.744897485 -0.009729149 0.666935027
1756585801224320768.000000 1.392696381 -0.033702735 0.921516776 -0.015045800 -0.744692028 -0.009245719 0.667174578
1756585801291003648.000000 1.387166739 -0.033425555 0.921417534 -0.014051156 -0.744399548 -0.008221153 0.667536080
1756585801324343808.000000 1.383851171 -0.033655405 0.921090484 -0.013985429 -0.744283557 -0.007853247 0.667671144
1756585801391026944.000000 1.376458645 -0.033415269 0.920547903 -0.015006708 -0.744244099 -0.009299172 0.667674422
1756585801424368128.000000 1.372736454 -0.033268616 0.919958174 -0.015508461 -0.744000673 -0.010431937 0.667917490
1756585801491051008.000000 1.366074562 -0.032550942 0.919147491 -0.015555977 -0.743639052 -0.010419437 0.668319166
1756585801557733888.000000 1.359305263 -0.033278648 0.919743657 0.014999120 0.738743007 0.008984894 -0.673760414
1756585801624416512.000000 1.351229429 -0.033067446 0.921872795 -0.015905187 -0.728169084 -0.009387373 0.685148716
1756585801657757952.000000 1.347662687 -0.032815941 0.923494875 -0.015648989 -0.723407865 -0.009103275 0.690183520
1756585801724440576.000000 1.339497447 -0.032832213 0.924988270 -0.015646165 -0.716864049 -0.008898482 0.696980655
1756585801757780992.000000 1.335865259 -0.033019945 0.925606966 -0.015982592 -0.717047930 -0.008627384 0.696787298
1756585801824463872.000000 1.329079986 -0.032826900 0.924803019 -0.016670605 -0.719128072 -0.010061391 0.694604754
1756585801891146752.000000 1.324374914 -0.033469759 0.924369156 -0.014641112 -0.720486283 -0.007301188 0.693276286
1756585801924488192.000000 1.322402477 -0.034367949 0.925019324 0.014184781 0.720937788 0.006675279 -0.692822516
1756585801991170816.000000 1.314862251 -0.031862039 0.923876405 0.015629988 0.721156478 0.008616201 -0.692542315
1756585802057853696.000000 1.306524396 -0.030898096 0.923139513 0.015773924 0.720772386 0.010433692 -0.692913830
1756585802091194368.000000 1.302197933 -0.030917311 0.923035026 0.016605668 0.720422924 0.011351050 -0.693243265
1756585802157875456.000000 1.298306465 -0.032543216 0.923181176 -0.017163986 -0.720791519 -0.010507826 0.692859769
1756585802191215104.000000 1.295876741 -0.032680809 0.922663093 -0.015686840 -0.720964372 -0.009531155 0.692729056
1756585802257895936.000000 1.291372061 -0.032617208 0.922591090 -0.013395107 -0.721053302 -0.007124865 0.692713499
1756585802324577024.000000 1.285955667 -0.032932390 0.922853470 -0.012712117 -0.721592307 -0.005514882 0.692179620
1756585802391258112.000000 1.278673172 -0.032463398 0.922821462 -0.013414399 -0.721635938 -0.006075420 0.692116141
1756585802424598784.000000 1.274117947 -0.032363717 0.922504306 -0.014998849 -0.721147180 -0.007358628 0.692580402
1756585802491279616.000000 1.265954852 -0.031323209 0.922028899 0.015808193 0.719723523 0.009295490 -0.694018602
1756585802524620032.000000 1.263994217 -0.032105669 0.922392249 -0.015845198 -0.719144642 -0.009256594 0.694618106
1756585802591300864.000000 1.258470416 -0.032197062 0.922410607 -0.014489080 -0.719488323 -0.008200107 0.694305003
1756585802624641536.000000 1.256195426 -0.032473616 0.922222376 -0.013657810 -0.720203280 -0.007051896 0.693592787
1756585802691321600.000000 1.250195742 -0.032847486 0.922278762 -0.013063285 -0.720776856 -0.005730198 0.693020403
1756585802724661760.000000 1.246788144 -0.032922588 0.922514498 -0.013266778 -0.720642507 -0.005880631 0.693155050
1756585802791342848.000000 1.238829374 -0.032282751 0.922454357 -0.014283600 -0.720065415 -0.007335192 0.693720460
1756585802858023424.000000 1.231622934 -0.032199454 0.921258211 0.016137239 0.719686866 0.008993335 -0.694053113
1756585802891364096.000000 1.228085279 -0.031728722 0.921270192 0.015708668 0.719409704 0.009042557 -0.694349468
1756585802958044672.000000 1.221247196 -0.031929370 0.921956718 0.015366798 0.719516635 0.008609809 -0.694251895
1756585803024725760.000000 1.217704296 -0.032001916 0.921356082 -0.014044352 -0.719767034 -0.006838625 0.694040000
1756585803058065664.000000 1.215029240 -0.032359265 0.921220481 -0.013483997 -0.719896674 -0.006637872 0.693918586
1756585803124747520.000000 1.208117962 -0.032067444 0.920718908 -0.013945783 -0.720094085 -0.007006453 0.693700969
1756585803158089216.000000 1.204674244 -0.031830296 0.920609832 -0.014758823 -0.719950616 -0.007385213 0.693829060
1756585803224771840.000000 1.197214842 -0.031647526 0.920887113 -0.015613114 -0.719661415 -0.008666502 0.694095612
1756585803258113280.000000 1.193971157 -0.031727117 0.920900285 -0.015831528 -0.719789267 -0.008855408 0.693955719
1756585803324796160.000000 1.187900305 -0.032006860 0.920265973 -0.015387460 -0.720010281 -0.008760579 0.693737566
1756585803358137600.000000 1.184325457 -0.030581309 0.919832468 0.015308590 0.720036328 0.008811644 -0.693711579
1756585803424820736.000000 1.176829815 -0.030610902 0.920249522 0.015997697 0.720635474 0.008885982 -0.693072736
1756585803491503360.000000 1.171370983 -0.031884357 0.918402612 -0.016126636 -0.720136762 -0.009133508 0.693584681
1756585803524844032.000000 1.168316603 -0.031770859 0.918416262 -0.015901644 -0.719911695 -0.008913449 0.693826258
1756585803591526656.000000 1.161978483 -0.031597808 0.918188453 -0.015765671 -0.719249606 -0.008788019 0.694517314
1756585803624868096.000000 1.158396959 -0.031477809 0.918343723 -0.015565426 -0.718898296 -0.009035991 0.694882274
1756585803691551232.000000 1.152486324 -0.031892441 0.918225706 -0.015374493 -0.718839109 -0.009104129 0.694946885
1756585803724892928.000000 1.149740458 -0.031884030 0.918413401 -0.015437650 -0.718895793 -0.008746937 0.694891453
1756585803791575552.000000 1.141052604 -0.031150449 0.918320775 0.015359379 0.718645990 0.009246444 -0.695145071
1756585803858258688.000000 1.132915258 -0.030749310 0.918630779 0.016604107 0.718470395 0.010570698 -0.695279062
1756585803891600128.000000 1.131787300 -0.031047951 0.918071687 -0.016377255 -0.718276381 -0.010206536 0.695490360
1756585803924941568.000000 1.129508018 -0.030924605 0.918166459 -0.015481663 -0.718184948 -0.008903959 0.695623100
1756585803991623936.000000 1.123538494 -0.030829813 0.918063879 -0.014756206 -0.717519522 -0.008271614 0.696332932
1756585804058306816.000000 1.116690874 -0.030996684 0.918214083 -0.015733475 -0.717805445 -0.009066948 0.696006954
1756585804091647744.000000 1.113108635 -0.030772431 0.918117881 -0.015685095 -0.717927814 -0.009077435 0.695881724
1756585804158329856.000000 1.106248498 -0.030462883 0.918187261 -0.015291416 -0.717917025 -0.008666504 0.695906758
1756585804225012480.000000 1.100293398 -0.030291202 0.917670012 -0.015534938 -0.717472494 -0.008629912 0.696360230
1756585804258353408.000000 1.096789837 -0.030765466 0.917624950 0.015243444 0.717397571 0.008664794 -0.696443379
1756585804325035776.000000 1.091918230 -0.030734714 0.917774200 -0.014584580 -0.717717946 -0.007987686 0.696135461
1756585804358376960.000000 1.089031816 -0.030559737 0.917607069 -0.014209012 -0.717832983 -0.007835228 0.696026266
1756585804425058048.000000 1.082853079 -0.030387100 0.916938126 -0.014166282 -0.718282998 -0.008316734 0.695557117
1756585804491740416.000000 1.075690389 -0.030355427 0.916773379 -0.014875504 -0.718338490 -0.008770247 0.695479572
1756585804525081600.000000 1.072816849 -0.030675113 0.916766107 -0.014792363 -0.718367040 -0.008694353 0.695452690
1756585804591763712.000000 1.066922903 -0.030344583 0.916495502 -0.014194256 -0.718044162 -0.008010074 0.695806801
1756585804658446080.000000 1.059177399 -0.029635316 0.916669250 0.014349236 0.718161881 0.008878377 -0.695671558
1756585804691787008.000000 1.056420803 -0.030477088 0.916604340 -0.014587155 -0.718440175 -0.008939608 0.695378423
1756585804758469376.000000 1.051092386 -0.030269805 0.916591704 -0.014000611 -0.719055414 -0.007222789 0.694774210
1756585804791810304.000000 1.047886014 -0.029999176 0.916556776 -0.013692431 -0.719224393 -0.007401881 0.694603562
1756585804858491392.000000 1.040836930 -0.029684423 0.916224122 -0.014031989 -0.719337106 -0.008115279 0.694472075
1756585804925173504.000000 1.034042358 -0.029501108 0.916544080 -0.014652335 -0.720664263 -0.008659407 0.693075359
1756585804991855616.000000 1.027917385 -0.029463092 0.915051341 -0.015366229 -0.728869975 -0.009017915 0.684420288
1756585805025196800.000000 1.025192380 -0.029643998 0.912807763 0.015750088 0.733684480 0.009095225 -0.679246962
1756585805091879424.000000 1.021774650 -0.030075504 0.910162687 -0.014409850 -0.742244065 -0.008120570 0.669925570
1756585805158562304.000000 1.016274452 -0.030166466 0.908043504 -0.013467212 -0.742912114 -0.008312399 0.669201910
1756585805191903488.000000 1.012580633 -0.029850349 0.908362508 -0.014039848 -0.741531074 -0.008797689 0.670713961
1756585805258586368.000000 1.004611731 -0.029319270 0.908924460 -0.015245692 -0.740849316 -0.009304174 0.671433866
1756585805291927808.000000 1.001093984 -0.029188372 0.908512592 -0.015969859 -0.740743220 -0.010046641 0.671523392
1756585805358609664.000000 0.993277431 -0.028714385 0.907396674 -0.016545402 -0.740770102 -0.011223549 0.671461046
1756585805425292544.000000 0.987550378 -0.028817564 0.907185197 0.016284654 0.741286993 0.009592090 -0.670922160
1756585805491975424.000000 0.981756628 -0.028930357 0.906719387 0.016083924 0.741437674 0.008904790 -0.670769989
1756585805525316608.000000 0.980162024 -0.028529540 0.906771660 -0.015497477 -0.741456509 -0.008522928 0.670767844
1756585805591999488.000000 0.974222779 -0.029061066 0.906368494 -0.015172228 -0.741438806 -0.008166368 0.670799255
1756585805658682112.000000 0.966950238 -0.028378094 0.905720592 -0.016139166 -0.741324782 -0.009269559 0.670888364
1756585805692023808.000000 0.962798238 -0.027725166 0.905634880 -0.017011426 -0.741338730 -0.010092485 0.670839548
1756585805758705408.000000 0.956002653 -0.027199790 0.905433893 -0.017414641 -0.740872622 -0.010797522 0.671332955
1756585805825388288.000000 0.949478805 -0.027101729 0.904787660 -0.016743001 -0.740652382 -0.010665544 0.671595216
1756585805892070912.000000 0.943465769 -0.027801268 0.903294563 0.016350124 0.741408348 0.010440096 -0.670773745
1756585805925412352.000000 0.940271974 -0.027485650 0.903357744 -0.015769947 -0.741762936 -0.009347254 0.670411646
1756585805992095232.000000 0.934823632 -0.028044235 0.902976334 -0.015366869 -0.741906047 -0.008637188 0.670272112
1756585806025436672.000000 0.931547046 -0.028037505 0.902706265 -0.015752506 -0.741470993 -0.009255565 0.670736253
1756585806092120320.000000 0.924835801 -0.027904769 0.902203739 -0.016163286 -0.740714252 -0.009646126 0.671556592
1756585806125463040.000000 0.921364903 -0.027749129 0.901946127 -0.016275465 -0.740566909 -0.009599179 0.671716988
1756585806192147712.000000 0.915014029 -0.027542919 0.901311278 -0.016104037 -0.740204275 -0.010088369 0.672113538
1756585806258831616.000000 0.908397496 -0.027311437 0.900451064 -0.016215691 -0.740326405 -0.011060573 0.671960950
1756585806292174336.000000 0.904855609 -0.026984336 0.900106668 0.015809182 0.740573585 0.010781364 -0.671702802
1756585806358859008.000000 0.901596844 -0.027065396 0.899430394 -0.014977448 -0.740503728 -0.010075329 0.671809852
1756585806425544192.000000 0.895692706 -0.026949467 0.898981571 -0.015147852 -0.739944100 -0.010564462 0.672414780
1756585806492229120.000000 0.889097631 -0.026546000 0.898292661 -0.014924538 -0.740114510 -0.010514428 0.672233045
1756585806525572096.000000 0.885937750 -0.026285617 0.897993505 -0.015290840 -0.740046620 -0.010499569 0.672299802
1756585806592257024.000000 0.878558397 -0.026251784 0.897679985 -0.016712211 -0.739614546 -0.011815693 0.672719479
1756585806658941184.000000 0.872146368 -0.026063690 0.896872103 -0.016308939 -0.739858150 -0.011352570 0.672469437
1756585806692283648.000000 0.869150460 -0.026387492 0.896685898 -0.015648197 -0.740192175 -0.010909644 0.672124863
1756585806758969088.000000 0.862703502 -0.025537785 0.895798743 0.015596502 0.740165532 0.010610490 -0.672160089
1756585806825654016.000000 0.856008947 -0.025712483 0.895679772 -0.015927728 -0.739936233 -0.010731007 0.672402918
1756585806858996992.000000 0.852848709 -0.025809091 0.895372391 -0.016124569 -0.739805937 -0.010797504 0.672540486
1756585806925681920.000000 0.846626222 -0.025827218 0.894755006 -0.015874695 -0.739999950 -0.010522895 0.672337294
1756585806959024640.000000 0.843318522 -0.025663432 0.894652069 -0.015825341 -0.740312517 -0.010309079 0.671997666
1756585807025709824.000000 0.837365687 -0.025792914 0.893852472 -0.015300448 -0.740459859 -0.010138782 0.671849966
1756585807092392192.000000 0.829691470 -0.025672026 0.893962443 -0.015765624 -0.740260243 -0.010741575 0.672049761
1756585807125732864.000000 0.826671958 -0.025657941 0.892338037 0.016348075 0.739947975 0.011537752 -0.672366560
1756585807192413952.000000 0.819840372 -0.024468211 0.892457604 -0.016010236 -0.739980996 -0.011252534 0.672343135
1756585807259095296.000000 0.815420508 -0.025173031 0.891738653 -0.014759997 -0.740018606 -0.010341118 0.672344983
1756585807325776384.000000 0.809450686 -0.025536831 0.891455352 -0.015213081 -0.740280092 -0.010040675 0.672051489
1756585807392457472.000000 0.802175581 -0.025122151 0.890897453 -0.016155986 -0.740728974 -0.010529263 0.671527147
1756585807459138560.000000 0.794765055 -0.024915427 0.890994072 -0.016666975 -0.740306556 -0.010904241 0.671974421
1756585807492479232.000000 0.790722311 -0.024844948 0.891308188 -0.016530609 -0.739914775 -0.010856477 0.672409952
1756585807559159552.000000 0.784274161 -0.023473475 0.890839338 0.015959950 0.739472449 0.010179711 -0.672920644
1756585807625840384.000000 0.778265834 -0.024234755 0.889424324 -0.015562474 -0.739824057 -0.009267784 0.672556639
1756585807659180800.000000 0.775159061 -0.024523169 0.889448583 -0.016081128 -0.740017474 -0.009653956 0.672326207
1756585807725861888.000000 0.768506885 -0.024011320 0.888975143 -0.016354935 -0.739422619 -0.010328990 0.672963619
1756585807759202560.000000 0.765431941 -0.023751413 0.888404608 -0.015986543 -0.739357829 -0.010068732 0.673047602
1756585807825883392.000000 0.759159386 -0.024044264 0.888001144 -0.016407816 -0.739628911 -0.009883076 0.672742307
1756585807892564224.000000 0.752411544 -0.023857649 0.887619674 -0.017434863 -0.739632726 -0.010455803 0.672703683
1756585807925904640.000000 0.748960137 -0.024016347 0.888024986 0.017792642 0.739728272 0.010518043 -0.672588289
1756585808025924864.000000 0.739315927 -0.023713615 0.887310088 -0.017365761 -0.739264607 -0.010261072 0.673112988
1756585808059265024.000000 0.736496806 -0.023450688 0.887021303 -0.017178716 -0.739269197 -0.010077256 0.673115551
1756585808125946624.000000 0.729601204 -0.023409411 0.885899425 -0.017346317 -0.739477038 -0.010649656 0.672874093
1756585808159287296.000000 0.726231754 -0.023487620 0.885649621 -0.017588418 -0.739443183 -0.011313363 0.672894180
1756585808225968128.000000 0.718320787 -0.022719607 0.885310054 -0.018585265 -0.739447534 -0.012113567 0.672848642
1756585808292648960.000000 0.711946189 -0.022605862 0.885395050 -0.017772183 -0.739770234 -0.011168306 0.672532201
1756585808359330304.000000 0.706520200 -0.022576731 0.884684682 0.017800715 0.739806533 0.011071539 -0.672493041
1756585808426009856.000000 0.699652791 -0.022296101 0.884453416 -0.019385505 -0.739623427 -0.011734706 0.672639430
1756585808459350272.000000 0.695554554 -0.021810995 0.884415984 -0.019812217 -0.739167511 -0.012427868 0.673115551
1756585808526031360.000000 0.689279675 -0.022085344 0.884089828 -0.019459659 -0.738403618 -0.012988988 0.673953116
1756585808559371776.000000 0.686422944 -0.022380188 0.883789182 -0.019453479 -0.738312125 -0.012896329 0.674055338
1756585808626052352.000000 0.680837750 -0.023041973 0.883475304 -0.018707538 -0.738211453 -0.012421220 0.674195528
1756585808692733184.000000 0.674895406 -0.023310434 0.883450091 -0.019285521 -0.739154398 -0.012081469 0.673151493
1756585808726073856.000000 0.669826388 -0.021482401 0.882851720 0.019174168 0.739434421 0.011948950 -0.672849476
1756585808826094848.000000 0.659211457 -0.020489775 0.881186545 -0.020876748 -0.738395512 -0.014259911 0.673893869
1756585808859434240.000000 0.655789852 -0.020221239 0.881115615 -0.021023378 -0.737926364 -0.014786304 0.674391627
1756585808926115072.000000 0.650044382 -0.020464100 0.880508244 -0.020333566 -0.737575293 -0.014692805 0.674798787
1756585808992795648.000000 0.644520879 -0.020826206 0.880058408 -0.019699490 -0.737659454 -0.014049965 0.674739301
1756585809059476480.000000 0.638535678 -0.021030936 0.879328549 -0.020432916 -0.738330603 -0.014029328 0.673983455
1756585809092817920.000000 0.634734631 -0.020870637 0.878866076 -0.021035494 -0.738656402 -0.014592616 0.673595846
1756585809159502080.000000 0.625631452 -0.018823415 0.878552437 0.021993060 0.737872541 0.015813529 -0.674396276
1756585809226185472.000000 0.619939029 -0.019074369 0.878157258 0.021037715 0.737376213 0.015057888 -0.674986780
1756585809292869120.000000 0.614712119 -0.019302176 0.877137661 0.019905416 0.737665832 0.014777346 -0.674710691
1756585809326210048.000000 0.610693038 -0.017009787 0.876995862 -0.019175304 -0.738057435 -0.013446928 0.674331427
1756585809392893696.000000 0.604919970 -0.017093288 0.876025438 -0.018867172 -0.738578498 -0.012988837 0.673778355
1756585809426235648.000000 0.601564825 -0.017305357 0.875831664 -0.018797327 -0.738470554 -0.013221049 0.673894048
1756585809492919296.000000 0.594601095 -0.016986065 0.875609100 -0.019648468 -0.738140464 -0.013840683 0.674218953
1756585809559602688.000000 0.589002490 -0.017320551 0.875384927 -0.019068869 -0.738223255 -0.013038488 0.674160838
1756585809592944896.000000 0.586377025 -0.017425956 0.874992967 -0.018148378 -0.737971365 -0.012676534 0.674468875
1756585809659628288.000000 0.579676330 -0.017269146 0.873909593 0.018136105 0.737114012 0.013111548 -0.675397813
1756585809726311936.000000 0.572265387 -0.016377369 0.874143839 -0.017880986 -0.737630546 -0.012954035 0.674843490
1756585809759653120.000000 0.568918943 -0.016101420 0.874405622 -0.017719772 -0.737749636 -0.012223695 0.674731255
1756585809826336512.000000 0.562282205 -0.015880778 0.874400973 -0.017961120 -0.737506807 -0.011782059 0.674997985
1756585809859678464.000000 0.559417665 -0.016391035 0.873921454 -0.017988680 -0.737023592 -0.012209369 0.675517261
1756585809926362368.000000 0.553757668 -0.016405575 0.873095512 -0.016919054 -0.736629426 -0.011232869 0.675991714
1756585809993045760.000000 0.547090590 -0.016028184 0.872449458 -0.016406367 -0.735973001 -0.011143826 0.676720381
1756585810026387712.000000 0.543715537 -0.016248232 0.871927500 0.016797613 0.735758543 0.011522285 -0.676937580
1756585810093069312.000000 0.537179351 -0.015846647 0.871481955 0.016154548 0.736236095 0.011290951 -0.676437736
1756585810159748864.000000 0.531248629 -0.015818354 0.871095419 0.015878035 0.736254632 0.010874094 -0.676430941
1756585810193087488.000000 0.528138041 -0.015700784 0.870717645 0.015789859 0.736212015 0.010946630 -0.676478207
1756585810259767040.000000 0.522049844 -0.016111229 0.871346951 -0.015542999 -0.736457765 -0.010402367 0.676225007
1756585810326446336.000000 0.515533268 -0.015966188 0.870917857 -0.015022277 -0.736165345 -0.009392625 0.676569819
1756585810359785984.000000 0.511899710 -0.015400788 0.870572746 -0.014813045 -0.735623598 -0.009752598 0.677158296
1756585810426465280.000000 0.506001651 -0.015135945 0.870190501 -0.014202578 -0.735152185 -0.010617001 0.677670181
1756585810493144576.000000 0.501025319 -0.015764363 0.869707108 -0.014221192 -0.737138808 -0.008875280 0.675533473
1756585810526483968.000000 0.498147607 -0.015952298 0.869400203 -0.013871417 -0.737686694 -0.008582001 0.674946249
1756585810593163264.000000 0.491019309 -0.015699232 0.868515253 0.014368741 0.737194717 0.009006619 -0.675467551
1756585810659841536.000000 0.483368874 -0.014239183 0.868629575 0.014593245 0.736706376 0.009758469 -0.675984979
1756585810693180672.000000 0.479736388 -0.014096606 0.867963910 0.014204692 0.736596167 0.009654491 -0.676114798
1756585810759859968.000000 0.473577738 -0.016356019 0.867151737 -0.013929987 -0.736970007 -0.009898797 0.675709426
1756585810826539008.000000 0.467763305 -0.017340295 0.866359651 -0.014344716 -0.737467825 -0.010372328 0.675150335
1756585810859878400.000000 0.465271294 -0.017525651 0.865944028 -0.014178095 -0.737860799 -0.010046843 0.674729228
1756585810926557184.000000 0.459659755 -0.017693512 0.865646958 -0.014509336 -0.738254547 -0.009170977 0.674303770
1756585810993236224.000000 0.452822030 -0.018034574 0.866241038 -0.015563253 -0.737332582 -0.010163963 0.675274253
1756585811059915008.000000 0.444730103 -0.017028732 0.865504146 -0.015829319 -0.736830592 -0.011464880 0.675794840
1756585811126596608.000000 0.437503159 -0.014845490 0.864576936 0.015181134 0.737170935 0.010618312 -0.675452292
1756585811159938048.000000 0.435031950 -0.015299917 0.864386976 0.015477993 0.737389863 0.010818510 -0.675203443
1756585811226620672.000000 0.429315090 -0.015517778 0.863945544 0.015572015 0.737934649 0.010878691 -0.674604893
1756585811259961856.000000 0.425315738 -0.015970616 0.862979114 -0.015868563 -0.737906754 -0.010609374 0.674632728
1756585811326644480.000000 0.418549716 -0.016155152 0.862468004 -0.015915688 -0.737470806 -0.010766302 0.675105751
1756585811393327360.000000 0.412341177 -0.015770361 0.861608148 -0.016065469 -0.737440705 -0.010618727 0.675137401
1756585811426668288.000000 0.409206450 -0.015723623 0.861297488 -0.015948588 -0.737442791 -0.010306858 0.675142705
1756585811493350912.000000 0.402985752 -0.016281571 0.860987902 -0.015782142 -0.737228692 -0.010482221 0.675377667
1756585811526691328.000000 0.399821520 -0.016423315 0.860888779 -0.015746478 -0.737369835 -0.010839192 0.675218701
1756585811593373952.000000 0.392959058 -0.015695147 0.859989107 0.016307436 0.737450957 0.011561343 -0.675104856
1756585811660056576.000000 0.385711491 -0.015608801 0.859344482 0.016288029 0.737819672 0.011466478 -0.674704015
1756585811726739200.000000 0.379532218 -0.015689563 0.859025240 0.016365128 0.738453388 0.010519803 -0.674023867
1756585811760080640.000000 0.376797199 -0.014847422 0.859183848 -0.016286878 -0.738463998 -0.009528566 0.674028873
1756585811826763264.000000 0.369625807 -0.013950029 0.858834982 -0.016005063 -0.737797797 -0.009787695 0.674761117
1756585811893445632.000000 0.362831712 -0.013563463 0.858132839 -0.016386895 -0.737842262 -0.010468902 0.674693048
1756585811960128256.000000 0.355355740 -0.013621910 0.857989967 -0.017873170 -0.738404393 -0.011410689 0.674024761
1756585811993468672.000000 0.352046788 -0.013477350 0.857985735 -0.018238941 -0.738656104 -0.012133360 0.673726499
1756585812060151296.000000 0.345875144 -0.013235346 0.857386112 -0.018573614 -0.738461554 -0.012497814 0.673923910
1756585812126836224.000000 0.339782655 -0.012766698 0.854722679 0.017737107 0.735964298 0.011705204 -0.676686764
1756585812193521152.000000 0.331936300 -0.013434925 0.856226444 0.017732015 0.726808667 0.012350396 -0.686500013
1756585812226863872.000000 0.327198565 -0.013242828 0.858403027 0.018562900 0.723587990 0.012538464 -0.689868629
1756585812293549056.000000 0.320575953 -0.013644706 0.858222604 -0.020373061 -0.723573744 -0.014012589 0.689804077
1756585812360234240.000000 0.314121068 -0.013219835 0.857005119 -0.020364182 -0.725518942 -0.014984112 0.687737644
1756585812393576960.000000 0.310947776 -0.013134571 0.856889963 -0.020042209 -0.725732625 -0.014779728 0.687526107
1756585812460261376.000000 0.305010259 -0.012884319 0.856527627 -0.020762855 -0.725620508 -0.014629780 0.687626243
1756585812493603584.000000 0.301184595 -0.013218215 0.856031060 -0.020909861 -0.725349844 -0.015345464 0.687891662
1756585812560289280.000000 0.293872833 -0.012709517 0.855777502 -0.021670803 -0.725246727 -0.015978782 0.687962413
1756585812626974464.000000 0.287283540 -0.011922045 0.855581641 -0.021135533 -0.724530101 -0.015925918 0.688734889
1756585812660317440.000000 0.284342229 -0.012723796 0.856052876 0.020824675 0.724426806 0.016097829 -0.688849092
1756585812727002880.000000 0.278112948 -0.011096818 0.854818642 0.020658607 0.724658787 0.016798226 -0.688593328
1756585812793688320.000000 0.271967947 -0.011995850 0.854766190 -0.021044148 -0.725113153 -0.016193260 0.688117683
1756585812827030784.000000 0.268808365 -0.012201268 0.854531884 -0.020788830 -0.725095868 -0.016165512 0.688144386
1756585812893715712.000000 0.263163865 -0.012437079 0.854798555 -0.020936392 -0.725551486 -0.015154597 0.687682390
1756585812960401408.000000 0.256677091 -0.012292352 0.854261220 -0.020934798 -0.725558579 -0.015496220 0.687667370
1756585812993744128.000000 0.253132522 -0.012487225 0.854490399 -0.021452786 -0.725433171 -0.015796196 0.687776864
1756585813060429568.000000 0.247071922 -0.012251420 0.853746891 -0.020402070 -0.725128353 -0.015184569 0.688143969
1756585813127111936.000000 0.240692079 -0.011953831 0.853426874 0.020254005 0.725396276 0.014422891 -0.687882364
1756585813193793024.000000 0.234519005 -0.011743611 0.852601409 0.020246429 0.725646079 0.014553918 -0.687616289
1756585813227133440.000000 0.231548429 -0.011994598 0.852120399 0.020219697 0.725421309 0.014377953 -0.687857866
1756585813293814784.000000 0.224066436 -0.011219397 0.852605700 -0.019490913 -0.725047350 -0.014716770 0.688265920
1756585813360495104.000000 0.217816889 -0.010981321 0.853106022 -0.020231677 -0.726207852 -0.014212676 0.687030554
1756585813393835776.000000 0.214868248 -0.010926168 0.852876484 -0.019701425 -0.726470709 -0.013617037 0.686780095
1756585813460516864.000000 0.208505869 -0.010950761 0.852043092 -0.019069768 -0.725837052 -0.013518343 0.687469482
1756585813493857280.000000 0.204679787 -0.010852473 0.851581275 -0.018948887 -0.725701988 -0.014059470 0.687604487
1756585813560538624.000000 0.198579609 -0.010404194 0.851726770 -0.019244822 -0.725532472 -0.013237167 0.687791467
1756585813627219712.000000 0.192102075 -0.010347126 0.851145923 -0.018179342 -0.725318730 -0.012986836 0.688050628
1756585813660560384.000000 0.188543200 -0.009774910 0.850564063 0.018288342 0.724955320 0.013062275 -0.688429236
1756585813727241472.000000 0.183015049 -0.009886110 0.850379884 0.017574254 0.725246906 0.012782575 -0.688145876
1756585813760580864.000000 0.180017829 -0.009962160 0.850602746 0.017260006 0.725522339 0.012140386 -0.687875092
1756585813827261952.000000 0.174719572 -0.010304781 0.849906504 -0.017083229 -0.725671411 -0.012292329 0.687719524
1756585813893943040.000000 0.167828143 -0.010439284 0.849603951 -0.017529752 -0.725467324 -0.011843567 0.687931478
1756585813960624128.000000 0.161452830 -0.010355394 0.849221587 -0.017643819 -0.725323319 -0.012576291 0.688067377
1756585813993964800.000000 0.158197045 -0.010193897 0.849092364 -0.017330285 -0.725339293 -0.011718767 0.688073635
1756585814060645888.000000 0.151308775 -0.009933580 0.848513842 -0.017312089 -0.725494266 -0.012156910 0.687903106
1756585814127340544.000000 0.144744754 -0.009564437 0.848506451 -0.017002430 -0.725652158 -0.012050959 0.687746108
1756585814194037504.000000 0.138716102 -0.009142140 0.848077953 0.016523004 0.725889683 0.011385808 -0.687518477
1756585814227386368.000000 0.135789454 -0.009374093 0.848116875 0.016586149 0.725952029 0.011388304 -0.687451005
1756585814294084608.000000 0.129187942 -0.009183353 0.847444296 0.016486537 0.725667000 0.011941816 -0.687744975
1756585814360782848.000000 0.122870147 -0.009243777 0.847158968 -0.017229596 -0.725206256 -0.012567639 0.688201427
1756585814427481344.000000 0.116786361 -0.008797696 0.846532464 -0.015828317 -0.725499153 -0.011866842 0.687938809
1756585814460830976.000000 0.113888204 -0.008796118 0.846349835 -0.015518846 -0.725829959 -0.010971796 0.687611580
1756585814527529472.000000 0.107887983 -0.008933628 0.845946193 -0.015359422 -0.726133823 -0.011249901 0.687289834
1756585814594228480.000000 0.100797176 -0.008870453 0.845697701 -0.015613479 -0.725857854 -0.011604058 0.687569678
1756585814660926720.000000 0.094446063 -0.009108776 0.845486403 -0.015565598 -0.725467920 -0.011657865 0.687981248
1756585814694276608.000000 0.091523767 -0.009326644 0.844624400 0.015394663 0.725151598 0.011240119 -0.688325465
1756585814760976128.000000 0.084690154 -0.008803690 0.844690919 0.014910690 0.724764228 0.011745914 -0.688735545
1756585814794325760.000000 0.081390619 -0.008477334 0.844838262 0.015202630 0.724567235 0.011659360 -0.688937843
1756585814861025792.000000 0.074699879 -0.009046856 0.844639122 -0.015908068 -0.724552393 -0.013317083 0.688907504
1756585814894375936.000000 0.071268499 -0.008597888 0.844690681 -0.015947035 -0.724415243 -0.013401899 0.689049184
1756585814961076224.000000 0.064910829 -0.008103907 0.843977213 -0.014860649 -0.724061608 -0.013391447 0.689445198
1756585815027776768.000000 0.058360159 -0.007700320 0.843448639 -0.014434197 -0.724365354 -0.012720810 0.689147890
1756585815061126656.000000 0.055306256 -0.007538334 0.842975616 -0.014238736 -0.724195898 -0.012833881 0.689327896
1756585815094468608.000000 0.052180409 -0.007873226 0.842903733 -0.014369594 -0.723951161 -0.013157068 0.689576089
1756585815161146880.000000 0.045565724 -0.008264175 0.842712998 -0.014730932 -0.723740697 -0.013544522 0.689781845
1756585815227824896.000000 0.038189769 -0.008360054 0.842545450 0.016414041 0.723741233 0.015569089 -0.689700603
1756585815261164032.000000 0.034888327 -0.008009037 0.842069507 0.016250707 0.723938525 0.015178923 -0.689506054
1756585815327842304.000000 0.029266775 -0.008184152 0.841241181 0.014924455 0.724048078 0.014097348 -0.689443946
1756585815394520320.000000 0.023947179 -0.008667929 0.841395199 -0.014235908 -0.724556506 -0.012457521 0.688955784
1756585815427858944.000000 0.020994782 -0.008712908 0.841426730 -0.014135777 -0.724454761 -0.012728497 0.689059913
1756585815494537216.000000 0.013789654 -0.008300196 0.841144383 -0.014663615 -0.724435508 -0.013367317 0.689056993
1756585815527875072.000000 0.010423839 -0.008155694 0.841047525 -0.014304883 -0.724607408 -0.013042444 0.688890040
1756585815594553088.000000 0.004296541 -0.008480111 0.840781331 -0.013975656 -0.724226892 -0.012584995 0.689305305
1756585815627891712.000000 0.000995159 -0.008391004 0.840286314 -0.013753932 -0.724065542 -0.012821384 0.689474940
1756585815694569472.000000 -0.005561233 -0.008315485 0.840331137 -0.014225537 -0.724686325 -0.012348842 0.688821435
1756585815761247232.000000 -0.011792958 -0.007734451 0.839916646 0.014423160 0.725227952 0.012734547 -0.688239992
1756585815794585856.000000 -0.014939249 -0.007277958 0.840161324 0.014792663 0.725342274 0.012157831 -0.688122034
1756585815861263616.000000 -0.021724224 -0.007169152 0.840002835 0.014655665 0.724510431 0.012565103 -0.688993514
1756585815894602240.000000 -0.025805712 -0.006891573 0.839273214 -0.014193993 -0.723922908 -0.012829865 0.689615548
1756585815961279744.000000 -0.032242835 -0.006707251 0.838973165 -0.013927119 -0.723930597 -0.012481907 0.689619362
1756585816027955968.000000 -0.038497925 -0.006515237 0.838661373 -0.013857493 -0.723828971 -0.012380566 0.689729154
1756585816061294848.000000 -0.041540980 -0.006168077 0.838141322 -0.013119221 -0.723892868 -0.011936994 0.689684391
1756585816127974400.000000 -0.047967017 -0.006423321 0.837941349 -0.012987737 -0.723753810 -0.011284362 0.689843833
1756585816194654976.000000 -0.054952145 -0.005953657 0.837740004 -0.013443049 -0.723988175 -0.011762436 0.689581156
1756585816227995136.000000 -0.058493018 -0.005755035 0.838464022 0.013273140 0.724188328 0.011589073 -0.689377129
1756585816294675712.000000 -0.065147161 -0.005466465 0.838776052 0.013082482 0.724536657 0.010622070 -0.689030290
1756585816361355776.000000 -0.072567046 -0.004522590 0.838119328 -0.012964866 -0.724121809 -0.009872262 0.689479589
1756585816394695680.000000 -0.075483978 -0.004142343 0.837875187 -0.012353414 -0.723773360 -0.009809641 0.689857483
1756585816461374976.000000 -0.081481278 -0.004058745 0.837391734 -0.011782133 -0.723095000 -0.010340218 0.690570831
1756585816528055296.000000 -0.088127375 -0.003507271 0.836330831 -0.011379643 -0.723238945 -0.010827926 0.690419197
1756585816561395200.000000 -0.091058671 -0.003287724 0.836398602 -0.011071915 -0.723532736 -0.010457190 0.690122128
1756585816628075264.000000 -0.097412467 -0.003662376 0.836091638 -0.011240421 -0.724273801 -0.010337494 0.689343393
1756585816661415680.000000 -0.101518452 -0.003833513 0.837519765 0.011525187 0.724765956 0.010314903 -0.688821554
1756585816728095744.000000 -0.108100593 -0.003344618 0.837243974 0.012239555 0.724763930 0.010828744 -0.688803494
1756585816794775808.000000 -0.115687728 -0.003108732 0.835377574 -0.013286922 -0.724258244 -0.012040783 0.689295709
1756585816828115712.000000 -0.118749380 -0.002676737 0.835620821 -0.013150017 -0.724219382 -0.012031659 0.689339340
1756585816894794752.000000 -0.125178039 -0.002823336 0.835575998 -0.012846239 -0.724119008 -0.012048276 0.689450145
1756585816961474560.000000 -0.131068766 -0.002847139 0.835193872 -0.013271048 -0.724112272 -0.012407190 0.689442813
1756585816994814720.000000 -0.134487689 -0.002394537 0.835539818 -0.012873910 -0.723915040 -0.012495269 0.689655900
1756585817061494528.000000 -0.141064405 -0.002604570 0.834839463 -0.012251166 -0.723550916 -0.011919951 0.690059423
1756585817094834688.000000 -0.144884765 -0.002576627 0.834527194 0.012501230 0.723567426 0.012670508 -0.690024257
1756585817161513472.000000 -0.152173460 -0.002340170 0.834429502 0.013307235 0.723628402 0.013337458 -0.689932644
1756585817194853376.000000 -0.155585885 -0.002197428 0.834302902 0.013181864 0.723387778 0.013768676 -0.690178871
1756585817261532672.000000 -0.162379801 -0.002194930 0.834558845 0.014213118 0.723472774 0.014108351 -0.690062404
1756585817294872064.000000 -0.165518224 -0.002568688 0.832980931 -0.014017235 -0.723102510 -0.014347581 0.690449536
1756585817361550336.000000 -0.171554506 -0.001987472 0.832577944 -0.013123885 -0.722588778 -0.013710238 0.691017628
1756585817428229376.000000 -0.178484023 -0.001747925 0.830933630 -0.013675736 -0.722218871 -0.015325794 0.691359580
1756585817461568768.000000 -0.182145178 -0.001529625 0.830598593 -0.014251245 -0.721815944 -0.015997665 0.691753387
1756585817494908160.000000 -0.186100423 -0.000883730 0.830711186 -0.014256912 -0.721950352 -0.016200412 0.691608369
1756585817561587200.000000 -0.193141103 -0.000900028 0.830020428 -0.014681363 -0.722033262 -0.016801558 0.691498578
1756585817594926848.000000 -0.196915150 -0.001286669 0.830565929 -0.015106831 -0.722308338 -0.016712433 0.691204190
1756585817661605632.000000 -0.202547014 -0.002902145 0.830505371 0.014628570 0.722695768 0.016447613 -0.690815747
1756585817694945024.000000 -0.205996573 -0.002519429 0.830892086 0.014560971 0.722987950 0.015819170 -0.690526068
1756585817761622784.000000 -0.211365163 -0.002631016 0.830702841 -0.015001848 -0.723669410 -0.016210435 0.689793289
1756585817828301568.000000 -0.219164014 -0.001196060 0.830612957 -0.016123118 -0.723718107 -0.016914409 0.689700007
1756585817861641216.000000 -0.222600043 -0.001324730 0.830003560 -0.015944881 -0.723618925 -0.017428614 0.689795375
1756585817894980352.000000 -0.226018190 -0.000839287 0.829583406 -0.015904123 -0.723314464 -0.017522082 0.690113246
1756585817961659136.000000 -0.232164085 -0.000009086 0.830355823 -0.015207342 -0.724040627 -0.016060300 0.689402699
1756585817994998528.000000 -0.234714866 -0.000081707 0.829971313 -0.014774998 -0.724334478 -0.015405219 0.689118326
1756585818061677056.000000 -0.240852892 0.000079932 0.829814255 -0.015021842 -0.724650085 -0.014970482 0.688790679
1756585818095017216.000000 -0.244402885 -0.000124607 0.828018069 0.015259556 0.723963618 0.015955977 -0.689484775
1756585818128357632.000000 -0.247826934 -0.000094792 0.828201890 0.015642652 0.724061012 0.016194208 -0.689368308
1756585818195037440.000000 -0.254319906 -0.000000382 0.828374505 0.015649397 0.724603534 0.015760645 -0.688808084
1756585818228377856.000000 -0.257505059 -0.000240503 0.828274250 0.015564394 0.724798977 0.015605423 -0.688607752
1756585818295058432.000000 -0.264931500 -0.000859465 0.828124762 -0.015530490 -0.724368870 -0.015947245 0.689053237
1756585818328398848.000000 -0.267900884 0.000178846 0.828485727 -0.014984227 -0.724612296 -0.015401895 0.688821673
1756585818395079936.000000 -0.274298489 0.000665778 0.828634977 -0.014920983 -0.724850893 -0.014210707 0.688597620
1756585818428420096.000000 -0.277743638 0.000943417 0.828578591 -0.014774180 -0.724952877 -0.014495970 0.688487470
1756585818495100672.000000 -0.285116196 0.001626834 0.828463793 -0.015737509 -0.724749207 -0.014645993 0.688677311
1756585818528441088.000000 -0.288497925 0.001481688 0.828042626 -0.015486376 -0.724770427 -0.014357812 0.688666821
1756585818595121920.000000 -0.294614673 0.001884235 0.827713013 -0.014441127 -0.724760592 -0.013133358 0.688724339
1756585818628462080.000000 -0.297236145 0.000107951 0.827117920 0.014878429 0.724507272 0.013085864 -0.688982308
1756585818695141632.000000 -0.303170800 0.000615396 0.826172531 0.014327132 0.724128306 0.012534727 -0.689402640
1756585818728482048.000000 -0.306035042 0.000687238 0.826260626 0.014370112 0.724117935 0.012340505 -0.689415991
1756585818795162624.000000 -0.312904716 -0.000468288 0.826499581 -0.014893359 -0.724473119 -0.013018660 0.689019263
1756585818828502528.000000 -0.316552281 -0.000601288 0.826867938 -0.015571279 -0.724663973 -0.012966404 0.688804507
1756585818861843200.000000 -0.320519269 -0.000819627 0.826525331 -0.016200827 -0.724566638 -0.013480554 0.688882470
1756585818928523520.000000 -0.326929331 -0.000402333 0.826032043 -0.015711412 -0.724482059 -0.012912106 0.688993633
1756585818961863680.000000 -0.329461515 -0.000384564 0.825537026 -0.014999989 -0.724564552 -0.012046477 0.688938498
1756585819028544256.000000 -0.335525632 -0.000525780 0.825028777 -0.014457279 -0.724822640 -0.011401747 0.688689470
1756585819061884160.000000 -0.338589609 -0.000694618 0.825332880 -0.014620046 -0.724991441 -0.011129126 0.688512802
1756585819128564480.000000 -0.345644474 0.001447918 0.825296640 0.014292842 0.725457728 0.010774580 -0.688033938
1756585819161905408.000000 -0.348982990 0.001173880 0.825905085 0.014794204 0.725788653 0.010404848 -0.687679946
1756585819228586496.000000 -0.355568349 0.001765184 0.825923502 0.014370078 0.725592256 0.009855553 -0.687904298
1756585819261927168.000000 -0.358868480 0.000069605 0.825538516 -0.014876015 -0.725349903 -0.010407201 0.688140929
1756585819328608512.000000 -0.364819705 -0.000185840 0.825381577 -0.014474662 -0.727581322 -0.010041407 0.685795248
1756585819361948928.000000 -0.367599666 -0.000684652 0.825257063 -0.015172176 -0.731635153 -0.010419123 0.681447923
1756585819395289600.000000 -0.370662510 -0.000682021 0.824189305 -0.015630098 -0.736381650 -0.010935914 0.676297486
1756585819461970944.000000 -0.374968767 -0.000183476 0.820304751 -0.016888434 -0.744215488 -0.013951132 0.667580366
1756585819495311616.000000 -0.375191212 -0.000238532 0.819412112 -0.016821561 -0.745820820 -0.013141746 0.665804505
1756585819561991680.000000 -0.372929215 -0.000177054 0.818540394 -0.015505180 -0.748979568 -0.011252048 0.662316084
1756585819595332352.000000 -0.370909691 0.000157468 0.819169223 0.013695899 0.752153277 0.009711174 -0.658774316
1756585819662013440.000000 -0.368350506 -0.002129333 0.818000615 -0.013317264 -0.759920061 -0.008861364 0.649819672
1756585819695353856.000000 -0.367009461 -0.000609888 0.817258596 0.013972995 0.763104141 0.008772535 -0.646064937
1756585819762034944.000000 -0.367491543 -0.000318810 0.814812779 -0.015087328 -0.769459963 -0.011116785 0.638420165
1756585819795375616.000000 -0.367487848 -0.000354454 0.814548314 -0.015533010 -0.772680223 -0.011632824 0.634498835
1756585819828716032.000000 -0.367041707 -0.000420386 0.813615620 -0.015662583 -0.776250124 -0.011518980 0.630125165
1756585819895396864.000000 -0.365685701 -0.000392446 0.812034786 -0.015443393 -0.783313096 -0.011692433 0.621325612
1756585819928737536.000000 -0.365158737 -0.000248682 0.811476350 -0.015283754 -0.786748469 -0.011530217 0.616976857
1756585819995417600.000000 -0.363222361 -0.000459833 0.809762299 -0.015044708 -0.793970704 -0.011272931 0.607665360
1756585820028758016.000000 -0.362810731 -0.000811577 0.808516145 0.014966073 0.797680080 0.011361740 -0.602788031
1756585820062098688.000000 -0.361892760 -0.001090931 0.807802320 0.015018127 0.801637530 0.011509957 -0.597510934
1756585820128777984.000000 -0.359837413 -0.001123505 0.806693077 0.013778801 0.809726059 0.009500738 -0.586569369
1756585820162117376.000000 -0.359306037 -0.000265611 0.804211020 -0.011550028 -0.814053059 -0.006704654 0.580637038
1756585820228796672.000000 -0.358712614 -0.002395294 0.801932693 -0.006641639 -0.821145892 0.001686904 0.570677280
1756585820262136064.000000 -0.360103369 -0.001884731 0.800667584 -0.006476419 -0.824592590 0.002310918 0.565685332
1756585820295475456.000000 -0.362943888 -0.001977164 0.799053550 -0.007143767 -0.827996433 0.001254715 0.560686469
1756585820362154240.000000 -0.370955229 -0.001592033 0.794065356 -0.010753170 -0.833349466 -0.004023636 0.552627325
1756585820395493888.000000 -0.375351429 -0.001012718 0.791379273 0.013451587 0.836186051 0.007408584 -0.548230946
1756585820462171648.000000 -0.383660495 0.000647137 0.785633266 0.015780790 0.842831135 0.013936939 -0.537766278
1756585820495511040.000000 -0.384433329 0.000564352 0.782588065 -0.014855773 -0.846076369 -0.011043054 0.532740295
1756585820562189568.000000 -0.387531281 0.000188213 0.778997302 -0.014417227 -0.852653384 -0.009798368 0.522186220
1756585820595528960.000000 -0.388592660 -0.000554327 0.777454376 -0.014034096 -0.855241358 -0.008782623 0.517965496
1756585820662207744.000000 -0.391557217 -0.000949552 0.774407923 0.012454272 0.860482693 0.006403308 -0.509287179
1756585820695547136.000000 -0.393210649 -0.001076113 0.773121238 0.012349592 0.863477290 0.005397761 -0.504207790
1756585820762225920.000000 -0.397569895 -0.001135007 0.768358648 0.012340656 0.869060397 0.006172831 -0.494513601
1756585820795564800.000000 -0.399173617 -0.001461856 0.765228629 0.013206081 0.871429920 0.007693499 -0.490281969
1756585820862243584.000000 -0.405216932 -0.000699313 0.760237217 0.015096107 0.876822233 0.010894030 -0.480454296
1756585820895581696.000000 -0.406106055 0.000704693 0.756251872 -0.013984884 -0.878776133 -0.010832633 0.476906419
1756585820928921088.000000 -0.407506704 0.000642290 0.754114985 -0.013238100 -0.881194234 -0.009970737 0.472463846
1756585820995599360.000000 -0.410138011 0.000335284 0.749690056 -0.012339179 -0.886471212 -0.009212850 0.462527514
1756585821062277888.000000 -0.413996696 0.000122588 0.745219231 -0.012476354 -0.891937554 -0.009112193 0.451894701
1756585821095617536.000000 -0.415620208 0.000311930 0.742814720 -0.012412926 -0.894147992 -0.008975782 0.447509497
1756585821128957440.000000 -0.417422533 0.000436084 0.740411103 -0.012322695 -0.896326840 -0.010075910 0.443108231
1756585821195637760.000000 -0.418388069 0.000865526 0.737391233 0.014296449 0.900749326 0.013363917 -0.433898419
1756585821228977664.000000 -0.417416334 0.000368048 0.737886786 0.013796222 0.901943922 0.011974270 -0.431466609
1756585821295657728.000000 -0.414352059 0.000148114 0.739444971 0.011967732 0.904699266 0.008542080 -0.425797015
1756585821328996864.000000 -0.411998510 -0.000839187 0.740645170 -0.011712395 -0.907037377 -0.005458228 0.420851886
1756585821395676928.000000 -0.406807482 -0.000871963 0.740055084 0.010472398 0.911700368 0.002954676 -0.410711765
1756585821429016832.000000 -0.406371355 -0.000802932 0.740156293 0.010350306 0.914114773 0.003092259 -0.405311733
1756585821495696896.000000 -0.405206800 -0.000873451 0.738368392 0.011658113 0.918491364 0.005524407 -0.395230561
1756585821529036544.000000 -0.405144155 -0.000613693 0.736774921 -0.012507828 -0.920634210 -0.007969839 0.390144497
1756585821595716352.000000 -0.404891193 0.000318189 0.733950615 -0.013572759 -0.924896300 -0.012096591 0.379784524
1756585821629056768.000000 -0.404190183 0.001065961 0.733299375 -0.013150836 -0.926964283 -0.011653752 0.374737978
1756585821695736320.000000 -0.401414931 -0.000155698 0.733303726 0.013054475 0.931043983 0.010392929 -0.364525229
1756585821729076480.000000 -0.399827003 -0.000569214 0.732941508 0.012761882 0.933215022 0.009994388 -0.358952701
1756585821795755264.000000 -0.397581041 -0.000316327 0.732385755 0.012862490 0.937297046 0.010064417 -0.348148793
1756585821829094912.000000 -0.396722376 -0.000523328 0.732618928 0.013045833 0.939394236 0.010196891 -0.342438996
1756585821895774720.000000 -0.393540740 0.000080920 0.731404424 -0.013005870 -0.942867696 -0.010921600 0.332734227
1756585821929114880.000000 -0.392673850 0.000099593 0.730788350 -0.012571410 -0.944902003 -0.008776627 0.326994151
1756585821995794432.000000 -0.390071869 -0.000955337 0.729794621 0.009600247 0.949610353 0.000615674 -0.313285321
1756585822029134336.000000 -0.390227735 -0.002342619 0.728415430 0.009323047 0.951795936 -0.002910909 -0.306576639
1756585822095814912.000000 -0.391704321 -0.002107066 0.722423732 0.009775072 0.955010295 -0.000791056 -0.296410471
1756585822162497792.000000 -0.395159721 -0.000879645 0.713881731 0.010870647 0.958173871 0.005013790 -0.285936475
1756585822195838464.000000 -0.396891832 -0.000445151 0.709085822 0.012453609 0.959511101 0.008834188 -0.281256706
1756585822262521344.000000 -0.400637031 0.000500581 0.698766232 -0.014247654 -0.962369621 -0.017905517 0.270778865
1756585822295862528.000000 -0.401131332 0.000964335 0.695901871 -0.013678805 -0.964040518 -0.017026616 0.264856607
1756585822362545664.000000 -0.401284456 0.000251062 0.692271709 -0.012554935 -0.966774285 -0.013670125 0.254956841
1756585822429228544.000000 -0.401518643 -0.000624513 0.688726962 -0.011563618 -0.969439030 -0.010160907 0.244849086
1756585822462569984.000000 -0.401476979 -0.000794104 0.685694516 -0.011083088 -0.970762551 -0.009390916 0.239601970
1756585822529253120.000000 -0.402461648 -0.001661762 0.679671824 0.012105880 0.973135471 0.013455528 -0.229520693
1756585822595936000.000000 -0.403646827 0.001009617 0.672944307 0.012370847 0.975053787 0.023632996 -0.220360219
1756585822629277184.000000 -0.402241647 0.001452322 0.672757626 0.012005256 0.976003587 0.022258678 -0.216280848
1756585822695959552.000000 -0.399672151 0.000806727 0.675837040 -0.012566518 -0.977726161 -0.016318155 0.208871603
1756585822729300992.000000 -0.397508323 0.000184407 0.677605987 -0.011402833 -0.978717685 -0.013626549 0.204440847
1756585822762642688.000000 -0.396113694 -0.000283078 0.679287851 -0.010968554 -0.979978681 -0.011051092 0.198492751
1756585822829325312.000000 -0.393329561 -0.000517680 0.680975318 -0.010763194 -0.982514918 -0.008498739 0.185678363
1756585822862667008.000000 -0.392191827 -0.000344296 0.681196451 -0.010731589 -0.983491898 -0.008442228 0.180436641
1756585822929350144.000000 -0.390869856 -0.000011435 0.679428220 -0.010959374 -0.985318124 -0.011983298 0.169954702
1756585822996033280.000000 -0.389457583 0.000692813 0.676411986 0.011547473 0.986883998 0.018309869 -0.159973457
1756585823062716160.000000 -0.387178779 0.001520421 0.675945759 0.011015962 0.988501191 0.017184671 -0.149829522
1756585823096056320.000000 -0.385934114 0.001522907 0.676841915 0.011057271 0.989339828 0.015903767 -0.144331574
1756585823162736640.000000 -0.384020567 0.000582709 0.678864777 -0.011348971 -0.991031885 -0.014890661 0.132307857
1756585823196076800.000000 -0.382833660 0.000799844 0.679167986 -0.011313034 -0.991799653 -0.015096367 0.126402467
1756585823262757376.000000 -0.380821884 0.000967965 0.678931832 -0.011278972 -0.993154585 -0.016569590 0.115074582
1756585823329437696.000000 -0.378747404 0.001047160 0.678942859 -0.011379503 -0.994383693 -0.017015705 0.103837028
1756585823362777856.000000 -0.377435803 0.000977067 0.679308295 -0.011256975 -0.994934559 -0.017060051 0.098425530
1756585823429458176.000000 -0.374913037 0.001010968 0.679860115 0.010858941 0.995971739 0.016340801 -0.087495297
1756585823496138496.000000 -0.372872055 0.001344661 0.680679262 -0.010771390 -0.996839225 -0.016005682 0.077066995
1756585823529477888.000000 -0.371500432 0.001251305 0.680773258 -0.010639384 -0.997242153 -0.016165482 0.071649365
1756585823596157952.000000 -0.369441330 0.001241533 0.681321383 -0.010379124 -0.997971714 -0.016866319 0.060500782
1756585823662838528.000000 -0.367397964 0.001455294 0.681863010 -0.010215724 -0.998553276 -0.017339483 0.049863789
1756585823696178432.000000 -0.366114557 0.001678093 0.682262242 -0.009920738 -0.998813450 -0.017071588 0.044517495
1756585823762858752.000000 -0.364439666 0.001783189 0.682961524 0.010294035 0.999235392 0.016966032 -0.033687908
1756585823829538816.000000 -0.362202317 0.002190139 0.683440626 0.009873173 0.999529064 0.017670713 -0.023064623
1756585823862878720.000000 -0.361150920 0.002450364 0.683601320 0.009604392 0.999638557 0.018066084 -0.017441005
1756585823929559040.000000 -0.359203637 0.002467636 0.684515953 0.009604726 0.999772012 0.017935900 -0.006484614
1756585823996238336.000000 -0.356064051 0.002554433 0.685292006 -0.008762551 -0.999800324 -0.017349672 -0.004645637
1756585824029578496.000000 -0.355261922 0.002748629 0.685988784 -0.008636900 -0.999758422 -0.017249094 -0.010540025
1756585824062918400.000000 -0.354580283 0.002850862 0.686317503 -0.008647714 -0.999675572 -0.017337780 -0.016536457
1756585824129598208.000000 -0.352937818 0.003125936 0.687060952 -0.008099468 -0.999425888 -0.018146485 -0.027440710
1756585824196278016.000000 -0.350866199 0.003382716 0.688142598 -0.007848448 -0.999076903 -0.017734034 -0.038331948
1756585824229617920.000000 -0.348767489 0.002404027 0.689061582 0.007426796 0.998877525 0.017571798 0.043357398
1756585824296297728.000000 -0.346923739 0.002912415 0.690212965 0.007587294 0.998322070 0.016993953 0.054834742
1756585824362977536.000000 -0.345390797 0.003189227 0.690646768 0.007382177 0.997613788 0.018124048 0.066210553
1756585824396317440.000000 -0.344861656 0.003819605 0.690764546 0.007436615 0.997221172 0.018414289 0.071802862
1756585824462995712.000000 -0.343394816 0.003973361 0.691491365 0.007271297 0.996358871 0.018781554 0.082846560
1756585824496335872.000000 -0.342790395 0.002505323 0.694213986 -0.007543187 -0.995908201 -0.018753465 -0.088081025
1756585824529675520.000000 -0.341828585 0.002470419 0.694976330 -0.007444904 -0.995361924 -0.018623829 -0.094087251
1756585824596355072.000000 -0.339499652 0.004129652 0.694850385 0.007092908 0.994131386 0.017973132 0.106440574
1756585824629694976.000000 -0.338064075 0.004211990 0.695555985 0.007007173 0.993551195 0.018070877 0.111715905
1756585824663034624.000000 -0.337232590 0.004398391 0.695833206 0.006856798 0.992933631 0.018295838 0.117052183
1756585824729714176.000000 -0.335650116 0.005007369 0.696126938 0.006288467 0.991677463 0.018514752 0.127254069
1756585824763053824.000000 -0.333880603 0.004480498 0.697992146 0.006356518 0.991058886 0.017889781 0.132068217
1756585824796393728.000000 -0.336214781 0.003993675 0.699858606 -0.007071228 -0.990212798 -0.017791208 -0.138247043
1756585824829733376.000000 -0.335340977 0.004261533 0.700781941 -0.006755543 -0.989417970 -0.017778201 -0.143841684
1756585824896411904.000000 -0.330775559 0.004993794 0.701130092 0.005872480 0.987864017 0.018114138 0.154150024
1756585824929751296.000000 -0.329967618 0.005932551 0.701285243 0.005850496 0.987035275 0.017981173 0.159386113
1756585824963091200.000000 -0.329291046 0.006211251 0.701676190 0.005610666 0.986202180 0.018106127 0.164456487
1756585825029770496.000000 -0.328422368 0.006573522 0.702856541 0.005884550 0.984359443 0.017485160 0.175203308
1756585825063110144.000000 -0.327294379 0.003488807 0.706618786 0.005839040 0.983406782 0.018347075 0.180390000
1756585825096451072.000000 -0.331193268 0.004684653 0.705948293 -0.006285654 -0.982294261 -0.017429044 -0.186426401
1756585825129792256.000000 -0.330589622 0.004882436 0.706913233 -0.006203691 -0.981261849 -0.017247727 -0.191805094
1756585825163133952.000000 -0.325776190 0.004549278 0.708378911 0.005905822 0.980281293 0.017669499 0.196727291
1756585825229816832.000000 -0.324736059 0.005090797 0.709443569 0.005744296 0.978057742 0.017238921 0.207540005
1756585825263158528.000000 -0.323769182 0.005011069 0.710323572 0.005910511 0.976978898 0.017104689 0.212567165
1756585825296499712.000000 -0.321684867 0.003342003 0.714271545 0.005205330 0.975900769 0.017533496 0.217447147
1756585825363181824.000000 -0.331746519 0.004126949 0.712484360 -0.006102485 -0.973103285 -0.017552167 -0.229618877
1756585825396523520.000000 -0.330540478 0.004966119 0.712790549 -0.006007882 -0.971776783 -0.017146941 -0.235201567
1756585825429864960.000000 -0.318451196 0.005158853 0.716405392 0.004574075 0.970897853 0.017558819 0.238805875
1756585825463206656.000000 -0.334419966 0.003494330 0.714368343 -0.005488133 -0.969072521 -0.018015422 -0.246056423
1756585825496548096.000000 -0.333550215 0.003543481 0.715258300 -0.005504428 -0.967755675 -0.017945752 -0.251190543
1756585825563231232.000000 -0.316372305 0.004710689 0.720144629 0.004621578 0.965297341 0.018016426 0.260490268
1756585825596572672.000000 -0.316323221 0.004915295 0.720572948 0.004683060 0.963597894 0.018219247 0.266693264
1756585825629914368.000000 -0.336834550 0.002945954 0.719628096 -0.005049318 -0.961625755 -0.017935278 -0.273731381
1756585825663255808.000000 -0.336162269 0.003106099 0.720864415 -0.005147869 -0.959980249 -0.017825589 -0.279452533
1756585825696597248.000000 -0.314680129 0.005021751 0.723988593 0.004362960 0.958748162 0.017773643 0.283667356
1756585825729938944.000000 -0.340118706 0.002107648 0.721828938 -0.005491747 -0.956538141 -0.017398952 -0.291036040
1756585825763279360.000000 -0.339697659 0.001755595 0.722960949 -0.005410455 -0.954948604 -0.017364005 -0.296213508
1756585825796621056.000000 -0.313073605 0.005721034 0.727613151 0.004234984 0.953887045 0.016822577 0.299664259
1756585825863304192.000000 -0.343228817 0.001125369 0.726599693 -0.004707798 -0.949903727 -0.017204104 -0.312033236
1756585825896646144.000000 -0.342875838 0.000968799 0.727625251 -0.004369950 -0.948142648 -0.017195560 -0.317349613
1756585825929987328.000000 -0.342117935 0.000790441 0.728251517 -0.004165459 -0.946298599 -0.017332051 -0.322802067
1756585825963329024.000000 -0.347132742 0.001006652 0.728741050 -0.004677361 -0.944417417 -0.016830433 -0.328284353
1756585825996670720.000000 -0.346898019 0.001014147 0.730230153 -0.004751636 -0.942550242 -0.016581567 -0.333618850
1756585826030012160.000000 -0.352298409 0.000562154 0.729932368 -0.004911562 -0.940568686 -0.016367378 -0.339173406
1756585826063354112.000000 -0.352038532 0.000319494 0.731462419 -0.004822778 -0.938719332 -0.016347127 -0.344260991
1756585826096694528.000000 -0.351622671 0.000374747 0.732692301 0.004830989 0.936865687 0.016305109 0.349275768
1756585826130034432.000000 -0.345595866 0.000511741 0.735421896 0.004317310 0.935161352 0.016500656 0.353811294
1756585826163374080.000000 -0.345647544 0.000579579 0.736386955 0.004432726 0.933233798 0.016430303 0.358866513
1756585826230052608.000000 -0.354715139 -0.001091134 0.736780047 -0.004746709 -0.929227889 -0.016678827 -0.369100064
1756585826263392768.000000 -0.354369521 -0.000968119 0.737774789 -0.004931848 -0.927179277 -0.016386192 -0.374227017
1756585826296732416.000000 -0.359537721 -0.001586195 0.738177657 -0.005093646 -0.924955308 -0.016756328 -0.379672438
1756585826330071808.000000 -0.359264791 -0.002025655 0.739337027 -0.005161700 -0.922885478 -0.016808171 -0.384672999
1756585826363411968.000000 -0.363879859 -0.002176551 0.739204168 -0.005564374 -0.920645356 -0.016668763 -0.390004337
1756585826396751616.000000 -0.363269150 -0.002556030 0.740461946 -0.005464430 -0.918464601 -0.016679453 -0.395113617
1756585826430091264.000000 -0.363344193 -0.002645103 0.741978586 0.006542528 0.915984154 0.014434461 0.400901407
1756585826496770816.000000 -0.366010189 -0.003952120 0.742665648 -0.009529310 -0.910388589 -0.006908716 -0.413586974
1756585826530110464.000000 -0.363337934 -0.004251308 0.742981076 -0.010684934 -0.908020258 -0.003917465 -0.418771654
1756585826563450112.000000 -0.366983593 -0.005969910 0.740956426 -0.010299660 -0.905200422 -0.004730580 -0.424833834
1756585826596789760.000000 -0.363435626 -0.005731795 0.739310026 -0.009642757 -0.902649999 -0.006724657 -0.430214971
1756585826630129408.000000 -0.363996625 -0.006073900 0.735754371 -0.007808304 -0.899900973 -0.010912120 -0.435887843
1756585826663468032.000000 -0.358681262 -0.005439298 0.732848287 -0.005117185 -0.897391260 -0.016290989 -0.440905124
1756585826696807680.000000 -0.358309746 -0.004482348 0.728986740 -0.001999035 -0.894795656 -0.020917969 -0.445981205
1756585826763486976.000000 -0.352432549 -0.004676685 0.727951884 -0.003273117 -0.889074206 -0.017823501 -0.457404345
1756585826796826368.000000 -0.355836689 -0.005451621 0.727246761 -0.004829697 -0.885842979 -0.015563902 -0.463698983
1756585826830166016.000000 -0.354364336 -0.005801408 0.726725101 -0.006149892 -0.883380949 -0.013614699 -0.468417645
1756585826863505664.000000 -0.358553588 -0.006736107 0.725535214 -0.007978681 -0.881226897 -0.012411212 -0.472463250
1756585826896845056.000000 -0.356354356 -0.006812552 0.724685252 -0.008249527 -0.879067898 -0.011469103 -0.476487219
1756585826930184704.000000 -0.358803213 -0.007870080 0.723054349 -0.008557366 -0.876429498 -0.011560037 -0.481315523
1756585826963524096.000000 -0.355507135 -0.007485493 0.722437143 -0.008242178 -0.873660862 -0.012133261 -0.486314327
1756585827030203136.000000 -0.342602432 -0.005456841 0.721126080 0.005427186 0.868365347 0.015837811 0.495642513
1756585827063542784.000000 -0.338754356 -0.005146170 0.719946027 0.004450649 0.865815639 0.016930798 0.500056803
1756585827096882432.000000 -0.342381120 -0.006837022 0.717640042 -0.005005253 -0.863278866 -0.016825614 -0.504422009
1756585827130223872.000000 -0.341042459 -0.007654013 0.716630518 -0.005481001 -0.860332608 -0.016142702 -0.509447932
1756585827163564800.000000 -0.337599516 -0.007070331 0.717623174 0.005742204 0.857757390 0.014984945 0.513804317
1756585827196906240.000000 -0.335748196 -0.007361268 0.717364669 0.006899067 0.854817092 0.014234324 0.518688381
1756585827230247168.000000 -0.333456814 -0.007484007 0.716823816 0.006869107 0.851770580 0.014015251 0.523682296
1756585827263588608.000000 -0.334570944 -0.008049898 0.714957118 -0.007662338 -0.848858595 -0.013493466 -0.528392315
1756585827330271232.000000 -0.327517390 -0.007477082 0.714137614 -0.006711296 -0.842862546 -0.014035118 -0.537904084
1756585827363612672.000000 -0.324037790 -0.006877070 0.712803602 -0.006458597 -0.839956105 -0.014584827 -0.542419910
1756585827396953856.000000 -0.321667731 -0.007777812 0.714068949 0.005952391 0.837185204 0.014655197 0.546690702
1756585827430295296.000000 -0.318733156 -0.007913978 0.713073671 0.005963431 0.833882511 0.014752892 0.551712513
1756585827463636480.000000 -0.319020092 -0.008301382 0.711412072 -0.006249818 -0.830373704 -0.014942324 -0.556971550
1756585827496977920.000000 -0.315250337 -0.008077474 0.710852087 -0.006354713 -0.826914072 -0.014832138 -0.562096834
1756585827530318848.000000 -0.313150227 -0.008391246 0.710391164 -0.006510531 -0.823662043 -0.014794060 -0.566850603
1756585827597000960.000000 -0.308436632 -0.008643431 0.710834980 -0.006600879 -0.817151189 -0.014340585 -0.576207221
1756585827630341888.000000 -0.305502832 -0.008450191 0.710580528 -0.006065651 -0.813664079 -0.014589556 -0.581120729
1756585827663683072.000000 -0.302372098 -0.008396180 0.710060894 -0.006170763 -0.810319841 -0.015061370 -0.585761905
1756585827697024256.000000 -0.298813403 -0.008992938 0.711001456 0.005762346 0.807209373 0.015065961 0.590044856
1756585827730365696.000000 -0.295579076 -0.009144233 0.710497439 0.005520860 0.803695381 0.015122992 0.594823182
1756585827763706880.000000 -0.291749656 -0.008623501 0.709502935 -0.006595187 -0.800406992 -0.014975034 -0.599233568
1756585827797048320.000000 -0.289272904 -0.008437184 0.709224641 -0.006569532 -0.797178864 -0.014670246 -0.603529274
1756585827863730944.000000 -0.283898711 -0.008046040 0.710839987 -0.006791247 -0.790333271 -0.013902330 -0.612481773
1756585827897072384.000000 -0.279766321 -0.009005955 0.710552335 -0.006294160 -0.786995649 -0.014662839 -0.616752267
1756585827930413568.000000 -0.276182055 -0.008145085 0.710447788 -0.006506804 -0.783587754 -0.014843632 -0.621069670
1756585827963755008.000000 -0.272213638 -0.008164136 0.710429370 -0.006203080 -0.780260682 -0.014886227 -0.625246644
1756585827997095168.000000 -0.269329607 -0.008326571 0.711413860 -0.006414622 -0.777056396 -0.014775920 -0.629224896
1756585828030436352.000000 -0.266933560 -0.008523250 0.711845756 -0.006316971 -0.773476779 -0.014600953 -0.633625031
1756585828063777792.000000 -0.263915062 -0.008723509 0.712578654 -0.006430615 -0.769900918 -0.014478595 -0.637966871
1756585828097118976.000000 -0.256542802 -0.007385931 0.715633631 -0.006546519 -0.767487109 -0.014661188 -0.640863419
1756585828163801344.000000 -0.250791609 -0.006872793 0.716119766 -0.007281976 -0.760301709 -0.013708128 -0.649384618
1756585828197142784.000000 -0.251007438 -0.008088282 0.714759588 0.005480696 0.755924761 0.013307548 0.654500365
1756585828230484224.000000 -0.242646396 -0.007093412 0.718881965 -0.006391072 -0.753544867 -0.013708967 -0.657222450
1756585828263825408.000000 -0.239059150 -0.007199598 0.719981790 -0.005840069 -0.749602735 -0.013902771 -0.661716282
1756585828297166848.000000 -0.235011816 -0.007023622 0.720623493 -0.005393370 -0.745797336 -0.014080038 -0.666002274
1756585828330508032.000000 -0.232071221 -0.006969407 0.721445799 -0.005002834 -0.742210150 -0.014092879 -0.670000434
1756585828363849472.000000 -0.228146851 -0.006847882 0.722016573 -0.005274683 -0.738187253 -0.013607703 -0.674438000
1756585828397190656.000000 -0.225268722 -0.007119806 0.722790539 -0.006367522 -0.734487474 -0.013006056 -0.678467751
1756585828430531072.000000 -0.222361445 -0.007219314 0.723393440 -0.006944964 -0.732887566 -0.012146289 -0.680206001
1756585828497213696.000000 -0.214466214 -0.007148189 0.722939253 -0.006744509 -0.734435022 -0.013065984 -0.678519785
1756585828530555136.000000 -0.209450006 -0.007190234 0.721449316 -0.005467682 -0.736050963 -0.014446534 -0.676749885
1756585828563896064.000000 -0.205873966 -0.007431278 0.721155703 -0.004993880 -0.736680925 -0.014025022 -0.676076710
1756585828597237504.000000 -0.202737391 -0.007451036 0.720742345 -0.005716703 -0.736447811 -0.013762523 -0.676330268
1756585828630578944.000000 -0.199148893 -0.007367694 0.720948815 0.006046582 0.736216128 0.013482353 0.676585197
1756585828663920384.000000 -0.194928288 -0.007499848 0.719839752 -0.006089741 -0.735958934 -0.014021561 -0.676853657
1756585828730603008.000000 -0.187659383 -0.007340089 0.718948483 -0.006643055 -0.736245573 -0.013733116 -0.676542521
1756585828763944448.000000 -0.186164320 -0.008922189 0.717986822 0.005997447 0.736136615 0.013721948 0.676667392
1756585828797285888.000000 -0.182176888 -0.008020910 0.718547106 0.006487697 0.736645341 0.012981230 0.676123559
1756585828830627328.000000 -0.177025318 -0.008049654 0.718402505 -0.006450445 -0.736755908 -0.013414086 -0.675995052
1756585828863967488.000000 -0.173883736 -0.008198973 0.719004333 -0.006147617 -0.736946225 -0.013897844 -0.675780535
1756585828897308928.000000 -0.171125948 -0.008487228 0.719953597 -0.005416813 -0.737055540 -0.013785267 -0.675669968
1756585828930650368.000000 -0.166203737 -0.008121534 0.717170477 0.005986489 0.736829519 0.014197169 0.675903082
1756585828997332992.000000 -0.160254598 -0.008621612 0.717156410 0.007208480 0.737234414 0.013044432 0.675472736
1756585829030674432.000000 -0.155316055 -0.008327438 0.716351986 -0.007353510 -0.737316191 -0.012612053 -0.675390065
1756585829064015872.000000 -0.152055860 -0.008016172 0.716407418 -0.007233998 -0.737493515 -0.012585180 -0.675198257
1756585829097356800.000000 -0.149013460 -0.007919842 0.715376854 -0.007191908 -0.736875415 -0.012313107 -0.675878286
1756585829130696960.000000 -0.145636737 -0.007289236 0.715061188 -0.007354097 -0.734511375 -0.011616678 -0.678457201
1756585829197377536.000000 -0.136345923 -0.008194426 0.717612922 -0.005777532 -0.725879669 -0.014061591 -0.687653720
1756585829230717696.000000 -0.133447945 -0.007772679 0.719187498 -0.005809232 -0.723350227 -0.013158998 -0.690331519
1756585829264058112.000000 -0.130821347 -0.007819601 0.720180213 -0.008912250 -0.722845137 -0.010915985 -0.690866411
1756585829297398272.000000 -0.127163708 -0.008487261 0.719202995 0.007138934 0.723326027 0.011466188 0.690374672
1756585829364077824.000000 -0.119574726 -0.008087615 0.717387080 -0.008294568 -0.724864364 -0.012373262 -0.688730657
1756585829397417984.000000 -0.116246164 -0.008005195 0.717151225 -0.007999000 -0.724694908 -0.012115016 -0.688916922
1756585829430758144.000000 -0.112442553 -0.007910174 0.717480004 -0.007600484 -0.724809289 -0.011888879 -0.688805103
1756585829464098816.000000 -0.108044744 -0.007621812 0.718476534 0.007279217 0.725175500 0.011812794 0.688424349
1756585829530779136.000000 -0.101026893 -0.007891146 0.717716098 -0.007292229 -0.722612083 -0.011401842 -0.691121340
1756585829564119040.000000 -0.097698390 -0.007871998 0.717361093 -0.007773614 -0.718194067 -0.012215486 -0.695692241
1756585829597459456.000000 -0.094693720 -0.008101632 0.718723238 -0.005839852 -0.712928891 -0.012744977 -0.701096237
1756585829664139776.000000 -0.088646829 -0.008228781 0.720932961 -0.007855128 -0.710258305 -0.010992498 -0.703811526
1756585829697479936.000000 -0.083479941 -0.008323664 0.720614195 -0.006160809 -0.711390436 -0.011484256 -0.702676237
1756585829730820096.000000 -0.079578817 -0.008444831 0.719615698 -0.006965535 -0.712758482 -0.011958382 -0.701273024
1756585829764159232.000000 -0.075809658 -0.008659558 0.719192266 -0.006534434 -0.712923884 -0.011987393 -0.701108575
1756585829830839552.000000 -0.067866921 -0.008581581 0.718940914 -0.006336452 -0.712767363 -0.012093403 -0.701267719
1756585829864179712.000000 -0.064654648 -0.008561938 0.720416784 0.005572319 0.712739468 0.012396044 0.701297283
1756585829897519872.000000 -0.061409891 -0.009061435 0.719128191 0.006595175 0.711926758 0.012838671 0.702105463
1756585829930859776.000000 -0.058037102 -0.009486114 0.718538582 0.007343228 0.711859643 0.013082849 0.702161551
1756585829964199936.000000 -0.053574085 -0.008334467 0.719191849 -0.007674926 -0.712518871 -0.012853000 -0.701493263
1756585830030880256.000000 -0.046382666 -0.007995503 0.718814433 -0.007130972 -0.713995993 -0.012020013 -0.700010359
1756585830064220160.000000 -0.042741597 -0.008096442 0.718823135 -0.007135361 -0.713959634 -0.012107939 -0.700045824
1756585830130908928.000000 -0.036034405 -0.009325909 0.718099236 -0.007939731 -0.713332415 -0.011735522 -0.700682640
1756585830164254720.000000 -0.033176303 -0.010075289 0.718957245 0.007340208 0.713626087 0.011501662 0.700393975
1756585830197599488.000000 -0.029157639 -0.010080962 0.718999743 0.007019519 0.713720322 0.011702174 0.700297892
1756585830264290816.000000 -0.020929813 -0.009504892 0.718927205 0.006041984 0.714581013 0.012383173 0.699417055
1756585830297636864.000000 -0.016575098 -0.007985595 0.719321072 -0.005775997 -0.715188384 -0.012084453 -0.698803425
1756585830330982400.000000 -0.013203621 -0.008140092 0.719648778 -0.005595599 -0.715419173 -0.011465477 -0.698579133
1756585830364328448.000000 -0.009741008 -0.008293754 0.719758749 -0.006050189 -0.715150177 -0.010935458 -0.698859155
1756585830431020544.000000 -0.003502548 -0.008551951 0.719988465 -0.007161933 -0.714035571 -0.010293544 -0.699997127
1756585830464366592.000000 -0.000380337 -0.008672883 0.719841182 0.008020367 0.713705659 0.009774406 0.700331628
1756585830497712896.000000 0.003412008 -0.008761660 0.719914377 0.007969229 0.713887572 0.009280197 0.700153530
1756585830564405248.000000 0.010779083 -0.009349396 0.719617307 0.007668786 0.713652372 0.009679036 0.700391293
1756585830597751552.000000 0.013911903 -0.009525395 0.719152391 0.008117890 0.713363945 0.009616517 0.700680852
1756585830631097856.000000 0.016932845 -0.010197610 0.719180644 0.008108783 0.713405609 0.009730672 0.700636923
1756585830664443136.000000 0.020550370 -0.009301614 0.718447089 -0.007870237 -0.713357687 -0.009641837 -0.700689673
1756585830731136512.000000 0.027201235 -0.008768282 0.720166981 -0.006779632 -0.713492632 -0.010228705 -0.700555384
1756585830764483328.000000 0.030978441 -0.008704039 0.720231175 -0.006874341 -0.713420033 -0.010315061 -0.700627089
1756585830797829632.000000 0.035100996 -0.008602077 0.719737053 -0.007164497 -0.713400960 -0.010177117 -0.700645626
1756585830864523264.000000 0.042332292 -0.009809118 0.718233407 0.006975240 0.713023067 0.010048158 0.701033890
1756585830897869824.000000 0.046310306 -0.009285144 0.718178689 0.007633195 0.712795377 0.009761038 0.701262593
1756585830964563712.000000 0.053223014 -0.009401900 0.718292236 -0.007191735 -0.712144792 -0.010180299 -0.701921999
1756585830997910784.000000 0.057009041 -0.008992188 0.719055831 -0.006830862 -0.712109804 -0.010297117 -0.701959431
1756585831031257856.000000 0.060882092 -0.009056730 0.718877435 -0.007131450 -0.712136745 -0.010398379 -0.701927543
1756585831064604928.000000 0.064508557 -0.009297590 0.718622923 -0.007186920 -0.712367296 -0.010128286 -0.701696992
1756585831131288320.000000 0.071146846 -0.009700458 0.718032777 -0.007442634 -0.712636173 -0.010053202 -0.701422393
1756585831164629248.000000 0.075796008 -0.009257504 0.717556834 0.007362360 0.712576330 0.010166127 0.701482296
1756585831197969920.000000 0.079369068 -0.009132504 0.717683613 0.006745119 0.712727904 0.010721385 0.701326311
1756585831264651776.000000 0.087438703 -0.008895891 0.718246222 0.005979331 0.713117540 0.010835277 0.700935304
1756585831297992704.000000 0.089497447 -0.010028593 0.718226254 -0.005481715 -0.713172793 -0.010931339 -0.700881660
1756585831331333376.000000 0.092589676 -0.010028549 0.718838334 -0.005473034 -0.713129759 -0.010706619 -0.700928986
1756585831398014976.000000 0.099172413 -0.010094327 0.718173862 -0.006692655 -0.712871194 -0.010433247 -0.701185465
1756585831431355904.000000 0.102836430 -0.010171250 0.717899621 -0.007101466 -0.712984383 -0.009955005 -0.701073349
1756585831464696832.000000 0.106557190 -0.010821553 0.718140602 0.007298086 0.712966442 0.010011082 0.701088786
1756585831531378688.000000 0.114474714 -0.010041933 0.717634022 0.006621609 0.713198602 0.010469704 0.700852573
1756585831564718592.000000 0.118317604 -0.009734421 0.717504740 -0.006152871 -0.713136673 -0.010485671 -0.700919628
1756585831598059520.000000 0.122252464 -0.009348754 0.717837036 -0.005751176 -0.713302612 -0.010751304 -0.700750113
1756585831664740864.000000 0.129373372 -0.009240262 0.717601657 -0.005626420 -0.713249981 -0.010297242 -0.700811565
1756585831698081536.000000 0.132143974 -0.009560037 0.717668235 -0.006228235 -0.712902665 -0.009727607 -0.701167881
1756585831731422464.000000 0.135576248 -0.010046901 0.717848301 -0.006239124 -0.712502897 -0.009786699 -0.701573133
1756585831798104064.000000 0.143981576 -0.010235539 0.717657506 0.005934230 0.711976469 0.010379253 0.702101529
1756585831831444736.000000 0.147086024 -0.010451695 0.717428982 0.006302177 0.712134361 0.010115460 0.701942086
1756585831864785664.000000 0.150873125 -0.010637252 0.717480719 0.006280508 0.712387145 0.009917903 0.701688468
1756585831931467264.000000 0.157041788 -0.009884474 0.717914343 -0.005963218 -0.711986244 -0.009740476 -0.702100635
1756585831964807680.000000 0.160991788 -0.009971227 0.718143523 -0.005508109 -0.712024629 -0.010115719 -0.702060103
1756585831998147840.000000 0.164955556 -0.009758113 0.718068480 -0.005477320 -0.711762607 -0.010359543 -0.702322423
1756585832031488512.000000 0.168244660 -0.009652283 0.717979074 -0.005700796 -0.711453021 -0.010420810 -0.702633321
1756585832098170368.000000 0.175837636 -0.009393086 0.717822671 -0.005977678 -0.711672544 -0.010058735 -0.702413976
1756585832131511296.000000 0.179512203 -0.010051138 0.717629850 0.006264457 0.711843610 0.009457467 0.702246428
1756585832164852480.000000 0.182672143 -0.009875022 0.717628777 0.006376838 0.712048650 0.009424894 0.702037990
1756585832198193664.000000 0.187158048 -0.009852512 0.717315197 0.006238420 0.712229967 0.009751135 0.701850772
1756585832264875776.000000 0.194341302 -0.009811767 0.717293978 0.006053123 0.712075412 0.009876356 0.702007532
1756585832298216704.000000 0.198209345 -0.010026338 0.717150986 0.006348894 0.711990237 0.010033725 0.702089071
1756585832331557632.000000 0.199121475 -0.011345990 0.718065739 -0.005795178 -0.712104082 -0.009835234 -0.701981187
1756585832364898816.000000 0.202465653 -0.011007913 0.718248188 -0.006145223 -0.712279975 -0.009225753 -0.701807976
1756585832431580160.000000 0.209631264 -0.010614442 0.718304157 -0.006451750 -0.712177813 -0.008642830 -0.701916337
1756585832464921344.000000 0.213113904 -0.010462841 0.717971802 -0.006735026 -0.711852074 -0.008486697 -0.702245951
1756585832498262272.000000 0.216680229 -0.010313091 0.717933416 -0.006568732 -0.711675584 -0.009195408 -0.702417433
1756585832531603456.000000 0.219899416 -0.010573147 0.717810810 -0.006350744 -0.711744189 -0.009568174 -0.702344954
1756585832598285568.000000 0.228381455 -0.011698958 0.716853321 0.006286012 0.712257981 0.010000654 0.701818407
1756585832631626496.000000 0.232682526 -0.010973668 0.716659904 0.006333704 0.712267518 0.009707743 0.701812387
1756585832664967680.000000 0.235708892 -0.010887804 0.716832638 0.006823768 0.712411642 0.009137686 0.701669276
1756585832698308864.000000 0.236909300 -0.011785492 0.717264056 -0.007185902 -0.712544143 -0.008544959 -0.701538503
1756585832764990976.000000 0.244133055 -0.011836635 0.716690719 -0.007445559 -0.712808907 -0.008140343 -0.701271534
1756585832798331904.000000 0.247612476 -0.011519190 0.717177272 -0.007378491 -0.712670147 -0.008055635 -0.701414347
1756585832831673088.000000 0.251284808 -0.011540141 0.717289209 -0.007744044 -0.712286234 -0.007949433 -0.701801419
1756585832898354176.000000 0.258539170 -0.011622826 0.717688799 -0.007286978 -0.712428272 -0.007934426 -0.701662242
1756585832931695104.000000 0.262268335 -0.012106963 0.717967391 0.006951325 0.712490797 0.008172791 0.701599538
1756585832998377216.000000 0.268990695 -0.012444587 0.718179584 0.007086624 0.711701095 0.008057080 0.702400565
1756585833031718400.000000 0.272010803 -0.012713403 0.718113184 0.007596371 0.711708069 0.007906760 0.702389836
1756585833065059584.000000 0.275724620 -0.013006903 0.717882931 0.007816832 0.711853623 0.007609581 0.702243209
1756585833098400768.000000 0.278014302 -0.013071136 0.716945648 -0.007831535 -0.711795509 -0.007674868 -0.702301204
1756585833165083904.000000 0.285762131 -0.013125290 0.717096448 -0.007067190 -0.711482346 -0.008370680 -0.702618659
1756585833198425600.000000 0.289393187 -0.013153362 0.717236042 -0.006939934 -0.711267889 -0.008612517 -0.702834070
1756585833231767296.000000 0.293187827 -0.013047843 0.717482746 -0.006770633 -0.711468518 -0.008399333 -0.702635288
1756585833298450176.000000 0.300249875 -0.013373204 0.717665672 -0.006986390 -0.711748302 -0.007758878 -0.702357113
1756585833331790592.000000 0.304074556 -0.013309484 0.717325032 0.007317495 0.711674511 0.007619965 0.702430010
1756585833365132288.000000 0.307603180 -0.013030232 0.717649758 0.007831901 0.711562216 0.007086033 0.702543736
1756585833431815424.000000 0.314729214 -0.013262663 0.717773139 0.007414685 0.711342931 0.007365105 0.702767491
1756585833465157120.000000 0.319136947 -0.012962196 0.717597783 0.006682331 0.711381197 0.007701919 0.702732503
1756585833498498560.000000 0.321846783 -0.013194093 0.718754530 -0.006650220 -0.711806715 -0.008289476 -0.702295005
1756585833565181696.000000 0.328900427 -0.013160665 0.718831122 -0.005804538 -0.712160528 -0.008746601 -0.701938272
1756585833598523136.000000 0.332776994 -0.013003692 0.719083428 -0.006164037 -0.712142289 -0.008569609 -0.701955855
1756585833631864832.000000 0.336176664 -0.013050171 0.719290018 -0.006214065 -0.712128758 -0.008538433 -0.701969504
1756585833698547968.000000 0.343323708 -0.013206903 0.719060063 -0.006381873 -0.711895525 -0.008608320 -0.702203631
1756585833731889408.000000 0.346911758 -0.013372336 0.718803048 -0.007124156 -0.711640418 -0.008467834 -0.702456772
1756585833765229824.000000 0.351438463 -0.013084734 0.718397915 0.007124010 0.711528361 0.008439623 0.702570617
1756585833831912704.000000 0.479397327 0.000120836 0.724213302 0.007248528 0.715327919 0.009090590 0.698692203
1756585833865254400.000000 0.363135904 -0.013569623 0.720517397 0.007137322 0.711368024 0.009729295 0.702716231
1756585833931937536.000000 0.370622009 -0.012937286 0.719781280 0.007233113 0.711974919 0.009343218 0.702105582
1756585833965278976.000000 0.374173969 -0.013392589 0.720004559 0.007185065 0.712243795 0.008969426 0.701838195
1756585834031962112.000000 0.381107122 -0.013902310 0.720512390 0.007078735 0.712266147 0.008819719 0.701818407
1756585834098645760.000000 0.387859911 -0.015749134 0.721439838 0.007755068 0.711882591 0.008970727 0.702198446
1756585834165330432.000000 0.395605266 -0.016210103 0.721895814 0.006896189 0.711721897 0.009514468 0.702363133
1756585834198671616.000000 0.399939358 -0.016515857 0.722409129 0.006046541 0.711569846 0.010158026 0.702515960
1756585834265356288.000000 0.407178730 -0.016338438 0.723699450 0.006657292 0.711468458 0.009207443 0.702626169
1756585834332040960.000000 0.413761348 -0.017251950 0.725517631 0.007029941 0.710736215 0.009954087 0.703353107
1756585834398725632.000000 0.421305686 -0.017636172 0.727497220 0.006355213 0.711002409 0.011547657 0.703066111
1756585834432068096.000000 0.414817244 -0.020602727 0.724062562 0.004886532 0.710381210 0.012535315 0.703688562
1756585834498752768.000000 0.432649076 -0.018076649 0.728341699 0.006217632 0.711833894 0.011532504 0.702225626
1756585834565437696.000000 0.428123504 -0.020718040 0.725715816 0.006049886 0.711137533 0.010968247 0.702941418
1756585834598780160.000000 0.441932321 -0.018107826 0.729977012 0.007309942 0.711919963 0.009886723 0.702153087
1756585834665464064.000000 0.439394087 -0.019816689 0.726510167 0.005697526 0.710244060 0.011085630 0.703845203
1756585834732148992.000000 0.447740972 -0.019046737 0.726218700 0.005309314 0.710505426 0.012265211 0.703564882
1756585834765491456.000000 0.451155007 -0.019075049 0.725859046 0.005226928 0.710557044 0.012720061 0.703505218
1756585834832176128.000000 0.458844483 -0.018264666 0.725745797 0.005898952 0.710960865 0.012387689 0.703097820
1756585834898861312.000000 0.466237277 -0.018609688 0.725282907 0.006710347 0.711135864 0.012439824 0.702912569
1756585834965546496.000000 0.472781688 -0.018773010 0.725629568 0.006002479 0.711376250 0.012780722 0.702669621
1756585834998888960.000000 0.476262629 -0.018966841 0.726597011 0.005492476 0.711595535 0.013005021 0.702447534
1756585835065573888.000000 0.483774662 -0.017127858 0.727069139 -0.006081417 -0.711655378 -0.012267224 -0.702395380
1756585835132257536.000000 0.492265671 -0.017223185 0.727082014 -0.005635613 -0.711884439 -0.011743294 -0.702175856
1756585835198941952.000000 0.500087500 -0.016670834 0.727348924 -0.006181553 -0.711454988 -0.011515543 -0.702610195
1756585835265626368.000000 0.507075369 -0.016659671 0.727180779 -0.006597729 -0.711252213 -0.011185256 -0.702817023
1756585835298968832.000000 0.511253417 -0.016330848 0.726692438 -0.006597208 -0.711508751 -0.011015522 -0.702560008
1756585835365653248.000000 0.517538249 -0.016603511 0.726826847 -0.006883475 -0.711076319 -0.010505547 -0.703002691
1756585835432337920.000000 0.524294853 -0.016858183 0.726404965 -0.006397921 -0.710874498 -0.011309817 -0.703198850
1756585835465680128.000000 0.527921379 -0.016277971 0.726443708 -0.005708066 -0.710895658 -0.011690582 -0.703177154
1756585835532364800.000000 0.534677625 -0.016053285 0.726757884 -0.006351066 -0.710863590 -0.011043114 -0.703214526
1756585835599048704.000000 0.535521030 -0.018281020 0.728132129 -0.006588059 -0.710709155 -0.010632408 -0.703374803
1756585835632390912.000000 0.543430269 -0.017848747 0.725406885 0.006967142 0.710450649 0.010001953 0.703641534
1756585835699075584.000000 0.547394276 -0.018123901 0.727328241 -0.006970481 -0.710178316 -0.010396583 -0.703910649
1756585835765760256.000000 0.553775907 -0.017283369 0.727335453 -0.007048427 -0.710620344 -0.009939280 -0.703470230
1756585835799102720.000000 0.557351291 -0.017170863 0.727672398 -0.006734620 -0.710717022 -0.009989784 -0.703374863
1756585835865787392.000000 0.564866900 -0.017399993 0.728208363 -0.005879765 -0.710352898 -0.010838862 -0.703737676
1756585835932472576.000000 0.572533488 -0.016765442 0.728370130 -0.005775636 -0.707458019 -0.010528685 -0.706653357
1756585835965814528.000000 0.575954020 -0.016588535 0.729765356 -0.005981343 -0.703048587 -0.010780274 -0.711035013
1756585836032498688.000000 0.580345869 -0.016906910 0.733011365 -0.005810120 -0.692081988 -0.010809214 -0.721714616
1756585836099183104.000000 0.582737684 -0.017398348 0.735389948 0.007771519 0.683234751 0.008764747 0.730104923
1756585836132524800.000000 0.590702057 -0.015284671 0.735001802 0.008574898 0.682127655 0.007898636 0.731140196
1756585836199207424.000000 0.594335377 -0.017062720 0.735685289 0.006710323 0.685768545 0.010040049 0.727719605
1756585836265890560.000000 0.601720929 -0.016874932 0.736582816 0.006178779 0.686755598 0.009899063 0.726794779
1756585836332573696.000000 0.607395232 -0.017140459 0.736889660 0.006796033 0.686736643 0.009225874 0.726816058
1756585836365915392.000000 0.610206366 -0.017275773 0.737298667 0.007126139 0.686386526 0.008491776 0.727152467
1756585836432597504.000000 0.616358221 -0.017070396 0.737782955 0.007053570 0.685588479 0.009107605 0.727898240
1756585836499280384.000000 0.624317825 -0.016880911 0.738744080 0.006513630 0.685362756 0.009425915 0.728111804
1756585836532622080.000000 0.628195047 -0.016594121 0.738966525 0.006465671 0.685328603 0.009700355 0.728140712
1756585836599304960.000000 0.632993102 -0.017769026 0.738928735 0.006401693 0.685316026 0.009551270 0.728155136
1756585836665988096.000000 0.641485989 -0.016353369 0.739131272 0.006723584 0.686697006 0.008899838 0.726858199
1756585836732671232.000000 0.645427227 -0.016937563 0.740677476 0.006250115 0.686137676 0.008579728 0.727394342
1756585836799354368.000000 0.651784837 -0.017414138 0.741409659 0.006947333 0.684952796 0.008544340 0.728504241
1756585836832695808.000000 0.655215204 -0.017508952 0.741746426 0.007006113 0.684691072 0.008299881 0.728752553
1756585836899377664.000000 0.661856771 -0.017634790 0.742112696 0.006771644 0.684679389 0.009058955 0.728756666
1756585836966060800.000000 0.667967796 -0.017406411 0.742311716 0.007542101 0.684181750 0.008800941 0.729219556
1756585837032743936.000000 0.674762726 -0.017227374 0.743093371 0.007604864 0.684892476 0.008482943 0.728555202
1756585837099427072.000000 0.681476116 -0.016951682 0.743835509 0.006568369 0.685338199 0.008539451 0.728145301
1756585837132768512.000000 0.686067939 -0.017124899 0.744109511 0.006903129 0.684846163 0.008989952 0.728599608
1756585837199451904.000000 0.691813588 -0.017324833 0.744350016 0.007716929 0.684668899 0.009046866 0.728757262
1756585837266135552.000000 0.697059572 -0.017598035 0.744719267 0.007008079 0.685742915 0.008968969 0.727754891
1756585837299476992.000000 0.700615942 -0.018070642 0.744757533 0.006814883 0.686102509 0.009048701 0.727416813
1756585837366159360.000000 0.707105935 -0.018105643 0.744725168 0.006272069 0.685999572 0.009926265 0.727507234
1756585837432842752.000000 0.713728845 -0.018292632 0.745389700 0.006428935 0.685857117 0.009604640 0.727644444
1756585837466184704.000000 0.716893077 -0.018403172 0.745508909 0.007077426 0.685592830 0.009467538 0.727889299
1756585837532867840.000000 0.722516775 -0.018284420 0.745836496 0.008488960 0.684600413 0.008970113 0.728813946
1756585837599551488.000000 0.729013920 -0.018355340 0.746528447 0.009506806 0.684390903 0.008878278 0.728999257
1756585837632893184.000000 0.732311487 -0.018628269 0.746486127 0.008916778 0.684437037 0.009447135 0.728956282
1756585837699576320.000000 0.740910292 -0.018438462 0.747391582 0.007077827 0.685115099 0.010716418 0.728321612
1756585837766258944.000000 0.747881889 -0.018115472 0.748137712 0.006389384 0.685032904 0.011064641 0.728400111
1756585837832942592.000000 0.753087521 -0.017900856 0.748812139 0.007957097 0.684459507 0.009953190 0.728939593
1756585837866284032.000000 0.755792797 -0.017846327 0.748835385 0.008537983 0.684179008 0.009573398 0.729201436
1756585837932967424.000000 0.762112439 -0.017803812 0.749484301 0.009279166 0.683647096 0.008718728 0.729701698
1756585837999651072.000000 0.769130528 -0.017952967 0.750477374 0.008749084 0.683556676 0.009566596 0.729782343
1756585838066334208.000000 0.777067602 -0.017532801 0.751010895 0.006879200 0.683563471 0.010987811 0.729776025
1756585838099676416.000000 0.779082537 -0.018509202 0.751171827 0.007108515 0.683816612 0.010722217 0.729540586
1756585838166360320.000000 0.785711169 -0.017734896 0.751497030 0.008273788 0.683147788 0.010435377 0.730158806
1756585838233043456.000000 0.791644514 -0.018774156 0.751866162 0.008123776 0.683215797 0.010403377 0.730097294
1756585838299727616.000000 0.798430443 -0.019176168 0.752800524 0.008194933 0.683253944 0.010451029 0.730060101
1756585838333069824.000000 0.801273584 -0.018941741 0.753168106 0.007935716 0.683286905 0.011264956 0.730020046
1756585838399753984.000000 0.808209538 -0.019094169 0.753883243 0.007044427 0.683710873 0.011505228 0.729628325
1756585838466438656.000000 0.814532757 -0.019181494 0.754500449 0.007571917 0.683782101 0.011088117 0.729562759
1756585838533122560.000000 0.821402729 -0.018749433 0.754823267 0.007649509 0.683581769 0.011368971 0.729745388
1756585838599806720.000000 0.826898456 -0.018720914 0.754194140 0.008936130 0.683057129 0.010233557 0.730238676
1756585838666490368.000000 0.832598984 -0.019531216 0.755274653 0.009115913 0.683244944 0.010364316 0.730058849
1756585838733174528.000000 0.840090871 -0.019613843 0.756252825 0.007562489 0.683775485 0.011439669 0.729563594
1756585838799858688.000000 0.847337842 -0.019362798 0.755620778 0.007638781 0.683791101 0.011481200 0.729547560
1756585838833201152.000000 0.850848496 -0.019337727 0.755680263 0.007428648 0.684047163 0.011343353 0.729311883
1756585838899885312.000000 0.856374204 -0.018873680 0.756391227 0.007900639 0.683899760 0.010842777 0.729452670
1756585838966570240.000000 0.862437963 -0.019462544 0.757328987 0.008489544 0.683012128 0.010218140 0.730286300
1756585839033254400.000000 0.869191349 -0.019612249 0.758025944 0.008112293 0.682845235 0.010999939 0.730435312
1756585839099937536.000000 0.876535773 -0.019821234 0.759361207 0.006865763 0.683473229 0.011348434 0.729855061
1756585839166620416.000000 0.883580685 -0.019564439 0.759232700 0.006463912 0.683337271 0.011843197 0.729978204
1756585839199962112.000000 0.886789382 -0.019452941 0.759592056 0.006396075 0.683174968 0.011908446 0.730129719
1756585839266645248.000000 0.892554700 -0.019511960 0.760613620 0.007437307 0.681986928 0.011724448 0.731232584
1756585839333328640.000000 0.897971511 -0.020058196 0.760877728 0.008596741 0.681592286 0.010649146 0.731604278
1756585839400011776.000000 0.904083252 -0.020766815 0.761624932 0.008562827 0.682215571 0.010262641 0.731028914
1756585839433353216.000000 0.908050418 -0.020621246 0.761738002 0.008133949 0.682304442 0.010680638 0.730944932
1756585839500036352.000000 0.915918827 -0.019648517 0.762674987 0.006873142 0.682350755 0.011589350 0.730900764
1756585839566718464.000000 0.922908247 -0.019637935 0.763263583 0.006626598 0.683064759 0.011339426 0.730239749
1756585839600059904.000000 0.925875306 -0.020039998 0.764086962 0.006508838 0.683190048 0.011391941 0.730122745
1756585839666743296.000000 0.931358159 -0.020316044 0.764381826 0.006695315 0.682846725 0.011037546 0.730447590
1756585839733426432.000000 0.937849879 -0.020866161 0.765348017 0.006957892 0.683062911 0.010421717 0.730252147
1756585839800109312.000000 0.945058227 -0.020710075 0.766115963 0.006855888 0.682858050 0.010921003 0.730437338
1756585839833451008.000000 0.947995424 -0.020487338 0.766488492 0.006469169 0.682969451 0.010997634 0.730335534
1756585839900134144.000000 0.954403639 -0.020486379 0.767103195 0.006504644 0.683988690 0.010360495 0.729390144
1756585839966817024.000000 0.961354256 -0.020047517 0.768430173 0.006101905 0.683604956 0.010290257 0.729754150
1756585840033499136.000000 0.967638254 -0.019986490 0.768979490 0.007110768 0.683604121 0.009978824 0.729750216
1756585840066840832.000000 0.971005559 -0.019956160 0.768711448 0.007127375 0.683916032 0.009553612 0.729463398
1756585840133524736.000000 0.977203906 -0.020778140 0.769029379 0.006440687 0.683999896 0.010197284 0.729382455
1756585840200208640.000000 0.984526038 -0.021184176 0.768523335 0.006660078 0.682776511 0.010914115 0.730515540
1756585840266892544.000000 0.990139782 -0.021487482 0.769653201 0.006518910 0.683402598 0.010242434 0.729940712
1756585840300234496.000000 0.991634727 -0.021358235 0.771082699 0.005991485 0.683330476 0.009975352 0.730016530
1756585840366918912.000000 0.998600483 -0.021514002 0.772185326 0.006083190 0.682768226 0.010490592 0.730534375
1756585840400260608.000000 1.001807690 -0.021587336 0.772285759 0.005448344 0.682538331 0.010844730 0.730749071
1756585840500285952.000000 1.012169480 -0.021593176 0.773155808 0.005620055 0.682674944 0.010346736 0.730627418
1756585840533627904.000000 1.015747309 -0.021692466 0.773248553 0.004701490 0.682739675 0.010709252 0.730568171
1756585840600312064.000000 1.022233605 -0.021954305 0.773748875 0.004196652 0.682550251 0.011251033 0.730740011
1756585840666995968.000000 1.030252218 -0.020192312 0.774726748 0.005638164 0.681694329 0.010698273 0.731537223
1756585840733680128.000000 1.033946991 -0.022456083 0.775617361 0.005229125 0.681676269 0.010434609 0.731560886
1756585840767022080.000000 1.037904978 -0.021569006 0.775530338 0.005776511 0.681816161 0.009853506 0.731434464
1756585840833706496.000000 1.044738412 -0.021855105 0.775814891 0.005289278 0.681814015 0.010684605 0.731428504
1756585840900389376.000000 1.053344369 -0.020293184 0.777592063 0.004349035 0.682368577 0.011278667 0.730908334
1756585840933731584.000000 1.056734800 -0.020260569 0.777818680 0.004163879 0.682337165 0.011380591 0.730937243
1756585841000415488.000000 1.062739253 -0.020466376 0.778332233 0.004189201 0.682712615 0.011109727 0.730590522
1756585841067099648.000000 1.068674922 -0.020719502 0.778239012 0.005532907 0.682864547 0.010492125 0.730448782
1756585841133783040.000000 1.074230671 -0.021285208 0.778977036 0.005286179 0.682154119 0.010466146 0.731114447
1756585841167124992.000000 1.078101635 -0.021755757 0.778148651 0.005151655 0.681806624 0.010995647 0.731431723
1756585841233808640.000000 1.085114002 -0.021298051 0.779823422 0.004285703 0.682911813 0.011316592 0.730400681
1756585841300492544.000000 1.091761827 -0.021443116 0.780078292 0.004422521 0.682705224 0.011115264 0.730596006
1756585841367175168.000000 1.097729921 -0.021440612 0.780791521 0.005247941 0.682757974 0.010743801 0.730546832
1756585841400516864.000000 1.100308895 -0.022794621 0.780781150 0.004994882 0.682618201 0.011275283 0.730671167
1756585841467200768.000000 1.107297421 -0.023187011 0.781791806 0.004391280 0.682268023 0.011650250 0.730996132
1756585841533884160.000000 1.113952875 -0.021778204 0.781676412 0.005111982 0.681931376 0.011273077 0.731311440
1756585841600567808.000000 1.120688677 -0.022297468 0.781650901 0.004870568 0.682244718 0.011492162 0.731017470
1756585841633910016.000000 1.123668909 -0.022298202 0.781973243 0.005144784 0.682284832 0.010832016 0.730988204
1756585841700593408.000000 1.128886938 -0.023120064 0.782963276 0.005061925 0.682285786 0.010912003 0.730986655
1756585841767276288.000000 1.136896849 -0.022564569 0.783307791 0.004317652 0.681797862 0.011353279 0.731439888
1756585841833959936.000000 1.144319534 -0.022073053 0.783943057 0.003544988 0.682147503 0.011988685 0.731107831
1756585841867301888.000000 1.147606611 -0.021974359 0.784204006 0.003797524 0.682168186 0.011303263 0.731098175
1756585841933985792.000000 1.153048992 -0.022097968 0.784937024 0.005326981 0.681651294 0.010130380 0.731587708
1756585842000669440.000000 1.157467246 -0.023757728 0.786525369 0.005176846 0.681105077 0.010541569 0.732091486
1756585842067353344.000000 1.164501190 -0.023630429 0.787129045 0.005688124 0.681135535 0.010518457 0.732059717
1756585842100694784.000000 1.167709231 -0.023575529 0.787238359 0.005389700 0.681357920 0.011052625 0.731847107
1756585842167377664.000000 1.175467253 -0.022502653 0.787621498 0.004592785 0.682344317 0.011279299 0.730929554
1756585842234059520.000000 1.181709051 -0.022708301 0.788463593 0.004686549 0.682745218 0.010433500 0.730567098
1756585842300742400.000000 1.187383413 -0.022638682 0.789379120 0.005306325 0.682377934 0.009665796 0.730916500
1756585842334084096.000000 1.190243959 -0.022853170 0.789798498 0.005468025 0.682521880 0.009254000 0.730786204
1756585842400766976.000000 1.196965933 -0.023330385 0.790389061 0.004619596 0.682538748 0.009778955 0.730769455
1756585842467449344.000000 1.203617334 -0.024069630 0.791284919 0.003836405 0.682728529 0.010097443 0.730592370
1756585842500791040.000000 1.207000017 -0.024385806 0.792033792 0.003445651 0.682838559 0.009990727 0.730492890
1756585842567473920.000000 1.213429689 -0.024069916 0.792676330 0.003811693 0.682884753 0.009339232 0.730456531
1756585842634156800.000000 1.219469786 -0.024207793 0.792651892 0.005360442 0.682117283 0.008834729 0.731169820
1756585842700838400.000000 1.226151228 -0.024205526 0.793022037 0.005556376 0.681269944 0.009218961 0.731953144
1756585842734180096.000000 1.228840113 -0.023766421 0.793821335 0.005334334 0.681266487 0.008969730 0.731961131
1756585842800862464.000000 1.236321211 -0.024017867 0.794483662 0.004612780 0.681074977 0.009603949 0.732136190
1756585842867545344.000000 1.242820978 -0.023944564 0.794719219 0.004925506 0.680972338 0.009921974 0.732225478
1756585842900886784.000000 1.245593905 -0.024216734 0.794812322 0.004359802 0.681339741 0.009637694 0.731890976
1756585843000911104.000000 1.255566597 -0.024545886 0.797092319 0.004018109 0.681233823 0.009495504 0.731993377
1756585843034252288.000000 1.258650064 -0.024955045 0.797622204 0.004265576 0.680581272 0.009605017 0.732597291
1756585843100934144.000000 1.263888359 -0.024358599 0.798006892 0.005465765 0.679653525 0.008863555 0.733459413
1756585843167618560.000000 1.270374298 -0.024185441 0.798403263 0.005531161 0.679635584 0.008922964 0.733474851
1756585843234302464.000000 1.278460860 -0.024068449 0.798700571 0.004417199 0.679605067 0.010461887 0.733490348
1756585843267644672.000000 1.281949997 -0.024194954 0.798993826 0.003878023 0.679907382 0.011178825 0.733202636
1756585843334328576.000000 1.288183451 -0.024360243 0.799742818 0.004108485 0.680127501 0.010340875 0.733009398
1756585843401012736.000000 1.295600653 -0.023930322 0.799867034 0.004961870 0.679975033 0.010434315 0.733144224
1756585843467696640.000000 1.301488161 -0.024286427 0.800399661 0.005787002 0.679736733 0.009451383 0.733372509
1756585843534380032.000000 1.307925224 -0.024420653 0.800924778 0.005066175 0.679773808 0.010214204 0.733333349
1756585843567721728.000000 1.311413527 -0.024352625 0.801312923 0.004588781 0.679503679 0.010461853 0.733583152
1756585843634406144.000000 1.318541646 -0.024336601 0.802213550 0.003976869 0.679847836 0.010801158 0.733262956
1756585843701090048.000000 1.325128794 -0.023853112 0.803024173 0.004114826 0.680360258 0.010739307 0.732787669
1756585843767774464.000000 1.330512762 -0.023964133 0.803846478 0.005486022 0.679750919 0.010106082 0.733353019
1756585843801116416.000000 1.333541870 -0.024214108 0.803726673 0.006001806 0.679309785 0.010044209 0.733758450
1756585843867800832.000000 1.340441942 -0.024457004 0.804786086 0.005284846 0.679846942 0.010466842 0.733260334
1756585843934484992.000000 1.346693754 -0.024662832 0.805250406 0.003404800 0.680721641 0.011359298 0.732446253
1756585844001168128.000000 1.354109287 -0.024675595 0.806055903 0.002470817 0.680278540 0.011893450 0.732853055
1756585844067852288.000000 1.361083269 -0.025107518 0.806671619 0.003220316 0.680038929 0.011603738 0.733077168
1756585844134535680.000000 1.366529465 -0.025100643 0.807524800 0.004159432 0.679266751 0.010637411 0.733802617
1756585844167877632.000000 1.369212627 -0.025371844 0.807733655 0.004825943 0.678900599 0.010330128 0.734141648
1756585844234561024.000000 1.375275135 -0.025468048 0.808581233 0.004899110 0.679129839 0.009775103 0.733936787
1756585844301244416.000000 1.382607222 -0.024626067 0.809044123 0.004340961 0.678772449 0.010428688 0.734261811
1756585844334585856.000000 1.386374712 -0.024695868 0.809737802 0.003417334 0.678567886 0.011199235 0.734444439
1756585844401269248.000000 1.393580437 -0.024929238 0.810317397 0.003301914 0.678335607 0.011808679 0.734650016
1756585844467951872.000000 1.399280310 -0.024907883 0.811170578 0.003961173 0.678433001 0.010556406 0.734575808
1756585844534635008.000000 1.405167103 -0.025110632 0.812091470 0.004629736 0.678876281 0.009904207 0.734171391
1756585844567976448.000000 1.407848120 -0.025397470 0.812632442 0.004439735 0.678943276 0.009654836 0.734113812
1756585844634660096.000000 1.414868474 -0.024885790 0.813646555 0.003929075 0.679244280 0.010204984 0.733830869
1756585844701343232.000000 1.422357440 -0.024894446 0.813979149 0.003441951 0.679034650 0.010591754 0.734021783
1756585844734684672.000000 1.425585985 -0.024725180 0.813856602 0.003526150 0.678722441 0.010848412 0.734306276
1756585844801368320.000000 1.431884766 -0.024633938 0.814272285 0.003665541 0.678759277 0.010802990 0.734272242
1756585844868050688.000000 1.438637972 -0.024192175 0.814427018 0.003736830 0.678569555 0.011353175 0.734438956
1756585844901392128.000000 1.442226768 -0.023846082 0.815229297 0.003372982 0.678792953 0.011382842 0.734233797
1756585844968075520.000000 1.447758675 -0.024417207 0.816286802 0.003904612 0.679214656 0.010661338 0.733851969
1756585845034758912.000000 1.453216076 -0.025379878 0.816731811 0.005144138 0.678932965 0.009914422 0.734115303
1756585845068100608.000000 1.456485987 -0.025194678 0.816933274 0.004921013 0.678751886 0.009767545 0.734286308
1756585845134784000.000000 1.464232206 -0.025013143 0.818135500 0.002824596 0.678832650 0.011150682 0.734203041
1756585845201467392.000000 1.471882343 -0.024905518 0.818732858 0.001919225 0.678643107 0.012437456 0.734360397
1756585845234809344.000000 1.475434542 -0.024480231 0.818903208 0.002062140 0.678110778 0.012091429 0.734857440
1756585845301492736.000000 1.480728030 -0.024576703 0.819682479 0.003269710 0.678172708 0.011040471 0.734812438
1756585845368175360.000000 1.485993147 -0.024347696 0.820308685 0.004712724 0.678124309 0.009673000 0.734868467
1756585845401516800.000000 1.488859057 -0.025161348 0.820563436 0.004768055 0.677916944 0.009942717 0.735055864
1756585845468200448.000000 1.496529102 -0.025594508 0.821619868 0.002998902 0.678121388 0.011521806 0.734853566
1756585845501542400.000000 1.499779224 -0.024786301 0.821018219 0.002689667 0.677968204 0.012436179 0.734981120
1756585845568225536.000000 1.506410718 -0.024953471 0.821711898 0.002639265 0.677849531 0.013211467 0.735077202
1756585845634909184.000000 1.513136864 -0.025397751 0.822980642 0.002297236 0.678572774 0.012057452 0.734430611
1756585845701592320.000000 1.518981934 -0.025131559 0.823410153 0.003563948 0.678502023 0.011235214 0.734503984
1756585845768275200.000000 1.525386095 -0.025451861 0.823905230 0.003640506 0.678819597 0.011264493 0.734209657
1756585845801616640.000000 1.529406786 -0.023792513 0.824429274 0.003792963 0.678910613 0.011037934 0.734128177
1756585845868300288.000000 1.535809994 -0.025503540 0.824670792 0.003190687 0.679111540 0.012277474 0.733925462
1756585845934983680.000000 1.543548942 -0.024993237 0.825165510 0.002428676 0.679701746 0.012438692 0.733379185
1756585845968325376.000000 1.546330214 -0.025515933 0.825552464 0.002679625 0.679738820 0.012613893 0.733340979
1756585846035009024.000000 1.551968217 -0.025196867 0.825831532 0.003721874 0.679608643 0.012145339 0.733464897
1756585846101692160.000000 1.558024526 -0.025017967 0.826447368 0.003551754 0.680364728 0.012058364 0.732765973
1756585846135033344.000000 1.560620070 -0.026286021 0.827227831 0.003296811 0.680624902 0.012467190 0.732518554
1756585846201716480.000000 1.567632675 -0.026061686 0.827591777 0.003317230 0.680298865 0.012761482 0.732816339
1756585846268398336.000000 1.574846745 -0.026110098 0.828050375 0.003125597 0.679882348 0.012792615 0.733202994
1756585846335080960.000000 1.582421303 -0.024749056 0.826891541 0.004751512 0.679204345 0.011819818 0.733838737
1756585846368422144.000000 1.585265040 -0.023627123 0.827420235 0.005426787 0.679319382 0.011429063 0.733733714
1756585846435105024.000000 1.591467738 -0.024210928 0.828571081 0.005608668 0.679513037 0.011097098 0.733558118
1756585846501787904.000000 1.597633481 -0.024571238 0.828422546 0.005580136 0.679647863 0.010285696 0.733445227
1756585846535129088.000000 1.601110220 -0.024892299 0.828673005 0.005271419 0.679767907 0.010619595 0.733331561
1756585846601811968.000000 1.607469678 -0.024502564 0.829690814 0.004278301 0.679399431 0.010783207 0.733677030
1756585846668493824.000000 1.613214254 -0.024945531 0.830381393 0.005756664 0.678466558 0.010747756 0.734530210
1756585846735176448.000000 1.618759155 -0.025287228 0.830765724 0.005693314 0.678170085 0.010162630 0.734812796
1756585846768517632.000000 1.621656895 -0.025560800 0.831091404 0.005822301 0.678117275 0.010324745 0.734858215
1756585846835200512.000000 1.627985597 -0.025866261 0.832147002 0.006606949 0.678643405 0.009682329 0.734374404
1756585846868541952.000000 1.631255150 -0.025391888 0.831874967 0.006851254 0.678990424 0.009496143 0.734053791
1756585846935224576.000000 1.638983250 -0.025098430 0.832738996 0.005499482 0.679123163 0.010142262 0.733933747
1756585847001907712.000000 1.645032167 -0.026707632 0.834546447 0.004213389 0.679248214 0.011638897 0.733804286
1756585847035248640.000000 1.648493767 -0.027052270 0.834330201 0.004604694 0.679037571 0.011500265 0.733999133
1756585847101930496.000000 1.655151606 -0.026155464 0.834138274 0.006087655 0.678722858 0.010498509 0.734294295
1756585847168612864.000000 1.660823703 -0.026586859 0.834467292 0.007387777 0.678314388 0.009922333 0.734667718
1756585847201954048.000000 1.664445162 -0.026650105 0.834781170 0.007523176 0.678417146 0.010493668 0.734563529
1756585847268636416.000000 1.671917200 -0.026386123 0.836111069 0.005789129 0.678910196 0.010976935 0.734116495
1756585847335319040.000000 1.677929521 -0.026413474 0.836449981 0.004488670 0.679217160 0.012322441 0.733820200
1756585847368660224.000000 1.682942152 -0.025644602 0.836526513 0.004689822 0.679167747 0.011770388 0.733873785
1756585847435342592.000000 1.688411951 -0.025759328 0.837430596 0.006121069 0.678668439 0.010623884 0.734342456
1756585847502024960.000000 1.692290664 -0.026768904 0.837851405 0.006812459 0.678539336 0.010564643 0.734456599
1756585847535365376.000000 1.695131302 -0.027126851 0.838128209 0.006853350 0.678398907 0.010455966 0.734587491
1756585847602047488.000000 1.701857328 -0.027293453 0.838975072 0.006707685 0.678481519 0.010671616 0.734509408
1756585847668729856.000000 1.707821131 -0.027652869 0.839703083 0.006690740 0.678946674 0.010483002 0.734082401
1756585847702071040.000000 1.711174726 -0.028045179 0.840088606 0.006753256 0.679253459 0.010195776 0.733801961
1756585847768753408.000000 1.717404604 -0.027967507 0.840800047 0.005966857 0.678885400 0.010816802 0.734140396
1756585847835435520.000000 1.726220012 -0.026608130 0.841988683 0.004944682 0.678902268 0.011140777 0.734127581
1756585847868776448.000000 1.729216337 -0.027248634 0.841736317 0.004829301 0.678866208 0.011080142 0.734162509
1756585847935458816.000000 1.734761715 -0.027573513 0.842679858 0.006033032 0.678712904 0.010287774 0.734306872
1756585848002140160.000000 1.741027594 -0.028492006 0.843068123 0.006842687 0.678702950 0.009691919 0.734317183
1756585848035481088.000000 1.743974447 -0.027953357 0.843888164 0.006808407 0.678553998 0.009536624 0.734457076
1756585848102163456.000000 1.752116203 -0.027364576 0.844379544 0.005005445 0.678396881 0.010979203 0.734596670
1756585848168846336.000000 1.759829760 -0.026801629 0.844486237 0.002935611 0.679169536 0.012394628 0.733870983
1756585848202187776.000000 1.761753559 -0.027050029 0.845009446 0.003689794 0.679830909 0.011693058 0.733266413
1756585848268870656.000000 1.766828060 -0.027363798 0.845915318 0.005594167 0.680198848 0.010401432 0.732932568
1756585848302212096.000000 1.769711971 -0.027697932 0.845857143 0.006132840 0.680150270 0.010054475 0.732978106
1756585848368894464.000000 1.777293682 -0.028247191 0.847551703 0.006823575 0.680213392 0.009091465 0.732926011
1756585848402235904.000000 1.779594898 -0.027353395 0.847533584 0.006756164 0.679923356 0.009344415 0.733192623
1756585848468917504.000000 1.789020061 -0.027572099 0.849118829 0.004550850 0.680610061 0.011349798 0.732543826
1756585848535600384.000000 1.796647429 -0.027508467 0.849990845 0.004052749 0.681086540 0.011308866 0.732104421
1756585848602283008.000000 1.802691936 -0.027601296 0.850090504 0.004571777 0.681751609 0.010544255 0.731493533
1756585848635624192.000000 1.805732489 -0.028075075 0.849887133 0.004734864 0.681872189 0.010035260 0.731387198
1756585848702307328.000000 1.811846375 -0.028346378 0.850747466 0.005071231 0.681790709 0.009451844 0.731468737
1756585848768989696.000000 1.818647385 -0.028237360 0.851078391 0.004569578 0.681195617 0.010038747 0.732018411
1756585848802330880.000000 1.822093248 -0.028147450 0.851314187 0.004310979 0.680693567 0.010511191 0.732480288
1756585848869013760.000000 1.827230215 -0.029161012 0.853224158 0.003864096 0.680458903 0.011114832 0.732691824
1756585848935695104.000000 1.833117485 -0.028979352 0.853870392 0.005274008 0.680496454 0.009875043 0.732665956
1756585848969036288.000000 1.836340189 -0.029210357 0.853916049 0.005549879 0.680436075 0.009657759 0.732722819
1756585849035718912.000000 1.841590166 -0.031981252 0.853746176 0.004653429 0.680325508 0.010664860 0.732817769
1756585849102402048.000000 1.849437237 -0.031450935 0.854038835 0.003959847 0.680337667 0.010475586 0.732813239
1756585849135743488.000000 1.854894519 -0.029843986 0.854986429 0.004002358 0.680555105 0.010096679 0.732616425
1756585849202426624.000000 1.861719489 -0.029649893 0.855908275 0.003100788 0.680357397 0.010842780 0.732793748
1756585849269110272.000000 1.867440462 -0.029153895 0.857475758 0.002944382 0.680899680 0.010061830 0.732301712
1756585849335792640.000000 1.873409152 -0.028678738 0.857963324 0.005256918 0.680553615 0.008723673 0.732627511
1756585849369133824.000000 1.874776840 -0.029035453 0.856757045 0.005957761 0.679835558 0.008935547 0.733285964
1756585849402475776.000000 1.879023075 -0.028900770 0.858112812 0.005606732 0.680179954 0.008819564 0.732970715
1756585849469159168.000000 1.885914326 -0.028677458 0.858219862 0.005268957 0.680352092 0.009731707 0.732801914
1756585849535842304.000000 1.892907143 -0.028856847 0.858872294 0.004177791 0.681308985 0.010201910 0.731913090
1756585849569184000.000000 1.897644997 -0.028833074 0.859481692 0.003432407 0.681620181 0.010283660 0.731625915
1756585849635867392.000000 1.903834820 -0.028842203 0.861054540 0.003044818 0.681607902 0.009191330 0.731653631
1756585849702550784.000000 1.908614397 -0.028577557 0.862313867 0.004488656 0.681457520 0.009303754 0.731784761
1756585849735892480.000000 1.911756873 -0.028387969 0.862251759 0.005363654 0.681159735 0.008407874 0.732066989
1756585849802574592.000000 1.916936159 -0.031100290 0.861308932 0.005510760 0.680488944 0.008748525 0.732685387
1756585849835916544.000000 1.919948339 -0.031006649 0.861259818 0.005652534 0.680209517 0.009153310 0.732938826
1756585849902599936.000000 1.926496983 -0.031404838 0.862310648 0.004226788 0.680851221 0.010416279 0.732335508
1756585849969283072.000000 1.934019804 -0.030902084 0.862749338 0.004058071 0.681260228 0.010066803 0.731960893
1756585850002624768.000000 1.937277913 -0.031293150 0.862738609 0.004663643 0.680979669 0.009978609 0.732219517
1756585850069308160.000000 1.942666531 -0.031846572 0.863219857 0.005231739 0.680284739 0.009839025 0.732863247
1756585850102649856.000000 1.945664406 -0.031897709 0.863652706 0.005312084 0.680267572 0.009827443 0.732878864
1756585850169333504.000000 1.951767921 -0.032052495 0.864385962 0.005188910 0.680435479 0.009995608 0.732721508
1756585850236015872.000000 1.958536386 -0.032323860 0.864546418 0.005169587 0.680733740 0.009707511 0.732448399
1756585850269357568.000000 1.961884975 -0.032367513 0.865068913 0.005085459 0.680996835 0.009689714 0.732204616
1756585850336041216.000000 1.968429208 -0.031611253 0.866311431 0.005335603 0.680935800 0.008834205 0.732270479
1756585850402724608.000000 1.974485397 -0.031458899 0.867403150 0.005572887 0.680874407 0.009141915 0.732321978
1756585850436066304.000000 1.978577852 -0.032086473 0.867578030 0.004831352 0.680821002 0.009562300 0.732371569
1756585850502749952.000000 1.984183311 -0.032385550 0.868079901 0.005927157 0.680554450 0.008981627 0.732618630
1756585850569433600.000000 1.989972830 -0.032148521 0.869275093 0.007084094 0.681082189 0.008064857 0.732128322
1756585850636117248.000000 1.995955944 -0.032346867 0.870073915 0.007460658 0.681478381 0.007690741 0.731759846
1756585850702799616.000000 2.001379967 -0.032508790 0.869896054 0.008445113 0.681034565 0.007588570 0.732163310
1756585850736141568.000000 2.004791021 -0.032220587 0.870015025 0.008705943 0.681195676 0.007328973 0.732012987
1756585850802824960.000000 2.012000322 -0.031916469 0.870614171 0.008009799 0.681724668 0.007654470 0.731524944
1756585850869508608.000000 2.019007921 -0.032124452 0.871295571 0.007082236 0.681866229 0.008056338 0.731398344
1756585850902850304.000000 2.023113489 -0.031535137 0.871480346 0.007118993 0.682139516 0.007812697 0.731145680
1756585850969533952.000000 2.028682709 -0.032241046 0.872389197 0.006739675 0.682183027 0.007766738 0.731109142
1756585851036217344.000000 2.033948898 -0.032150660 0.873746276 0.007839086 0.681598783 0.007087103 0.731649876
1756585851069559296.000000 2.036688805 -0.032511465 0.873858929 0.008993850 0.681514084 0.006498841 0.731720924
1756585851136240384.000000 2.044648170 -0.031680390 0.874675870 0.009506626 0.682628453 0.005836671 0.730680466
1756585851202921984.000000 2.051274300 -0.032165699 0.875158548 0.008249669 0.682383418 0.006244964 0.730921268
1756585851269603584.000000 2.056333542 -0.033649124 0.874829054 0.007707261 0.681734204 0.007643311 0.731519520
1756585851302944512.000000 2.059699059 -0.033975035 0.875200748 0.007717889 0.681529999 0.007592387 0.731710136
1756585851369625856.000000 2.066186905 -0.034532093 0.875707388 0.008006366 0.681617200 0.007558764 0.731626153
1756585851436307200.000000 2.073339224 -0.033022165 0.876376152 0.008906640 0.681808114 0.006090668 0.731451571
1756585851469647872.000000 2.076959372 -0.034151699 0.876404881 0.008141351 0.681085169 0.007291648 0.732122719
1756585851536328192.000000 2.083372355 -0.034440108 0.876585007 0.008093270 0.680336893 0.007688738 0.732814550
1756585851603009536.000000 2.089869738 -0.034567412 0.876869917 0.008585422 0.680571556 0.007412480 0.732593834
1756585851636350464.000000 2.093219519 -0.034790546 0.876894116 0.008791333 0.680308759 0.007613578 0.732833385
1756585851703031808.000000 2.099125147 -0.035131719 0.877827168 0.009339392 0.680329621 0.007024374 0.732813179
1756585851736372224.000000 2.101871014 -0.035356626 0.878211260 0.009776566 0.680476010 0.006645627 0.732675076
1756585851803053568.000000 2.107799292 -0.035637107 0.880027056 0.009563852 0.681175709 0.006214553 0.732031107
1756585851869734656.000000 2.114722252 -0.035525531 0.880444527 0.009647618 0.681277931 0.006036350 0.731936514
1756585851903075584.000000 2.117443800 -0.034987554 0.879577160 0.009601807 0.680923939 0.006028193 0.732266366
1756585851969756928.000000 2.125512362 -0.035544213 0.879458427 0.008995364 0.680546105 0.006729295 0.732619166
1756585852003096320.000000 2.127524614 -0.036309164 0.880222559 0.008300666 0.680786312 0.007653988 0.732395172
1756585852069777664.000000 2.134947538 -0.036333494 0.880010128 0.005914885 0.682116866 0.009890033 0.731152475
1756585852136460800.000000 2.136543274 -0.035325922 0.879022837 0.007277966 0.686074376 0.008592486 0.727444351
1756585852203144192.000000 2.134997845 -0.034980893 0.877801418 0.010023611 0.692465961 0.006726245 0.721349597
1756585852236485888.000000 2.134602070 -0.035241257 0.876517296 0.011216116 0.696715057 0.006056137 0.717234731
1756585852303169536.000000 2.134712934 -0.035270434 0.875081301 0.012070831 0.705178738 0.005004894 0.708909214
1756585852336510976.000000 2.135522604 -0.034703862 0.874364376 0.012237990 0.709089279 0.004975173 0.704994977
1756585852403194624.000000 2.138331175 -0.034372982 0.872291803 0.010349456 0.717368066 0.006991788 0.696582437
1756585852436535296.000000 2.139373541 -0.033963285 0.871357679 0.009747060 0.721307755 0.007478052 0.692505777
1756585852503218688.000000 2.139630318 -0.035839293 0.869847775 -0.009258674 -0.729279041 -0.008550785 -0.684100449
1756585852569902336.000000 2.140721321 -0.034242846 0.867230892 0.010913503 0.735884309 0.007140365 0.676981747
1756585852603244032.000000 2.140843868 -0.035365559 0.864169359 0.011343734 0.738506675 0.007523389 0.674108744
1756585852669927680.000000 2.141790152 -0.035726961 0.862450600 0.011176054 0.746357143 0.008008903 0.665403605
1756585852736611072.000000 2.142178774 -0.036128357 0.863007545 -0.010269153 -0.755766094 -0.008979117 -0.654699564
1756585852769952768.000000 2.142865658 -0.035967782 0.861908674 -0.009704676 -0.759737015 -0.009386323 -0.650090337
1756585852836636416.000000 2.144041300 -0.035884611 0.860354424 -0.009787502 -0.767232478 -0.009952577 -0.641217172
1756585852903318784.000000 2.144111633 -0.036179461 0.858920813 -0.010718344 -0.774013519 -0.009443140 -0.633008003
1756585852936660480.000000 2.143743038 -0.036455289 0.857708693 -0.010966836 -0.777441859 -0.009385293 -0.628789127
1756585853003344384.000000 2.144011497 -0.036239918 0.856098413 -0.011895187 -0.785021544 -0.008998176 -0.619288981
1756585853070027520.000000 2.143654346 -0.036754355 0.854181767 -0.011376742 -0.791986406 -0.008935324 -0.610367477
1756585853103369216.000000 2.144144297 -0.036594324 0.852962494 -0.011676295 -0.795127690 -0.009119043 -0.606261134
1756585853170051584.000000 2.144518375 -0.036815926 0.850629091 -0.011642012 -0.801291585 -0.009797713 -0.598080516
1756585853203392768.000000 2.145258427 -0.038837820 0.850142479 0.010572853 0.804702759 0.010714321 0.593487203
1756585853270074880.000000 2.146164179 -0.038561575 0.847530842 0.010628314 0.810943186 0.011232831 0.584920585
1756585853336756224.000000 2.146679878 -0.036859911 0.844719410 -0.011633381 -0.817036688 -0.010939153 -0.576364636
1756585853370097408.000000 2.146641016 -0.036478266 0.844050169 -0.011973578 -0.820438087 -0.010601426 -0.571511686
1756585853403438848.000000 2.146874189 -0.036196072 0.843377352 -0.012191976 -0.823496938 -0.010167466 -0.567098618
1756585853470120960.000000 2.147106886 -0.035831932 0.841449022 -0.012226628 -0.829426765 -0.010545191 -0.558382213
1756585853503462144.000000 2.147210121 -0.036227219 0.840821505 -0.012311338 -0.832264721 -0.011229367 -0.554128051
1756585853570144256.000000 2.148825884 -0.035556987 0.838914156 -0.012240068 -0.838744521 -0.011349776 -0.544269323
1756585853636826880.000000 2.148845673 -0.035966095 0.836247206 -0.012592809 -0.844908476 -0.011607284 -0.534636676
1756585853670167808.000000 2.148481607 -0.035763234 0.835486412 -0.012683952 -0.847938180 -0.011180542 -0.529825509
1756585853736849664.000000 2.148444653 -0.036080144 0.833409309 -0.013335969 -0.854132950 -0.011558649 -0.519755304
1756585853770190336.000000 2.147776127 -0.035302348 0.830946445 0.013528128 0.856651843 0.011489611 0.515589654
1756585853836872448.000000 2.147935390 -0.034375291 0.828202963 0.014079210 0.862645864 0.011795437 0.505474925
1756585853903554560.000000 2.147668123 -0.036121797 0.827072144 -0.013773676 -0.868259370 -0.012913439 -0.495751232
1756585853936895744.000000 2.147306919 -0.036504775 0.826522350 -0.014315482 -0.870817363 -0.012518470 -0.491238862
1756585854003577856.000000 2.146770477 -0.036490090 0.823795795 -0.014589727 -0.875738978 -0.011376595 -0.482430249
1756585854070259968.000000 2.146768093 -0.037738305 0.823491812 -0.014596507 -0.880699575 -0.012265214 -0.473291516
1756585854103601152.000000 2.146896601 -0.037480801 0.822207212 -0.014261154 -0.883234560 -0.012616778 -0.468544930
1756585854136943104.000000 2.147133350 -0.037246525 0.821706057 -0.014171467 -0.885740221 -0.012905854 -0.463785410
1756585854203626496.000000 2.148313046 -0.036833677 0.819130659 -0.014179953 -0.890957892 -0.013397926 -0.453666717
1756585854236967424.000000 2.147765636 -0.037391771 0.817452550 -0.013539671 -0.893302679 -0.013909182 -0.449036419
1756585854303650560.000000 2.146430016 -0.037774470 0.815617919 -0.013594965 -0.897985458 -0.014168176 -0.439586759
1756585854336992512.000000 2.146096706 -0.037917741 0.814675212 -0.013562096 -0.900371075 -0.013981538 -0.434686780
1756585854403675904.000000 2.145325899 -0.036429923 0.812577963 0.013975928 0.905122221 0.013184276 0.424717188
1756585854437017600.000000 2.146017551 -0.036546551 0.812004089 0.014129062 0.907757163 0.013695510 0.419034362
1756585854503700992.000000 2.144728899 -0.036324680 0.809233665 -0.013655396 -0.912308931 -0.013881058 -0.409039497
1756585854537042688.000000 2.143880367 -0.036141388 0.808417559 -0.014217915 -0.914701521 -0.013936058 -0.403639525
1756585854570384384.000000 2.144090652 -0.038395453 0.807178140 -0.013297622 -0.917025983 -0.014675628 -0.398335546
1756585854637067776.000000 2.142832279 -0.036747206 0.805075407 -0.014577764 -0.921355903 -0.014142863 -0.388189226
1756585854670408448.000000 2.142582893 -0.036740009 0.804622412 -0.014825167 -0.923523605 -0.014338369 -0.382986605
1756585854737092096.000000 2.141368389 -0.037079360 0.802996755 -0.015020302 -0.927635372 -0.014483714 -0.372904003
1756585854770433792.000000 2.141502142 -0.036956344 0.801682591 -0.015219261 -0.929595888 -0.014186925 -0.367992908
1756585854837117184.000000 2.140364408 -0.036570232 0.799555182 -0.015868677 -0.933595896 -0.013267596 -0.357730299
1756585854870458880.000000 2.140032291 -0.036329869 0.798882723 -0.015926821 -0.935519576 -0.013269508 -0.352666199
1756585854903800576.000000 2.139672756 -0.036252797 0.797882438 -0.015842704 -0.937570095 -0.013413163 -0.347176373
1756585854970483712.000000 2.138602257 -0.036604624 0.795624733 -0.015986212 -0.941149116 -0.014050282 -0.337321013
1756585855003825664.000000 2.138057947 -0.035774771 0.793760538 -0.016731201 -0.942738712 -0.014159205 -0.332811326
1756585855070509312.000000 2.137804270 -0.035367530 0.792137980 0.017086916 0.946284413 0.013515022 0.322600663
1756585855103849728.000000 2.136560202 -0.035741597 0.790730596 -0.017238509 -0.947933495 -0.013642070 -0.317708820
1756585855170531328.000000 2.135463715 -0.036633391 0.789274693 -0.016959947 -0.951533735 -0.014337733 -0.306741565
1756585855203872000.000000 2.134701729 -0.036293246 0.787863255 -0.016850805 -0.953227878 -0.014512985 -0.301433533
1756585855270553856.000000 2.133919239 -0.036954992 0.786591053 -0.017112011 -0.956728697 -0.014717153 -0.290104926
1756585855303894528.000000 2.132921696 -0.037308916 0.785475969 -0.017319137 -0.958311796 -0.014614294 -0.284824520
1756585855370576128.000000 2.131772041 -0.037433006 0.784363151 -0.018008361 -0.961444497 -0.014615616 -0.274019182
1756585855403917056.000000 2.131134748 -0.037591357 0.783965647 -0.018158676 -0.962939918 -0.014627927 -0.268706113
1756585855437257728.000000 2.131027937 -0.037925206 0.782976925 -0.018234113 -0.964274108 -0.014901926 -0.263857782
1756585855503939072.000000 2.128947973 -0.036950126 0.780168295 -0.019164350 -0.966778278 -0.014964422 -0.254457533
1756585855537279232.000000 2.130688906 -0.036394939 0.778852999 0.019210992 0.968492985 0.015072219 0.247841045
1756585855603960832.000000 2.128018141 -0.037720803 0.777214646 -0.018764038 -0.971085429 -0.015581633 -0.237483233
1756585855637301504.000000 2.126820326 -0.037848815 0.776256979 -0.018735666 -0.972350895 -0.015148800 -0.232278407
1756585855703982848.000000 2.125314951 -0.038212620 0.774831295 -0.018969906 -0.974816501 -0.014859442 -0.221702933
1756585855737323776.000000 2.124528646 -0.038361855 0.773607135 -0.019279035 -0.976046503 -0.015130568 -0.216177344
1756585855804005120.000000 2.123813152 -0.038323484 0.771041512 -0.018936388 -0.978308558 -0.015553255 -0.205698773
1756585855837345792.000000 2.122778177 -0.038066849 0.770132661 -0.018833790 -0.979428172 -0.015846981 -0.200286746
1756585855904027392.000000 2.121962309 -0.037845664 0.768047869 -0.018653588 -0.981635869 -0.016535863 -0.189128712
1756585855937368064.000000 2.120734692 -0.037826698 0.767224848 -0.018692568 -0.982672215 -0.016887885 -0.183632270
1756585856004048640.000000 2.120054483 -0.036477756 0.766126394 -0.018906664 -0.984795690 -0.016936384 -0.171852499
1756585856070729984.000000 2.118224621 -0.036282443 0.764376163 -0.018935628 -0.986600041 -0.016694086 -0.161193117
1756585856104071168.000000 2.117358685 -0.036444709 0.764172494 -0.018656092 -0.987452686 -0.016657444 -0.155922353
1756585856170754304.000000 2.116501808 -0.036706779 0.762942255 -0.018638913 -0.989179730 -0.016779955 -0.144549653
1756585856204095744.000000 2.115904570 -0.036870487 0.762322545 -0.018663853 -0.990035892 -0.016638016 -0.138578087
1756585856237437440.000000 2.115359306 -0.036873884 0.761793137 -0.018720811 -0.990815222 -0.016800327 -0.132862970
1756585856304120832.000000 2.113844395 -0.036412399 0.760298729 -0.018635208 -0.992213786 -0.017085046 -0.121953681
1756585856370803968.000000 2.111670494 -0.035896022 0.758546948 -0.018565042 -0.993528187 -0.016657591 -0.110813409
1756585856404145664.000000 2.110553980 -0.035857130 0.757893324 -0.018624349 -0.994119644 -0.016553247 -0.105381906
1756585856437486336.000000 2.109793425 -0.035681017 0.757483363 -0.018666856 -0.994723022 -0.016251165 -0.099567130
1756585856504169728.000000 2.108395338 -0.035726815 0.756262243 -0.019141637 -0.995826721 -0.016327359 -0.087727882
1756585856570852864.000000 2.106406689 -0.035509288 0.755509377 -0.019160733 -0.996738911 -0.016292894 -0.076674871
1756585856604194560.000000 2.105871439 -0.035817169 0.755306661 -0.019252108 -0.997121871 -0.016232049 -0.071511589
1756585856670877952.000000 2.104495764 -0.035978243 0.755131900 -0.019334950 -0.997833014 -0.015995786 -0.060824879
1756585856704219648.000000 2.103454113 -0.036018461 0.754651964 -0.019676745 -0.998135924 -0.016103219 -0.055482212
1756585856770902784.000000 2.101004601 -0.035769291 0.753542364 -0.019214312 -0.998675346 -0.016633332 -0.044742104
1756585856804244224.000000 2.100026131 -0.035836615 0.752863884 -0.019303311 -0.998889267 -0.016708037 -0.039604399
1756585856870927872.000000 2.097904205 -0.035395458 0.751549661 -0.018926110 -0.999247134 -0.017048288 -0.029264065
1756585856904268544.000000 2.097030640 -0.035582967 0.751757145 -0.019051112 -0.999383211 -0.016965337 -0.024135657
1756585856970951680.000000 2.095395565 -0.036366925 0.752580881 0.019862289 0.999570966 0.017237239 0.012898409
1756585857004293376.000000 2.095540524 -0.035030596 0.750339866 -0.019122822 -0.999666393 -0.016132399 -0.006421021
1756585857070976768.000000 2.093721151 -0.034885101 0.749142230 -0.018997289 -0.999734104 -0.012661872 0.003256037
1756585857137660416.000000 2.092565060 -0.036169834 0.747034371 -0.019959405 -0.999765098 -0.007647813 0.003597810
1756585857204344320.000000 2.093084335 -0.036110673 0.740149260 -0.019845607 -0.999758005 -0.009439302 0.000962658
1756585857271027968.000000 2.093639374 -0.034417279 0.728612125 -0.018925443 -0.999682248 -0.016435312 0.002673454
1756585857337710848.000000 2.093358278 -0.033017427 0.718967140 -0.018244278 -0.999644458 -0.018555582 0.005814968
1756585857404394752.000000 2.093058586 -0.034129530 0.713814259 -0.018325506 -0.999673665 -0.015860045 0.008078225
1756585857471078400.000000 2.093915939 -0.034865715 0.709212959 -0.018678853 -0.999687552 -0.015828367 0.005046941
1756585857504420608.000000 2.093571424 -0.034781255 0.706499159 -0.019451331 -0.999691069 -0.015021964 0.003707055
1756585857571104256.000000 2.093677282 -0.034684077 0.699881136 -0.019510703 -0.999691188 -0.014850735 0.004041703
1756585857671129856.000000 2.093773127 -0.034119099 0.689464211 -0.019294182 -0.999687195 -0.015447915 0.003835978
1756585857704471808.000000 2.093828440 -0.034073435 0.686028063 -0.019364618 -0.999680638 -0.015766110 0.003881094
1756585857771154944.000000 2.094079494 -0.034374438 0.679615974 -0.019360110 -0.999687433 -0.015163369 0.004506563
1756585857837838592.000000 2.093809843 -0.034812942 0.673954666 -0.019667024 -0.999698043 -0.013966745 0.004687046
1756585857904522496.000000 2.093700647 -0.034991160 0.667613208 -0.019643491 -0.999691129 -0.014372417 0.005026936
1756585857937864192.000000 2.093734980 -0.034718722 0.664117455 -0.019463306 -0.999692082 -0.014563868 0.004985141
1756585858037890304.000000 2.093608856 -0.034860931 0.655182123 -0.019105915 -0.999695718 -0.014970600 0.004392640
1756585858104573696.000000 2.094027996 -0.035044342 0.649038374 -0.018573888 -0.999700844 -0.015275914 0.004474254
1756585858171256320.000000 2.094195604 -0.034927048 0.642894983 -0.018336443 -0.999640167 -0.018184440 0.007253210
1756585858237937920.000000 2.093648195 -0.034437858 0.639574289 -0.018374538 -0.999511361 -0.019737137 0.015811525
1756585858304620288.000000 2.091669798 -0.034789398 0.640509427 -0.018656019 -0.999370277 -0.016834736 0.025051871
1756585858371303168.000000 2.089616299 -0.034849249 0.641501307 -0.018442690 -0.999074221 -0.013856077 0.036313839
1756585858437985536.000000 2.087575197 -0.035437457 0.641073465 -0.019010279 -0.998535931 -0.015092095 0.048341393
1756585858504667904.000000 2.084908962 -0.035943635 0.639227986 0.019340079 0.997916698 0.017281815 -0.059073322
1756585858571350272.000000 2.082826853 -0.033991612 0.636789918 -0.019327594 -0.997269213 -0.016745225 0.069282994
1756585858638032896.000000 2.080698729 -0.033783756 0.636604190 -0.019592490 -0.996462405 -0.016117636 0.080119170
1756585858704714240.000000 2.078719378 -0.034267381 0.636460662 -0.019721555 -0.995520175 -0.015869450 0.091097683
1756585858771396864.000000 2.076778889 -0.034082599 0.635926366 -0.019696089 -0.994469821 -0.015384177 0.102005839
1756585858838079488.000000 2.074957609 -0.034399971 0.635692596 -0.019666558 -0.993191898 -0.015107146 0.113819383
1756585858904762112.000000 2.072750568 -0.034542836 0.634667516 -0.019655157 -0.991734087 -0.015882013 0.125797406
1756585858971444480.000000 2.070777178 -0.034146391 0.633922100 -0.019823520 -0.990240276 -0.015982863 0.137024954
1756585859004785664.000000 2.069245815 -0.033382155 0.634204149 0.019883474 0.989528716 0.015501553 -0.142117023
1756585859071468032.000000 2.066390038 -0.033840030 0.635160446 -0.020041931 -0.988020539 -0.015590438 0.152219519
1756585859138150400.000000 2.064066887 -0.033899568 0.635250926 -0.020115845 -0.986362815 -0.015171579 0.162645429
1756585859204834304.000000 2.061940670 -0.034736469 0.635353446 -0.020337196 -0.984396935 -0.015099205 0.174129441
1756585859271517952.000000 2.059636116 -0.035316229 0.635157824 -0.020283056 -0.982370675 -0.015406390 0.185200423
1756585859338202112.000000 2.057198048 -0.035157770 0.634806871 -0.020673247 -0.980233252 -0.015686993 0.196136191
1756585859404885760.000000 2.055356026 -0.035096861 0.634506464 -0.020489048 -0.977938533 -0.015699042 0.207292229
1756585859471569664.000000 2.053061247 -0.035548650 0.634791613 -0.020318180 -0.975580215 -0.015991868 0.218116179
1756585859538252544.000000 2.050960541 -0.036158614 0.634962320 0.020249678 0.973150790 0.015963312 -0.228719801
1756585859604936704.000000 2.048936605 -0.034816697 0.634673595 -0.020219954 -0.970435262 -0.015167315 0.240034595
1756585859671620352.000000 2.047205210 -0.034781925 0.635062218 -0.020155314 -0.967668772 -0.014796161 0.250982255
1756585859738304256.000000 2.045080900 -0.034917124 0.634995699 -0.020083427 -0.964808226 -0.014895014 0.261763245
1756585859804988416.000000 2.042571068 -0.034959026 0.635716200 -0.020175662 -0.961935580 -0.014556387 0.272141695
1756585859871672320.000000 2.040423870 -0.034996361 0.635702372 -0.020229442 -0.958856940 -0.014791993 0.282781512
1756585859938356224.000000 2.038369894 -0.035207987 0.636142254 -0.020002376 -0.955632091 -0.014754901 0.293512434
1756585860005039104.000000 2.036336184 -0.035766501 0.637017965 -0.019947272 -0.952313900 -0.014514786 0.304121286
1756585860071723264.000000 2.034553051 -0.035297234 0.636250973 0.019768052 0.948864281 0.014138771 -0.314747512
1756585860138407168.000000 2.032803774 -0.036718968 0.638344765 -0.019718442 -0.945486009 -0.014105754 0.324759126
1756585860171749376.000000 2.032359123 -0.036851309 0.638871431 -0.019654155 -0.943688691 -0.013750023 0.329964340
1756585860238433280.000000 2.030173302 -0.036926426 0.639041662 -0.019617930 -0.939873040 -0.014174126 0.340665549
1756585860305117440.000000 2.027614832 -0.036720082 0.639152288 -0.019713046 -0.935829282 -0.014565229 0.351600468
1756585860371801600.000000 2.025198460 -0.036767896 0.639770031 -0.019741226 -0.931646764 -0.014923130 0.362521797
1756585860438484736.000000 2.023732662 -0.037053883 0.640666008 -0.019886114 -0.927538872 -0.014460518 0.372917086
1756585860505168640.000000 2.021070957 -0.037321165 0.641529083 -0.019754540 -0.923400879 -0.014669591 0.383047581
1756585860571852800.000000 2.017869234 -0.036369074 0.641971111 0.019784303 0.919127822 0.014465243 -0.393196523
1756585860638537216.000000 2.017339706 -0.036232047 0.643397808 -0.019501086 -0.914453864 -0.014105778 0.403973967
1756585860705221120.000000 2.016360760 -0.035775770 0.644481421 -0.019287562 -0.909770131 -0.013581827 0.414441705
1756585860771905536.000000 2.014891148 -0.036415406 0.644787312 -0.019131688 -0.905103028 -0.013676047 0.424541473
1756585860805247488.000000 2.014011383 -0.036589373 0.645225525 -0.019036049 -0.902754843 -0.013796802 0.429512620
1756585860871930624.000000 2.012049913 -0.036468510 0.646361113 -0.019072939 -0.897933602 -0.014178779 0.439488888
1756585860938615040.000000 2.009397030 -0.035742447 0.646665812 -0.019185655 -0.893129230 -0.013835006 0.449177772
1756585861005299456.000000 2.007602215 -0.035563502 0.647194386 -0.018819155 -0.888486564 -0.013573123 0.458315700
1756585861038641408.000000 2.007268906 -0.036408618 0.647500992 0.018770136 0.886027396 0.013737675 -0.463049173
1756585861105325568.000000 2.005528688 -0.036836028 0.648195982 0.018823953 0.881035686 0.013910722 -0.472470522
1756585861172009472.000000 2.004893541 -0.036179923 0.652084112 -0.019073004 -0.876051784 -0.013774077 0.481642962
1756585861238693376.000000 2.003133535 -0.036571488 0.653571844 -0.018876273 -0.870670199 -0.013611633 0.491316438
1756585861272035072.000000 2.002767801 -0.037117928 0.654408455 -0.018673889 -0.867847741 -0.013403790 0.496298194
1756585861338718208.000000 2.001600266 -0.037683841 0.656125069 -0.018642597 -0.862151265 -0.013186174 0.506136298
1756585861405402112.000000 1.999594092 -0.037579216 0.657460690 -0.018810932 -0.856239021 -0.013089276 0.516071379
1756585861472086016.000000 1.997626543 -0.038002573 0.659076452 -0.018914642 -0.850067854 -0.013346522 0.526164293
1756585861505427968.000000 1.996706247 -0.038099516 0.659430742 -0.018872123 -0.847098351 -0.013321103 0.530934036
1756585861572112128.000000 1.995863557 -0.038170684 0.661226511 -0.018823130 -0.841309488 -0.013130648 0.540066481
1756585861638795776.000000 1.994165540 -0.037317485 0.661695719 0.018571071 0.835634530 0.013072141 -0.548816264
1756585861705480192.000000 1.993661165 -0.035859652 0.663634062 -0.018442208 -0.829700768 -0.012648878 0.557760417
1756585861738821888.000000 1.993617177 -0.036051042 0.664769411 -0.018220384 -0.826551557 -0.012514291 0.562426925
1756585861805504768.000000 1.992270112 -0.036682159 0.667039156 -0.017773559 -0.820318162 -0.012308410 0.571498632
1756585861872188928.000000 1.990821362 -0.036503114 0.669006109 -0.017861618 -0.814313293 -0.012743004 0.580010772
1756585861905530880.000000 1.989795089 -0.036420383 0.669382095 -0.017907202 -0.811189234 -0.012903270 0.584367156
1756585861972215296.000000 1.988286614 -0.036359075 0.670947790 -0.018155053 -0.804657400 -0.013471511 0.593308926
1756585862038899200.000000 1.987061501 -0.036205173 0.672877789 -0.018048208 -0.797885954 -0.013277179 0.602391958
1756585862105582848.000000 1.985901713 -0.037670869 0.673382998 0.017339710 0.791111529 0.013623216 -0.611274362
1756585862138924544.000000 1.986151218 -0.038348038 0.674651980 0.017210703 0.787993371 0.013517496 -0.615294695
1756585862205607680.000000 1.983823180 -0.036894064 0.676398158 -0.017564178 -0.781453013 -0.013067532 0.623579919
1756585862272289792.000000 1.983744383 -0.037842665 0.679345608 -0.018181428 -0.774325669 -0.013736167 0.632376909
1756585862338972928.000000 1.983511567 -0.039174069 0.681930780 -0.017046019 -0.767880619 -0.012314285 0.640247822
1756585862405656064.000000 1.980591655 -0.039215967 0.682843089 -0.014376188 -0.764687598 -0.008208792 0.644188583
1756585862438997504.000000 1.978688955 -0.039935999 0.682950974 0.012945798 0.765132666 0.006157534 -0.643713117
1756585862505680640.000000 1.971888900 -0.039703466 0.681456804 -0.014221154 -0.766179919 -0.007748723 0.642422140
1756585862572363776.000000 1.960675716 -0.038654543 0.678923965 -0.018747527 -0.765659511 -0.012702818 0.642847300
1756585862639046912.000000 1.950230122 -0.036507405 0.677710891 0.020767905 0.763947129 0.015195593 -0.644765556
1756585862705729024.000000 1.944411993 -0.035441704 0.674488425 -0.018846046 -0.761183321 -0.013090553 0.648130834
1756585862739070720.000000 1.943210125 -0.036460415 0.674096942 -0.017161654 -0.761756539 -0.010255924 0.647554815
1756585862805753600.000000 1.938742876 -0.036361288 0.673048139 -0.016280634 -0.764571726 -0.008887525 0.644271731
1756585862872436480.000000 1.931799173 -0.036000058 0.671926379 -0.016103292 -0.765076220 -0.008341272 0.643684387
1756585862905778176.000000 1.927905798 -0.034943245 0.671024680 -0.016974274 -0.764749050 -0.009732184 0.644031107
1756585862972461312.000000 1.920614243 -0.034626409 0.670546651 -0.018649276 -0.764525414 -0.012044969 0.644211233
1756585863039144192.000000 1.915233374 -0.034784950 0.669140935 -0.017692562 -0.763887763 -0.011100001 0.645011127
1756585863105826304.000000 1.908786058 -0.034940910 0.667670369 -0.016966799 -0.763657868 -0.010449436 0.645313621
1756585863139167744.000000 1.906899452 -0.035703819 0.667034984 0.016277701 0.760813892 0.009635227 -0.648694456
1756585863205850880.000000 1.899385571 -0.036200710 0.669277787 -0.017324081 -0.751695931 -0.011144548 0.659188092
1756585863272534016.000000 1.891623974 -0.035284519 0.670835495 -0.017700320 -0.743469894 -0.010709150 0.668449402
1756585863339216896.000000 1.884903550 -0.035556603 0.672205687 -0.016584765 -0.739047348 -0.008945821 0.673389912
1756585863405900032.000000 1.878865719 -0.035162676 0.671588063 -0.016961245 -0.740486383 -0.009505240 0.671790123
1756585863472583168.000000 1.872110724 -0.034369357 0.670292735 -0.017154781 -0.742455900 -0.010328004 0.669595718
1756585863539266048.000000 1.867189527 -0.034428328 0.670141339 -0.015713975 -0.742601573 -0.008402910 0.669496417
1756585863572606720.000000 1.864511728 -0.034560543 0.669905186 -0.015009654 -0.742262721 -0.008171125 0.669891059
1756585863639289600.000000 1.858024120 -0.033742599 0.669185162 0.014953772 0.741837025 0.008378478 -0.670361161
1756585863739314432.000000 1.847850323 -0.034313746 0.667135596 -0.015784858 -0.741354227 -0.009806762 0.670856595
1756585863805997312.000000 1.841850996 -0.034853145 0.666358829 -0.015693981 -0.741154790 -0.010030044 0.671075821
1756585863872680192.000000 1.837019324 -0.035469577 0.665685296 -0.014546702 -0.741672695 -0.008401752 0.670551658
1756585863906021888.000000 1.834147930 -0.035588153 0.665236354 -0.014793087 -0.742086411 -0.008271807 0.670089960
1756585863972704768.000000 1.827415466 -0.035302550 0.664661884 -0.015650718 -0.741972268 -0.009862715 0.670175314
1756585864039386624.000000 1.820280194 -0.034674566 0.664209962 -0.016150754 -0.741637588 -0.010668259 0.670521557
1756585864106069760.000000 1.814922214 -0.034917101 0.664109349 -0.015708338 -0.741255343 -0.009583499 0.670970976
1756585864139411712.000000 1.810684204 -0.033267736 0.662838340 0.014768720 0.741077781 0.009583688 -0.671188414
1756585864206095360.000000 1.804607749 -0.033153757 0.662469387 0.014787456 0.741348267 0.009999344 -0.670883119
1756585864272779008.000000 1.798902273 -0.033930823 0.661340475 -0.014726785 -0.741512120 -0.010374897 0.670697629
1756585864339462656.000000 1.793390512 -0.034598205 0.660820723 -0.014790049 -0.742695153 -0.010290746 0.669387281
1756585864406146304.000000 1.787875414 -0.034777757 0.660493016 -0.014517688 -0.743018150 -0.008943523 0.669054151
1756585864472829184.000000 1.782006741 -0.034684636 0.659730077 -0.014025134 -0.742417634 -0.008611033 0.669735193
1756585864539512576.000000 1.775269270 -0.034266081 0.658495784 -0.014686267 -0.742515862 -0.009219143 0.669604063
1756585864606196480.000000 1.767992377 -0.034060135 0.657721996 -0.014700047 -0.742684841 -0.009414553 0.669413567
1756585864672880128.000000 1.761189699 -0.033672340 0.656837106 -0.015116486 -0.742355525 -0.010097639 0.669759572
1756585864706221824.000000 1.758284092 -0.032638744 0.657046318 0.014981660 0.742402732 0.010307493 -0.669707119
1756585864772905728.000000 1.751649141 -0.033139434 0.656978607 -0.015701352 -0.742689610 -0.010003869 0.669377029
1756585864839589376.000000 1.745774508 -0.033638712 0.656259656 -0.014784707 -0.742899299 -0.008479471 0.669186294
1756585864906272256.000000 1.739744306 -0.033945389 0.655566812 -0.015282141 -0.742636383 -0.008455482 0.669467092
1756585864939613952.000000 1.736419559 -0.033381473 0.655008912 -0.015749719 -0.742516875 -0.008748671 0.669585168
1756585865006297856.000000 1.729182124 -0.032800749 0.654119730 -0.015918387 -0.741731644 -0.009833927 0.670435846
1756585865072981248.000000 1.721916676 -0.032304402 0.653892398 -0.016280178 -0.741498291 -0.010793574 0.670670390
1756585865106323200.000000 1.718960881 -0.032288987 0.653622150 -0.016235080 -0.741656899 -0.010643576 0.670498550
1756585865173005568.000000 1.713292599 -0.031471752 0.653248072 0.015311105 0.741733491 0.009196810 -0.670456946
1756585865239687936.000000 1.706823111 -0.031438589 0.652736783 0.015396731 0.741571724 0.009087210 -0.670635343
1756585865273029120.000000 1.702389717 -0.031672884 0.652742624 -0.015424333 -0.741562545 -0.009128564 0.670644343
1756585865339710464.000000 1.695529103 -0.031689137 0.651752353 -0.016347436 -0.741735160 -0.009658682 0.670424163
1756585865406392832.000000 1.687463045 -0.030754857 0.650635362 -0.017012347 -0.741206169 -0.011230286 0.670967877
1756585865439734272.000000 1.684292674 -0.030668318 0.650252342 -0.016969280 -0.740950048 -0.011282927 0.671250939
1756585865506416640.000000 1.678127289 -0.030696748 0.649644375 -0.016667794 -0.740758836 -0.010898556 0.671475828
1756585865573099008.000000 1.673023582 -0.030868236 0.649081230 -0.017057424 -0.741581500 -0.011212946 0.670552194
1756585865639781120.000000 1.665494680 -0.031212743 0.647912264 0.017407687 0.742248178 0.011241827 -0.669804633
1756585865706463488.000000 1.659325004 -0.031253979 0.647328019 0.017335877 0.741863072 0.011329565 -0.670231521
1756585865773145088.000000 1.653382897 -0.030712297 0.646723151 -0.016472915 -0.741927147 -0.010496073 0.670196056
1756585865839826944.000000 1.647177935 -0.030670285 0.646027207 -0.015823703 -0.741764486 -0.010330969 0.670394242
1756585865906509568.000000 1.639749527 -0.030359253 0.645099521 -0.016118729 -0.741236985 -0.011619592 0.670949280
1756585865939850752.000000 1.636210561 -0.030036990 0.644716501 -0.016475767 -0.741415560 -0.012075002 0.670735300
1756585866006533120.000000 1.630357742 -0.030406859 0.643829226 -0.016743457 -0.741077602 -0.012378779 0.671096444
1756585866073215232.000000 1.624880075 -0.030863509 0.643388152 -0.015810858 -0.741269529 -0.011584013 0.670921326
1756585866139898624.000000 1.618827581 -0.031073194 0.643162131 -0.015922545 -0.741592228 -0.011118888 0.670569897
1756585866173240064.000000 1.615867615 -0.030499354 0.643214226 0.016073557 0.741583347 0.011054705 -0.670577168
1756585866273263872.000000 1.605977774 -0.029969070 0.641311169 -0.015819099 -0.741413832 -0.011221630 0.670767844
1756585866339947008.000000 1.600509644 -0.029905191 0.640700340 -0.014953865 -0.741119981 -0.010184074 0.671128809
1756585866373288960.000000 1.597369909 -0.029382667 0.640260816 -0.015015337 -0.740948677 -0.010551211 0.671310902
1756585866439971840.000000 1.589620352 -0.028980887 0.639286160 -0.015641551 -0.740931928 -0.011105117 0.671306133
1756585866506655232.000000 1.583841205 -0.028931275 0.638919473 -0.015476736 -0.741617858 -0.010642328 0.670559704
1756585866573338624.000000 1.578431487 -0.029395966 0.638886452 -0.014832904 -0.742226422 -0.009129073 0.669922888
1756585866640021760.000000 1.571489811 -0.029264852 0.638160110 0.014855926 0.742170095 0.009310970 -0.669982255
1756585866706704128.000000 1.565119267 -0.029277761 0.637188673 -0.015246068 -0.741767704 -0.010328090 0.670404077
1756585866773387520.000000 1.559263110 -0.029112300 0.636720896 -0.014950514 -0.742089629 -0.009716666 0.670063555
1756585866806728960.000000 1.556159019 -0.028725378 0.636238456 -0.015068247 -0.742216170 -0.009718302 0.669920743
1756585866873412352.000000 1.550432682 -0.028918335 0.635354638 -0.014369983 -0.742667973 -0.008834208 0.669447362
1756585866940095744.000000 1.544740677 -0.028874777 0.635167003 -0.014135197 -0.742581189 -0.008874497 0.669548094
1756585867006778880.000000 1.538205028 -0.028931087 0.634036064 -0.013655069 -0.742566884 -0.008379756 0.669580340
1756585867040120576.000000 1.534501910 -0.028765641 0.633776903 -0.013654289 -0.742589951 -0.008475433 0.669553518
1756585867106802688.000000 1.528220654 -0.029975470 0.633292675 0.013987005 0.742581844 0.008461159 -0.669555843
1756585867173484544.000000 1.522334933 -0.029462654 0.632814527 -0.014550124 -0.742830634 -0.008495295 0.669267416
1756585867240166656.000000 1.515372992 -0.029156012 0.631998539 -0.014913357 -0.742736518 -0.009253303 0.669353783
1756585867306848512.000000 1.508950949 -0.028533839 0.630996823 -0.014288143 -0.742382824 -0.009093906 0.669761896
1756585867340189440.000000 1.505846024 -0.028460536 0.630965114 -0.014237773 -0.742227435 -0.008876104 0.669938087
1756585867406871552.000000 1.500115156 -0.028882559 0.630612850 -0.013995584 -0.742150962 -0.008391038 0.670034170
1756585867473553408.000000 1.494248629 -0.029147403 0.630081415 -0.013485220 -0.741828918 -0.008019451 0.670405746
1756585867506894336.000000 1.490800619 -0.029230658 0.629747033 -0.013647403 -0.741670191 -0.007982017 0.670578420
1756585867573575168.000000 1.483658552 -0.029128592 0.629519701 0.013950633 0.741076469 0.008320647 -0.671224177
1756585867640257024.000000 1.477739453 -0.029897943 0.628184080 -0.013504253 -0.737719953 -0.008947455 0.674912512
1756585867706938624.000000 1.470629692 -0.030076604 0.630168617 -0.013813854 -0.729120314 -0.008816254 0.684189260
1756585867773620480.000000 1.463737249 -0.030437995 0.631168067 -0.013675725 -0.727635622 -0.007954619 0.685781479
1756585867840302336.000000 1.457713604 -0.029855557 0.629803598 -0.013296193 -0.730175734 -0.007846373 0.683085024
1756585867873643264.000000 1.454498887 -0.029981304 0.629437685 -0.012979547 -0.730138421 -0.007587469 0.683133900
1756585867940325120.000000 1.447673559 -0.029912291 0.629806817 -0.013112995 -0.730387568 -0.007167502 0.682869494
1756585868007005696.000000 1.440137386 -0.030260233 0.630007803 0.014402016 0.730679154 0.008042918 -0.682521701
1756585868040346368.000000 1.438793898 -0.029298449 0.627969503 0.013778857 0.729779184 0.008203163 -0.683494925
1756585868107028224.000000 1.431741714 -0.027907101 0.627134323 -0.012182459 -0.728917599 -0.007838740 0.684448242
1756585868173711616.000000 1.426621318 -0.027972944 0.627060533 -0.011810829 -0.729911804 -0.006944675 0.683404028
1756585868240394496.000000 1.421462297 -0.028621472 0.626188576 0.010679205 0.730166674 0.006374666 -0.683155954
1756585868307077376.000000 1.415083051 -0.028615741 0.625864565 -0.011353204 -0.730843842 -0.006938224 0.682415068
1756585868373760512.000000 1.406784296 -0.028048687 0.625104547 -0.013015190 -0.730976343 -0.008056967 0.682231128
1756585868407102208.000000 1.403092623 -0.027982645 0.624573112 -0.013451770 -0.730860174 -0.008776819 0.682338297
1756585868473784320.000000 1.397533178 -0.028387144 0.623535812 0.013392388 0.730268538 0.008466586 -0.682976484
1756585868540466944.000000 1.390892267 -0.027918901 0.624188781 -0.012169610 -0.730776548 -0.007416702 0.682468057
1756585868607150080.000000 1.384983897 -0.027828455 0.623936117 0.011939317 0.731074333 0.006487985 -0.682162583
1756585868640491776.000000 1.382225513 -0.028112464 0.623963475 0.011696833 0.730866432 0.006536935 -0.682389081
1756585868707174656.000000 1.375097871 -0.028007081 0.623602986 0.012176486 0.730664134 0.007095188 -0.682591677
1756585868773857792.000000 1.367464066 -0.027696442 0.622917771 -0.013122716 -0.730849326 -0.008693630 0.682357371
1756585868840540928.000000 1.361367583 -0.027280524 0.622377336 -0.012809996 -0.731068671 -0.007966610 0.682137132
1756585868907223040.000000 1.356145263 -0.028289754 0.621113479 0.012290942 0.730550766 0.006829395 -0.682713687
1756585868940564480.000000 1.353195667 -0.028260939 0.620994866 -0.011950804 -0.730286241 -0.006556767 0.683005333
1756585869007247360.000000 1.346411943 -0.027710976 0.621364772 -0.012505095 -0.730508566 -0.006959775 0.682753623
1756585869073930752.000000 1.339057922 -0.027342917 0.620310843 -0.014039112 -0.731046140 -0.008195654 0.682134390
1756585869107271936.000000 1.335824251 -0.027457945 0.619855642 -0.014683393 -0.731236219 -0.008748141 0.681910217
1756585869173954304.000000 1.329349279 -0.027221479 0.619590163 -0.014630468 -0.731677413 -0.008478523 0.681441367
1756585869240636672.000000 1.324709177 -0.027975930 0.619549155 0.013119394 0.731542468 0.006295379 -0.681640685
1756585869307318784.000000 1.318556070 -0.028053816 0.619681299 0.012344038 0.731319845 0.006101051 -0.681895792
1756585869374000128.000000 1.311160684 -0.027347837 0.619381547 -0.013624686 -0.731353939 -0.007155408 0.681824446
1756585869440682240.000000 1.303260565 -0.026736937 0.617996633 0.014396026 0.731308162 0.008484817 -0.681842566
1756585869474023168.000000 1.300670624 -0.026917499 0.618498683 -0.014798289 -0.731985509 -0.008302445 0.681109011
1756585869540705280.000000 1.295755506 -0.027677968 0.618170381 -0.013676361 -0.732308507 -0.007481880 0.680794656
1756585869607387648.000000 1.289119720 -0.027544973 0.618019462 -0.013697918 -0.732600927 -0.006902754 0.680485606
1756585869674069760.000000 1.282361388 -0.027768698 0.617489994 -0.014003448 -0.732183039 -0.007493335 0.680922866
1756585869707410688.000000 1.279032469 -0.027345365 0.617214441 -0.014347174 -0.731560171 -0.007573203 0.681583881
1756585869774091776.000000 1.271733284 -0.027281061 0.616669357 -0.014788714 -0.730805457 -0.008524208 0.682372332
1756585869840773888.000000 1.264451742 -0.027730230 0.615265191 0.015296090 0.730171502 0.010618538 -0.683010161
1756585869907456256.000000 1.257918358 -0.028047353 0.614882410 0.014445057 0.730696261 0.009615154 -0.682482243
1756585869940796928.000000 1.255746365 -0.027337929 0.616282105 -0.014228797 -0.731219888 -0.008413162 0.681941628
1756585870007479040.000000 1.250767350 -0.027359081 0.615459681 -0.012985718 -0.731366575 -0.007356680 0.681821287
1756585870074161152.000000 1.245024443 -0.027339198 0.615508199 -0.012889549 -0.731489956 -0.007179983 0.681692541
1756585870140842752.000000 1.238630772 -0.026994713 0.615102410 -0.013876744 -0.731391251 -0.008141978 0.681768358
1756585870207524352.000000 1.231069803 -0.027045913 0.615019143 -0.015399080 -0.731778860 -0.009145565 0.681306839
1756585870240864000.000000 1.227003336 -0.026812602 0.614573538 -0.016091043 -0.731709719 -0.009626820 0.681358516
1756585870307545344.000000 1.220401764 -0.026685677 0.614404321 -0.015039789 -0.731503904 -0.009127684 0.681610286
1756585870374226944.000000 1.213846445 -0.027281903 0.612762332 0.013902278 0.730831623 0.008427851 -0.682364166
1756585870440908544.000000 1.208471775 -0.026911089 0.612797678 -0.014964204 -0.731748700 -0.008622504 0.681355774
1756585870507589888.000000 1.201746941 -0.026736658 0.612414896 -0.015990838 -0.732102394 -0.009777798 0.680936694
1756585870540930560.000000 1.198204994 -0.026655998 0.612517834 -0.015646499 -0.732218742 -0.009649645 0.680821478
1756585870607611904.000000 1.193516970 -0.027193774 0.612256348 -0.013885066 -0.732058823 -0.007288555 0.681061029
1756585870674292224.000000 1.187840223 -0.027422162 0.612344563 0.013460686 0.732653141 0.006630884 -0.680436909
1756585870740973824.000000 1.180105686 -0.026804451 0.611896157 -0.014933781 -0.732973695 -0.008586369 0.680038929
1756585870774314240.000000 1.176243782 -0.026454708 0.611350596 -0.015839422 -0.732926965 -0.009351277 0.680058658
1756585870840995584.000000 1.169265032 -0.026907997 0.610237598 0.016310353 0.732787430 0.009732750 -0.680192530
1756585870907676672.000000 1.164657354 -0.026470900 0.610641837 -0.014819418 -0.733031929 -0.006883612 0.679998040
1756585870974358016.000000 1.159128904 -0.026078520 0.610165417 0.014838801 0.733580112 0.006205367 -0.679412663
1756585871041039104.000000 1.151501894 -0.025880316 0.609512568 -0.015397810 -0.733451128 -0.006923221 0.679532528
1756585871107719680.000000 1.144123435 -0.025105784 0.608990431 -0.015889181 -0.732463360 -0.008167583 0.680572033
1756585871141060608.000000 1.140726209 -0.024935300 0.608830035 -0.015524323 -0.732009172 -0.008327662 0.681067050
1756585871207742208.000000 1.133893728 -0.025021270 0.608504355 -0.016427893 -0.732121468 -0.008812966 0.680918992
1756585871274423552.000000 1.127617359 -0.024926679 0.607664764 -0.016305994 -0.732569993 -0.008499200 0.680443406
1756585871341105152.000000 1.121541023 -0.025481986 0.607713699 0.015429166 0.732904315 0.007515140 -0.680115283
1756585871407786496.000000 1.116790295 -0.026140228 0.607888639 -0.014732959 -0.732972860 -0.006632592 0.680065989
1756585871474468096.000000 1.110276341 -0.025592225 0.607202590 0.015007944 0.732970595 0.007601947 -0.680052340
1756585871541148672.000000 1.102462530 -0.025135210 0.606396198 0.016078752 0.732882917 0.008680777 -0.680109382
1756585871574489344.000000 1.099298239 -0.024953540 0.606268406 0.016315648 0.733229220 0.009006760 -0.679726183
1756585871641170688.000000 1.093089342 -0.025054419 0.605727553 0.015943082 0.733687341 0.008119089 -0.679251730
1756585871707852032.000000 1.087809324 -0.025949964 0.604974091 0.015687902 0.733942330 0.007325567 -0.678991199
1756585871774533632.000000 1.081829548 -0.026114864 0.604682207 0.015888609 0.733835936 0.007837128 -0.679095745
1756585871841214976.000000 1.075258017 -0.026333895 0.604628384 0.015564219 0.733692586 0.007426451 -0.679262698
1756585871907896064.000000 1.069916129 -0.025908073 0.602603376 -0.015416856 -0.733926892 -0.006874666 0.679018795
1756585871941236480.000000 1.066362381 -0.025817348 0.602256477 -0.015954828 -0.734268665 -0.007408174 0.678631067
1756585872007916800.000000 1.059620619 -0.025380185 0.602178216 -0.017111326 -0.734512746 -0.008066979 0.678331196
1756585872074598144.000000 1.052881122 -0.025321335 0.601698041 -0.017730670 -0.734122515 -0.008253116 0.678735375
1756585872141278720.000000 1.046691656 -0.025375789 0.601129532 -0.016823305 -0.733092308 -0.008387576 0.679869413
1756585872207958784.000000 1.040886998 -0.025773320 0.601107895 -0.016566815 -0.733553708 -0.007678753 0.679386258
1756585872274638848.000000 1.034384489 -0.025247023 0.600575686 -0.016706454 -0.734273672 -0.007719894 0.678604186
1756585872341318912.000000 1.029138327 -0.026454857 0.601128697 0.017256189 0.733902812 0.008030410 -0.678987861
1756585872374658816.000000 1.025890827 -0.026198896 0.601242125 0.017687952 0.733720005 0.008281596 -0.679171264
1756585872441337856.000000 1.016158104 -0.024562817 0.598999083 -0.019179590 -0.733281970 -0.008889656 0.679596066
1756585872508017664.000000 1.009828091 -0.024454689 0.599025011 -0.019162424 -0.732437253 -0.008897052 0.680506706
1756585872574697472.000000 1.003221989 -0.024125125 0.598267615 -0.019130049 -0.732099414 -0.008757568 0.680872917
1756585872641377536.000000 0.997579694 -0.024392795 0.598091364 -0.018272378 -0.731759965 -0.008396458 0.681265771
1756585872674717184.000000 0.994974911 -0.024856100 0.597931266 -0.017702052 -0.731499672 -0.008013547 0.681564867
1756585872741396992.000000 0.988497674 -0.024725975 0.597429633 -0.017635761 -0.731567562 -0.008006003 0.681493819
1756585872808076800.000000 0.981202960 -0.024331149 0.597171783 -0.018922884 -0.732113838 -0.009187798 0.680857420
1756585872874755328.000000 0.974508345 -0.024482865 0.595788538 0.019379243 0.731854022 0.009871336 -0.681114256
1756585872908095232.000000 0.970437646 -0.023088735 0.595733047 -0.018928386 -0.731984258 -0.010211678 0.680981994
1756585872974774784.000000 0.964725554 -0.023068232 0.595564306 -0.018748462 -0.731838107 -0.009619889 0.681152701
1756585873041454592.000000 0.959482312 -0.023277856 0.594703674 -0.017274657 -0.732558966 -0.008745394 0.680428147
1756585873108134144.000000 0.952265620 -0.022782108 0.594324231 -0.017821237 -0.733159363 -0.008757534 0.679767013
1756585873174814976.000000 0.945010424 -0.022825345 0.594193101 -0.018710613 -0.733079433 -0.009721674 0.679816186
1756585873241495808.000000 0.939201474 -0.022634756 0.593685329 -0.019012600 -0.732683301 -0.010754253 0.680219173
1756585873308176640.000000 0.931177855 -0.021530153 0.593009531 0.019064210 0.732099473 0.010164188 -0.680855215
1756585873374856192.000000 0.925476670 -0.021492273 0.592190504 0.018446827 0.732487202 0.010121521 -0.680455565
1756585873441537024.000000 0.920043051 -0.022901362 0.591971636 -0.017745957 -0.732378185 -0.009984529 0.680593669
1756585873474877440.000000 0.916554987 -0.022714723 0.592276335 -0.017691452 -0.732185960 -0.009938878 0.680802464
1756585873541558016.000000 0.910542011 -0.022636212 0.591381431 -0.017411362 -0.731732786 -0.010476433 0.681288719
1756585873608238592.000000 0.904165924 -0.022533067 0.590843499 -0.017415352 -0.732325673 -0.010462728 0.680651426
1756585873674919168.000000 0.897659063 -0.022601796 0.590673208 -0.017569149 -0.732822657 -0.010669015 0.680109203
1756585873741599744.000000 0.891063511 -0.022515774 0.590286732 -0.017388290 -0.732423604 -0.011018293 0.680538058
1756585873808279552.000000 0.885230184 -0.022900445 0.589450955 -0.017157303 -0.731968939 -0.011019454 0.681032896
1756585873841619968.000000 0.880436182 -0.021141231 0.589410901 0.017762609 0.731851876 0.011190686 -0.681140363
1756585873908300288.000000 0.873322666 -0.020986479 0.589124322 -0.017845102 -0.732123971 -0.011498990 0.680840611
1756585873974981120.000000 0.867715836 -0.020768952 0.589210153 -0.016759623 -0.732694030 -0.009997960 0.680278361
1756585874041661184.000000 0.861903608 -0.021195728 0.588332117 -0.016493719 -0.733175635 -0.010153376 0.679763496
1756585874108342016.000000 0.855114520 -0.020668633 0.587679267 -0.016696161 -0.732820332 -0.010779774 0.680131972
1756585874175023872.000000 0.848806083 -0.020703694 0.587301672 -0.016523762 -0.732739091 -0.010863929 0.680222332
1756585874208363776.000000 0.845204234 -0.020354392 0.587038994 -0.016994176 -0.733076811 -0.011043152 0.679843903
1756585874275045376.000000 0.839590073 -0.020095672 0.586386442 -0.016147187 -0.732860267 -0.010686002 0.680103660
1756585874341727232.000000 0.834194422 -0.021001954 0.586238205 0.015717691 0.733101904 0.010731575 -0.679852605
1756585874408408832.000000 0.827115715 -0.020867199 0.585614860 -0.016527023 -0.734766245 -0.010503711 0.678037763
1756585874475090432.000000 0.820364416 -0.020742474 0.585646212 -0.016579596 -0.733785570 -0.010424320 0.679098845
1756585874541772032.000000 0.814097524 -0.020797657 0.585380912 -0.016861793 -0.732540786 -0.011337630 0.680419862
1756585874608453888.000000 0.807828546 -0.020028058 0.584737360 -0.016263785 -0.732700944 -0.011332243 0.680262089
1756585874675134720.000000 0.801726341 -0.019808339 0.584783435 -0.016503304 -0.732981205 -0.011350824 0.679953992
1756585874741816576.000000 0.795285463 -0.020450165 0.584570408 -0.016930224 -0.733648956 -0.011370393 0.679222643
1756585874775157248.000000 0.792147815 -0.020692337 0.583901763 -0.016653597 -0.733238220 -0.011502299 0.679670572
1756585874841838848.000000 0.786521554 -0.020447258 0.582904696 0.015803855 0.731808960 0.011512142 -0.681229353
1756585874941861120.000000 0.775420070 -0.018013667 0.581754327 -0.014898709 -0.732135177 -0.011326874 0.680902362
1756585874975201792.000000 0.772079945 -0.017694447 0.581830502 -0.014932097 -0.732301176 -0.011324312 0.680723071
1756585875041883392.000000 0.765455782 -0.017302990 0.581151605 -0.015526847 -0.732542455 -0.011209480 0.680452049
1756585875108564736.000000 0.759482324 -0.016996304 0.580756068 -0.015019476 -0.732764184 -0.010648575 0.680233538
1756585875175256832.000000 0.752213180 -0.016588116 0.579953194 -0.015270113 -0.732526362 -0.010954279 0.680479288
1756585875241949440.000000 0.746516705 -0.016618656 0.578983903 -0.014674159 -0.732604444 -0.010684996 0.680412591
1756585875308641536.000000 0.740524530 -0.016714850 0.578685045 -0.014744320 -0.733412206 -0.010703134 0.679539979
1756585875341987584.000000 0.737907648 -0.016828783 0.579314351 0.015067359 0.733480394 0.010567650 -0.679461479
1756585875442026496.000000 0.728762388 -0.016628327 0.577792645 -0.014799059 -0.733607769 -0.010294999 0.679334044
1756585875475372544.000000 0.725861371 -0.016659284 0.578155756 -0.014743135 -0.733533084 -0.010194506 0.679417431
1756585875542064384.000000 0.719756722 -0.016801920 0.576975226 -0.014294555 -0.732953310 -0.010624619 0.680045784
1756585875608757248.000000 0.713290691 -0.016672088 0.575367332 -0.014270314 -0.733428776 -0.010980608 0.679527819
1756585875675450112.000000 0.706766844 -0.016447252 0.574505270 -0.015290217 -0.733413100 -0.011705183 0.679510415
1756585875742143488.000000 0.700296342 -0.016872371 0.574286938 -0.014674637 -0.733433008 -0.011468651 0.679506540
1756585875775490048.000000 0.697522581 -0.017319243 0.574005365 -0.014026502 -0.733438969 -0.010533189 0.679529011
1756585875842183168.000000 0.691336453 -0.017003000 0.574163795 0.012930757 0.732790589 0.010149383 -0.680255711
1756585875908876544.000000 0.684277177 -0.016320821 0.572150707 0.013850957 0.732719600 0.011068579 -0.680299699
1756585875975569920.000000 0.677614272 -0.016152306 0.573446095 -0.014996281 -0.733718395 -0.011394379 0.679192662
1756585876042262784.000000 0.671476424 -0.015217139 0.572955847 -0.014576524 -0.733536482 -0.010868083 0.679406941
1756585876108955648.000000 0.665578127 -0.015253506 0.573001564 -0.014205474 -0.733238399 -0.009616880 0.679755211
1756585876142297088.000000 0.662452519 -0.015232873 0.573064744 -0.013893078 -0.732690930 -0.009508635 0.680353284
1756585876208979968.000000 0.655920744 -0.015242040 0.572905123 -0.013929819 -0.732128859 -0.009711602 0.680954576
1756585876275662592.000000 0.649697244 -0.015238474 0.572422504 -0.013984957 -0.732635140 -0.009905736 0.680405915
1756585876309003776.000000 0.646543443 -0.015140052 0.571966708 -0.014105700 -0.732785344 -0.010188758 0.680237472
1756585876375686912.000000 0.639661312 -0.014875803 0.570820093 0.014510934 0.732433558 0.010823035 -0.680597901
1756585876442368768.000000 0.634172618 -0.015114592 0.570361137 0.013488381 0.732078254 0.009802116 -0.681016505
1756585876509051648.000000 0.627708793 -0.015846113 0.570910573 -0.012642232 -0.732259393 -0.009536744 0.680841744
1756585876575734272.000000 0.620978892 -0.015728178 0.570621014 -0.013354248 -0.732934058 -0.009588905 0.680100977
1756585876642416896.000000 0.613453865 -0.015243049 0.570273399 -0.014334430 -0.733425379 -0.010870677 0.679531872
1756585876675758592.000000 0.609883547 -0.014814953 0.570032358 -0.014600240 -0.733404160 -0.010803761 0.679550171
1756585876742441472.000000 0.602660060 -0.014286836 0.569774032 -0.015215514 -0.733561516 -0.011439640 0.679356396
1756585876809124352.000000 0.597524762 -0.014354734 0.569869041 -0.013649005 -0.733240902 -0.010204892 0.679755390
1756585876875806976.000000 0.592490494 -0.014901982 0.569885671 -0.012125549 -0.732541621 -0.008644613 0.680559397
1756585876942488576.000000 0.586555541 -0.015657634 0.568080366 0.011880987 0.732501626 0.009176053 -0.680599749
1756585877009171712.000000 0.578316808 -0.014059385 0.567920446 -0.014646591 -0.733052790 -0.010958795 0.679925799
1756585877042513152.000000 0.573904455 -0.014031833 0.567568123 -0.015177335 -0.733021140 -0.011340118 0.679942012
1756585877109196032.000000 0.568357885 -0.013840645 0.567012787 -0.014291080 -0.732834160 -0.009907123 0.680185139
1756585877175878144.000000 0.563573897 -0.014253153 0.566721082 -0.012640753 -0.732145131 -0.008277186 0.680981159
1756585877242560000.000000 0.556921899 -0.013784949 0.566810250 -0.012502654 -0.731687129 -0.008002774 0.681478977
1756585877309241856.000000 0.549550533 -0.013680596 0.566206872 -0.013846079 -0.732498109 -0.009325495 0.680564404
1756585877342581760.000000 0.545989096 -0.013594290 0.565806210 -0.014079359 -0.732296765 -0.009745326 0.680770338
1756585877409263616.000000 0.539409399 -0.013148482 0.565635681 0.013150211 0.731025815 0.009175608 -0.682161450
1756585877475945472.000000 0.534116387 -0.012657150 0.565229714 0.012707473 0.731504440 0.008017008 -0.681671202
1756585877542627328.000000 0.527327240 -0.014033562 0.565300763 -0.011985335 -0.728435516 -0.007564192 0.684967816
1756585877575968256.000000 0.523381412 -0.014848348 0.566858411 -0.012904460 -0.724174380 -0.008667366 0.689441741
1756585877642650112.000000 0.515802920 -0.014276962 0.568824351 -0.013985260 -0.717532814 -0.010152176 0.696310401
1756585877709331968.000000 0.510635734 -0.015089009 0.568599224 -0.013485691 -0.718220055 -0.009053768 0.695626497
1756585877776012800.000000 0.505271494 -0.015339658 0.567743838 -0.014338364 -0.720442414 -0.009565712 0.693300605
1756585877842694656.000000 0.499564290 -0.015283024 0.567082763 -0.012536825 -0.720013618 -0.007489176 0.693806291
1756585877876035584.000000 0.495885372 -0.015727064 0.566961229 -0.012175453 -0.720221639 -0.007426054 0.693597496
1756585877942717440.000000 0.487702906 -0.013999932 0.565571427 0.013536842 0.720632792 0.009314485 -0.693122268
1756585878009399296.000000 0.481334150 -0.014583467 0.565494418 0.014892812 0.720576644 0.009674309 -0.693147898
1756585878076081152.000000 0.474157512 -0.012444729 0.565262973 -0.013294922 -0.720243037 -0.009675321 0.693526983
1756585878109422080.000000 0.471879244 -0.012523124 0.564823329 -0.013232253 -0.720791161 -0.008884067 0.692969143
1756585878176105728.000000 0.465717793 -0.012487197 0.565259397 -0.013786978 -0.721462607 -0.008877929 0.692259312
1756585878242788352.000000 0.459054470 -0.012824795 0.565180063 -0.013593589 -0.721389592 -0.009083396 0.692336559
1756585878309471744.000000 0.452064812 -0.012259509 0.565471768 -0.013706442 -0.721130848 -0.008610899 0.692609847
1756585878376155904.000000 0.446392059 -0.012365419 0.565010250 -0.014017241 -0.720897973 -0.009641385 0.692832470
1756585878409497600.000000 0.443048477 -0.012229003 0.564532578 -0.013532711 -0.720754743 -0.009333077 0.692995250
1756585878476181248.000000 0.435595810 -0.012667441 0.564223468 0.014734919 0.720950723 0.010413151 -0.692751467
1756585878542864896.000000 0.429195940 -0.012131337 0.563550532 0.014651157 0.721011639 0.010844743 -0.692683220
1756585878609548544.000000 0.423349857 -0.012274249 0.564059138 -0.012964739 -0.721594453 -0.010051423 0.692121685
1756585878676231168.000000 0.417512894 -0.011678334 0.563572109 -0.012930443 -0.721707761 -0.009391938 0.692013443
1756585878742914560.000000 0.410462677 -0.011436731 0.563497186 -0.014208312 -0.721626222 -0.010864477 0.692051828
1756585878776256768.000000 0.406680882 -0.010839990 0.563508272 -0.014455922 -0.721607387 -0.011039895 0.692063689
1756585878842940416.000000 0.400580406 -0.011142598 0.562976480 -0.014179797 -0.721705437 -0.010630742 0.691973448
1756585878909624320.000000 0.394705713 -0.011603030 0.562706470 -0.014114517 -0.722183943 -0.009967241 0.691485167
1756585878976308224.000000 0.388077140 -0.011423321 0.562527180 -0.014862509 -0.722445488 -0.010709133 0.691185176
1756585879042991616.000000 0.381811857 -0.012425331 0.562165320 0.014373020 0.722162366 0.011101583 -0.691485107
1756585879076333824.000000 0.378767669 -0.012376413 0.562390327 0.014393282 0.722317040 0.010406727 -0.691333950
1756585879143015680.000000 0.371166885 -0.011099242 0.561438978 -0.014073787 -0.722659826 -0.010418068 0.690982103
1756585879209698048.000000 0.364437342 -0.010926249 0.561261654 -0.014699729 -0.722806454 -0.010313544 0.690817237
1756585879276380416.000000 0.358145177 -0.010511018 0.561430275 -0.014303048 -0.722921968 -0.010494227 0.690702021
1756585879309721600.000000 0.354922950 -0.010173815 0.560768187 -0.014045811 -0.722808719 -0.010061744 0.690832198
1756585879376403968.000000 0.349001229 -0.010435475 0.560604393 -0.013222910 -0.722599089 -0.009087101 0.691081285
1756585879443086592.000000 0.342640281 -0.010291380 0.560688734 -0.014090908 -0.722730279 -0.009678097 0.690918863
1756585879509768960.000000 0.335512280 -0.010283772 0.560679555 -0.015574731 -0.722993135 -0.010666259 0.690597296
1756585879576450304.000000 0.328953385 -0.010326727 0.560801983 0.016011275 0.722534716 0.010838543 -0.691064239
1756585879609791744.000000 0.326050818 -0.010634523 0.560683906 0.016026545 0.722567856 0.011008629 -0.691026568
1756585879676474112.000000 0.320001841 -0.008669186 0.560157537 -0.015307528 -0.722076654 -0.009818042 0.691574037
1756585879743156480.000000 0.313057423 -0.008968767 0.559357166 -0.015143921 -0.721947670 -0.010578246 0.691701055
1756585879809838848.000000 0.306414247 -0.008249301 0.559052646 -0.015583053 -0.722181499 -0.011058283 0.691439688
1756585879876521472.000000 0.299511433 -0.008384073 0.558853149 -0.016033029 -0.722095847 -0.011250594 0.691515744
1756585879909862400.000000 0.296278775 -0.008347679 0.558967292 -0.016123401 -0.722078860 -0.011165606 0.691532731
1756585879976544768.000000 0.289821327 -0.008157630 0.558825374 -0.016076759 -0.722195983 -0.010879306 0.691416085
1756585880043226368.000000 0.283192098 -0.008015051 0.558523118 -0.017427955 -0.723233640 -0.011215104 0.690292478
1756585880109908480.000000 0.277433813 -0.007053951 0.558604002 0.017650072 0.723767877 0.009783464 -0.689748406
1756585880143329024.000000 0.274310291 -0.007209367 0.558756232 0.017467411 0.723693848 0.009856398 -0.689829767
1756585880210170624.000000 0.266923308 -0.005999501 0.558980942 -0.018106049 -0.723224044 -0.010792118 0.690291762
1756585880277014784.000000 0.260003984 -0.005966648 0.558940887 -0.018521737 -0.723523915 -0.011268303 0.689958870
1756585880343860480.000000 0.254307687 -0.006149142 0.558803856 -0.017864930 -0.723772347 -0.009747697 0.689738750
1756585880410708224.000000 0.247998118 -0.006003071 0.558402896 -0.018192844 -0.724265695 -0.010017877 0.689208269
1756585880444132096.000000 0.244633496 -0.005890251 0.558471501 -0.018819818 -0.724728465 -0.009788392 0.688708007
1756585880510983168.000000 0.237554669 -0.005790182 0.557803929 -0.018989109 -0.724673331 -0.010637413 0.688748717
1756585880577836032.000000 0.230431616 -0.004988149 0.557723343 -0.019332668 -0.724030495 -0.010725113 0.689413667
1756585880644691200.000000 0.223855793 -0.004898172 0.557332158 0.018601861 0.723954380 0.010489406 -0.689517260
1756585880678119424.000000 0.221146464 -0.005010305 0.556787610 0.018874850 0.723896444 0.009920093 -0.689579129
1756585880744977408.000000 0.214933813 -0.004674687 0.555757999 -0.018001862 -0.724179864 -0.008961955 0.689317942
1756585880811837696.000000 0.208163798 -0.004326794 0.555124700 -0.018354479 -0.724486947 -0.008272050 0.688994527
1756585880845268224.000000 0.204238236 -0.003362810 0.555002093 -0.018440846 -0.724459708 -0.008782559 0.689014554
1756585880912130304.000000 0.196749806 -0.003004833 0.554885685 -0.019864466 -0.724010468 -0.009679272 0.689434946
1756585880978995456.000000 0.190420210 -0.003002252 0.554825842 -0.019330433 -0.723703325 -0.008995062 0.689781785
1756585881045862656.000000 0.184360862 -0.002939303 0.554703891 -0.018677462 -0.723087072 -0.008705151 0.690449476
1756585881079297024.000000 0.180824578 -0.002634352 0.555009484 -0.018270744 -0.722824037 -0.008625897 0.690736771
1756585881146065152.000000 0.176354051 -0.003348797 0.554460227 0.018003259 0.722968221 0.009012356 -0.690587938
1756585881212732672.000000 0.170403838 -0.003880181 0.553056717 0.018455282 0.723260462 0.009096466 -0.690268815
1756585881279400448.000000 0.163126588 -0.003757787 0.553668618 -0.018397851 -0.723578870 -0.008701628 0.689941645
1756585881312733952.000000 0.159643233 -0.003649683 0.553763747 -0.018463792 -0.723667324 -0.008432025 0.689850509
1756585881379399936.000000 0.152950048 -0.003638252 0.553332865 -0.019067552 -0.723778784 -0.009358201 0.689705193
1756585881446066688.000000 0.145973265 -0.003322612 0.552990615 -0.019131629 -0.723708689 -0.009470362 0.689775407
1756585881512733184.000000 0.140406847 -0.002785118 0.552723169 -0.017983114 -0.724075317 -0.008132922 0.689438462
1756585881579399424.000000 0.134757817 -0.002811782 0.552459478 -0.017727772 -0.724207342 -0.007569161 0.689312816
1756585881646065408.000000 0.127781749 -0.002120340 0.551887274 -0.017619822 -0.723848820 -0.008324486 0.689683437
1756585881679398400.000000 0.124981344 -0.004200651 0.550827146 0.018312721 0.723581314 0.009195931 -0.689934909
1756585881746063616.000000 0.117564976 -0.003367131 0.550386310 0.017970433 0.723594546 0.010272083 -0.689914823
1756585881812727808.000000 0.111609936 -0.002386989 0.550008953 -0.017310442 -0.723783195 -0.009335423 0.689747155
1756585881846060544.000000 0.108556926 -0.002182932 0.549608827 -0.017128343 -0.724128902 -0.009239876 0.689390063
1756585881912725504.000000 0.102194786 -0.001632893 0.548937082 -0.016986329 -0.724146664 -0.008767016 0.689381182
1756585881979389952.000000 0.096046269 -0.001589021 0.548957884 -0.016601322 -0.724404216 -0.008800611 0.689119458
1756585882046054144.000000 0.089346826 -0.001354073 0.548616290 -0.016854567 -0.724106312 -0.008944721 0.689424396
1756585882112718592.000000 0.082456708 -0.000487583 0.547918975 -0.016871829 -0.723840654 -0.009814833 0.689691067
1756585882146051584.000000 0.079260945 -0.000628043 0.547980845 -0.016911557 -0.723835051 -0.009527774 0.689700007
1756585882212717056.000000 0.073351800 -0.002431497 0.547586441 0.016839856 0.723866642 0.010090715 -0.689660668
1756585882279382784.000000 0.067559659 -0.002537160 0.547527850 0.015944272 0.723656774 0.008910371 -0.689918339
1756585882346048512.000000 0.060826778 -0.002279502 0.547394335 -0.016349005 -0.723445356 -0.009225285 0.690126419
1756585882379381504.000000 0.057267725 -0.001676333 0.547267318 -0.016605837 -0.723353982 -0.009856887 0.690207362
1756585882446046464.000000 0.050359368 -0.001546425 0.546804249 -0.016933521 -0.723369420 -0.010638172 0.690171599
1756585882479379200.000000 0.047013879 -0.001094406 0.546680272 -0.016852954 -0.723557055 -0.010015524 0.689986229
1756585882546043904.000000 0.041130424 -0.000773896 0.545806289 -0.016476737 -0.723905683 -0.009730058 0.689633548
1756585882579376128.000000 0.038214922 -0.000749211 0.545894980 -0.016383218 -0.724222064 -0.009488302 0.689306915
1756585882646040320.000000 0.032171726 -0.001050291 0.545425892 -0.016070830 -0.724266469 -0.009411370 0.689268649
1756585882712703744.000000 0.025763929 -0.001026206 0.545467794 -0.016361216 -0.724133074 -0.009474981 0.689401090
1756585882779367424.000000 0.017421186 0.000996600 0.544190407 0.014864456 0.723784208 0.009946786 -0.689794660
1756585882812699392.000000 0.014321804 0.000435231 0.544065237 0.015494362 0.724007547 0.010186641 -0.689542770
1756585882879362816.000000 0.008439541 0.000003625 0.543042421 -0.015600930 -0.724571526 -0.010202153 0.688947558
1756585882946025728.000000 0.002602458 0.000113902 0.543147624 -0.015159704 -0.724595904 -0.009692593 0.688939095
1756585882979357440.000000 -0.000633419 0.000258736 0.542981029 -0.014627921 -0.724569499 -0.009998506 0.688973963
1756585883046020096.000000 -0.007152796 0.000345669 0.542373538 -0.014634238 -0.725186646 -0.008764653 0.688341081
1756585883112681728.000000 -0.013801813 0.000449453 0.541789711 -0.014886927 -0.725286126 -0.009318877 0.688223481
1756585883179349760.000000 -0.020869255 0.000773867 0.541459143 -0.015315858 -0.724915445 -0.009814687 0.688597679
1756585883212683520.000000 -0.024353206 0.000780663 0.541096509 -0.015358770 -0.724680901 -0.010301910 0.688836455
1756585883279351040.000000 -0.031279862 0.001233162 0.541319251 -0.015994208 -0.724458337 -0.009458166 0.689068139
1756585883346018304.000000 -0.036823153 0.000807312 0.540875614 0.015515025 0.724167407 0.010002345 -0.689377129
1756585883379351808.000000 -0.040114522 0.001291703 0.541245222 0.014657917 0.724183857 0.008695665 -0.689396322
1756585883446018816.000000 -0.046332717 0.001971376 0.540225089 -0.014450192 -0.724057496 -0.008724324 0.689533114
1756585883512685568.000000 -0.053975940 0.002994690 0.539853930 -0.015083614 -0.724131346 -0.009198621 0.689435780
1756585883546018816.000000 -0.057394862 0.003139001 0.539715648 -0.015366142 -0.724299133 -0.009611072 0.689247668
1756585883612684032.000000 -0.063716233 0.003573917 0.539862871 -0.015125108 -0.724404693 -0.008501720 0.689156592
1756585883679350016.000000 -0.069798738 0.003632104 0.539672852 -0.013850124 -0.723424613 -0.008425123 0.690213025
1756585883712683008.000000 -0.072967529 0.003409561 0.539764404 -0.013909094 -0.723161757 -0.007938532 0.690493047
1756585883779348736.000000 -0.079105467 0.002632894 0.538817346 -0.014101118 -0.723812401 -0.008430225 0.689801276
1756585883846013952.000000 -0.085796148 0.003118111 0.538158655 0.013326267 0.724568188 0.007562416 -0.689032853
1756585883879346432.000000 -0.088796586 0.003956988 0.537909985 0.013047640 0.724696279 0.007730775 -0.688901603
1756585883946011648.000000 -0.095138311 0.002120497 0.537581086 -0.014780057 -0.724036634 -0.009602653 0.689536333
1756585884012675072.000000 -0.102774769 0.003434689 0.537465274 -0.014504860 -0.724136770 -0.010387085 0.689425647
1756585884046007296.000000 -0.106042206 0.003677878 0.536714435 -0.014345414 -0.723865747 -0.010563867 0.689710915
1756585884112671744.000000 -0.112278312 0.003088288 0.536558628 -0.014926763 -0.724695206 -0.011633456 0.688809693
1756585884179471104.000000 -0.119149297 0.002640230 0.536430001 -0.015817925 -0.725654542 -0.011372631 0.687783360
1756585884212888576.000000 -0.122416317 0.002201588 0.536165953 -0.015407167 -0.725906730 -0.011488987 0.687524617
1756585884279724544.000000 -0.128035337 0.002030487 0.535630703 -0.015364988 -0.724998236 -0.011063755 0.688490510
1756585884346563072.000000 -0.134051025 0.002657205 0.534856796 0.013967524 0.724797606 0.010426898 -0.688741386
1756585884379982592.000000 -0.136932820 0.002064731 0.534555197 0.014644964 0.724884629 0.010459012 -0.688635290
1756585884446822656.000000 -0.144225419 0.001725887 0.533971488 -0.015644105 -0.725396931 -0.011886773 0.688050389
1756585884513665536.000000 -0.150756121 0.002196646 0.533912897 -0.015258503 -0.726279199 -0.009849180 0.687159956
1756585884547087616.000000 -0.153505176 0.001897061 0.533461154 -0.015070495 -0.726814747 -0.009561418 0.686601639
1756585884613933312.000000 -0.159850210 0.002174645 0.533342898 -0.015435517 -0.726443768 -0.008923654 0.686994612
1756585884680780544.000000 -0.166976213 0.002413482 0.533275247 -0.015953016 -0.724993348 -0.009872354 0.688500404
1756585884714205184.000000 -0.170308888 0.002445151 0.533491611 -0.016296618 -0.724966347 -0.009415943 0.688527167
1756585884781055744.000000 -0.176701486 0.002904935 0.532316744 -0.015949687 -0.724828482 -0.009680646 0.688676775
1756585884847907840.000000 -0.182182193 0.001652292 0.532905221 0.015295193 0.724723637 0.008654649 -0.688815534
1756585884881333504.000000 -0.185783684 0.002048024 0.532152176 0.014786285 0.724538982 0.008785565 -0.689019263
1756585884914760704.000000 -0.189045668 0.002233530 0.531511664 0.015109748 0.724376440 0.009118785 -0.689178765
1756585884981616640.000000 -0.194752753 0.002921617 0.531069040 -0.015360893 -0.724559247 -0.008249004 0.688992083
1756585885015045376.000000 -0.197834015 0.003398981 0.531107783 -0.014997076 -0.724713206 -0.008096500 0.688839853
1756585885081903872.000000 -0.204616070 0.003441626 0.530867457 -0.015470426 -0.725038171 -0.008456125 0.688483000
1756585885148710656.000000 -0.211939543 0.003616909 0.530325651 -0.016699933 -0.725049555 -0.010396011 0.688415766
1756585885182036224.000000 -0.215352714 0.003884303 0.529606819 -0.016658807 -0.725142956 -0.009905242 0.688325584
1756585885248686592.000000 -0.220936179 0.003580465 0.529331446 -0.015221327 -0.725147605 -0.008532315 0.688372433
1756585885282011648.000000 -0.224165529 0.003587767 0.529391766 -0.015312412 -0.725287735 -0.008352933 0.688224912
1756585885348660224.000000 -0.230432391 0.003575418 0.529078305 0.014348489 0.725664377 0.008252298 -0.687849820
1756585885415309312.000000 -0.236526012 0.002692752 0.529551625 0.014623030 0.725800335 0.007679394 -0.687707126
1756585885448633344.000000 -0.240017891 0.002683642 0.528985262 0.014589485 0.725832760 0.008058419 -0.687669277
1756585885515281664.000000 -0.246585846 0.000902389 0.527881026 -0.016634542 -0.725649357 -0.009544816 0.687797427
1756585885581929216.000000 -0.253784001 0.002790854 0.527170897 -0.015798032 -0.725026250 -0.009365989 0.688476324
1756585885615252992.000000 -0.256675690 0.002384283 0.526875615 -0.016023276 -0.724748075 -0.008907913 0.688770056
1756585885681899520.000000 -0.262592614 0.002819937 0.526297569 -0.015225159 -0.724674702 -0.008531911 0.688870132
1756585885715222784.000000 -0.265986025 0.002980430 0.526224494 -0.014954374 -0.724534452 -0.008066238 0.689029157
1756585885781868032.000000 -0.271978885 0.002710585 0.526275039 -0.014740628 -0.724608004 -0.007993477 0.688957274
1756585885815190784.000000 -0.275256425 0.002171847 0.526358008 -0.015155176 -0.724432945 -0.008266473 0.689129174
1756585885881835776.000000 -0.282197118 0.001752973 0.526567340 -0.016306968 -0.724400461 -0.009343566 0.689123273
1756585885948480256.000000 -0.289090127 0.002007049 0.526571989 0.016872630 0.724399209 0.009801823 -0.689104557
1756585885981802240.000000 -0.292673051 0.002187243 0.526252627 0.016571835 0.724515915 0.009415189 -0.688994586
1756585886015124224.000000 -0.295938820 0.002484788 0.526181102 0.016205508 0.724412084 0.009086220 -0.689116895
1756585886081767680.000000 -0.302118838 0.002145269 0.524387538 -0.015886856 -0.723124802 -0.008384938 0.690483809
1756585886115089152.000000 -0.304934829 0.001983772 0.523898363 -0.015489627 -0.722926021 -0.008466174 0.690699935
1756585886181737472.000000 -0.311618894 0.001989674 0.523602605 -0.015964150 -0.722549081 -0.008410720 0.691084146
1756585886215061248.000000 -0.315451473 0.002200287 0.523441792 -0.016253248 -0.722771764 -0.008913999 0.690838158
1756585886281710592.000000 -0.321380109 0.002263261 0.522696972 -0.015994936 -0.722937882 -0.008825400 0.690671623
1756585886315035136.000000 -0.324468344 0.002441858 0.522449136 -0.015556382 -0.722933829 -0.008205652 0.690693438
1756585886381683712.000000 -0.330403090 0.002446392 0.521923065 -0.015237316 -0.723085940 -0.008312935 0.690540016
1756585886415007488.000000 -0.333852470 0.002208136 0.521975279 -0.015569123 -0.723024070 -0.008257340 0.690598071
1756585886481655296.000000 -0.340094805 0.002517697 0.521660626 0.015005510 0.723140895 0.008240845 -0.690488458
1756585886514978816.000000 -0.343700081 0.002507138 0.521729350 0.015426002 0.723199725 0.008132983 -0.690418839
1756585886581625600.000000 -0.350590825 0.001850097 0.521385908 0.016076177 0.723476291 0.009418024 -0.690097809
1756585886614948864.000000 -0.355498135 0.002012049 0.520561934 -0.015794968 -0.723276258 -0.009122994 0.690317929
1756585886681593600.000000 -0.361568213 0.003518001 0.520542502 0.014310233 0.723721206 0.007719047 -0.689900935
1756585886748239104.000000 -0.367505431 0.003129444 0.520641923 0.014322062 0.723680019 0.006525198 -0.689956248
1756585886781561600.000000 -0.370553464 0.002985797 0.521106839 0.013737791 0.723852038 0.005734336 -0.689794600
1756585886848205824.000000 -0.377224147 0.002934691 0.520583868 0.013831825 0.722941101 0.006174782 -0.690743625
1756585886881527808.000000 -0.380873084 0.003391476 0.520150900 0.014308969 0.722801924 0.006716195 -0.690874517
1756585886914849792.000000 -0.384299874 0.003601014 0.519784510 -0.014942840 -0.722744107 -0.007619015 0.690912187
1756585886981492992.000000 -0.391020030 0.003707922 0.519124150 -0.015056108 -0.722372711 -0.007392514 0.691300511
1756585887014814464.000000 -0.394028097 0.002464790 0.518851519 0.014445585 0.722132981 0.007467913 -0.691563129
1756585887081456896.000000 -0.399538189 0.002600027 0.519226789 -0.013086697 -0.722115457 -0.005657358 0.691625655
1756585887114776832.000000 -0.402173400 0.002109849 0.518938422 -0.012699556 -0.722340047 -0.005002796 0.691403389
1756585887181427456.000000 -0.411075205 0.002731698 0.516939282 -0.012902242 -0.722021461 -0.004466203 0.691735923
1756585887214751232.000000 -0.414671779 0.003379093 0.516609550 -0.013069327 -0.721746266 -0.004635327 0.692018807
1756585887281398528.000000 -0.421634436 0.004123254 0.516455114 -0.012454113 -0.720830381 -0.004839905 0.692982733
1756585887348044800.000000 -0.427785397 0.004051329 0.516257048 -0.011866749 -0.720002413 -0.004257535 0.693857133
1756585887381367808.000000 -0.431120038 0.004184450 0.515732467 0.011937229 0.719800532 0.004679750 -0.694062650
1756585887448013824.000000 -0.437633514 0.004266140 0.515469313 -0.012264377 -0.720507503 -0.004726788 0.693322659
1756585887481336064.000000 -0.440595955 0.003706321 0.515260458 -0.012468623 -0.721007824 -0.004769095 0.692798376
1756585887547980032.000000 -0.446510285 0.002792494 0.515501976 0.012309794 0.721556425 0.003683888 -0.692236483
1756585887581302016.000000 -0.449408203 0.002458119 0.515289903 0.012085175 0.721281648 0.003839992 -0.692525864
1756585887647945984.000000 -0.456248492 0.001934002 0.514825165 0.012791557 0.720700920 0.004334343 -0.693114638
1756585887681267456.000000 -0.460018635 0.001645750 0.514513373 0.013598777 0.720642686 0.005175143 -0.693153977
1756585887747910656.000000 -0.470575333 0.003154364 0.513991475 -0.014376640 -0.724554181 -0.006386249 0.689038396
1756585887781231616.000000 -0.473805875 0.003200611 0.512614846 -0.014797323 -0.728635609 -0.007221006 0.684703648
1756585887847873792.000000 -0.478459001 0.002790802 0.509769499 -0.013646513 -0.737518191 -0.005925642 0.675163448
1756585887881194496.000000 -0.480536819 0.002652851 0.508283854 -0.012774906 -0.741452694 -0.005692705 0.670859456
1756585887947835648.000000 -0.484834254 0.002035248 0.505616128 0.014362169 0.748683155 0.008791247 -0.662714124
1756585887981156096.000000 -0.486466765 0.002469260 0.504439652 0.015226046 0.752015710 0.010128674 -0.658891559
1756585888047795200.000000 -0.485487103 0.002581306 0.503249049 0.015068199 0.757389426 0.009392320 -0.652722061
1756585888081115136.000000 -0.483890772 0.002695025 0.503299594 0.014010308 0.759999812 0.007632773 -0.649727464
1756585888147756544.000000 -0.480503976 0.001789218 0.503273964 0.012163200 0.767196894 0.005660641 -0.641271353
1756585888181081344.000000 -0.478841037 0.000823002 0.501985967 0.012342996 0.771425545 0.004524283 -0.636183858
1756585888247729920.000000 -0.478250861 0.001010005 0.499903828 0.012875291 0.778497696 0.006019867 -0.627486527
1756585888281053952.000000 -0.477663487 0.001528709 0.496699601 -0.013876182 -0.780813336 -0.006757719 0.624573767
1756585888347701760.000000 -0.478040904 0.001680780 0.495981067 0.015702730 0.787315011 0.008936407 -0.616286159
1756585888381025536.000000 -0.477942824 0.001582140 0.495753556 0.015946222 0.790945828 0.009160331 -0.611609817
1756585888447671296.000000 -0.476348877 0.001453713 0.493973821 0.015830325 0.797778964 0.008935230 -0.602675915
1756585888514317568.000000 -0.474411935 0.001402078 0.492541611 0.015455374 0.804514527 0.008391469 -0.593672633
1756585888547640576.000000 -0.473710239 0.001400540 0.491877377 0.015580427 0.807893813 0.008298133 -0.589063585
1756585888614286080.000000 -0.472184062 0.001360239 0.490258157 0.015570804 0.813998878 0.008337259 -0.580597937
1756585888647608832.000000 -0.471783876 0.001915323 0.488462806 0.014877144 0.816885650 0.008399301 -0.576546609
1756585888714253312.000000 -0.469215035 0.001066227 0.487161398 0.014732673 0.823410809 0.008307661 -0.567193508
1756585888747575296.000000 -0.466575772 0.000832265 0.483648151 -0.014290572 -0.825967252 -0.008518951 0.563472509
1756585888780897024.000000 -0.465923309 0.000773918 0.482818305 -0.014286119 -0.829137862 -0.008931216 0.558790386
1756585888847540480.000000 -0.464295864 0.000586845 0.481326997 -0.014393342 -0.835431576 -0.009314937 0.549327075
1756585888914182144.000000 -0.463134587 0.000636786 0.479992479 -0.014523593 -0.841276348 -0.009553707 0.540325880
1756585888947503104.000000 -0.462745398 0.000410033 0.479371786 -0.014387717 -0.844294727 -0.010045148 0.535591722
1756585889014145024.000000 -0.461506456 0.000613086 0.478343129 -0.014202010 -0.850294292 -0.010637459 0.526008427
1756585889047465472.000000 -0.460518092 0.000512674 0.477773041 -0.014465866 -0.853009462 -0.010786085 0.521583617
1756585889114106368.000000 -0.459721833 -0.000028031 0.476087600 0.014509667 0.858501256 0.010955464 -0.512489200
1756585889147435008.000000 -0.459029853 0.000362694 0.475971788 0.014168501 0.861455739 0.010936975 -0.507517159
1756585889214119168.000000 -0.457625628 0.000512697 0.474932313 0.014062406 0.866958380 0.010747929 -0.498066247
1756585889247460608.000000 -0.456984460 0.000486420 0.474568367 0.014062767 0.869904160 0.010830572 -0.492901266
1756585889314144000.000000 -0.452177763 0.002144245 0.467887163 -0.013678329 -0.873481631 -0.010099817 0.486560166
1756585889347484160.000000 -0.451452553 0.002022935 0.467247844 -0.013784625 -0.876019120 -0.009974540 0.481976181
1756585889414167040.000000 -0.449370921 0.001678810 0.466493100 -0.013454805 -0.881141782 -0.009834512 0.472558469
1756585889447508224.000000 -0.448450387 0.001249854 0.465854049 -0.013671712 -0.883694768 -0.009754581 0.467762321
1756585889514190848.000000 -0.447210670 0.001333971 0.465433419 -0.013778031 -0.889190257 -0.010352946 0.457213074
1756585889547532288.000000 -0.446311712 0.001304133 0.464678675 -0.014122076 -0.891873002 -0.011040197 0.451930523
1756585889614214400.000000 -0.444826305 0.001851691 0.463123560 -0.014241675 -0.897064984 -0.012141886 0.441502213
1756585889647555328.000000 -0.443962812 0.002223102 0.462867677 0.013915411 0.899619937 0.012485590 -0.436273515
1756585889714237440.000000 -0.441547871 0.001924278 0.461083114 0.013890580 0.904123962 0.012313093 -0.426866949
1756585889747578624.000000 -0.440298080 0.002236229 0.460189492 -0.013146807 -0.906369209 -0.012395913 0.422100037
1756585889814259200.000000 -0.438160658 0.001633314 0.459856778 -0.013335838 -0.911020517 -0.012732522 0.411948711
1756585889880941056.000000 -0.436630666 0.001693352 0.458958209 -0.013404016 -0.915488183 -0.013294022 0.401901841
1756585889914281728.000000 -0.436174214 0.002348841 0.458232939 -0.013196466 -0.917620778 -0.013414735 0.397011459
1756585889947622656.000000 -0.435303569 0.002213244 0.457891703 -0.013078971 -0.919621289 -0.013493760 0.392356515
1756585890014304000.000000 -0.432407141 0.001586169 0.457132995 -0.013118520 -0.923819721 -0.013105014 0.382378638
1756585890080985088.000000 -0.430141032 0.001245873 0.457040608 0.013191381 0.928088546 0.012750668 -0.371907502
1756585890114325760.000000 -0.431252539 0.002741436 0.455050945 -0.012110431 -0.930542111 -0.010894667 0.365822434
1756585890180993792.000000 -0.428980708 0.001502967 0.453639627 0.009570956 0.936418653 0.004908992 -0.350719959
1756585890247638528.000000 -0.427092791 -0.000516745 0.450741291 0.008993879 0.941703975 -0.002099577 -0.336315870
1756585890280961024.000000 -0.427507997 0.000387245 0.447512805 0.008689333 0.943579972 -0.001199734 -0.331028610
1756585890347605760.000000 -0.430652857 0.001017511 0.439713597 0.010345185 0.946871638 0.004037156 -0.321419984
1756585890380927744.000000 -0.432887912 0.001648689 0.435510159 -0.011187247 -0.948602498 -0.007384991 0.316186190
1756585890447571200.000000 -0.437818229 0.003152791 0.424917519 -0.014294531 -0.952000916 -0.018321471 0.305211902
1756585890514214400.000000 -0.439972401 0.004310069 0.419550657 0.013474341 0.955666006 0.016152376 -0.293700635
1756585890547535360.000000 -0.440473914 0.003668965 0.417895496 -0.013186410 -0.957347870 -0.014573300 0.288268745
1756585890614177536.000000 -0.440638006 0.003121097 0.414947689 -0.011814687 -0.960253000 -0.008974191 0.278736651
1756585890680817920.000000 -0.441292703 0.003132373 0.409752637 -0.010854491 -0.963078439 -0.006950227 0.268912315
1756585890747458560.000000 -0.442504108 0.002972849 0.403078139 -0.011719435 -0.965939999 -0.008087292 0.258374274
1756585890780779008.000000 -0.443663716 0.002609605 0.399837762 -0.012774241 -0.967325628 -0.009882339 0.253022373
1756585890847418624.000000 -0.445705473 0.003430635 0.390998214 -0.013757993 -0.969428658 -0.019609582 0.244201273
1756585890914057728.000000 -0.444501638 0.004126919 0.388741255 0.012928959 0.971821785 0.021324079 -0.234394237
1756585890980696064.000000 -0.442396700 0.003500454 0.393080056 0.013041509 0.973393738 0.015416963 -0.228247494
1756585891014014976.000000 -0.440498114 0.003232622 0.394657075 0.011876130 0.974320531 0.012833877 -0.224485919
1756585891080652288.000000 -0.438877761 0.001389074 0.396311313 -0.012050159 -0.977290094 -0.006795031 0.211453676
1756585891113969920.000000 -0.437309504 0.001346917 0.396753579 -0.011711472 -0.978477955 -0.006244222 0.205924302
1756585891180612096.000000 -0.435395300 0.001096861 0.396846294 -0.011844418 -0.980651200 -0.007230720 0.195270881
1756585891213937408.000000 -0.434820831 0.001290113 0.395793706 -0.012206689 -0.981668591 -0.009057344 0.189989150
1756585891280587264.000000 -0.433796585 0.002043632 0.392798305 -0.013345634 -0.983717144 -0.015930703 0.178517967
1756585891347236608.000000 -0.432104945 0.002891383 0.391871870 -0.013074980 -0.985454917 -0.016812757 0.168597609
1756585891413885696.000000 -0.429953456 0.003796979 0.393429279 0.012637137 0.987340391 0.013531358 -0.157531664
1756585891447209728.000000 -0.428637385 0.003547462 0.394444019 0.012531833 0.988281012 0.012704366 -0.151599333
1756585891513857792.000000 -0.426536083 0.002535070 0.395933062 -0.012578981 -0.989968359 -0.011704757 0.140240729
1756585891580504320.000000 -0.424310327 0.002544021 0.396072745 -0.012611066 -0.991356909 -0.013089009 0.129927531
1756585891647151616.000000 -0.421939254 0.002739179 0.395077646 -0.012515252 -0.992624164 -0.015327313 0.119606718
1756585891680474880.000000 -0.420895815 0.003092328 0.394713640 -0.012216257 -0.993256450 -0.015790302 0.114206061
1756585891747121408.000000 -0.418686807 0.003161525 0.394909799 -0.012343701 -0.994426906 -0.015734866 0.103514507
1756585891813767168.000000 -0.416874528 0.003587479 0.395365179 -0.012402073 -0.995531440 -0.015250330 0.092362262
1756585891880412416.000000 -0.416070819 0.003075680 0.396180391 0.012701483 0.996570826 0.015043835 -0.080368057
1756585891913734912.000000 -0.415298760 0.003508354 0.396848023 0.012597270 0.997056544 0.013351092 -0.074440598
1756585891980379392.000000 -0.415750414 0.003837630 0.396203220 -0.012998531 -0.998190165 -0.005659076 0.058441777
1756585892047022080.000000 -0.412309051 0.002038796 0.395139962 0.013424141 0.998975754 -0.000037335 -0.043212011
1756585892080344064.000000 -0.410663992 0.001839880 0.391607285 0.013440791 0.999197245 0.002178276 -0.037676185
1756585892146987264.000000 -0.409586579 0.002253310 0.382470667 -0.013887958 -0.999446213 -0.009547242 0.028693615
1756585892213634304.000000 -0.407858342 0.004735897 0.371214181 -0.012882060 -0.999601781 -0.017124908 0.018362505
1756585892280281344.000000 -0.406210095 0.005997226 0.366258234 -0.012320964 -0.999778688 -0.015935091 0.006080398
1756585892346927616.000000 -0.404259235 0.004028339 0.362887919 0.013366625 0.999833763 0.011234263 0.005254189
1756585892413573376.000000 -0.404321700 0.002859449 0.359535813 -0.013619225 -0.999741256 -0.009106761 -0.015783619
1756585892446895104.000000 -0.403762311 0.003154032 0.356589943 -0.013442537 -0.999643266 -0.009423261 -0.021068666
1756585892513540096.000000 -0.402195871 0.003091325 0.349378616 -0.013951196 -0.999307990 -0.013855360 -0.031574659
1756585892580184064.000000 -0.399411947 0.005497582 0.341969073 -0.011830002 -0.998780370 -0.022595137 -0.042276956
1756585892613506048.000000 -0.398488998 0.006427523 0.341575980 -0.011565374 -0.998591542 -0.022960823 -0.046411689
1756585892680149248.000000 -0.397558421 0.006686728 0.346915007 -0.012796086 -0.998359680 -0.015419371 -0.053632613
1756585892713470720.000000 -0.396317035 0.003965753 0.349922508 0.012816769 0.998165727 0.013600050 0.057585485
1756585892780112896.000000 -0.395194620 0.003181248 0.354215741 0.013926279 0.997446656 0.007258235 0.069667675
1756585892846754816.000000 -0.397415370 0.004888131 0.354253948 -0.014115857 -0.996465802 -0.007915741 -0.082425743
1756585892880075776.000000 -0.396204174 0.005462381 0.353385121 -0.013333972 -0.995959282 -0.010838647 -0.088147186
1756585892946715392.000000 -0.390003741 0.005763730 0.351808339 0.012604880 0.995019317 0.015258044 0.097698107
1756585892980035584.000000 -0.388820052 0.005987708 0.352981359 0.012301953 0.994539261 0.014906581 0.102558330
1756585893046675456.000000 -0.387027651 0.005582425 0.355226308 0.012551772 0.993424237 0.012964013 0.113061175
1756585893079995392.000000 -0.389835656 0.007212587 0.356363654 -0.012870680 -0.992632389 -0.011209535 -0.119957194
1756585893146634240.000000 -0.384771109 0.005405027 0.357593894 0.012427416 0.991526783 0.012230936 0.128727064
1756585893179957504.000000 -0.384245694 0.006076674 0.358407736 0.012293374 0.990850449 0.012486034 0.133822635
1756585893246605568.000000 -0.387422860 0.007249411 0.356975615 -0.012859312 -0.988911688 -0.013274938 -0.147350326
1756585893279929600.000000 -0.386787325 0.007345119 0.357086122 -0.012785024 -0.988053977 -0.013411712 -0.152990639
1756585893313253376.000000 -0.385586441 0.007626894 0.357326388 -0.012698043 -0.987193346 -0.013576469 -0.158441588
1756585893379899392.000000 -0.384179533 0.007688234 0.358659327 -0.012956429 -0.985274673 -0.013351912 -0.169963986
1756585893413222912.000000 -0.383593947 0.007990073 0.359645069 -0.013103459 -0.984264076 -0.012960330 -0.175740153
1756585893479869184.000000 -0.381835103 0.008047151 0.361779332 -0.013273490 -0.982092977 -0.012539108 -0.187510148
1756585893513191936.000000 -0.380389214 0.007540054 0.363016367 0.013228105 0.981048882 0.012873572 0.192879379
1756585893546514688.000000 -0.385387361 0.006106337 0.360960901 -0.014418715 -0.979374349 -0.014312238 -0.201030701
1756585893613159680.000000 -0.383299798 0.006834473 0.361565471 -0.013898788 -0.977104068 -0.014845956 -0.211787969
1756585893646481920.000000 -0.382796556 0.006704498 0.362170994 -0.013942955 -0.975900769 -0.015179404 -0.217239320
1756585893713125888.000000 -0.381262690 0.006418416 0.363689661 -0.013766312 -0.973375022 -0.015240379 -0.228296712
1756585893746447872.000000 -0.380522192 0.006321258 0.365053892 -0.013401159 -0.972125292 -0.015261211 -0.233580843
1756585893813089792.000000 -0.379513443 0.006569108 0.367651463 -0.013286489 -0.969595373 -0.014257616 -0.243936464
1756585893846411520.000000 -0.378356606 0.006653366 0.368001103 -0.013092096 -0.968268573 -0.014048873 -0.249173179
1756585893913053440.000000 -0.377566695 0.006219690 0.371526778 0.013179044 0.965554774 0.014053009 0.259485811
1756585893946374400.000000 -0.380342424 0.006400268 0.369395316 -0.012795909 -0.963633895 -0.013698948 -0.266567796
1756585893979695104.000000 -0.380422473 0.006189089 0.369698107 -0.012865008 -0.962113202 -0.013920786 -0.271990597
1756585894046336256.000000 -0.379070908 0.006777848 0.371064901 -0.012509963 -0.959228456 -0.014012987 -0.282007039
1756585894079656704.000000 -0.378614187 0.006997617 0.372006238 -0.012481347 -0.957743108 -0.013743011 -0.287025452
1756585894146296832.000000 -0.377083898 0.007307438 0.373801827 -0.012313667 -0.954754531 -0.013567508 -0.296830237
1756585894179619584.000000 -0.376230061 0.007202284 0.374653459 -0.012682042 -0.953158438 -0.013077536 -0.301922530
1756585894212943616.000000 -0.375460923 0.006784375 0.375606835 -0.012424476 -0.951534212 -0.013067627 -0.307013929
1756585894279590144.000000 -0.375790954 0.006338756 0.379044235 0.012114866 0.948044538 0.013755758 0.317609310
1756585894312913664.000000 -0.379023850 0.006383874 0.375260115 -0.012368592 -0.945696950 -0.013970126 -0.324513644
1756585894346236672.000000 -0.378852516 0.006678456 0.375212610 -0.012441058 -0.943765759 -0.014003015 -0.330083907
1756585894412882944.000000 -0.376910925 0.007142663 0.377050817 -0.012291730 -0.939988911 -0.013929582 -0.340698928
1756585894446205952.000000 -0.377265573 0.006885858 0.377391219 -0.012579695 -0.938009262 -0.013957786 -0.346100509
1756585894512850944.000000 -0.375896215 0.007550251 0.378853142 -0.012202324 -0.934265435 -0.013715314 -0.356105655
1756585894546173696.000000 -0.374827683 0.008274293 0.379406512 -0.012287727 -0.932343841 -0.013416413 -0.361115068
1756585894612817664.000000 -0.375366122 0.005433729 0.385939062 0.012131458 0.928608418 0.014053631 0.370596588
1756585894646139904.000000 -0.376257867 0.006344055 0.384255886 -0.011737449 -0.926235735 -0.013310315 -0.376526773
1756585894679460864.000000 -0.376521319 0.005972947 0.386470735 -0.011596433 -0.924395144 -0.013434441 -0.381023198
1756585894746104064.000000 -0.374923408 0.006018220 0.389064014 -0.011861900 -0.920307934 -0.012866162 -0.390803069
1756585894779425280.000000 -0.374693811 0.006136238 0.389630616 -0.011757049 -0.918148339 -0.012980904 -0.395849586
1756585894846067712.000000 -0.373315126 0.006113105 0.390622020 -0.011799346 -0.913822174 -0.012885012 -0.405738652
1756585894879388416.000000 -0.373369992 0.006317357 0.391196012 -0.011443645 -0.911490798 -0.012618773 -0.410967499
1756585894946029824.000000 -0.374491453 0.005219794 0.394223690 0.011268320 0.906655014 0.012980815 0.421522588
1756585894979350272.000000 -0.373492628 0.004909297 0.394391984 0.011424912 0.904165328 0.012857531 0.426836371
1756585895045990656.000000 -0.374557793 0.007322361 0.394223899 -0.011000282 -0.898891330 -0.012452357 -0.437856525
1756585895079310848.000000 -0.374875128 0.007649308 0.394385844 -0.011022682 -0.896282136 -0.012568724 -0.443169177
1756585895145949440.000000 -0.373684764 0.008528938 0.394353002 -0.011036421 -0.891083837 -0.012314111 -0.453537375
1756585895179272448.000000 -0.373641014 0.008622964 0.394190758 -0.010602351 -0.888434529 -0.012399018 -0.458713472
1756585895245920768.000000 -0.372921884 0.008695802 0.395530164 -0.010584250 -0.883296371 -0.012518006 -0.468528390
1756585895279244544.000000 -0.372524559 0.008719271 0.394496948 -0.010561718 -0.880559325 -0.012600236 -0.473650813
1756585895345891840.000000 -0.372791469 0.008643235 0.393542379 -0.010580438 -0.875044644 -0.012282461 -0.483770698
1756585895379215360.000000 -0.375266194 0.007113405 0.404763520 -0.010145072 -0.873147666 -0.012700606 -0.487184703
1756585895445861632.000000 -0.375579417 0.008571276 0.405524552 -0.010547268 -0.867622554 -0.011755881 -0.496972591
1756585895512507392.000000 -0.375577390 0.007994686 0.404476285 -0.010424886 -0.861728787 -0.012241101 -0.507114410
1756585895579151616.000000 -0.376217991 0.007315793 0.405136585 -0.010099573 -0.855969310 -0.012581650 -0.516774952
1756585895612473856.000000 -0.376184911 0.007332225 0.406522751 -0.009979744 -0.853036642 -0.012733129 -0.521600068
1756585895679118080.000000 -0.377008826 0.007792437 0.408662468 -0.010082916 -0.846965194 -0.012686481 -0.531401396
1756585895745761536.000000 -0.387388229 0.003835935 0.415376306 0.010450514 0.839739561 0.014415227 0.542697549
1756585895779083520.000000 -0.386603147 0.004670706 0.411054403 0.009879742 0.836253941 0.014427421 0.548063576
1756585895845725952.000000 -0.387228101 0.004263939 0.411747009 0.010038609 0.830357194 0.014290617 0.556957901
1756585895879047424.000000 -0.388238490 0.004199186 0.412645400 0.009822477 0.827194154 0.014170200 0.561651766
1756585895945689088.000000 -0.383962691 0.005999931 0.426940918 -0.008956709 -0.823573649 -0.013029480 -0.566989005
1756585896012329216.000000 -0.384504795 0.005918879 0.428867161 -0.008598721 -0.817228496 -0.013465546 -0.576092362
1756585896045649920.000000 -0.384682178 0.005859518 0.427045643 -0.008088031 -0.813550770 -0.013593209 -0.581278801
1756585896112290048.000000 -0.386797011 0.006127203 0.429099321 -0.007666787 -0.806748867 -0.013330127 -0.590694368
1756585896178960384.000000 -0.388044924 0.006477001 0.430008620 -0.007676051 -0.799385965 -0.012985040 -0.600628555
1756585896245696256.000000 -0.390339047 0.006816840 0.432332516 -0.010304287 -0.791402161 -0.010190411 -0.611124098
1756585896279064832.000000 -0.390564203 0.007046666 0.432658494 -0.011437226 -0.786316574 -0.008511370 -0.617659271
1756585896345803520.000000 -0.390342295 0.008572530 0.448665023 0.013684625 0.779037476 0.008314846 0.626772940
1756585896445913344.000000 -0.372675478 0.005067676 0.448466539 -0.005177591 -0.769010186 -0.013803453 -0.639066577
1756585896479284736.000000 -0.368551910 0.005916670 0.447402120 -0.005211480 -0.765328586 -0.013984027 -0.643466771
1756585896546028032.000000 -0.362401992 0.008173268 0.446459055 -0.005763904 -0.758324564 -0.011894256 -0.651743174
1756585896612773376.000000 -0.357199460 0.007663776 0.445361286 -0.006801299 -0.751845419 -0.010123868 -0.659226656
1756585896679520512.000000 -0.351939857 0.007078144 0.445089132 -0.006994922 -0.743698418 -0.010370423 -0.668398261
1756585896746268928.000000 -0.346716285 0.009065573 0.443246663 -0.006059727 -0.736621320 -0.010185568 -0.676201642
1756585896813019392.000000 -0.340722799 0.010732687 0.442843914 -0.006627181 -0.729448199 -0.009686976 -0.683935344
1756585896879770368.000000 -0.333087832 0.010523060 0.442240775 -0.006625184 -0.729232311 -0.010834796 -0.684148312
1756585896946524160.000000 -0.332367957 0.005661673 0.454491436 -0.004993311 -0.734362304 -0.011940370 -0.678634346
1756585897013279488.000000 -0.324541122 0.012080990 0.441051781 -0.008293312 -0.733049631 -0.009001378 -0.680065036
1756585897080036608.000000 -0.321289212 0.007619153 0.441897690 0.008971679 0.732999980 0.009084533 0.680108845
1756585897146795264.000000 -0.315434992 0.007193821 0.442738354 0.007637173 0.733383775 0.010207728 0.679695368
1756585897213475072.000000 -0.311590105 0.005831061 0.456372827 -0.006335610 -0.734857202 -0.011040245 -0.678102434
1756585897280140032.000000 -0.305487990 0.003711920 0.456051767 -0.005827265 -0.735464633 -0.011279427 -0.677444160
1756585897346803200.000000 -0.303378820 0.003762089 0.455533624 -0.006287558 -0.735518634 -0.010133287 -0.677399635
1756585897380135424.000000 -0.301344752 0.002916487 0.456952274 -0.006748211 -0.735508561 -0.009917881 -0.677409351
1756585897446799360.000000 -0.287360251 0.004009041 0.451269120 -0.006702673 -0.734503150 -0.010099036 -0.678497136
1756585897513462784.000000 -0.288686424 0.002273441 0.457857370 -0.006263824 -0.735596657 -0.011110039 -0.677299738
1756585897580126208.000000 -0.281337619 0.000693022 0.457039297 -0.006256974 -0.735923529 -0.011646306 -0.676935613
1756585897646789376.000000 -0.277864546 0.000550805 0.460377872 0.005459794 0.736875474 0.011438671 0.675909758
1756585897746783232.000000 -0.270079851 -0.001544009 0.461190164 0.005139998 0.736791790 0.011901385 0.675995469
1756585897780113152.000000 -0.260901451 -0.001529191 0.454415143 -0.005004123 -0.735885918 -0.011667522 -0.676986575
1756585897880106240.000000 -0.251887649 -0.001613986 0.451117873 -0.004790481 -0.736238360 -0.010915423 -0.676617384
1756585897913437440.000000 -0.249098539 0.000288213 0.450729847 -0.004806735 -0.736253738 -0.010427930 -0.676608264
1756585897980098816.000000 -0.236958355 0.002129254 0.447105706 -0.005279559 -0.736460328 -0.010218820 -0.676382959
1756585898046759936.000000 -0.236992985 0.001485400 0.447594643 -0.005051281 -0.736240029 -0.009551785 -0.676634192
1756585898113420800.000000 -0.232210815 0.001555318 0.446824253 -0.005609829 -0.735486329 -0.009397835 -0.677451253
1756585898180081920.000000 -0.226540625 0.000669204 0.444743991 -0.006165951 -0.735501885 -0.009385744 -0.677429676
1756585898246742272.000000 -0.217634887 0.002534388 0.444175750 0.005532849 0.735685945 0.009213208 0.677237570
1756585898313403648.000000 -0.210028052 0.003324090 0.441381723 0.004624286 0.735649288 0.010610023 0.677263796
1756585898380064512.000000 -0.200952649 0.002726707 0.436976135 -0.004511739 -0.734508336 -0.011683812 -0.678484142
1756585898446724864.000000 -0.192100406 0.002127776 0.437451333 -0.005124334 -0.735104442 -0.010965586 -0.677845895
1756585898513384960.000000 -0.186754704 0.000395996 0.442376912 -0.006138905 -0.735505641 -0.010123247 -0.677415252
1756585898580044800.000000 -0.181386143 0.000410125 0.437888741 -0.006563234 -0.734412372 -0.010035412 -0.678597629
1756585898613374464.000000 -0.177934647 0.000490615 0.438310772 -0.006650175 -0.734703243 -0.010327824 -0.678277493
1756585898680032768.000000 -0.172874808 0.000287721 0.439501286 -0.007435656 -0.734641135 -0.010577497 -0.678332746
1756585898746691584.000000 -0.167725712 0.000742433 0.440370142 -0.007492377 -0.734587371 -0.010287622 -0.678394854
1756585898813350144.000000 -0.165536821 0.002261676 0.443538547 0.006293289 0.735706389 0.010854549 0.677184403
1756585898880007936.000000 -0.153925389 0.001904059 0.439487338 0.006584921 0.735941291 0.009896434 0.676941097
1756585898946665984.000000 -0.149468422 0.000317832 0.434447467 -0.006854554 -0.735608280 -0.010008398 -0.677298605
1756585899013323264.000000 -0.143455684 -0.000768160 0.435204446 -0.007763752 -0.735540330 -0.009607479 -0.677368402
1756585899079980032.000000 -0.134470224 -0.001007684 0.436215013 -0.008012156 -0.735041976 -0.009250590 -0.677911222
1756585899146636032.000000 -0.128982544 -0.001036483 0.436082393 -0.006865926 -0.735265851 -0.011225238 -0.677651167
1756585899213299200.000000 -0.121464849 -0.001130954 0.434513390 -0.007010629 -0.735592425 -0.010988965 -0.677299023
1756585899279963392.000000 -0.114161938 -0.001771634 0.433667421 -0.007443819 -0.735418618 -0.009962128 -0.677498937
1756585899346627584.000000 -0.108553737 -0.002321731 0.434720099 -0.008118782 -0.735347211 -0.010189583 -0.677565277
1756585899379959296.000000 -0.105297267 -0.002253457 0.434314579 -0.008095601 -0.735174954 -0.010420433 -0.677749097
1756585899446622976.000000 -0.098358959 -0.002492848 0.434005141 -0.006550718 -0.735205531 -0.012046326 -0.677705586
1756585899513285888.000000 -0.092164248 -0.002982990 0.434010029 -0.007230554 -0.735332012 -0.011872033 -0.677564561
1756585899579947520.000000 -0.087590456 -0.002171678 0.433600783 -0.008241556 -0.735472500 -0.010933841 -0.677416325
1756585899613278976.000000 -0.081767887 -0.003953530 0.431403935 -0.008005549 -0.735339344 -0.010937807 -0.677563608
1756585899679941120.000000 -0.080372602 -0.001512615 0.440837145 0.007658153 0.737215757 0.009980973 0.675540328
1756585899746603264.000000 -0.073139995 -0.002242969 0.437982827 0.006773469 0.736764789 0.010625248 0.676031709
1756585899813264896.000000 -0.061642885 -0.005854907 0.423256308 -0.007487061 -0.734892786 -0.012214571 -0.678032041
1756585899879926272.000000 -0.055059701 -0.006250578 0.420026243 -0.007859242 -0.735021651 -0.011809764 -0.677895308
1756585899913256960.000000 -0.052232444 -0.006423445 0.418803304 -0.008572181 -0.735162199 -0.011091730 -0.677746356
1756585899979917824.000000 -0.046114296 -0.006391908 0.417242795 -0.009580677 -0.735369086 -0.009798879 -0.677528262
1756585900046577408.000000 -0.039107025 -0.006352125 0.416302741 -0.009637352 -0.734916091 -0.010549818 -0.678007543
1756585900113237760.000000 -0.031067759 -0.005955964 0.416930586 -0.007334478 -0.735041499 -0.012623033 -0.677864969
1756585900179928832.000000 -0.023403496 -0.005477617 0.425746709 -0.007282604 -0.737490237 -0.011460365 -0.675221384
1756585900213305600.000000 -0.021653175 -0.005921973 0.417898655 -0.008086541 -0.737465441 -0.010935600 -0.675248027
1756585900280060416.000000 -0.017171085 -0.005084804 0.425056517 0.008040493 0.738030434 0.009990117 0.674645662
1756585900380196352.000000 -0.008323014 -0.005295382 0.425048649 0.008719769 0.736524403 0.009135130 0.676293075
1756585900446955264.000000 -0.001967818 -0.005911980 0.423585474 0.007047029 0.736906946 0.010978779 0.675868332
1756585900513717504.000000 0.007012546 -0.006715554 0.423831165 -0.005261800 -0.737585902 -0.011691256 -0.675131619
1756585900547099392.000000 0.010603189 -0.006245156 0.423251182 -0.006054901 -0.737622678 -0.011290856 -0.675091624
1756585900613864448.000000 0.016178668 -0.006486983 0.421800733 -0.007075115 -0.737398267 -0.010914159 -0.675333023
1756585900680631552.000000 0.023730516 -0.007764598 0.421486855 -0.006970694 -0.737308145 -0.010587861 -0.675437689
1756585900747400704.000000 0.027273893 -0.007501584 0.421545237 -0.007330852 -0.737866104 -0.009308598 -0.674843132
1756585900780786176.000000 0.030578285 -0.007258601 0.421384513 -0.007605194 -0.737933218 -0.008975695 -0.674771309
1756585900847558656.000000 0.036754131 -0.007736763 0.420627981 -0.007615037 -0.737256050 -0.009067957 -0.675509751
1756585900914331904.000000 0.044356555 -0.007175046 0.420424700 0.007128618 0.737123013 0.010021764 0.675646722
1756585901014497536.000000 0.056898773 -0.007959224 0.418304235 0.007540168 0.737049639 0.010002492 0.675722599
1756585901081277184.000000 0.070016593 -0.011887364 0.415604591 -0.007680232 -0.737116337 -0.009600946 -0.675654054
1756585901148058880.000000 0.075311393 -0.012178461 0.414989948 -0.008755533 -0.736492038 -0.009342901 -0.676325083
1756585901214754304.000000 0.075337678 -0.010867862 0.417484879 -0.008769142 -0.736908138 -0.009239087 -0.675872862
1756585901281432832.000000 0.087086678 -0.012566142 0.413203269 -0.007664304 -0.736678898 -0.010767366 -0.676113605
1756585901348110336.000000 0.093650281 -0.012204578 0.412477791 -0.007055461 -0.737330854 -0.010946115 -0.675406277
1756585901381449728.000000 0.096309513 -0.013041962 0.412623167 -0.007435295 -0.737923443 -0.010459275 -0.674762428
1756585901448128256.000000 0.095997542 -0.011000952 0.415044308 -0.008889576 -0.737801552 -0.008767447 -0.674902320
1756585901514806784.000000 0.102122813 -0.012653113 0.414296389 -0.010390190 -0.737317860 -0.007932121 -0.675419509
1756585901548145664.000000 0.105642319 -0.012734711 0.413860172 -0.010384827 -0.737307966 -0.007893424 -0.675430954
1756585901648163072.000000 0.117688239 -0.012397900 0.413607508 -0.008720311 -0.737863660 -0.009629669 -0.674824834
1756585901714841344.000000 0.126285791 -0.012251329 0.412207186 -0.008607361 -0.737614036 -0.010344508 -0.675088465
1756585901781518336.000000 0.131743908 -0.012436992 0.412477553 -0.009128665 -0.738275111 -0.009002905 -0.674377978
1756585901814857728.000000 0.134728223 -0.012335181 0.412633866 -0.009360362 -0.738967717 -0.008361277 -0.673624039
1756585901881535488.000000 0.141254365 -0.011978722 0.414600730 0.009363951 0.738927662 0.007698419 0.673675776
1756585901981552896.000000 0.151670486 -0.013969645 0.410046160 0.009181807 0.737926483 0.008888368 0.674760163
1756585902048230400.000000 0.159646451 -0.017160069 0.402685583 -0.008674452 -0.736879945 -0.010760433 -0.675882399
1756585902114908416.000000 0.166069955 -0.016421091 0.402942300 -0.008622167 -0.737481415 -0.010576199 -0.675229549
1756585902181587456.000000 0.170259476 -0.016771711 0.402528435 -0.009829377 -0.737615585 -0.009224567 -0.675086439
1756585902214926848.000000 0.174062580 -0.015111272 0.407517493 -0.010076134 -0.738111675 -0.008250313 -0.674552858
1756585902281607936.000000 0.178240776 -0.017415563 0.402636260 -0.010459391 -0.737021863 -0.008856248 -0.675729930
1756585902348289024.000000 0.186494172 -0.017566526 0.401977420 -0.008922258 -0.737772167 -0.009887278 -0.674918413
1756585902414969856.000000 0.194631010 -0.016353939 0.401777893 -0.008144693 -0.738154709 -0.010061222 -0.674507380
1756585902481650944.000000 0.201545447 -0.014788528 0.406104982 -0.008652903 -0.739218950 -0.008992790 -0.673349679
1756585902548332032.000000 0.206936121 -0.015551157 0.405385703 -0.009729817 -0.738631010 -0.008233937 -0.673989534
1756585902581672704.000000 0.210008204 -0.016034883 0.405260056 -0.010233285 -0.738445461 -0.007711639 -0.674191594
1756585902648353536.000000 0.216049299 -0.016358303 0.404540479 -0.010860558 -0.738718510 -0.007468467 -0.673885286
1756585902715033600.000000 0.225773096 -0.016846050 0.402856231 -0.010250245 -0.738944650 -0.009022829 -0.673627853
1756585902781714176.000000 0.232627004 -0.016571539 0.402528822 -0.008670077 -0.738895237 -0.010841187 -0.673677444
1756585902848395008.000000 0.240233332 -0.016405165 0.402226031 -0.008173709 -0.738945127 -0.011384162 -0.673619926
1756585902881735424.000000 0.242943361 -0.016153624 0.401992857 0.008356924 0.738761127 0.011151495 0.673823357
1756585902981756672.000000 0.251852155 -0.017531259 0.400327861 0.009399428 0.738677800 0.010740287 0.673907638
1756585903015096832.000000 0.257581592 -0.019552011 0.398106635 -0.008900697 -0.737306833 -0.011168337 -0.675407052
1756585903081777920.000000 0.264771640 -0.018586924 0.399548024 -0.007029703 -0.727825105 -0.013527085 -0.685593426
1756585903148457472.000000 0.271945715 -0.018441916 0.402229488 -0.006785986 -0.723087549 -0.012431566 -0.690611243
1756585903215134976.000000 0.280702502 -0.017051166 0.402938753 -0.005360141 -0.726624906 -0.013391838 -0.686883092
1756585903248473344.000000 0.282783031 -0.017735416 0.401267022 -0.005417501 -0.727665603 -0.012557523 -0.685795784
1756585903315149824.000000 0.287306368 -0.018174076 0.400906265 -0.007478651 -0.727380037 -0.010943656 -0.686106861
1756585903381826304.000000 0.293989062 -0.017385812 0.403223842 -0.007098849 -0.727477491 -0.010030003 -0.686021566
1756585903448503040.000000 0.301316530 -0.017606931 0.402720720 -0.006040339 -0.726411521 -0.011976124 -0.687129140
1756585903515179264.000000 0.312011689 -0.016622014 0.401790738 -0.003712965 -0.726567388 -0.015115187 -0.686919034
1756585903581854464.000000 0.318495661 -0.016787220 0.402019531 -0.005186816 -0.726895869 -0.013495952 -0.686595559
1756585903648530432.000000 0.324600458 -0.017055245 0.401732862 -0.006581227 -0.726959169 -0.012527896 -0.686534882
1756585903681868544.000000 0.326343775 -0.018527990 0.401767850 -0.006842171 -0.727016032 -0.011993914 -0.686481655
1756585903748544512.000000 0.335598171 -0.019513585 0.399961591 -0.006792137 -0.727077067 -0.012338883 -0.686411440
1756585903815220224.000000 0.342443138 -0.019027943 0.399401069 -0.004770278 -0.726766050 -0.014500415 -0.686715484
1756585903881895936.000000 0.350791752 -0.018053176 0.398805320 -0.004618987 -0.727342665 -0.014341407 -0.686109066
1756585903948571648.000000 0.356203556 -0.018730519 0.399440289 0.005120935 0.727862239 0.013809260 0.685565233
1756585904015246336.000000 0.363413572 -0.018810578 0.397706509 0.004546764 0.727370739 0.014004679 0.686086833
1756585904081921536.000000 0.374094069 -0.021166872 0.393839091 -0.004275011 -0.726859629 -0.013955082 -0.686631083
1756585904148596992.000000 0.380348623 -0.020793745 0.394004941 -0.003920276 -0.726352334 -0.014626358 -0.687155724
1756585904181936384.000000 0.383446276 -0.020359185 0.394309491 -0.004173246 -0.726355791 -0.014476381 -0.687153757
1756585904248616704.000000 0.387415290 -0.020279776 0.399177074 -0.004677322 -0.727256238 -0.013711534 -0.686213195
1756585904315297024.000000 0.396189928 -0.020751635 0.394106269 -0.004544479 -0.726028919 -0.014948020 -0.687486649
1756585904381977600.000000 0.404293299 -0.021074699 0.394142509 -0.004259336 -0.725759745 -0.015426374 -0.687762141
1756585904415317504.000000 0.408105880 -0.021052863 0.393508822 -0.004718399 -0.726092339 -0.015249396 -0.687411964
1756585904481996800.000000 0.412370771 -0.021249710 0.397322565 -0.005091398 -0.726586342 -0.014615912 -0.686900973
1756585904548677120.000000 0.418572843 -0.021741465 0.396825731 -0.005186884 -0.726628542 -0.014787276 -0.686851799
1756585904615357440.000000 0.427192181 -0.020979021 0.396363199 -0.003425741 -0.727189898 -0.015748644 -0.686247170
1756585904648697600.000000 0.431280673 -0.021181727 0.395310968 -0.003244445 -0.726955652 -0.016343389 -0.686482370
1756585904715377664.000000 0.437727720 -0.021689922 0.394732654 -0.004245761 -0.726990044 -0.015193046 -0.686466873
1756585904782057728.000000 0.441582322 -0.020867757 0.396869630 -0.005821868 -0.727002740 -0.013117309 -0.686484575
1756585904848737792.000000 0.450294256 -0.023075284 0.394120455 -0.006150844 -0.726310968 -0.013508216 -0.687206089
1756585904915416832.000000 0.457013607 -0.023362981 0.394086093 -0.005035444 -0.726584435 -0.014699672 -0.686901569
1756585904948756992.000000 0.460139871 -0.023393776 0.394843459 -0.004381439 -0.726767838 -0.015314587 -0.686698556
1756585905015436544.000000 0.465774655 -0.022912322 0.394462556 0.005320856 0.727410078 0.014555936 0.686028123
1756585905082116608.000000 0.472272217 -0.023647310 0.393452674 0.005884031 0.727629304 0.014114161 0.685800195
1756585905148796672.000000 0.479394495 -0.023680389 0.393729806 0.004986644 0.727945685 0.014407369 0.685465395
1756585905182141952.000000 0.482192129 -0.022332352 0.395824254 -0.004413277 -0.728470564 -0.013251023 -0.684934795
1756585905248839936.000000 0.488940209 -0.022102531 0.395874858 -0.004848195 -0.728640378 -0.012375369 -0.684767604
1756585905315538176.000000 0.493914098 -0.022323655 0.395541131 -0.006445676 -0.728279054 -0.011382670 -0.685155928
1756585905348886272.000000 0.497982979 -0.022699356 0.394941449 -0.006673473 -0.727822840 -0.010670971 -0.685649812
1756585905415585280.000000 0.505103767 -0.022046506 0.394593298 -0.006656576 -0.727634490 -0.011419061 -0.685837805
1756585905482284288.000000 0.511686325 -0.021828191 0.394668877 -0.005540101 -0.728474081 -0.012494820 -0.684937060
1756585905548984064.000000 0.517944038 -0.022240818 0.393761158 -0.005896161 -0.728330374 -0.012275279 -0.685090840
1756585905615684352.000000 0.524610579 -0.022368882 0.394172907 -0.005785867 -0.728399038 -0.011725251 -0.685028493
1756585905682384640.000000 0.531638384 -0.022941491 0.393646896 -0.006157047 -0.728261828 -0.010915109 -0.685184479
1756585905715735552.000000 0.534651518 -0.023449292 0.393403947 -0.006778951 -0.728106380 -0.010686238 -0.685347378
1756585905782435584.000000 0.540582061 -0.023608645 0.393203139 -0.007592903 -0.727877557 -0.010220676 -0.685588956
1756585905849137408.000000 0.547761559 -0.023220286 0.394650102 -0.006368445 -0.728042603 -0.010833133 -0.685416758
1756585905915839232.000000 0.555078149 -0.023747358 0.392981529 -0.006115235 -0.727857172 -0.011263484 -0.685609102
1756585905949190400.000000 0.558264852 -0.023869235 0.393078983 -0.006118409 -0.728152752 -0.010856689 -0.685301661
1756585906015892992.000000 0.564086139 -0.024377711 0.392775059 -0.007057072 -0.728056490 -0.009843445 -0.685410202
1756585906082596608.000000 0.569696665 -0.025186239 0.392513692 0.007211350 0.727824390 0.010385861 0.685647011
1756585906149299968.000000 0.576424003 -0.025765032 0.392221510 0.007186397 0.728079617 0.010544594 0.685373843
1756585906215984896.000000 0.584540248 -0.025322616 0.391638041 0.006481619 0.727899194 0.011514288 0.685556829
1756585906282664704.000000 0.591818094 -0.024904037 0.393246114 -0.006482289 -0.727961004 -0.011473672 -0.685491920
1756585906349345792.000000 0.595525980 -0.025914945 0.392336369 -0.006732418 -0.728633165 -0.010889619 -0.684784591
1756585906416026624.000000 0.603689671 -0.025376493 0.392524004 -0.007843416 -0.728818238 -0.009823265 -0.684591949
1756585906482707200.000000 0.609760523 -0.026066441 0.392398119 -0.008772822 -0.729352713 -0.008237174 -0.684032083
1756585906549388288.000000 0.615314603 -0.025843231 0.391993344 -0.007365492 -0.729253531 -0.009014828 -0.684144557
1756585906582728704.000000 0.619747758 -0.025332332 0.392127812 -0.006163741 -0.729043305 -0.010368406 -0.684361339
1756585906649409280.000000 0.628202438 -0.024742672 0.391111970 -0.005842285 -0.728638113 -0.011405817 -0.684778988
1756585906716089088.000000 0.634063482 -0.024823789 0.390992761 -0.006843430 -0.728524268 -0.010192476 -0.684909999
1756585906782769664.000000 0.639186203 -0.025250116 0.390585721 -0.008258356 -0.728389084 -0.009218941 -0.685052037
1756585906849450240.000000 0.644885182 -0.026357327 0.392197967 -0.008319448 -0.728907883 -0.009698504 -0.684492588
1756585906916131072.000000 0.653593421 -0.025502300 0.390092373 -0.006958677 -0.728679478 -0.010500784 -0.684739113
1756585906949471488.000000 0.657682240 -0.025517151 0.390246868 -0.006455615 -0.728785157 -0.010935641 -0.684624732
1756585907016152064.000000 0.665116191 -0.025645096 0.390908241 -0.006091503 -0.729342103 -0.011193099 -0.684030533
1756585907082832896.000000 0.673027933 -0.026519867 0.390959442 -0.006108439 -0.729359865 -0.010792334 -0.684017837
1756585907149512192.000000 0.677701533 -0.026577169 0.390465975 0.005732544 0.728258729 0.011607395 0.685180008
1756585907216194048.000000 0.687787473 -0.025259366 0.390944898 0.006533806 0.728654861 0.010995109 0.684761703
1756585907282875904.000000 0.691123962 -0.026463091 0.390748262 0.006826652 0.728810251 0.009746757 0.684612393
1756585907349557760.000000 0.694993377 -0.026831727 0.391642690 -0.007727291 -0.729015529 -0.010639806 -0.684370875
1756585907416239616.000000 0.706562817 -0.027436594 0.393234015 -0.005741403 -0.729220510 -0.011689565 -0.684154928
1756585907449580544.000000 0.709830761 -0.027355380 0.392213106 -0.005717442 -0.729160070 -0.012054557 -0.684213221
1756585907516262656.000000 0.717520237 -0.027475987 0.391930342 -0.006308406 -0.729155064 -0.011715458 -0.684219241
1756585907582943232.000000 0.718754113 -0.026289009 0.389661670 -0.007027932 -0.729207516 -0.011816959 -0.684154570
1756585907649625088.000000 0.726259053 -0.025691461 0.389950633 -0.006040180 -0.729861498 -0.011444962 -0.683472633
1756585907716306944.000000 0.733858347 -0.025406446 0.389118135 -0.005857551 -0.730623424 -0.010659533 -0.682672322
1756585907782988544.000000 0.741577089 -0.024758618 0.389751196 -0.004967532 -0.729913116 -0.011278135 -0.683428824
1756585907849670400.000000 0.746505558 -0.026140600 0.390903831 -0.005448748 -0.729202211 -0.011384313 -0.684181929
1756585907916352000.000000 0.754514575 -0.025043637 0.389773548 -0.005970820 -0.728595257 -0.011790059 -0.684817016
1756585907983033856.000000 0.760925174 -0.024927065 0.388919473 -0.006117343 -0.729259908 -0.011119734 -0.684119165
1756585908049714688.000000 0.767079473 -0.025061987 0.388508499 -0.006598419 -0.729982555 -0.010334252 -0.683355868
1756585908116396288.000000 0.773947477 -0.025015645 0.387515604 -0.006175642 -0.729643524 -0.010597480 -0.683717728
1756585908183078400.000000 0.780941963 -0.026341109 0.388743579 0.004900889 0.728760719 0.012231298 0.684641778
1756585908249762560.000000 0.787948370 -0.026647361 0.389038205 0.003803121 0.728593290 0.013691685 0.684799194
1756585908316446208.000000 0.794088483 -0.027452279 0.388482690 0.004339784 0.727386594 0.012866785 0.686093569
1756585908349788416.000000 0.796839714 -0.025424611 0.390846312 -0.005383103 -0.724335194 -0.011898424 -0.689324379
1756585908416472320.000000 0.799893379 -0.028194547 0.391689241 -0.004674839 -0.713541687 -0.012304131 -0.700489223
1756585908483154944.000000 0.805998206 -0.027842816 0.394835114 -0.004950911 -0.705110788 -0.011598651 -0.708985090
1756585908549839104.000000 0.813248873 -0.026609804 0.397026241 -0.004384093 -0.701872051 -0.012334808 -0.712182760
1756585908616523008.000000 0.821137547 -0.025890775 0.397680163 -0.002784486 -0.704517305 -0.013281659 -0.709557056
1756585908683206912.000000 0.829519033 -0.024197992 0.398821235 -0.005831661 -0.705328763 -0.010347844 -0.708780885
1756585908749891072.000000 0.831057310 -0.027633846 0.396738827 -0.006596462 -0.704623938 -0.010888414 -0.709466815
1756585908816574976.000000 0.843720675 -0.024972904 0.399133146 -0.005181862 -0.704869509 -0.011613310 -0.709223032
1756585908849916928.000000 0.846529484 -0.023325898 0.399181426 -0.004004835 -0.704776347 -0.013042069 -0.709298491
1756585908916600064.000000 0.856215775 -0.023114104 0.399051011 -0.004231712 -0.704066336 -0.013353297 -0.709996104
1756585908983284224.000000 0.857978106 -0.025934022 0.397681892 -0.005119318 -0.704201698 -0.012727780 -0.709867418
1756585909049968128.000000 0.865560651 -0.024854513 0.399354637 -0.007055257 -0.704528749 -0.010898557 -0.709556758
1756585909116652288.000000 0.873329163 -0.024652306 0.398900390 -0.005868100 -0.704220712 -0.012706438 -0.709843278
1756585909149994496.000000 0.877392650 -0.024008820 0.399504662 0.004610362 0.704573393 0.013478616 0.709488153
1756585909250019328.000000 0.887904823 -0.023968820 0.400567770 0.003964547 0.705008864 0.013337214 0.709062040
1756585909316702464.000000 0.893545330 -0.024182919 0.400802374 0.005583784 0.704303563 0.011646349 0.709781528
1756585909383384832.000000 0.897508025 -0.024071069 0.402742207 -0.006957516 -0.704148710 -0.011374421 -0.709927440
1756585909416726272.000000 0.899876714 -0.023655463 0.403171360 -0.006889405 -0.704695880 -0.011203185 -0.709387600
1756585909483409664.000000 0.906608701 -0.023901142 0.401673794 -0.005881390 -0.704664946 -0.012205360 -0.709410965
1756585909550092800.000000 0.915792525 -0.023485512 0.401584387 -0.005724444 -0.703147709 -0.013389832 -0.710894763
1756585909616776192.000000 0.921169043 -0.023596307 0.402363360 -0.006088075 -0.703106940 -0.013418883 -0.710931480
1756585909683459584.000000 0.927805007 -0.024590444 0.401795626 -0.006896641 -0.704027951 -0.011413372 -0.710047066
1756585909750142720.000000 0.934433758 -0.024805941 0.403280377 -0.006340152 -0.704209745 -0.010755505 -0.709882319
1756585909783483392.000000 0.937529683 -0.024427533 0.403581500 -0.006312223 -0.703985035 -0.011124690 -0.710099638
1756585909850166784.000000 0.943342328 -0.022798868 0.405971766 -0.006584889 -0.703877866 -0.011498954 -0.710197449
1756585909916850432.000000 0.952194750 -0.023506895 0.405360460 -0.006410093 -0.703085363 -0.012331509 -0.710969687
1756585909983533568.000000 0.958479404 -0.023546427 0.406954110 -0.006304722 -0.704017580 -0.011748576 -0.710057497
1756585910050217216.000000 0.964220762 -0.024255674 0.407750785 -0.007336123 -0.704610407 -0.010642396 -0.709476650
1756585910116900352.000000 0.969596624 -0.024564829 0.409554362 -0.006430047 -0.704807043 -0.011090352 -0.709283292
1756585910183584000.000000 0.977534533 -0.024473380 0.407895505 0.006021951 0.703956246 0.010656198 0.710137963
1756585910250266624.000000 0.984222770 -0.024785012 0.407808900 0.005738832 0.703396142 0.011488719 0.710682094
1756585910316950016.000000 0.990654767 -0.025032556 0.407189965 0.006413764 0.703352928 0.012050831 0.710709810
1756585910383634176.000000 0.996217728 -0.024799798 0.409830034 -0.007240629 -0.704658151 -0.010812822 -0.709427714
1756585910450317568.000000 1.004745007 -0.023519967 0.407949388 -0.007124080 -0.703963161 -0.010623096 -0.710121334
1756585910483659520.000000 1.008107781 -0.024042960 0.409553528 -0.006001271 -0.703953207 -0.011925795 -0.710120916
1756585910550343168.000000 1.014346361 -0.023999929 0.409871697 -0.006946819 -0.703570247 -0.010306366 -0.710517108
1756585910617026816.000000 1.017763138 -0.024904974 0.411682487 -0.008964429 -0.702363372 -0.009599823 -0.711697400
1756585910683709696.000000 1.024387240 -0.024911653 0.411756754 -0.009168902 -0.701726913 -0.010426056 -0.712310791
1756585910750393344.000000 1.031551838 -0.023939658 0.412356973 -0.008455193 -0.702767670 -0.010286256 -0.711294889
1756585910817077248.000000 1.040242553 -0.022867722 0.411758184 -0.007240416 -0.702786028 -0.011006149 -0.711279333
1756585910850418944.000000 1.043153763 -0.023215553 0.412015319 -0.007319001 -0.702422261 -0.011138421 -0.711635709
1756585910917102848.000000 1.049296379 -0.024459364 0.411574483 -0.008756517 -0.700892448 -0.011378000 -0.713122487
1756585911017128448.000000 1.059447646 -0.025254892 0.410019159 -0.008857229 -0.702015460 -0.011121470 -0.712019801
1756585911083812352.000000 1.066720724 -0.024732478 0.411668301 -0.007482897 -0.702947140 -0.012317955 -0.711096108
1756585911150494976.000000 1.074669719 -0.023926783 0.411033392 -0.006012093 -0.701999426 -0.013937493 -0.712015808
1756585911217179136.000000 1.081076741 -0.023644064 0.410754681 -0.007308715 -0.701186121 -0.013192019 -0.712818801
1756585911283863040.000000 1.086397767 -0.024585648 0.410711765 -0.007555993 -0.701472640 -0.013197482 -0.712534130
1756585911350546944.000000 1.093137383 -0.025114328 0.411397696 0.008272002 0.702538133 0.013114624 0.711477220
1756585911417230848.000000 1.099098921 -0.024488064 0.412634373 0.008396653 0.702376723 0.013199045 0.711633563
1756585911483914752.000000 1.104443908 -0.023511246 0.412276983 -0.008019746 -0.702473879 -0.013026474 -0.711545229
1756585911550597888.000000 1.115139008 -0.024567051 0.412192822 -0.006500721 -0.702636302 -0.013814110 -0.711385429
1756585911617281792.000000 1.121791840 -0.024354845 0.412260056 -0.005941853 -0.702423155 -0.014636390 -0.711584330
1756585911683966208.000000 1.128550649 -0.024310652 0.411998510 -0.006562083 -0.701644778 -0.014819188 -0.712342680
1756585911717308160.000000 1.131911993 -0.024091519 0.412626624 -0.007033957 -0.701238394 -0.014964284 -0.712735176
1756585911783992320.000000 1.138217568 -0.024281252 0.412913322 -0.007557853 -0.701320887 -0.015217584 -0.712643206
1756585911850676224.000000 1.145781636 -0.024468444 0.413606286 -0.007417383 -0.702352226 -0.014918651 -0.711634576
1756585911917360384.000000 1.152717829 -0.023739349 0.413984895 -0.006322257 -0.702298522 -0.015409489 -0.711687684
1756585911984044800.000000 1.159381628 -0.024076764 0.414052367 -0.006237827 -0.702454805 -0.015542414 -0.711531341
1756585912050727936.000000 1.163672447 -0.024834359 0.413887501 -0.007408730 -0.702571452 -0.014782974 -0.711421132
1756585912117412096.000000 1.170626283 -0.024187190 0.414471149 -0.007694912 -0.702876091 -0.013783288 -0.711137235
1756585912150754304.000000 1.174541473 -0.023645120 0.414889574 -0.007850121 -0.702883005 -0.013801279 -0.711128294
1756585912217438208.000000 1.182438254 -0.023176979 0.415139437 -0.006862835 -0.702823639 -0.014594536 -0.711181402
1756585912284122112.000000 1.189566135 -0.022861242 0.416351318 -0.005290010 -0.702821195 -0.015865440 -0.711170018
1756585912384148480.000000 1.198520422 -0.022641849 0.417073250 -0.006082762 -0.705135763 -0.013298675 -0.708921611
1756585912417490432.000000 1.199814796 -0.023840226 0.416921854 -0.005556713 -0.705156744 -0.013480688 -0.708901584
1756585912484173824.000000 1.207473397 -0.023862960 0.417632103 -0.003365312 -0.703669727 -0.015341590 -0.710353673
1756585912550857984.000000 1.213532925 -0.023926795 0.416822672 -0.005331272 -0.702463329 -0.014783836 -0.711546481
1756585912584199936.000000 1.216314077 -0.024701459 0.417097449 -0.005162987 -0.702677011 -0.015019670 -0.711331725
1756585912650884352.000000 1.219887495 -0.026145341 0.419298768 -0.006202919 -0.698090553 -0.013129876 -0.715862215
1756585912717568512.000000 1.224489331 -0.026231658 0.424659014 -0.005360756 -0.687364876 -0.013326122 -0.726170361
1756585912784252672.000000 1.233289838 -0.024940638 0.427105188 -0.003644541 -0.679092646 -0.014422627 -0.733901858
1756585912850937088.000000 1.242558002 -0.022880001 0.428792477 -0.003537549 -0.676846385 -0.013221947 -0.735997140
1756585912917620480.000000 1.249022007 -0.022321286 0.428502083 -0.002943244 -0.679179251 -0.013687305 -0.733838975
1756585912984304640.000000 1.253934264 -0.023169454 0.428370833 -0.005387160 -0.678543925 -0.012697415 -0.734430432
1756585913050988800.000000 1.259584546 -0.022594370 0.429326892 0.006443217 0.677692115 0.012744853 0.735207140
1756585913117673472.000000 1.267019987 -0.022699621 0.431974173 -0.005452984 -0.678213477 -0.013457156 -0.734721541
1756585913184357376.000000 1.273600936 -0.022736697 0.432543635 -0.004178998 -0.678443313 -0.013699603 -0.734513164
1756585913251041024.000000 1.279699802 -0.023248797 0.433824539 -0.004651977 -0.678530633 -0.013236816 -0.734438181
1756585913317724416.000000 1.286752939 -0.022676272 0.434222460 -0.005302951 -0.678134799 -0.013112363 -0.734801471
1756585913384407040.000000 1.295057416 -0.021530306 0.433732033 0.004831532 0.677961707 0.013214903 0.734962642
1756585913451090432.000000 1.302091360 -0.021722980 0.433695674 0.005151602 0.678071916 0.013364944 0.734856009
1756585913517773824.000000 1.308356285 -0.021636685 0.434909701 0.005163379 0.678464711 0.013460851 0.734491527
1756585913551115776.000000 1.310364604 -0.022504847 0.433923364 0.004744228 0.678363025 0.014252264 0.734573364
1756585913617799168.000000 1.316931725 -0.021484025 0.434974670 0.004740358 0.678156674 0.013952420 0.734769642
1756585913684482816.000000 1.322664976 -0.021894289 0.435286164 0.006419037 0.678116858 0.012269369 0.734823763
1756585913751166464.000000 1.328567028 -0.021896038 0.436420918 0.008077530 0.678022683 0.010870475 0.734916270
1756585913851190784.000000 1.338963032 -0.022376647 0.437326789 0.006278838 0.678263128 0.012944442 0.734678328
1756585913884532736.000000 1.342790842 -0.022377739 0.437605739 0.005993390 0.678287268 0.013612567 0.734646380
1756585913951216128.000000 1.349557161 -0.022684785 0.438061714 0.005197076 0.678773403 0.014118504 0.734193683
1756585914017900288.000000 1.357093573 -0.022555543 0.438992023 0.004926233 0.679139078 0.014039923 0.733858883
1756585914084583680.000000 1.363162279 -0.022336585 0.438693762 0.004676928 0.679077566 0.014196088 0.733914375
1756585914151267584.000000 1.369110465 -0.022873681 0.439952374 0.004756497 0.679109573 0.013867200 0.733890593
1756585914217949952.000000 1.374698639 -0.022804631 0.440593719 0.006131738 0.678898215 0.012847644 0.734094501
1756585914284633344.000000 1.380486131 -0.023122745 0.441800952 0.006333820 0.678683102 0.012939149 0.734290004
1756585914351316736.000000 1.388928652 -0.023249699 0.442342281 0.005414371 0.678256154 0.014051253 0.734671295
1756585914418000128.000000 1.397048950 -0.022916183 0.442424417 0.003861281 0.677930295 0.015376016 0.734955311
1756585914484683520.000000 1.402479768 -0.023328662 0.443563700 0.003685767 0.678404987 0.014887937 0.734528065
1756585914551367168.000000 1.407513142 -0.024186233 0.444279075 0.005294392 0.679196000 0.013264559 0.733817995
1756585914618050304.000000 1.412631989 -0.023989080 0.444811344 0.006015280 0.679659009 0.012396404 0.733398795
1756585914684732672.000000 1.419747710 -0.023430381 0.446688175 0.005045972 0.679421782 0.013805152 0.733600795
1756585914784757760.000000 1.432060480 -0.022486839 0.447142482 0.003488866 0.679955840 0.014557398 0.733100355
1756585914818099456.000000 1.435168028 -0.022971043 0.446481466 0.004023542 0.680085361 0.014212481 0.732984185
1756585914884783104.000000 1.440009475 -0.024123717 0.446937442 0.004475719 0.679917216 0.013734893 0.733146667
1756585914951466240.000000 1.446693897 -0.023779456 0.448072195 0.004015358 0.679966271 0.014475402 0.733089507
1756585915018149888.000000 1.454442501 -0.022836948 0.448641300 0.003206641 0.680286050 0.015045573 0.732785344
1756585915084833024.000000 1.460490346 -0.023181139 0.449280381 0.003614335 0.680725515 0.014402836 0.732388079
1756585915151515648.000000 1.466261744 -0.024308667 0.449253559 0.005200208 0.680912197 0.013547318 0.732221365
1756585915218198528.000000 1.472680449 -0.023152495 0.450176477 0.004799896 0.681438804 0.012660334 0.731749892
1756585915284881152.000000 1.479443550 -0.023856305 0.450703263 0.003845597 0.681450129 0.013226753 0.731734931
1756585915351563776.000000 1.487355828 -0.023498986 0.450864434 0.002629013 0.680845797 0.014610021 0.732276320
1756585915418246400.000000 1.493607998 -0.023778604 0.452037930 0.003168241 0.681073308 0.013216875 0.732089162
1756585915451587840.000000 1.495655894 -0.024183074 0.452808261 0.004208740 0.681475759 0.012452421 0.731722653
1756585915518270464.000000 1.501240253 -0.024827728 0.453314304 0.004488872 0.681265831 0.012137610 0.731921792
1756585915584952064.000000 1.509061098 -0.023942247 0.453666568 0.003878410 0.680797458 0.013494255 0.732337236
1756585915684976384.000000 1.519769549 -0.024105316 0.454003096 0.002399701 0.680858493 0.014188250 0.732273638
1756585915718317568.000000 1.522979498 -0.023994584 0.454740047 0.003231440 0.681159317 0.013411452 0.732005298
1756585915785000448.000000 1.528470874 -0.025663404 0.454106092 0.003861363 0.680873394 0.012952287 0.732276440
1756585915851682816.000000 1.533745050 -0.025439598 0.454435825 0.003813749 0.680980265 0.013057519 0.732175529
1756585915918365696.000000 1.540690780 -0.025451927 0.454833984 0.003586658 0.681071162 0.013492878 0.732084155
1756585915985048320.000000 1.546837449 -0.024260608 0.457398772 0.003751636 0.682417214 0.012314383 0.730849624
1756585916018388736.000000 1.550132036 -0.024324482 0.457794309 0.003844888 0.683123469 0.012058219 0.730193257
1756585916085071616.000000 1.557279587 -0.023795497 0.458465457 0.003658548 0.683264017 0.011888888 0.730065525
1756585916151754240.000000 1.563784599 -0.024331130 0.458578229 0.003916468 0.683090150 0.012483955 0.730216861
1756585916218437120.000000 1.570257425 -0.024592886 0.458966970 0.003110672 0.683228374 0.012093860 0.730098009
1756585916251778816.000000 1.573834658 -0.024566811 0.459288955 0.003438819 0.683491826 0.012037097 0.729850829
1756585916351803648.000000 1.582213640 -0.025225345 0.460359454 0.003977830 0.684273779 0.011343295 0.729126155
1756585916418486272.000000 1.587930560 -0.025576862 0.461209059 0.003933409 0.684233904 0.011390762 0.729163110
1756585916485168384.000000 1.594593048 -0.026053654 0.461154222 0.004118347 0.684329569 0.011593785 0.729069114
1756585916551851520.000000 1.602315426 -0.025260625 0.461717129 0.002546118 0.684455395 0.012585158 0.728941679
1756585916585193216.000000 1.605769396 -0.024759712 0.462049007 0.002262799 0.684906483 0.012411356 0.728521824
1756585916651876096.000000 1.611675739 -0.025363635 0.462687135 0.002675371 0.684943080 0.011808355 0.728495955
1756585916718558976.000000 1.618211746 -0.026128469 0.462488651 0.003674288 0.683819115 0.012221887 0.729540050
1756585916785241856.000000 1.622601509 -0.025752030 0.463935256 0.003622893 0.684489906 0.011420638 0.728923976
1756585916851925248.000000 1.628695846 -0.026529774 0.463306785 0.003312393 0.684445143 0.012246259 0.728954077
1756585916885266432.000000 1.632814527 -0.026575835 0.463301659 0.002682554 0.684327364 0.012668637 0.729059994
1756585916951948288.000000 1.639910340 -0.026541449 0.464118004 0.002814787 0.685284853 0.012298561 0.728165925
1756585917018631680.000000 1.646239519 -0.026546964 0.465416431 0.003019425 0.685477555 0.011491171 0.727996826
1756585917085314560.000000 1.652585387 -0.026496930 0.466165543 0.003206991 0.685130656 0.011150473 0.728327811
1756585917151997440.000000 1.659322858 -0.026856987 0.465620279 0.003847164 0.685183823 0.011613784 0.728267491
1756585917218680576.000000 1.665032387 -0.027033091 0.466154695 0.004297706 0.685848892 0.011363530 0.727642596
1756585917285363968.000000 1.671434402 -0.027411694 0.467481852 0.003880991 0.686930001 0.011705247 0.726619005
1756585917352046336.000000 1.678950548 -0.027158305 0.466784358 0.003659122 0.686130345 0.011957764 0.727371216
1756585917418729472.000000 1.684457541 -0.027184630 0.467484832 0.003765139 0.685929954 0.012210375 0.727555394
1756585917452070912.000000 1.688310623 -0.027078608 0.466956139 0.004002751 0.685818195 0.012038179 0.727662325
1756585917552096000.000000 1.698236108 -0.027406346 0.467603207 0.003866076 0.686085224 0.012505469 0.727403522
1756585917585437696.000000 1.701049328 -0.027462605 0.467824340 0.004054805 0.686398506 0.012510994 0.727106750
1756585917652121088.000000 1.707290411 -0.027927833 0.467732310 0.004841893 0.686308444 0.011837128 0.727198184
1756585917718804224.000000 1.712457776 -0.028286053 0.468571782 0.005335147 0.686195970 0.011361665 0.727308512
1756585917785486336.000000 1.720058203 -0.028409934 0.468640566 0.004575647 0.685874879 0.012093695 0.727604628
1756585917852169984.000000 1.727036238 -0.028455527 0.470205903 0.004077228 0.685999453 0.013056320 0.727473557
1756585917885511424.000000 1.729678988 -0.028631458 0.470912457 0.003427343 0.686055601 0.012965174 0.727425516
1756585917952194816.000000 1.737382054 -0.028591754 0.470329762 0.003483906 0.686063290 0.013379079 0.727410555
1756585918018878208.000000 1.742002249 -0.028583787 0.470768213 0.003505157 0.686590970 0.012246779 0.726932406
1756585918085561344.000000 1.748183250 -0.028601127 0.471091986 0.003935328 0.686156809 0.012338819 0.727338493
1756585918152244480.000000 1.754868269 -0.028750263 0.472117186 0.003579978 0.686335862 0.012708695 0.727164924
1756585918185586688.000000 1.757979155 -0.028729063 0.472823620 0.003393925 0.686874866 0.012826612 0.726654649
1756585918285612544.000000 1.768989563 -0.028239710 0.471508265 0.003664637 0.686417222 0.012678390 0.727088273
1756585918352297216.000000 1.775277257 -0.029085623 0.472688079 0.003114043 0.687197208 0.012516630 0.726356506
1756585918385639680.000000 1.778213739 -0.029420583 0.473002791 0.003374359 0.687617362 0.012689460 0.725954592
1756585918452324096.000000 1.784433007 -0.029088356 0.473237753 0.002877355 0.687934101 0.012497978 0.725659847
1756585918519009024.000000 1.790011287 -0.028878545 0.473720789 0.003899367 0.687482953 0.011907457 0.726092517
1756585918585693952.000000 1.796773195 -0.028619647 0.473621726 0.004250325 0.687237382 0.011469784 0.726329982
1756585918652378624.000000 1.804645061 -0.030570287 0.474486470 0.002982787 0.687938809 0.013574960 0.725635648
1756585918719062528.000000 1.811007380 -0.030667093 0.475115657 0.002429659 0.688238263 0.014130059 0.725343049
1756585918785747200.000000 1.818550944 -0.029809885 0.473552227 0.003628034 0.687701046 0.012666980 0.725874424
1756585918852432128.000000 1.824246764 -0.029517181 0.474642873 0.003636978 0.688394606 0.012962946 0.725211442
1756585918919117312.000000 1.831124067 -0.029807139 0.475355268 0.003773761 0.688074172 0.012962075 0.725514770
1756585918952459776.000000 1.834148407 -0.030048884 0.475339413 0.004306508 0.688336730 0.013055252 0.725261152
1756585919019144448.000000 1.841620684 -0.029774584 0.474845290 0.004742393 0.688539147 0.011646037 0.725090265
1756585919085829376.000000 1.847612739 -0.029890588 0.475552559 0.005116506 0.687752008 0.012114467 0.725826681
1756585919119171072.000000 1.851115108 -0.029738843 0.475613594 0.005062283 0.687535167 0.012133654 0.726032078
1756585919185855488.000000 1.858157635 -0.029724281 0.476439476 0.004549340 0.688476205 0.013031733 0.725127578
1756585919252538112.000000 1.864073515 -0.029368397 0.476404548 0.004630562 0.688896477 0.011956536 0.724746346
1756585919319220480.000000 1.869631171 -0.032135077 0.475681424 0.004802247 0.688161552 0.012136483 0.725440085
1756585919352561664.000000 1.873615742 -0.030577414 0.476166010 0.005399895 0.687817216 0.011316219 0.725775599
1756585919419244032.000000 1.880864501 -0.030616626 0.476249695 0.005199761 0.687469482 0.011616877 0.726101816
1756585919485926656.000000 1.886868238 -0.030559471 0.477059960 0.005132961 0.688095868 0.011152807 0.725515962
1756585919552609024.000000 1.892477155 -0.030926609 0.478215098 0.005712000 0.688147902 0.011188696 0.725461721
1756585919585949184.000000 1.895566821 -0.031242294 0.479150534 0.005209579 0.688511729 0.010932483 0.725124180
1756585919652631552.000000 1.898966074 -0.031751081 0.481673598 0.005164640 0.689809740 0.011220551 0.723885357
1756585919719313920.000000 1.909729481 -0.032697860 0.478538275 0.004155424 0.688384652 0.012297104 0.725229800
1756585919752655104.000000 1.909998178 -0.032946914 0.481037140 0.003610139 0.688798368 0.013006723 0.724827349
1756585919819337472.000000 1.918828130 -0.032476429 0.478851318 0.003891481 0.687839687 0.012115018 0.725751162
1756585919886019584.000000 1.925190449 -0.035703007 0.478793025 0.003740986 0.688047111 0.013257412 0.725535393
1756585919952701696.000000 1.932146788 -0.033459146 0.478624582 0.005545731 0.687672198 0.011095108 0.725915432
1756585919986043136.000000 1.935019970 -0.033489451 0.478712916 0.005920985 0.687745929 0.010847757 0.725846350
1756585920052724480.000000 1.941422939 -0.033391297 0.479213357 0.005207843 0.688235283 0.010898606 0.725386977
1756585920119406592.000000 1.948763967 -0.033311427 0.478880405 0.004299852 0.687722206 0.011886014 0.725863993
1756585920186089472.000000 1.955853701 -0.032636113 0.478924990 0.004331975 0.686719120 0.012809384 0.726797163
1756585920252774144.000000 1.962004185 -0.032540102 0.478758812 0.003497896 0.687126279 0.013193784 0.726409793
1756585920286116352.000000 1.964301109 -0.031308051 0.479283929 0.002873832 0.689688146 0.013830821 0.723968804
1756585920352801280.000000 1.963755846 -0.031950179 0.479542017 -0.003992584 -0.695517242 -0.013344429 -0.718374431
1756585920419485696.000000 1.966227412 -0.031088725 0.476895213 0.005381785 0.699679732 0.011933488 0.714336693
1756585920452827136.000000 1.965325952 -0.031698942 0.476457596 0.006395605 0.702885091 0.010956311 0.711190343
1756585920519512064.000000 1.964538455 -0.032380063 0.473938942 0.007184064 0.711412489 0.010122832 0.702665150
1756585920586196736.000000 1.966524482 -0.033112120 0.472248077 0.005288242 0.719702065 0.011967452 0.694159806
1756585920619538944.000000 1.966995239 -0.032524653 0.472230434 0.004503116 0.723458767 0.012797625 0.690234363
1756585920686223872.000000 1.967719913 -0.033504196 0.469706297 0.004472029 0.730073512 0.012784416 0.683234513
1756585920752908800.000000 1.967602491 -0.033786543 0.467644930 0.005424657 0.737322152 0.012421261 0.675405324
1756585920819593728.000000 1.966703415 -0.035406433 0.465815783 -0.005524933 -0.745304286 -0.012734416 -0.666579962
1756585920852935936.000000 1.967453599 -0.034070097 0.466730118 -0.005969352 -0.749884963 -0.012224859 -0.661428392
1756585920919619840.000000 1.968111277 -0.035689171 0.463488340 -0.005384698 -0.757458746 -0.013715112 -0.652716815
1756585920952962304.000000 1.968721628 -0.035210960 0.462754250 -0.005493674 -0.761363983 -0.013369743 -0.648163617
1756585921019647232.000000 1.969410896 -0.033670872 0.462530136 -0.006203087 -0.768899262 -0.012417291 -0.639219284
1756585921086332416.000000 1.969604015 -0.034059383 0.460044622 -0.006504769 -0.775571644 -0.011609311 -0.631119370
1756585921153017344.000000 1.970646143 -0.033939715 0.457677603 -0.006686484 -0.782281280 -0.011832483 -0.622777164
1756585921186359296.000000 1.970817089 -0.033885311 0.456786156 -0.006352309 -0.785611033 -0.011978331 -0.618572176
1756585921253042432.000000 1.971363425 -0.033320934 0.455271721 -0.006547004 -0.792370558 -0.012097407 -0.609885097
1756585921286384128.000000 1.971540570 -0.033660244 0.453827143 -0.006542011 -0.795555234 -0.012164579 -0.605723798
1756585921353066240.000000 1.971904516 -0.033668064 0.451316595 -0.006877845 -0.801927209 -0.012903153 -0.597242951
1756585921386407680.000000 1.972150207 -0.033665124 0.450459719 -0.006381538 -0.805336356 -0.012530128 -0.592651367
1756585921453090816.000000 1.972536087 -0.033974744 0.448074341 -0.006691038 -0.811928451 -0.012861318 -0.583576977
1756585921519773952.000000 1.972592473 -0.034023792 0.446282625 -0.007229058 -0.818701744 -0.012706334 -0.574033022
1756585921586456832.000000 1.972231984 -0.033478372 0.444418430 0.007977470 0.824944496 0.012791746 0.565012813
1756585921619798528.000000 1.972027063 -0.033127453 0.443251848 0.008028438 0.827844024 0.012308237 0.560765922
1756585921686481408.000000 1.973173141 -0.033179000 0.439439058 -0.008485677 -0.833432376 -0.012661342 -0.552411199
1756585921753164544.000000 1.973701835 -0.032965183 0.437106609 -0.008120154 -0.839836121 -0.013196098 -0.542618990
1756585921786505216.000000 1.974027872 -0.032607704 0.435907364 -0.008459711 -0.842613459 -0.013066418 -0.538293958
1756585921853188352.000000 1.973503709 -0.032493725 0.434368372 -0.009249769 -0.848336995 -0.013332139 -0.529208064
1756585921919870976.000000 1.973320484 -0.031801134 0.432360411 -0.009146625 -0.854445279 -0.012221080 -0.519317210
1756585921953212672.000000 1.973641157 -0.031688955 0.431033373 -0.009156954 -0.857442319 -0.012125248 -0.514355838
1756585921986554112.000000 1.974275827 -0.031748436 0.429717302 -0.009080487 -0.860487759 -0.012356922 -0.509240389
1756585922053237248.000000 1.974423051 -0.031778350 0.427839041 -0.009096410 -0.866555691 -0.013255523 -0.498821467
1756585922086578944.000000 1.973764181 -0.031391755 0.427077055 -0.009183084 -0.869526386 -0.013358952 -0.493620485
1756585922153261824.000000 1.973105907 -0.031773616 0.425061226 -0.009573496 -0.874762952 -0.013344374 -0.484272808
1756585922219943424.000000 1.973106503 -0.031958982 0.422670603 -0.009926703 -0.879851580 -0.013322382 -0.474958062
1756585922253284864.000000 1.973256111 -0.031844091 0.421001196 0.010021607 0.882320344 0.013905991 0.470337301
1756585922286626304.000000 1.973704338 -0.032324113 0.419301271 0.010060265 0.884760857 0.014229882 0.465719521
1756585922353308672.000000 1.973137140 -0.033046123 0.417334795 -0.010649676 -0.889747918 -0.014984176 -0.456082046
1756585922419991296.000000 1.972873569 -0.032907590 0.415208340 -0.010750216 -0.894352615 -0.014821879 -0.446987957
1756585922486673664.000000 1.972639799 -0.032909330 0.412321568 -0.010942174 -0.899081230 -0.015107396 -0.437384307
1756585922520015104.000000 1.972943306 -0.033250928 0.410853386 -0.010624017 -0.901373863 -0.015484016 -0.432634503
1756585922586697216.000000 1.971830726 -0.033087157 0.408763409 -0.011179001 -0.905985594 -0.015659487 -0.422871262
1756585922620038400.000000 1.971266270 -0.033003263 0.408152819 -0.011667486 -0.908447802 -0.015502121 -0.417548001
1756585922686720000.000000 1.969671011 -0.032785017 0.406039596 -0.011956995 -0.912983716 -0.015475325 -0.407527268
1756585922720061184.000000 1.969729662 -0.032799140 0.404827356 -0.012374040 -0.915291667 -0.015479103 -0.402303964
1756585922786743296.000000 1.969157696 -0.032592677 0.402461052 -0.012192112 -0.919455767 -0.015866883 -0.392684013
1756585922820084736.000000 1.969027400 -0.032638609 0.401127100 -0.012198871 -0.921764076 -0.016082123 -0.387225449
1756585922886767104.000000 1.969146371 -0.032294706 0.399242640 -0.013133086 -0.926434517 -0.015607502 -0.375902951
1756585922953449472.000000 1.966474175 -0.031868607 0.397298098 0.013618349 0.930405915 0.014861225 0.365976155
1756585922986790400.000000 1.967653275 -0.031762250 0.396104336 -0.014250959 -0.932529628 -0.014187422 -0.360533267
1756585923053473024.000000 1.967669010 -0.031600729 0.393484235 -0.014734588 -0.936379552 -0.014428912 -0.350382835
1756585923086813952.000000 1.967660189 -0.031620979 0.392496467 -0.014259819 -0.938456297 -0.015000295 -0.344777346
1756585923153495296.000000 1.966900706 -0.031643275 0.389798999 -0.014348863 -0.942253292 -0.015459877 -0.334236294
1756585923186836736.000000 1.966243386 -0.031418070 0.388601661 -0.014721058 -0.944083095 -0.015219348 -0.329027027
1756585923253519872.000000 1.965553284 -0.031418338 0.386742473 -0.014734814 -0.947913826 -0.014689312 -0.317846656
1756585923286861312.000000 1.965156794 -0.031467702 0.386240005 -0.014807630 -0.949686289 -0.014437109 -0.312519282
1756585923353544192.000000 1.963999033 -0.031692401 0.384299278 -0.015897365 -0.953812420 -0.010593679 -0.299794763
1756585923420227328.000000 1.961027026 -0.033333331 0.380966663 -0.018621055 -0.957198858 -0.001988983 -0.288824797
1756585923453569024.000000 1.964552164 -0.034099687 0.377766371 -0.019812329 -0.958919585 -0.002952279 -0.282970190
1756585923520251904.000000 1.966927886 -0.034192078 0.369896770 0.016765602 0.961674154 0.006950886 0.273593545
1756585923553593344.000000 1.969259381 -0.033115484 0.365042329 0.015122183 0.963268161 0.010143070 0.267923474
1756585923620275456.000000 1.974274755 -0.031217193 0.353644609 0.011675420 0.966344595 0.019625409 0.256235659
1756585923653616896.000000 1.974476814 -0.031015767 0.349559307 0.012661990 0.968069494 0.019108178 0.249631703
1756585923720300032.000000 1.975367904 -0.031246496 0.342210531 0.013526776 0.971356511 0.016348967 0.236677736
1756585923753641728.000000 1.975429296 -0.031248812 0.338853836 0.013904012 0.972547591 0.014150591 0.231857136
1756585923786983168.000000 1.975710511 -0.031718377 0.335638165 0.013867594 0.973460555 0.013753355 0.228019997
1756585923853666048.000000 1.978050590 -0.031573962 0.328476906 0.012471321 0.975404501 0.017869344 0.219342902
1756585923920349184.000000 1.979589343 -0.030097011 0.322460532 -0.011001151 -0.977333307 -0.021674257 -0.210306898
1756585923953690880.000000 1.978255868 -0.028285334 0.323296607 0.013236929 0.978206515 0.017278370 0.206490606
1756585924020372736.000000 1.975062966 -0.029443782 0.326021671 0.014672383 0.979794145 0.013796824 0.198992088
1756585924053713920.000000 1.975211740 -0.031356934 0.326894522 -0.014342751 -0.980975449 -0.012275724 -0.193211749
1756585924087055616.000000 1.973373771 -0.031860583 0.326952279 -0.015271729 -0.982053101 -0.009963353 -0.187721252
1756585924153738496.000000 1.971252680 -0.031498760 0.325952172 -0.015127306 -0.983993590 -0.009769839 -0.177291960
1756585924220422144.000000 1.970444679 -0.031045493 0.322395802 -0.014369866 -0.985785067 -0.013407391 -0.166858375
1756585924253763840.000000 1.970910788 -0.031299479 0.320554018 -0.014101801 -0.986709476 -0.015837867 -0.161105260
1756585924287105792.000000 1.970407248 -0.030733693 0.318560660 -0.014032491 -0.987497270 -0.016882366 -0.156100348
1756585924353789440.000000 1.968160152 -0.030076079 0.316985548 -0.014158517 -0.989024162 -0.016079806 -0.146192387
1756585924387131136.000000 1.966685295 -0.030124655 0.316806287 -0.014613202 -0.989779115 -0.015447691 -0.141014889
1756585924453813760.000000 1.966646194 -0.030280281 0.314756721 -0.015311022 -0.991629601 -0.014339191 -0.127400398
1756585924487155456.000000 1.964631557 -0.031113110 0.315532535 0.015447780 0.992275536 0.014777280 0.122198150
1756585924553839104.000000 1.963593006 -0.030485151 0.312868893 -0.015475474 -0.993729472 -0.015105416 -0.109700151
1756585924620522752.000000 1.961987615 -0.030160410 0.310742974 -0.015533710 -0.994888544 -0.016075112 -0.098473944
1756585924653864448.000000 1.960848927 -0.029683685 0.309518784 -0.015641429 -0.995363951 -0.016236017 -0.093500756
1756585924720548352.000000 1.959600329 -0.029516675 0.308613330 -0.015771803 -0.996305406 -0.015978135 -0.082894482
1756585924753890048.000000 1.958667397 -0.029391989 0.307877928 -0.015777988 -0.996752918 -0.015728036 -0.077377714
1756585924820573696.000000 1.957378030 -0.028995194 0.307432353 -0.015904672 -0.997571886 -0.015009397 -0.066122860
1756585924853915392.000000 1.956945539 -0.028875966 0.306942999 -0.016048320 -0.997952402 -0.014547016 -0.060182769
1756585924920598528.000000 1.955473423 -0.029065765 0.305793971 -0.016213661 -0.998566091 -0.014758953 -0.048838835
1756585924953940224.000000 1.955487132 -0.029365342 0.305029929 -0.016068434 -0.998876631 -0.015060318 -0.041959163
1756585924987281920.000000 1.951043248 -0.028914388 0.305970788 0.016268816 0.999001861 0.014938836 0.038826060
1756585925053965824.000000 1.950624466 -0.029765479 0.304094076 -0.017004179 -0.999399841 -0.014906495 -0.026243476
1756585925120649216.000000 1.949455380 -0.029780354 0.303434968 -0.017020736 -0.999632120 -0.014885121 -0.014981997
1756585925153991424.000000 1.948898911 -0.029814061 0.302664399 -0.016981989 -0.999699652 -0.015024928 -0.009304454
1756585925220759808.000000 1.947247386 -0.029687725 0.302046835 -0.017061768 -0.999734163 -0.015448583 0.001411829
1756585925287603200.000000 1.945446014 -0.029107101 0.300700665 -0.016907621 -0.999659479 -0.015664136 0.012241236
1756585925321025536.000000 1.944942832 -0.029168192 0.299955577 -0.016972011 -0.999574482 -0.015532357 0.017936213
1756585925387870976.000000 1.945041895 -0.027940664 0.298455000 0.016877448 0.999294102 0.014863708 -0.030093351
1756585925454719744.000000 1.942907691 -0.028828435 0.297006786 -0.016816989 -0.998864055 -0.015661243 0.041743714
1756585925521570048.000000 1.941373229 -0.028725866 0.296378911 -0.016515821 -0.998316765 -0.015512985 0.053387586
1756585925588422656.000000 1.938933134 -0.028679095 0.296067059 -0.016730130 -0.997678459 -0.015097089 0.064264119
1756585925655277312.000000 1.937124133 -0.029133193 0.294867694 -0.016764209 -0.996910393 -0.015715193 0.075111821
1756585925688705792.000000 1.935973406 -0.029318251 0.294594169 -0.016742025 -0.996508002 -0.015853912 0.080250733
1756585925755563264.000000 1.933808446 -0.030371059 0.293963492 -0.016607460 -0.995537758 -0.011402582 0.092188992
1756585925822421760.000000 1.930452943 -0.031729460 0.291738391 0.015588949 0.994209290 0.001040874 -0.106319502
1756585925889283584.000000 1.928548455 -0.032171808 0.285314202 0.016282242 0.992933929 0.002456822 -0.117520437
1756585925956147456.000000 1.923741698 -0.031734042 0.274777889 -0.016973721 -0.991571546 -0.009272837 0.128108889
1756585926023013120.000000 1.918686867 -0.029885612 0.262038469 -0.017758552 -0.989772916 -0.019155091 0.140240774
1756585926089881088.000000 1.914115310 -0.028925076 0.253414989 -0.018208964 -0.987779260 -0.020904284 0.153374121
1756585926156750848.000000 1.910806298 -0.030311171 0.249441266 -0.017772086 -0.985832989 -0.016064234 0.166010559
1756585926223512320.000000 1.908284307 -0.031381249 0.245072603 -0.016698133 -0.984149396 -0.012019081 0.176144451
1756585926290181888.000000 1.904352903 -0.032113604 0.239682555 -0.016350713 -0.982123017 -0.010662065 0.187225312
1756585926356851200.000000 1.899669409 -0.031525046 0.231552243 -0.017871873 -0.979626775 -0.019544883 0.199073151
1756585926390185472.000000 1.897124648 -0.029743075 0.228326201 -0.017073534 -0.978507042 -0.023209274 0.204190761
1756585926456854528.000000 1.894640446 -0.028823763 0.230517387 -0.018037781 -0.977644563 -0.019935613 0.208538622
1756585926523522816.000000 1.894242406 -0.030172590 0.233826995 -0.018251272 -0.975987196 -0.014628252 0.216568723
1756585926623525376.000000 1.892792583 -0.031312551 0.237714648 -0.016754493 -0.971999466 -0.008225366 0.234240577
1756585926690192384.000000 1.890345931 -0.031160772 0.237749696 -0.017297450 -0.969607949 -0.007630532 0.243932411
1756585926756859904.000000 1.886918306 -0.030048545 0.235352635 -0.017836537 -0.967037976 -0.012026800 0.253722042
1756585926823527680.000000 1.882749915 -0.028614305 0.232198834 -0.019386513 -0.964039624 -0.018456051 0.264407218
1756585926890194944.000000 1.879939318 -0.028479882 0.232329130 -0.019557567 -0.961145282 -0.017155083 0.274814487
1756585926923528448.000000 1.881291509 -0.030689146 0.232717156 0.018866556 0.959274590 0.017232550 -0.281317234
1756585926990194944.000000 1.878404260 -0.029764939 0.233884573 -0.018507205 -0.956236482 -0.015480643 0.291598588
1756585927056861952.000000 1.876463532 -0.030009143 0.233973265 -0.018513951 -0.952499270 -0.015308578 0.303592116
1756585927123527168.000000 1.874452114 -0.029718582 0.234009504 -0.018038340 -0.948772967 -0.015365473 0.315068811
1756585927190193408.000000 1.872536659 -0.029882405 0.234605551 -0.017908245 -0.945382416 -0.015059491 0.325122446
1756585927290192384.000000 1.869939446 -0.029802509 0.235064268 -0.017703179 -0.939845204 -0.014844595 0.340818614
1756585927323525120.000000 1.868999243 -0.029990006 0.235358238 -0.017696442 -0.937882423 -0.015085301 0.346173227
1756585927390190592.000000 1.866524458 -0.029845979 0.235349894 -0.017859338 -0.934006751 -0.015610648 0.356467217
1756585927456855808.000000 1.864235401 -0.029486116 0.236253977 0.018008398 0.930115044 0.015283672 -0.366507977
1756585927523520512.000000 1.862202764 -0.029379629 0.237229586 -0.018088831 -0.925883114 -0.014978638 0.377079695
1756585927590183936.000000 1.859976649 -0.029556744 0.238404989 -0.018223692 -0.921725929 -0.014895602 0.387127221
1756585927656848384.000000 1.858024120 -0.029611733 0.239589453 -0.018031474 -0.917633355 -0.014333013 0.396760136
1756585927723512320.000000 1.857113004 -0.030112445 0.240476131 -0.017791897 -0.913152397 -0.013646238 0.407001257
1756585927756844288.000000 1.855971217 -0.030035026 0.240787983 -0.017773923 -0.910968840 -0.013493048 0.411871195
1756585927823507712.000000 1.853713155 -0.029355895 0.241048574 -0.017898403 -0.906152904 -0.013448595 0.422357321
1756585927890171136.000000 1.850971937 -0.029251024 0.241451263 -0.017941331 -0.901322007 -0.014322567 0.432541013
1756585927956834048.000000 1.848790765 -0.029248171 0.241892338 0.017685950 0.896601796 0.013471482 -0.442279309
1756585928023495680.000000 1.847194672 -0.029416561 0.243476868 0.017017026 0.891934454 0.013088888 -0.451654792
1756585928090158080.000000 1.845626831 -0.028817996 0.244168043 -0.017827176 -0.886753559 -0.013092082 0.461713016
1756585928123489024.000000 1.844835758 -0.028709851 0.244150639 -0.017907877 -0.884025753 -0.013323171 0.466904998
1756585928190151424.000000 1.843194485 -0.028785788 0.245704889 -0.017458057 -0.878835917 -0.012621769 0.476637512
1756585928256818688.000000 1.841202259 -0.029453047 0.247249126 -0.015108089 -0.872532904 -0.008240730 0.488252312
1756585928323485952.000000 1.837337255 -0.031327367 0.248332739 0.012249743 0.867591619 -0.000114251 -0.497126430
1756585928390152448.000000 1.828933477 -0.031455126 0.246097326 0.013610805 0.862612307 0.003351230 -0.505671442
1756585928423485440.000000 1.823447704 -0.030779965 0.243146420 -0.014988342 -0.859137714 -0.006807959 0.511479616
1756585928490151168.000000 1.811282516 -0.028228685 0.238569260 -0.018473750 -0.851989210 -0.015124179 0.523014784
1756585928556817152.000000 1.803422451 -0.027929718 0.236051559 -0.017854733 -0.848357022 -0.013192358 0.528959036
1756585928623482880.000000 1.801284552 -0.026492156 0.234720707 -0.016058648 -0.850610137 -0.008885684 0.525476575
1756585928690148096.000000 1.796619415 -0.028828392 0.230410337 0.014092401 0.852572501 0.007884620 -0.522359550
1756585928723480832.000000 1.794846296 -0.026572363 0.230133533 -0.013878511 -0.852458298 -0.007092994 0.522562802
1756585928790146048.000000 1.788418293 -0.025857378 0.226943970 -0.015398582 -0.852587938 -0.008501223 0.522287786
1756585928856810752.000000 1.780445218 -0.024813825 0.223061323 -0.016919535 -0.852823377 -0.010732460 0.521814942
1756585928923474432.000000 1.775366545 -0.025402749 0.220982075 -0.015869563 -0.852751851 -0.009406473 0.521990478
1756585928990138880.000000 1.771485806 -0.025923491 0.219002247 -0.014631179 -0.852456033 -0.007456937 0.522540987
1756585929056802560.000000 1.764846087 -0.026155047 0.216889620 -0.014287096 -0.848553836 -0.006637963 0.528874516
1756585929123466240.000000 1.756270885 -0.027487932 0.213488340 0.015554683 0.839787304 0.009229238 -0.542614222
1756585929190129920.000000 1.748428822 -0.026349021 0.212734699 -0.015390214 -0.833402932 -0.008838256 0.552380860
1756585929256796416.000000 1.740925312 -0.026128262 0.211900949 -0.015475818 -0.827880323 -0.008255204 0.560630560
1756585929323462400.000000 1.734169960 -0.026649356 0.211313963 -0.015178977 -0.821597219 -0.007283423 0.569819689
1756585929390127104.000000 1.726758122 -0.026326051 0.210258722 -0.014972931 -0.814039528 -0.007436143 0.580568910
1756585929423460096.000000 1.723110080 -0.026265800 0.209301472 -0.014784781 -0.810517371 -0.008180049 0.585470796
1756585929490125056.000000 1.716438532 -0.026875589 0.208819032 -0.015066494 -0.804338276 -0.007404564 0.593934476
1756585929556790272.000000 1.709590673 -0.026935637 0.208784223 -0.015077460 -0.797628641 -0.006760765 0.602922559
1756585929623454976.000000 1.700998306 -0.026757605 0.207978845 0.014705462 0.791626871 0.007264799 -0.610784650
1756585929690119680.000000 1.694389462 -0.026972799 0.205535769 0.015319615 0.791733265 0.010041656 -0.610592365
1756585929756783616.000000 1.687349319 -0.025331929 0.204040766 -0.015968967 -0.794370949 -0.010428159 0.607133448
1756585929823446528.000000 1.682989359 -0.025750358 0.202484727 -0.013955630 -0.794899702 -0.007740777 0.606530905
1756585929856778496.000000 1.680601954 -0.025641240 0.201701522 -0.013222974 -0.794883847 -0.006869883 0.606578648
1756585929923441920.000000 1.675198317 -0.025291378 0.199894786 0.013574427 0.795446098 0.006786503 -0.605834305
1756585929990104832.000000 1.668173313 -0.025223816 0.197459579 -0.014825908 -0.795448780 -0.008347755 0.605781913
1756585930023436544.000000 1.664214611 -0.024937779 0.196285963 -0.015058515 -0.795255423 -0.008779464 0.606023848
1756585930090099200.000000 1.658013105 -0.024639629 0.194270134 -0.014732461 -0.794789970 -0.008698778 0.606643498
1756585930156761600.000000 1.651995182 -0.024719710 0.192019343 -0.014435816 -0.794877589 -0.008685737 0.606535971
1756585930223425792.000000 1.645186901 -0.025526682 0.190537572 0.015195761 0.795581460 0.009799622 -0.605576873
1756585930290093056.000000 1.639275312 -0.025212901 0.189560175 -0.015472669 -0.795655966 -0.009165242 0.605481863
1756585930323426816.000000 1.636395454 -0.024984913 0.188629031 -0.015033874 -0.795438647 -0.008370452 0.605789900
1756585930390093568.000000 1.630957723 -0.025362395 0.186959982 -0.014375862 -0.795312524 -0.007675128 0.605980575
1756585930456760064.000000 1.623676777 -0.025438685 0.186100125 -0.014264151 -0.790668845 -0.007083439 0.612036884
1756585930523426560.000000 1.613910556 -0.024619281 0.186096907 -0.016288759 -0.781237483 -0.010011259 0.623941183
1756585930590092544.000000 1.605876327 -0.024062978 0.186655521 -0.016357053 -0.773451865 -0.009482872 0.633573115
1756585930656758272.000000 1.599682808 -0.024726138 0.187220335 -0.015328079 -0.765766025 -0.007878978 0.642888367
1756585930723422720.000000 1.592680454 -0.024767175 0.187957764 -0.014265609 -0.759683728 -0.007991198 0.650087178
1756585930790088192.000000 1.586122990 -0.024514850 0.186624646 0.015446884 0.760987163 0.008713866 -0.648524523
1756585930823420672.000000 1.583583951 -0.024524832 0.185157061 -0.015813926 -0.762522459 -0.009828120 0.646693826
1756585930890085376.000000 1.577717900 -0.024719816 0.183773994 -0.014983970 -0.763519704 -0.008810796 0.645550609
1756585930956749824.000000 1.572184443 -0.024855539 0.183061242 -0.014689622 -0.763068140 -0.008133941 0.646099865
1756585931023414272.000000 1.565355062 -0.025072535 0.181632400 -0.014855761 -0.763121367 -0.008619680 0.646026850
1756585931090078464.000000 1.558749557 -0.024761532 0.179954886 -0.015114554 -0.763868868 -0.009098236 0.645130396
1756585931156741120.000000 1.551701665 -0.024753964 0.178965688 -0.015620587 -0.763835728 -0.008838778 0.645161152
1756585931223406336.000000 1.545495987 -0.024300007 0.178085327 -0.015545185 -0.763303995 -0.009074072 0.645788729
1756585931290072576.000000 1.540641785 -0.024330158 0.176771045 0.014411890 0.762961328 0.008295507 -0.646230280
1756585931356738560.000000 1.533886552 -0.023733798 0.176398516 -0.014089083 -0.763197362 -0.007294619 0.645970702
1756585931423404288.000000 1.527785301 -0.023775745 0.175331354 -0.013880213 -0.762964129 -0.007282536 0.646250844
1756585931456737024.000000 1.523829103 -0.023579078 0.174957991 -0.014247664 -0.762778759 -0.007862836 0.646454751
1756585931523402496.000000 1.516515017 -0.023373585 0.173893332 -0.015426002 -0.762783527 -0.008977339 0.646407664
1756585931590066176.000000 1.509598017 -0.023167778 0.172488809 -0.015527937 -0.762912512 -0.008949956 0.646253347
1756585931656730880.000000 1.504176021 -0.023632485 0.171580911 -0.015141050 -0.762691319 -0.008580693 0.646528542
1756585931723395328.000000 1.498767138 -0.023940122 0.170223594 0.013731355 0.762502849 0.006534988 -0.646806180
1756585931756727296.000000 1.495644093 -0.023756959 0.169597149 0.013526297 0.762505293 0.006518580 -0.646807730
1756585931823391232.000000 1.486632109 -0.022598000 0.169030547 0.014753069 0.762541294 0.007969594 -0.646722257
1756585931890054656.000000 1.480740190 -0.022175850 0.166573286 -0.015578963 -0.762278855 -0.009864205 0.646986067
1756585931956718080.000000 1.475560904 -0.022681778 0.165683150 -0.014818736 -0.762431979 -0.008046310 0.646848738
1756585932023379968.000000 1.470259428 -0.023350222 0.164324760 0.013930562 0.762641132 0.006705851 -0.646637082
1756585932090042880.000000 1.463879466 -0.023147922 0.163091302 0.013968350 0.762401521 0.006422221 -0.646921694
1756585932156705024.000000 1.456159949 -0.022339625 0.161804795 -0.015352456 -0.762111902 -0.008078935 0.647212923
1756585932223371008.000000 1.448770404 -0.021545015 0.160314441 -0.015857844 -0.761696041 -0.009447254 0.647671521
1756585932290040064.000000 1.442980051 -0.021687139 0.158949614 -0.014738658 -0.761478782 -0.008752350 0.647963226
1756585932356708864.000000 1.437215805 -0.021836763 0.158077002 0.013916638 0.762632072 0.006998305 -0.646645010
1756585932423377152.000000 1.431248903 -0.021987036 0.157563329 -0.014006695 -0.762835979 -0.006575732 0.646406949
1756585932490044160.000000 1.424925089 -0.021985408 0.156369209 -0.014138577 -0.762517929 -0.006600042 0.646779001
1756585932523378176.000000 1.422038555 -0.022019131 0.155844092 -0.014060134 -0.762045264 -0.006637736 0.647337198
1756585932590046208.000000 1.414980888 -0.022195611 0.154792190 0.014685730 0.761340082 0.007835186 -0.648139060
1756585932656713728.000000 1.407014489 -0.022027303 0.153246760 0.015644519 0.761232316 0.009582817 -0.648219824
1756585932756714240.000000 1.398678303 -0.021831485 0.151744366 0.014670649 0.761732638 0.007335334 -0.647683799
1756585932823381504.000000 1.393905401 -0.022026662 0.151153326 -0.013105492 -0.761194348 -0.005767025 0.648365736
1756585932856714752.000000 1.390759110 -0.022193426 0.149487495 -0.012712695 -0.760604739 -0.006141345 0.649061799
1756585932923380480.000000 1.383031249 -0.021179637 0.148999810 -0.013827359 -0.760421515 -0.007087678 0.649244070
1756585932990046720.000000 1.374883413 -0.020881856 0.146969557 -0.015105947 -0.760271251 -0.009407965 0.649362028
1756585933056712704.000000 1.368795037 -0.021153251 0.146545887 -0.013889532 -0.756035745 -0.007105909 0.654344380
1756585933090045696.000000 1.365127921 -0.021464555 0.147418380 0.013427645 0.751816869 0.006516599 -0.659203053
1756585933190044160.000000 1.352957964 -0.021240564 0.150726318 0.013590075 0.735789001 0.006742289 -0.677040935
1756585933223379712.000000 1.349443913 -0.021492101 0.151058078 0.013487224 0.731811941 0.006475492 -0.681342423
1756585933290050304.000000 1.342348456 -0.021439739 0.152205944 -0.013138566 -0.724996328 -0.007006186 0.688591778
1756585933356719616.000000 1.335581303 -0.021296794 0.152844548 0.014030376 0.723720610 0.007837857 -0.689905941
1756585933423390208.000000 1.327284217 -0.020462591 0.151153088 -0.016534144 -0.726066589 -0.011156864 0.687335074
1756585933490060032.000000 1.319750309 -0.019694202 0.150776863 -0.017826179 -0.726131320 -0.012340087 0.687214196
1756585933523395072.000000 1.316586733 -0.019541467 0.150947213 -0.017336886 -0.726567984 -0.011077732 0.686786532
1756585933590064640.000000 1.313385606 -0.020567246 0.150945544 0.014161007 0.726949751 0.006734873 -0.686511636
1756585933656734208.000000 1.309412718 -0.021107722 0.150227785 0.012599790 0.726727843 0.005866014 -0.686785042
1756585933723403264.000000 1.302157164 -0.020804901 0.149734735 0.013153405 0.726794183 0.006503033 -0.686698556
1756585933756737792.000000 1.298478246 -0.020632595 0.149424195 0.013376876 0.726613104 0.006954495 -0.686881483
1756585933823405824.000000 1.292512894 -0.020041900 0.148414850 0.013534875 0.726015031 0.007741247 -0.687502146
1756585933890074368.000000 1.285121441 -0.019962071 0.147789717 0.014274180 0.725298762 0.008755947 -0.688230634
1756585933956742656.000000 1.279489517 -0.019868987 0.149017334 -0.015172944 -0.725366712 -0.008113008 0.688147604
1756585934023410688.000000 1.274251461 -0.019909313 0.148879409 -0.013918139 -0.725702226 -0.007190462 0.687830567
1756585934090078720.000000 1.269043207 -0.020192213 0.148952842 0.013625375 0.726076484 0.006729604 -0.687446117
1756585934156746752.000000 1.263116598 -0.020278197 0.148082733 0.013106218 0.725632131 0.006412985 -0.687928200
1756585934223416320.000000 1.256444097 -0.019717060 0.147970200 -0.013285362 -0.725658953 -0.006954635 0.687891245
1756585934290086400.000000 1.249294162 -0.018933112 0.147738099 -0.014293292 -0.725983262 -0.007782159 0.687519789
1756585934356757760.000000 1.242783666 -0.018607961 0.147453904 -0.014320680 -0.726449847 -0.007371438 0.687030792
1756585934390093056.000000 1.238199234 -0.018397661 0.145367742 0.014226110 0.726125717 0.007371717 -0.687375307
1756585934456763648.000000 1.232259989 -0.018356888 0.145767808 -0.013449781 -0.726192057 -0.007075435 0.687323987
1756585934523434496.000000 1.226362705 -0.018512864 0.145956755 0.013408994 0.726130664 0.006858194 -0.687391818
1756585934590104576.000000 1.220585942 -0.018460957 0.145974278 -0.013468164 -0.726347864 -0.007057455 0.687159181
1756585934656774656.000000 1.213885427 -0.018053509 0.145189404 -0.014857516 -0.726929486 -0.008126686 0.686503351
1756585934723443200.000000 1.207226157 -0.017731119 0.144733429 -0.014622048 -0.726819277 -0.008259046 0.686623514
1756585934756778240.000000 1.203820825 -0.017702006 0.144151092 -0.014218200 -0.726408899 -0.008910153 0.687057972
1756585934823447808.000000 1.197109342 -0.017523168 0.144164920 -0.012978952 -0.726833999 -0.007009470 0.686654866
1756585934890116864.000000 1.191989660 -0.018609865 0.144324422 -0.012365906 -0.727154195 -0.006682675 0.686330318
1756585934956786176.000000 1.186761618 -0.018601544 0.143943548 -0.013816015 -0.727995992 -0.007464806 0.685401618
1756585935023454976.000000 1.179799795 -0.018929038 0.143396139 -0.014268894 -0.727520227 -0.008025831 0.685890913
1756585935090123776.000000 1.173132896 -0.018922009 0.143105865 -0.013987668 -0.726641238 -0.007598834 0.686832726
1756585935123456768.000000 1.170333147 -0.019049888 0.143004060 -0.013597211 -0.726336718 -0.007733359 0.687161088
1756585935190125312.000000 1.164233923 -0.019144872 0.142445207 -0.014086575 -0.726366997 -0.008125144 0.687114775
1756585935256790016.000000 1.157870531 -0.018639583 0.141822577 -0.013629396 -0.727099657 -0.007281136 0.686358154
1756585935323454720.000000 1.152046919 -0.018618345 0.141337395 0.013832901 0.727859676 0.006795753 -0.685552955
1756585935390118912.000000 1.144612432 -0.017904442 0.141385317 -0.014117504 -0.727202535 -0.007367171 0.686238289
1756585935456782848.000000 1.139067769 -0.018094864 0.140888929 -0.013203339 -0.725879729 -0.007794570 0.687650800
1756585935523446528.000000 1.132425547 -0.018160190 0.139985561 -0.013230946 -0.725745618 -0.008660358 0.687781453
1756585935590108672.000000 1.126290679 -0.017901346 0.139590025 -0.013071653 -0.726080120 -0.009018198 0.687426746
1756585935656771584.000000 1.120205760 -0.018111050 0.139497042 -0.013001947 -0.726466835 -0.008217299 0.687029421
1756585935723434752.000000 1.114091992 -0.018314360 0.138765216 -0.012328819 -0.726382494 -0.007706548 0.687136889
1756585935790096896.000000 1.108332396 -0.018467870 0.139005065 0.011094077 0.726169527 0.006610399 -0.687394381
1756585935856758784.000000 1.102079272 -0.017701872 0.139511228 -0.012106095 -0.726697624 -0.006605675 0.686819077
1756585935923420672.000000 1.095345020 -0.018414540 0.139398575 0.012689583 0.726858556 0.007672130 -0.686627090
1756585935956751360.000000 1.091151714 -0.017045766 0.138502717 -0.013040287 -0.726964653 -0.007389870 0.686511278
1756585936056742144.000000 1.080656171 -0.016483568 0.137796998 -0.013835513 -0.726726294 -0.008160214 0.686739385
1756585936090072832.000000 1.077553988 -0.016424216 0.137756586 -0.013999426 -0.726812601 -0.008299156 0.686643004
1756585936156733440.000000 1.071419954 -0.016126940 0.137506604 -0.013151266 -0.727480948 -0.007091346 0.685965300
1756585936223396864.000000 1.065549374 -0.015703641 0.137002528 0.012862331 0.728005707 0.006578196 -0.685418844
1756585936290062336.000000 1.058504343 -0.015555853 0.136860013 -0.013577361 -0.727608800 -0.007590542 0.685816050
1756585936356727808.000000 1.052336693 -0.016380735 0.137131810 0.013232396 0.726845205 0.007657757 -0.686631143
1756585936423392768.000000 1.046181202 -0.016469458 0.136346638 0.013275520 0.726837516 0.007072923 -0.686644733
1756585936490056704.000000 1.038787365 -0.016616773 0.137471497 -0.014681386 -0.727897048 -0.007081870 0.685492694
1756585936556721152.000000 1.032438517 -0.016377021 0.137292624 -0.014967800 -0.727553546 -0.007229025 0.685849547
1756585936590053632.000000 1.029222965 -0.015842553 0.137052536 -0.014753394 -0.727039874 -0.006979621 0.686401248
1756585936656717568.000000 1.023140907 -0.015462406 0.136732101 -0.014437705 -0.727103174 -0.006699205 0.686343670
1756585936723381248.000000 1.016362548 -0.015772510 0.136205912 0.013809499 0.726976573 0.006109065 -0.686496258
1756585936790044928.000000 1.009147644 -0.015775522 0.135776281 -0.015198620 -0.726308286 -0.007549839 0.687159657
1756585936856708096.000000 1.000728607 -0.015360376 0.135079741 -0.016233915 -0.726290703 -0.009289282 0.687133253
1756585936923370240.000000 0.995265126 -0.016282475 0.135288537 0.016657105 0.727147818 0.009128903 -0.686218143
1756585936990032640.000000 0.989843667 -0.015776705 0.135060430 -0.015979443 -0.726947129 -0.007689865 0.686464429
1756585937056695040.000000 0.983971298 -0.015724255 0.135127306 -0.015407206 -0.727118015 -0.007139544 0.686302483
1756585937123356928.000000 0.976428330 -0.015527936 0.134997070 -0.016109042 -0.726631224 -0.008369244 0.686787903
1756585937156687872.000000 0.972712934 -0.015342044 0.134854972 -0.016714919 -0.726540864 -0.009073515 0.686860085
1756585937223352064.000000 0.966244102 -0.015010888 0.134559631 -0.016974259 -0.727068901 -0.008620549 0.686300635
1756585937290018304.000000 0.959635973 -0.015132001 0.134215713 -0.017063757 -0.727266550 -0.007925266 0.686097324
1756585937356683008.000000 0.953003705 -0.014850095 0.134071290 -0.017673973 -0.726709664 -0.008983986 0.686658680
1756585937423348992.000000 0.946014941 -0.014577890 0.134308755 -0.017392134 -0.725007653 -0.008401284 0.688470006
1756585937490013952.000000 0.939196110 -0.015604641 0.134452879 0.017665714 0.714883089 0.009080617 -0.698961854
1756585937523346688.000000 0.935818672 -0.014065931 0.137248635 -0.017848300 -0.709297478 -0.009436586 0.704620183
1756585937590011392.000000 0.927629590 -0.014052089 0.140234351 -0.017703729 -0.700900137 -0.008595421 0.712987959
1756585937656676096.000000 0.920429111 -0.014177546 0.141028106 -0.018843634 -0.700076222 -0.009366578 0.713758051
1756585937723340288.000000 0.914366603 -0.013779760 0.140661716 -0.019225907 -0.702362716 -0.009656535 0.711494029
1756585937790003200.000000 0.908569574 -0.013978349 0.140034199 -0.017178196 -0.701887190 -0.008074267 0.712035298
1756585937856667392.000000 0.902786911 -0.014441930 0.139795721 -0.017178359 -0.702349424 -0.008062175 0.711579442
1756585937889998592.000000 0.899837852 -0.014538739 0.140112042 -0.017144717 -0.702411890 -0.007891815 0.711520493
1756585937956662272.000000 0.893706501 -0.014968697 0.141086876 0.017303661 0.702301919 0.007675631 -0.711627543
1756585938023325184.000000 0.886678457 -0.013981984 0.140331328 0.017699484 0.701445162 0.009438065 -0.712441206
1756585938089987840.000000 0.880221307 -0.013795875 0.140347421 -0.018093856 -0.701050043 -0.009392294 0.712820709
1756585938156650240.000000 0.875177503 -0.013724213 0.140769482 -0.017893644 -0.701109588 -0.008552192 0.712777793
1756585938223313920.000000 0.869540572 -0.014029468 0.140958607 -0.017608894 -0.701233745 -0.008027438 0.712668777
1756585938289979648.000000 0.862908423 -0.013531690 0.141036332 -0.017447583 -0.701114595 -0.008159655 0.712788522
1756585938356645632.000000 0.856885791 -0.013715163 0.141009808 -0.016709348 -0.701023817 -0.008469860 0.712891757
1756585938423310848.000000 0.850269020 -0.013466787 0.140544534 -0.016291896 -0.701140404 -0.008325709 0.712788582
1756585938489975808.000000 0.843577623 -0.013262259 0.140450597 0.015569696 0.701329768 0.008129740 -0.712620616
1756585938556640512.000000 0.836438060 -0.013770958 0.140997648 0.016948206 0.701184094 0.010087036 -0.712707520
1756585938623304960.000000 0.829731464 -0.012724573 0.141423464 -0.016957259 -0.701057136 -0.009836674 0.712835670
1756585938689968640.000000 0.823764324 -0.012691756 0.142071903 0.016504932 0.701053858 0.008952213 -0.712861240
1756585938756632320.000000 0.817722321 -0.012725825 0.141995311 0.015776683 0.701519489 0.008470532 -0.712425292
1756585938823296000.000000 0.811899781 -0.012909541 0.141800582 0.015030111 0.702055871 0.007171676 -0.711927235
1756585938889959680.000000 0.805113673 -0.012755058 0.142208219 -0.016613312 -0.702217638 -0.007597097 0.711728096
1756585938956622592.000000 0.797048271 -0.011629484 0.142333388 -0.017889796 -0.701031387 -0.009785287 0.712838948
1756585939023285248.000000 0.790867269 -0.011805173 0.142420828 0.016949587 0.700085521 0.009581378 -0.713793516
1756585939089947648.000000 0.786805034 -0.011828862 0.142300546 -0.014997685 -0.699855030 -0.008344913 0.714078784
1756585939156608768.000000 0.779626548 -0.012111655 0.142231464 -0.013873999 -0.699964285 -0.007050982 0.714008272
1756585939223272448.000000 0.773439705 -0.011491673 0.142240942 -0.014889655 -0.700147986 -0.008151736 0.713796020
1756585939323270400.000000 0.762325406 -0.011214918 0.141757488 -0.016225632 -0.700482726 -0.010325137 0.713410258
1756585939356602368.000000 0.759282827 -0.011932671 0.141935527 -0.015872400 -0.700335622 -0.009933964 0.713568151
1756585939423267072.000000 0.754035771 -0.012286294 0.141849220 -0.014424548 -0.699643910 -0.008820523 0.714291692
1756585939523263232.000000 0.745067954 -0.012208000 0.141865551 -0.014623411 -0.700333595 -0.009282586 0.713605583
1756585939589925888.000000 0.737967551 -0.012427166 0.141546905 -0.014846787 -0.700801790 -0.009801698 0.713134229
1756585939656589568.000000 0.729909182 -0.010940732 0.142987311 -0.015734330 -0.700754941 -0.009708779 0.713162482
1756585939723252736.000000 0.723788381 -0.011206109 0.143123507 -0.014628059 -0.699446023 -0.010178007 0.714463294
1756585939789915648.000000 0.717264056 -0.010631342 0.142950177 -0.013952979 -0.699242473 -0.010212693 0.714675486
1756585939856578048.000000 0.710908175 -0.010595771 0.143064141 -0.013482589 -0.699792802 -0.010121846 0.714146972
1756585939889909504.000000 0.707562149 -0.010852745 0.142766893 -0.013728824 -0.700233817 -0.010426773 0.713705540
1756585939956571648.000000 0.701301992 -0.010978101 0.142717183 -0.014071578 -0.700808227 -0.010127470 0.713139057
1756585940023232256.000000 0.696373701 -0.011411639 0.142735660 -0.013511626 -0.700192213 -0.009130466 0.713768244
1756585940089893888.000000 0.688596547 -0.011059170 0.142979503 -0.013458529 -0.698624194 -0.009905378 0.715293646
1756585940189885696.000000 0.677989304 -0.010239890 0.144394875 -0.014486202 -0.698396325 -0.011164302 0.715477645
1756585940223222528.000000 0.674058437 -0.009797103 0.143655360 -0.014411066 -0.698599994 -0.011228858 0.715279222
1756585940323233024.000000 0.666019797 -0.010105848 0.143570542 -0.013943009 -0.698957562 -0.009744626 0.714960933
1756585940389906688.000000 0.661383867 -0.009966669 0.143610269 -0.012302730 -0.698045254 -0.008225543 0.715900719
1756585940423243520.000000 0.658158422 -0.010435677 0.144057333 -0.012099421 -0.697909713 -0.008037370 0.716038525
1756585940489915904.000000 0.651102424 -0.010248403 0.144331902 -0.012892189 -0.698023379 -0.008789469 0.715905011
1756585940556588800.000000 0.643842876 -0.009733770 0.144221187 -0.015168695 -0.697878957 -0.010636732 0.715976119
1756585940623261696.000000 0.635936677 -0.009081289 0.144402951 -0.016011573 -0.697181046 -0.011994263 0.716616035
1756585940689934592.000000 0.631199956 -0.009584717 0.144957423 -0.013326722 -0.697063327 -0.009570128 0.716821909
1756585940756607232.000000 0.628269255 -0.011059477 0.144715518 -0.010887862 -0.697756588 -0.006761414 0.716220260
1756585940823279616.000000 0.622324407 -0.010501163 0.143775105 -0.009658983 -0.697705686 -0.006088035 0.716293633
1756585940889951744.000000 0.613757432 -0.009617808 0.144629180 -0.012008043 -0.697869837 -0.007625089 0.716083467
1756585940956622592.000000 0.604113579 -0.008645644 0.145469040 -0.016370280 -0.698713362 -0.011376556 0.715123951
1756585941023294464.000000 0.595615745 -0.007820297 0.146017373 -0.016367607 -0.699435651 -0.009223920 0.714448631
1756585941089965824.000000 0.590215921 -0.008077143 0.146523088 -0.015503151 -0.698584557 -0.008720625 0.715306401
1756585941156637440.000000 0.585426331 -0.008026783 0.146585107 -0.013730028 -0.696877837 -0.007748479 0.717016578
1756585941223347456.000000 0.582571328 -0.008683685 0.147432357 -0.012324000 -0.696440041 -0.005381656 0.717489004
1756585941290099456.000000 0.575919211 -0.008912533 0.146840781 -0.011640520 -0.696718037 -0.005996252 0.717225671
1756585941356852224.000000 0.567817926 -0.009262465 0.146797001 -0.014062993 -0.696777821 -0.008140896 0.717103064
1756585941423608320.000000 0.559191823 -0.008385109 0.146780401 -0.017336817 -0.696548343 -0.011990542 0.717200220
1756585941490366208.000000 0.551686943 -0.008362953 0.147045612 -0.017150149 -0.695581257 -0.011864967 0.718144715
1756585941557126400.000000 0.547118425 -0.008944150 0.147899628 -0.015740070 -0.696682155 -0.009302516 0.717146993
1756585941623888128.000000 0.542710662 -0.009350599 0.148089886 -0.014159688 -0.698168218 -0.006429631 0.715764821
1756585941657270016.000000 0.539898515 -0.009746950 0.148201883 -0.014340101 -0.698115647 -0.006051268 0.715815902
1756585941724035072.000000 0.531695664 -0.009550750 0.148808062 -0.016438477 -0.696353316 -0.008044216 0.717465758
1756585941790800896.000000 0.523106217 -0.009098954 0.149345696 -0.018562637 -0.695199728 -0.010300881 0.718503118
1756585941857569792.000000 0.517201424 -0.007980571 0.150477976 -0.016811149 -0.695325613 -0.008923696 0.718442798
1756585941924340480.000000 0.512161255 -0.009783955 0.150730550 -0.014137432 -0.695381939 -0.007469726 0.718462527
1756585942024500480.000000 0.503188610 -0.009333074 0.150265753 -0.015040412 -0.695815146 -0.008672920 0.718011081
1756585942091276288.000000 0.494665116 -0.007837236 0.150355577 -0.016894290 -0.695555806 -0.010325922 0.718199253
1756585942158054144.000000 0.487588584 -0.007431773 0.149886638 -0.016606232 -0.695485294 -0.010430668 0.718272686
1756585942224784896.000000 0.482187927 -0.007908419 0.150485843 -0.015719488 -0.695633948 -0.009152760 0.718166113
1756585942258124800.000000 0.479159117 -0.008301013 0.150972754 -0.015557094 -0.695787728 -0.008797126 0.718025148
1756585942324805888.000000 0.472835779 -0.008281661 0.151643455 -0.015840273 -0.695655406 -0.008954209 0.718145251
1756585942391487232.000000 0.465563655 -0.007793805 0.151372522 -0.015696330 -0.695326746 -0.009131015 0.718464434
1756585942458168576.000000 0.459717810 -0.006894924 0.151988745 -0.015429982 -0.695301116 -0.008280730 0.718505263
1756585942524849664.000000 0.452821761 -0.007524546 0.151871890 -0.015333282 -0.694994390 -0.008861588 0.718797028
1756585942558190080.000000 0.449610174 -0.007317957 0.152054995 -0.015032756 -0.694897234 -0.008768977 0.718898535
1756585942624871168.000000 0.443342686 -0.007396101 0.152259707 -0.014519522 -0.694208324 -0.008732716 0.719574749
1756585942691551488.000000 0.437264144 -0.007181244 0.153322071 -0.014378802 -0.694322407 -0.008132961 0.719474494
1756585942758232832.000000 0.431122959 -0.007546109 0.153780192 -0.014758617 -0.694768488 -0.008163431 0.719035685
1756585942824913920.000000 0.424915195 -0.007627980 0.153218716 -0.014311330 -0.693945467 -0.007914760 0.719841838
1756585942891595008.000000 0.418074965 -0.006488952 0.153737843 -0.014285201 -0.693736553 -0.007339234 0.720049858
1756585942991617024.000000 0.408850253 -0.006652293 0.154202759 -0.014303938 -0.694136441 -0.007163951 0.719665766
1756585943058298112.000000 0.401151478 -0.005510482 0.153661489 -0.014682871 -0.694003165 -0.007398448 0.719784200
1756585943124978176.000000 0.394676626 -0.005364610 0.154043421 -0.014633099 -0.693682969 -0.007284986 0.720095098
1756585943158318848.000000 0.392558038 -0.005951524 0.154125080 -0.014054677 -0.693532646 -0.006952097 0.720254600
1756585943225000448.000000 0.386932701 -0.005998240 0.154451489 -0.014313197 -0.693087578 -0.006982557 0.720677495
1756585943291683072.000000 0.380487084 -0.006387666 0.154562131 -0.013835921 -0.693213880 -0.007763695 0.720557332
1756585943358365184.000000 0.373650521 -0.006202441 0.154763296 -0.014236944 -0.693696618 -0.007830779 0.720084012
1756585943425047296.000000 0.367323488 -0.006861787 0.155762002 -0.014134640 -0.693980396 -0.007114724 0.719820023
1756585943491729664.000000 0.360564947 -0.007263612 0.156835467 -0.014651177 -0.693477333 -0.007522031 0.720290244
1756585943558412032.000000 0.353103101 -0.006756378 0.156944200 -0.015038963 -0.693703830 -0.007699877 0.720062196
1756585943625093120.000000 0.347588122 -0.005700205 0.156656519 -0.013399827 -0.693925261 -0.006304825 0.719894707
1756585943691775488.000000 0.341219664 -0.005010897 0.156604245 -0.012760922 -0.693243682 -0.005696398 0.720567882
1756585943758457600.000000 0.333334506 -0.004686301 0.157139435 -0.013718930 -0.692254305 -0.007105319 0.721488297
1756585943825139968.000000 0.326145887 -0.004288014 0.157594323 -0.014339331 -0.692348480 -0.007722079 0.721379519
1756585943891822336.000000 0.319567055 -0.003894608 0.157326236 -0.014282772 -0.692354143 -0.007669188 0.721375704
1756585943958504448.000000 0.315472543 -0.004873883 0.158606738 -0.013928607 -0.692672670 -0.006486448 0.721088469
1756585944025185536.000000 0.308275551 -0.004246743 0.159742206 -0.014071460 -0.691940069 -0.006812304 0.721785784
1756585944091867648.000000 0.301173240 -0.004133737 0.159856170 -0.013965867 -0.691515982 -0.007203259 0.722190320
1756585944158549760.000000 0.296008438 -0.004457598 0.159514099 -0.014391469 -0.691505551 -0.007805448 0.722185731
1756585944225232128.000000 0.289273679 -0.004849352 0.159350082 -0.014889210 -0.691529751 -0.008670130 0.722142577
1756585944291915264.000000 0.281524539 -0.003984119 0.159510970 -0.015033609 -0.690934539 -0.009718008 0.722695708
1756585944358598400.000000 0.274722725 -0.003868246 0.159321532 -0.014936234 -0.690208256 -0.009808196 0.723390222
1756585944425281536.000000 0.269987226 -0.003615267 0.159709036 -0.013814366 -0.691131115 -0.008680336 0.722545266
1756585944491963392.000000 0.264060855 -0.003267364 0.160139039 -0.012851715 -0.691343963 -0.006774356 0.722379863
1756585944558646528.000000 0.256975770 -0.004421499 0.159980252 -0.014164660 -0.691126823 -0.008898068 0.722539902
1756585944591987968.000000 0.252779067 -0.004893061 0.161686167 -0.015355323 -0.691484690 -0.010868416 0.722146153
1756585944658671104.000000 0.245641440 -0.003616381 0.161267176 -0.016062347 -0.691314340 -0.011462011 0.722284734
1756585944725353984.000000 0.239580110 -0.001359032 0.159725323 -0.014631959 -0.691145122 -0.009311436 0.722507954
1756585944792037120.000000 0.232630193 -0.000967202 0.160310924 -0.014671201 -0.690690100 -0.009056449 0.722945392
1756585944858720256.000000 0.225019172 -0.001153768 0.160356671 -0.015161295 -0.689501226 -0.010596918 0.724048376
1756585944925402112.000000 0.218905881 -0.001460870 0.161098927 -0.015022876 -0.689572752 -0.010871517 0.723979056
1756585944992085248.000000 0.214462578 -0.002654905 0.162986442 -0.014084317 -0.691083729 -0.009729236 0.722571969
1756585945058768128.000000 0.207125768 -0.001223840 0.162053272 -0.014079557 -0.690739632 -0.009895238 0.722898841
1756585945092109568.000000 0.203517199 -0.002563396 0.164015502 -0.015392958 -0.691101432 -0.011663480 0.722499728
1756585945192134656.000000 0.191559225 -0.001410583 0.163021237 -0.015642116 -0.689261675 -0.013437564 0.724219084
1756585945258814208.000000 0.187179521 -0.001661692 0.163044930 -0.014727557 -0.689433336 -0.011474078 0.724108577
1756585945325494272.000000 0.181440532 -0.001238028 0.163374856 -0.014680712 -0.691316664 -0.010188258 0.722330928
1756585945392173312.000000 0.174507052 -0.000912859 0.163913533 -0.015197420 -0.691482008 -0.010792758 0.722153246
1756585945458853120.000000 0.167917669 -0.000326147 0.164520845 -0.015884086 -0.690749168 -0.010967677 0.722836792
1756585945525532928.000000 0.161635458 -0.001420677 0.164901242 -0.015649486 -0.690526545 -0.011750964 0.723042309
1756585945592212736.000000 0.154481769 -0.000509862 0.165304482 -0.016007792 -0.690870583 -0.011009713 0.722717345
1756585945658892544.000000 0.148061007 -0.001668811 0.166019663 -0.016005225 -0.691329718 -0.011130417 0.722276449
1756585945692232448.000000 0.145440370 -0.001656168 0.166371465 -0.016099818 -0.691219330 -0.011225597 0.722378492
1756585945792250624.000000 0.136878490 -0.000371818 0.166782424 -0.015901793 -0.690943301 -0.010812028 0.722653210
1756585945825590528.000000 0.133845732 -0.000361377 0.166555271 -0.015572579 -0.692839622 -0.010059075 0.720853448
1756585945892270336.000000 0.128328234 -0.000952940 0.165264562 0.016523359 0.702051044 0.010743159 -0.711853862
1756585945958949888.000000 0.121727154 -0.000525836 0.162921324 0.016014691 0.706981242 0.009064445 -0.706992865
1756585946025628928.000000 0.114708930 -0.002256779 0.163582027 -0.016938360 -0.704470634 -0.010873830 0.709447682
1756585946092308480.000000 0.108105138 -0.000832933 0.164327547 0.016527051 0.702368736 0.010107622 -0.711549699
1756585946125648384.000000 0.105014279 -0.000301199 0.164717466 0.016774738 0.702554703 0.009780827 -0.711364806
1756585946225667584.000000 0.096064523 -0.001298969 0.165491626 0.016837979 0.702076793 0.010227702 -0.711828768
1756585946325690880.000000 0.084440872 0.000011930 0.165869653 0.018117316 0.702050269 0.010908167 -0.711813331
1756585946359032064.000000 0.080713972 0.000055702 0.164880455 -0.017696777 -0.701814950 -0.011099286 0.712053001
1756585946425714176.000000 0.075657800 -0.000191508 0.164478153 -0.016258573 -0.701602042 -0.009328596 0.712322533
1756585946492396800.000000 0.069748655 -0.000397188 0.165248811 0.015710196 0.700899482 0.008681950 -0.713034213
1756585946559079168.000000 0.063376293 -0.000036719 0.166254446 -0.016568331 -0.700964451 -0.008959335 0.712947547
1756585946625761280.000000 0.055072665 0.000936951 0.166502342 -0.018404957 -0.700309038 -0.011594546 0.713508368
1756585946659102464.000000 0.051261619 0.000973184 0.166269541 -0.018698730 -0.700282633 -0.011908235 0.713521421
1756585946725783552.000000 0.045900896 0.001377669 0.166514710 -0.017218597 -0.700845838 -0.009906165 0.713036180
1756585946792465920.000000 0.040268064 0.001762902 0.168051377 0.016649028 0.701696932 0.008224745 -0.712233543
1756585946859148288.000000 0.033673868 0.002289562 0.168207318 0.016716219 0.702073514 0.007979574 -0.711863577
1756585946925830400.000000 0.026875705 0.000997862 0.167368501 -0.017566014 -0.701560795 -0.009041180 0.712335706
1756585946992512512.000000 0.020624846 0.001268359 0.167212889 -0.018456811 -0.701282263 -0.009705933 0.712578654
1756585947059194880.000000 0.012789607 0.002433159 0.167711303 -0.019014116 -0.701178253 -0.009557977 0.712668419
1756585947125875968.000000 0.006493136 0.002537569 0.167545304 -0.018293282 -0.699896276 -0.010143653 0.713938236
1756585947192558080.000000 0.001697809 0.002429858 0.167914823 0.016300304 0.699643135 0.009080109 -0.714248896
1756585947259239680.000000 -0.003558978 0.002193032 0.167999625 -0.015533967 -0.702316284 -0.007266656 0.711658478
1756585947325921024.000000 -0.011472762 0.002039586 0.167438507 0.015755342 0.702633798 0.007304915 -0.711339712
1756585947392602368.000000 -0.019171774 0.003897551 0.168079764 0.017324593 0.701374531 0.008984164 -0.712525785
1756585947459283712.000000 -0.026508316 0.004096057 0.168408424 0.017127212 0.699822009 0.009614960 -0.714047253
1756585947525965056.000000 -0.031119063 0.003990435 0.168868586 -0.016862946 -0.701044142 -0.009003286 0.712861717
1756585947592645376.000000 -0.036704510 0.003652026 0.168232501 -0.015530675 -0.701931775 -0.006840745 0.712041974
1756585947625986048.000000 -0.038730577 0.003331026 0.168953359 0.015366046 0.701970994 0.006504452 -0.712010086
1756585947692667392.000000 -0.047174878 0.003718738 0.169018984 0.016546160 0.700894773 0.007529427 -0.713033080
1756585947759348992.000000 -0.054475300 0.004518788 0.169159546 0.016772833 0.700496316 0.008181994 -0.713411987
1756585947792689664.000000 -0.057605162 0.004367815 0.169392332 0.016765120 0.700466156 0.008810168 -0.713434279
1756585947859370752.000000 -0.063918360 0.004710658 0.169823110 -0.016958402 -0.700961828 -0.008751952 0.712943435
1756585947926051840.000000 -0.070240930 0.004051575 0.168374628 0.016167071 0.700860500 0.008719508 -0.713061869
1756585947992733184.000000 -0.076647520 0.004786002 0.168198943 -0.016096516 -0.700741589 -0.008993933 0.713176906
1756585948059413504.000000 -0.084888645 0.004746346 0.168677896 -0.016639048 -0.701126933 -0.009422491 0.712780118
1756585948126094592.000000 -0.090949729 0.004978415 0.168286100 -0.016575674 -0.701682985 -0.008756741 0.712242663
1756585948192775168.000000 -0.096482836 0.005915127 0.168575078 -0.015587172 -0.701878071 -0.007476117 0.712087393
1756585948226117632.000000 -0.100486889 0.006979301 0.168676689 0.015049606 0.701424539 0.006967817 -0.712550759
1756585948292802560.000000 -0.107435018 0.007685644 0.168780416 0.015293900 0.701014996 0.007706659 -0.712940872
1756585948359487488.000000 -0.114581525 0.007663786 0.168679118 0.015805447 0.701238990 0.008405847 -0.712701499
1756585948392830208.000000 -0.117392495 0.007429919 0.168800533 0.015484414 0.701524258 0.008025775 -0.712432206
1756585948459513856.000000 -0.123193309 0.006665678 0.168453842 -0.015226543 -0.702207327 -0.007814023 0.711766899
1756585948526198784.000000 -0.129327804 0.006219985 0.169128835 -0.015496070 -0.702740967 -0.006825329 0.711244285
1756585948559541504.000000 -0.132507697 0.006072636 0.169049680 -0.015410944 -0.702402949 -0.006786710 0.711580396
1756585948626226944.000000 -0.137668192 0.005215579 0.167677984 -0.015048006 -0.700767398 -0.007217880 0.713194609
1756585948692911872.000000 -0.145385578 0.008301990 0.169990852 -0.013626485 -0.701480329 -0.005236804 0.712539375
1756585948759597056.000000 -0.151223302 0.007856572 0.167716697 -0.014617499 -0.700891852 -0.006994826 0.713083565
1756585948792939776.000000 -0.155024871 0.008246069 0.166444480 -0.014775801 -0.700424492 -0.007364225 0.713535666
1756585948859625216.000000 -0.161465958 0.008444204 0.166774303 -0.013937719 -0.700308502 -0.006238449 0.713676989
1756585948892967424.000000 -0.164358437 0.008078856 0.167697340 -0.013585344 -0.700562894 -0.005578933 0.713439643
1756585948959651840.000000 -0.169602394 0.007387827 0.168546364 -0.013920026 -0.700525165 -0.006398616 0.713463306
1756585949026337024.000000 -0.175971285 0.007168100 0.169701472 -0.012840899 -0.700590491 -0.005520616 0.713426709
1756585949059680000.000000 -0.178753346 0.007085547 0.169914216 -0.012652044 -0.700685620 -0.005179489 0.713339269
1756585949126365184.000000 -0.186533302 0.004433430 0.164275914 -0.014065588 -0.698656619 -0.007248112 0.715282261
1756585949193050880.000000 -0.191702232 0.005924679 0.171144083 -0.014653621 -0.702020526 -0.007086423 0.711970747
1756585949259734784.000000 -0.198245019 0.006219846 0.171233833 -0.014440853 -0.702601731 -0.006492619 0.711407244
1756585949293077248.000000 -0.203192025 0.004572506 0.164499059 -0.014827080 -0.700169086 -0.006544710 0.713793218
1756585949359760640.000000 -0.209296346 0.004592820 0.164772347 -0.014335260 -0.699460983 -0.006209381 0.714500070
1756585949426444800.000000 -0.216156557 0.004851011 0.164407343 -0.013782145 -0.698541343 -0.006294219 0.715409338
1756585949493129472.000000 -0.222470045 0.004557787 0.164770648 -0.013019345 -0.699391723 -0.005491531 0.714598954
1756585949526471424.000000 -0.225525364 0.005035610 0.164917305 -0.013175249 -0.699844480 -0.005566247 0.714152038
1756585949593156096.000000 -0.233366922 0.005528337 0.164934143 -0.014905435 -0.700330913 -0.006994244 0.713628471
1756585949659840512.000000 -0.239543974 0.004726645 0.165044263 -0.016000248 -0.699712455 -0.008173838 0.714198649
1756585949726525184.000000 -0.245111763 0.005669663 0.167361751 -0.013654100 -0.699851811 -0.006866652 0.714124560
1756585949759867392.000000 -0.247858584 0.005962439 0.167612270 -0.012901006 -0.699855924 -0.006263615 0.714140117
1756585949826551040.000000 -0.253295481 0.004774678 0.165426791 0.012236668 0.699603796 0.005346957 -0.714406252
1756585949893235968.000000 -0.259969413 0.005037158 0.164987177 0.012697099 0.700113416 0.005096850 -0.713900626
1756585949926577920.000000 -0.263344258 0.005025582 0.164924741 0.013588930 0.700124085 0.005130528 -0.713873506
1756585949993263104.000000 -0.271347553 0.005735803 0.165161788 0.014969418 0.699593902 0.006798723 -0.714351594
1756585950059947776.000000 -0.278329730 0.005947148 0.165569574 0.014196709 0.698751748 0.006421678 -0.715194523
1756585950126632448.000000 -0.283477426 0.005364282 0.165909380 0.013476758 0.698931396 0.005375604 -0.715041637
1756585950159975168.000000 -0.286399066 0.003825944 0.163965166 -0.012701996 -0.698243439 -0.005270875 0.715728402
1756585950226658816.000000 -0.291233242 0.006121249 0.168174416 -0.010266468 -0.699511766 -0.002419525 0.714543283
1756585950293340928.000000 -0.297914177 0.005840881 0.168062836 -0.010560900 -0.698679745 -0.003225341 0.715349436
1756585950360023808.000000 -0.306418359 0.003097485 0.164625466 -0.014205259 -0.697619200 -0.007089605 0.716292858
1756585950393365248.000000 -0.311110198 0.003257126 0.164663196 -0.015696056 -0.697879493 -0.008405657 0.715994000
1756585950460048128.000000 -0.318829417 0.003753794 0.164620072 -0.015885405 -0.697942078 -0.008714264 0.715925097
1756585950526731264.000000 -0.323770523 0.003331918 0.164442390 -0.014292923 -0.697758317 -0.007210841 0.716154397
1756585950560072704.000000 -0.326392502 0.002987263 0.164766222 -0.013908084 -0.697677016 -0.007378610 0.716239452
1756585950626755840.000000 -0.332650632 0.002597615 0.164219141 -0.013316165 -0.697148561 -0.007513649 0.716763616
1756585950693437696.000000 -0.339872837 0.004262090 0.163792163 -0.012651889 -0.696693778 -0.006801699 0.717224896
1756585950726779136.000000 -0.342388093 0.003302600 0.165473014 -0.012986166 -0.697747946 -0.007901850 0.716182172
1756585950793462528.000000 -0.349249303 0.003447115 0.165359646 -0.013702711 -0.699079335 -0.008015949 0.714867890
1756585950860145920.000000 -0.356656194 0.005154686 0.162787348 0.014133140 0.705695212 0.007908915 -0.708330452
1756585950926828800.000000 -0.362828016 0.005508204 0.160492629 0.014999534 0.715121210 0.009544771 -0.698774397
1756585950960170496.000000 -0.365198612 0.005342388 0.159255922 0.014049707 0.718886733 0.009375087 -0.694922030
1756585951026853888.000000 -0.369038761 0.005336873 0.156917572 0.013830554 0.726155937 0.008989091 -0.687332273
1756585951060195328.000000 -0.371161580 0.005134044 0.156276047 0.015315845 0.730213523 0.010774695 -0.682962358
1756585951126877696.000000 -0.372275770 0.006045567 0.154321283 0.016632203 0.736369491 0.012673134 -0.676256478
1756585951160219136.000000 -0.370441198 0.005624771 0.154182643 0.015359116 0.738992691 0.010418044 -0.673457801
1756585951226901504.000000 -0.366468251 0.006761085 0.149127543 -0.012359923 -0.743058443 -0.007739246 0.669067740
1756585951293582848.000000 -0.364083290 0.006030290 0.147596985 -0.012050380 -0.751148641 -0.006730301 0.659988880
1756585951360263936.000000 -0.364804149 0.006110363 0.145614654 -0.013796332 -0.758509278 -0.008569057 0.651459932
1756585951393604864.000000 -0.364290833 0.006163410 0.145617127 0.014487629 0.762045860 0.009764213 -0.647287428
1756585951460285952.000000 -0.363865852 0.006311038 0.144079268 0.014773969 0.768711269 0.010417868 -0.639340520
1756585951526967040.000000 -0.361845255 0.006016807 0.143478513 0.014211674 0.775980592 0.009737529 -0.630521536
1756585951560307456.000000 -0.360817075 0.006269407 0.143314868 0.014037050 0.779832304 0.009351498 -0.625761330
1756585951626987776.000000 -0.358849466 0.006699439 0.141769618 0.013497440 0.787029684 0.009383287 -0.616696119
1756585951660328448.000000 -0.358089089 0.006866589 0.140676677 0.013543855 0.790386319 0.009805495 -0.612380505
1756585951727009536.000000 -0.357500494 0.006925918 0.138361961 0.014207086 0.797015011 0.010649810 -0.603698492
1756585951793690624.000000 -0.355939537 0.006245346 0.131243259 -0.014874743 -0.801973999 -0.010994518 0.597072542
1756585951827030784.000000 -0.355004519 0.006700562 0.134852886 0.014582975 0.806630254 0.010849543 -0.590776861
1756585951893712128.000000 -0.353479624 0.005744695 0.130164206 -0.015156210 -0.812036157 -0.010976077 0.583307087
1756585951960392960.000000 -0.351671308 0.005945777 0.129552484 -0.015118322 -0.818801701 -0.010659534 0.573778450
1756585951993733632.000000 -0.351216257 0.005018550 0.128879279 -0.015737366 -0.822084785 -0.011292687 0.569035649
1756585952060413696.000000 -0.349775761 0.004720123 0.127609283 -0.016365075 -0.828504384 -0.011994780 0.559614956
1756585952093753856.000000 -0.349628448 0.004422372 0.127622187 -0.016465293 -0.831756651 -0.012147639 0.554763317
1756585952160434688.000000 -0.348018020 0.004233366 0.126272827 -0.016369831 -0.837660193 -0.011926828 0.545816123
1756585952227116032.000000 -0.345638782 0.004186741 0.125064850 -0.016163666 -0.843366802 -0.011790670 0.536965787
1756585952260456704.000000 -0.344700754 0.003770327 0.124311239 -0.016515957 -0.846201956 -0.012089471 0.532469213
1756585952327138304.000000 -0.343227565 0.006054269 0.119267374 -0.015471119 -0.850711405 -0.011161657 0.525286734
1756585952393819904.000000 -0.340635657 0.005971485 0.118926346 0.014892035 0.856738746 0.011655815 -0.515403867
1756585952427160576.000000 -0.340560913 0.006036299 0.118839413 -0.015402527 -0.860014558 -0.010472855 0.509929597
1756585952493840896.000000 -0.338672101 0.006970230 0.118611425 -0.014943329 -0.866309285 -0.010360503 0.499177009
1756585952527181568.000000 -0.337443143 0.007659223 0.118504792 -0.014567211 -0.869386673 -0.010553143 0.493804961
1756585952560522240.000000 -0.336386710 0.007541652 0.118125170 -0.014482261 -0.872202873 -0.010593667 0.488815188
1756585952627203584.000000 -0.334010839 0.007728667 0.116830885 -0.013796125 -0.877514958 -0.010115938 0.479243994
1756585952660544512.000000 -0.332551897 0.007418820 0.116877615 -0.013767544 -0.880267024 -0.010172208 0.474169821
1756585952727225600.000000 -0.330525577 0.006778247 0.115778536 -0.013770622 -0.885701120 -0.009909235 0.463945895
1756585952760566528.000000 -0.329600334 0.005474808 0.112369508 0.013814997 0.887564540 0.010846732 -0.460348457
1756585952827247616.000000 -0.327893227 0.004561896 0.110596061 -0.014463050 -0.892632723 -0.011777998 0.450398743
1756585952893928960.000000 -0.325900435 0.004391434 0.108781457 -0.014685477 -0.897394240 -0.012713295 0.440801829
1756585952927268608.000000 -0.325365484 0.004602157 0.108268946 -0.014509154 -0.899695456 -0.012869021 0.436087102
1756585952960609280.000000 -0.324568212 0.004082407 0.108051062 -0.014944251 -0.902071893 -0.012753110 0.431138486
1756585953027290624.000000 -0.322325289 0.003801622 0.107702166 -0.014724855 -0.906652510 -0.012960263 0.421422064
1756585953093971712.000000 -0.321168482 0.003541623 0.107859850 -0.014877416 -0.911380172 -0.012902181 0.411094189
1756585953127312128.000000 -0.319574177 0.004358531 0.107869685 -0.013790756 -0.913909376 -0.010317060 0.405552864
1756585953193993216.000000 -0.317350209 0.004144195 0.106534541 0.011978527 0.919828296 0.004770671 -0.392109305
1756585953260675328.000000 -0.318851113 0.004032001 0.099332094 0.011568449 0.924465537 0.005795563 -0.381046116
1756585953294016512.000000 -0.321188450 0.004377738 0.095553994 0.012680183 0.926572382 0.008635046 -0.375803500
1756585953360697856.000000 -0.327521145 0.004334095 0.087354481 -0.015469577 -0.930711925 -0.016439758 0.365055770
1756585953394039040.000000 -0.330014974 0.005176696 0.084693372 -0.015707491 -0.933062792 -0.016166072 0.359006733
1756585953460720896.000000 -0.331195831 0.005511161 0.079178840 -0.015067254 -0.937757552 -0.013212923 0.346711993
1756585953494061824.000000 -0.331314564 0.004823338 0.076778829 -0.015049701 -0.939558506 -0.011798814 0.341854036
1756585953560743936.000000 -0.332633734 0.004310546 0.072101384 -0.014324956 -0.942302465 -0.010420643 0.334293693
1756585953627426304.000000 -0.334917068 0.003301152 0.067686915 -0.014212107 -0.945867538 -0.009862348 0.324091643
1756585953660767232.000000 -0.336084306 0.002871839 0.065007359 -0.014830179 -0.947684824 -0.010615173 0.318686396
1756585953727449344.000000 -0.339137942 0.002736908 0.057929397 -0.015475247 -0.951010287 -0.015175655 0.308398783
1756585953760790528.000000 -0.340116084 0.004701475 0.054329157 0.015692875 0.952593684 0.016928380 -0.303368479
1756585953827471616.000000 -0.338201463 0.006708565 0.054161251 0.015260668 0.955571055 0.016633129 -0.293895334
1756585953894153472.000000 -0.333928585 0.005003385 0.058521017 -0.014938183 -0.957591951 -0.011298963 0.287518352
1756585953960835584.000000 -0.330579698 0.004434238 0.061491355 -0.013815781 -0.960430145 -0.006362214 0.278105617
1756585954027517696.000000 -0.328643709 0.003324088 0.061795086 -0.014548941 -0.963674486 -0.007287858 0.266583413
1756585954060858624.000000 -0.327557117 0.002876090 0.060380563 -0.015009359 -0.965130746 -0.010325774 0.261133701
1756585954127540736.000000 -0.326315850 0.004092740 0.057623774 -0.015078612 -0.967677534 -0.012874817 0.251410097
1756585954194222848.000000 -0.324678093 0.004736316 0.057961270 -0.014428569 -0.970366657 -0.012124647 0.240901217
1756585954260904192.000000 -0.322543412 0.004140745 0.058054969 -0.014094901 -0.973071575 -0.011731885 0.229772612
1756585954294245120.000000 -0.320975900 0.003845513 0.059386879 0.014402241 0.974554181 0.011634112 -0.223386332
1756585954360927232.000000 -0.319304019 0.003925176 0.059015825 0.014587197 0.977031112 0.012689671 -0.212218061
1756585954394268160.000000 -0.317630708 0.005089647 0.057205006 -0.013909746 -0.978029311 -0.012889514 0.207603231
1756585954460950528.000000 -0.315459758 0.005616411 0.056618556 -0.013697051 -0.980219543 -0.013227220 0.196995318
1756585954527632640.000000 -0.312739640 0.006155507 0.056646876 -0.013355576 -0.982307434 -0.013263412 0.186327279
1756585954560973824.000000 -0.311757445 0.006032342 0.056786858 -0.013486357 -0.983341336 -0.013047627 0.180797428
1756585954627655936.000000 -0.309735328 0.006430688 0.057272285 -0.013211789 -0.985296011 -0.012096169 0.169914722
1756585954694337024.000000 -0.307604164 0.006363619 0.057885423 -0.013275370 -0.987186313 -0.011957787 0.158568621
1756585954761019136.000000 -0.305736184 0.006663768 0.057597473 -0.013383903 -0.988846719 -0.012981053 0.147765413
1756585954794360320.000000 -0.304525644 0.006475063 0.057506580 0.013285570 0.989581048 0.013220740 -0.142751962
1756585954861042432.000000 -0.302816808 0.006829723 0.058656778 0.013070120 0.991069555 0.011888769 -0.132170632
1756585954894383360.000000 -0.301819921 0.005429076 0.059269197 -0.013420792 -0.991732180 -0.012154853 0.127041608
1756585954961065728.000000 -0.299677104 0.004922431 0.060130857 -0.013307353 -0.993075728 -0.012536781 0.116044693
1756585955027747584.000000 -0.298228025 0.005126771 0.060149204 -0.013608582 -0.994322360 -0.012888450 0.104746684
1756585955094429696.000000 -0.296552390 0.004719495 0.060957544 -0.013701405 -0.995436907 -0.013309732 0.093490899
1756585955127769600.000000 -0.295163840 0.004604992 0.061380513 -0.013387677 -0.995954335 -0.013528491 0.087822028
1756585955194451712.000000 -0.292876869 0.004723006 0.062281944 -0.013637788 -0.996879876 -0.013785490 0.076514445
1756585955261132544.000000 -0.290869385 0.005217770 0.062618352 -0.013622894 -0.997672439 -0.013780952 0.065377921
1756585955327812864.000000 -0.288841397 0.005992362 0.063183524 0.013444334 0.998358667 0.012582050 -0.054231700
1756585955394493440.000000 -0.287678212 0.005346730 0.064629853 -0.013792689 -0.998930514 -0.011766667 0.042535421
1756585955427833600.000000 -0.286201894 0.005230984 0.065033779 -0.013536597 -0.999137163 -0.011874701 0.037426595
1756585955494513920.000000 -0.284321249 0.004982170 0.065744393 -0.013592246 -0.999486446 -0.012378267 0.026248008
1756585955561194240.000000 -0.282759100 0.005531439 0.066524208 -0.013693154 -0.999721467 -0.012732466 0.014404236
1756585955594533120.000000 -0.281991541 0.005495685 0.066876844 -0.013525708 -0.999792933 -0.012622559 0.008478796
1756585955661213440.000000 -0.280041426 0.005867381 0.067615733 -0.013412952 -0.999820173 -0.013127927 -0.002714453
1756585955727893504.000000 -0.277935773 0.005694035 0.068295270 -0.013457422 -0.999730647 -0.013757832 -0.012974458
1756585955794573824.000000 -0.275031626 0.005385440 0.069481656 0.013299994 0.999556720 0.014183678 0.022547044
1756585955827913728.000000 -0.274759680 0.004976345 0.069997020 0.013623766 0.999402225 0.013992830 0.028529227
1756585955861253888.000000 -0.273723423 0.005142900 0.070784502 0.013622773 0.999230802 0.013848885 0.034065288
1756585955927934208.000000 -0.275652528 0.006979825 0.070903003 -0.014083208 -0.998672605 -0.012547391 -0.047929212
1756585955994614016.000000 -0.273705751 0.006588310 0.071876362 -0.014411291 -0.998094559 -0.012797930 -0.058616456
1756585956027953152.000000 -0.272699893 0.006945814 0.072167248 -0.014452430 -0.997764111 -0.012732771 -0.063999236
1756585956061292800.000000 -0.272010267 0.007326934 0.072754860 -0.014795549 -0.997388959 -0.012452756 -0.069579765
1756585956127972864.000000 -0.269812703 0.007701183 0.074282214 -0.014411446 -0.996571958 -0.012103185 -0.080561794
1756585956161313024.000000 -0.268994093 0.007157011 0.074870899 -0.014647357 -0.996096909 -0.012017618 -0.086209282
1756585956227996160.000000 -0.267561585 0.006946160 0.075878322 -0.014995193 -0.995056927 -0.012338312 -0.097389273
1756585956261340672.000000 -0.266394258 0.005969980 0.077678606 0.014875261 0.994481564 0.012466479 0.103100985
1756585956328029952.000000 -0.268484265 0.007660213 0.078034058 -0.014727689 -0.993032873 -0.012233368 -0.116272084
1756585956394718976.000000 -0.267325163 0.008063395 0.079049423 -0.015308081 -0.991716087 -0.012265977 -0.126942888
1756585956428063744.000000 -0.266786814 0.008246690 0.079736918 -0.015594305 -0.991017580 -0.012044137 -0.132272243
1756585956461407232.000000 -0.265768230 0.008673953 0.080508441 -0.015508167 -0.990277946 -0.011936937 -0.137719467
1756585956528096768.000000 -0.264336050 0.008832330 0.082094610 -0.015549907 -0.988800704 -0.012160449 -0.147931352
1756585956561441536.000000 -0.263638318 0.009001614 0.082809493 -0.015788088 -0.988041222 -0.012304663 -0.152885735
1756585956628131072.000000 -0.262400687 0.009577786 0.083843812 -0.015616785 -0.986389875 -0.012163175 -0.163227886
1756585956661476096.000000 -0.260092020 0.007402476 0.084503561 0.014807028 0.985557318 0.012928082 0.168197900
1756585956728166144.000000 -0.258468032 0.007132394 0.085969016 0.014593556 0.983658195 0.013579256 0.178939074
1756585956761511168.000000 -0.257421672 0.006398969 0.087243930 0.014440346 0.982746005 0.014005750 0.183863387
1756585956794856192.000000 -0.262544453 0.007921412 0.085126251 -0.015499634 -0.980988443 -0.013643557 -0.192964375
1756585956861545984.000000 -0.260815263 0.007386851 0.086447805 -0.015425326 -0.978839993 -0.013594879 -0.203591987
1756585956894891264.000000 -0.260539681 0.007403276 0.087248862 -0.015658490 -0.977643728 -0.013501367 -0.209249511
1756585956961580544.000000 -0.259033799 0.007324198 0.089587450 -0.015179722 -0.975291312 -0.013692882 -0.219974756
1756585956994925824.000000 -0.258570403 0.007440824 0.090398490 -0.015049967 -0.974008799 -0.013832116 -0.225586042
1756585957028270848.000000 -0.258037269 0.007492845 0.091040671 -0.015044611 -0.972736478 -0.013905502 -0.231006771
1756585957094961664.000000 -0.257422775 0.007364935 0.092781633 -0.015252571 -0.970023692 -0.013547746 -0.242152661
1756585957161652224.000000 -0.258744419 0.007030286 0.093470603 0.014522669 0.966647506 0.013054771 0.255365163
1756585957194997760.000000 -0.259582460 0.008457766 0.093431413 0.014738658 0.965014219 0.012745069 0.261472642
1756585957228339712.000000 -0.259967387 0.009509151 0.093279958 0.014770907 0.963258088 0.012303682 0.267888844
1756585957295020800.000000 -0.264540493 0.007302998 0.087835282 -0.014516792 -0.958989739 -0.014283429 -0.282708228
1756585957361701120.000000 -0.265379399 0.007638104 0.089052260 -0.014639482 -0.955352306 -0.013814810 -0.294782758
1756585957395041280.000000 -0.265860021 0.007906033 0.089270383 -0.014639580 -0.953451574 -0.013689300 -0.300879568
1756585957428381952.000000 -0.265349239 0.008673581 0.089334309 -0.014898116 -0.951764524 -0.013716371 -0.306160450
1756585957495062784.000000 -0.264777273 0.008611177 0.090131640 -0.014483343 -0.948515594 -0.014096797 -0.316085011
1756585957528403200.000000 -0.264665604 0.009069310 0.089685231 -0.014502760 -0.946726382 -0.014063399 -0.321405023
1756585957595084288.000000 -0.264434218 0.008183339 0.091265798 -0.014935467 -0.943182111 -0.013618578 -0.331661075
1756585957628424960.000000 -0.263346195 0.005659281 0.094765186 0.013746858 0.941773653 0.014445875 0.335655689
1756585957695105792.000000 -0.262447357 0.004677776 0.093671471 0.014156095 0.937520862 0.014042860 0.347357333
1756585957728445952.000000 -0.262646407 0.004637484 0.093419015 0.015290475 0.935110867 0.011971159 0.353822798
1756585957795125760.000000 -0.257023484 0.004802076 0.101323873 -0.016717225 -0.931389987 -0.005755764 -0.363593429
1756585957861806592.000000 -0.252695471 0.003382743 0.098637164 -0.015780212 -0.926720262 -0.008613118 -0.375321805
1756585957895147008.000000 -0.249167666 0.003723560 0.094858974 -0.014383417 -0.924632072 -0.012127770 -0.380396664
1756585957928487424.000000 -0.244544208 0.004413073 0.091734529 -0.011436842 -0.922596514 -0.016281864 -0.385252982
1756585957995168000.000000 -0.238671780 0.004201023 0.087533027 -0.010805939 -0.917401910 -0.016984675 -0.397452712
1756585958028508160.000000 -0.236802027 0.004195168 0.087003767 -0.012138118 -0.914686441 -0.014570772 -0.403719187
1756585958095188736.000000 -0.234248400 0.002060335 0.086211592 -0.014576476 -0.910129189 -0.013418983 -0.413850576
1756585958128529408.000000 -0.228561610 0.003834394 0.085974008 0.014097474 0.909155726 0.011739675 0.416052222
1756585958228549888.000000 -0.220454425 0.003959085 0.082074404 0.012640607 0.902429521 0.014615011 0.430404097
1756585958295233280.000000 -0.214123711 0.005125486 0.079836965 -0.011605983 -0.897787333 -0.014287243 -0.440044373
1756585958361916416.000000 -0.208296806 0.004519561 0.076925755 -0.011596617 -0.892987430 -0.013315630 -0.449735165
1756585958428599296.000000 -0.203352183 0.004502177 0.075563997 -0.011428782 -0.888367772 -0.012659430 -0.458815724
1756585958495282688.000000 -0.196784914 0.004526040 0.073238298 -0.011025767 -0.883463919 -0.012628166 -0.468199283
1756585958528624384.000000 -0.194402486 0.004203630 0.072078615 -0.011369743 -0.882184863 -0.012606174 -0.470597267
1756585958595307264.000000 -0.188732713 0.003929641 0.068747371 -0.011469730 -0.882694006 -0.012529216 -0.469641209
1756585958628648960.000000 -0.186418146 0.004056741 0.067008510 -0.011693372 -0.883335173 -0.012922007 -0.468417913
1756585958695330816.000000 -0.183414668 0.003814747 0.065434501 0.012163667 0.884314835 0.012143594 0.466574699
1756585958728672256.000000 -0.180781722 0.003497228 0.063731074 0.012403283 0.884455740 0.011573159 0.466315717
1756585958795355648.000000 -0.175473034 0.004646536 0.060576633 -0.012233640 -0.884610951 -0.011152869 -0.466035992
1756585958828697088.000000 -0.172806442 0.004622102 0.058768794 -0.011620172 -0.884608507 -0.012036128 -0.466034234
1756585958895379968.000000 -0.167663038 0.004620765 0.055216163 -0.011576375 -0.884617031 -0.011398926 -0.466035128
1756585958962063360.000000 -0.162041783 0.004227604 0.052301824 -0.012145717 -0.880559862 -0.011147365 -0.473648071
1756585958995404800.000000 -0.158966422 0.004263909 0.051937282 -0.011535522 -0.877222240 -0.012024334 -0.479795337
1756585959062087680.000000 -0.154044226 0.004203483 0.052165881 -0.012531652 -0.870796621 -0.010382278 -0.491374046
1756585959095429376.000000 -0.151656955 0.003681530 0.051654711 -0.012677939 -0.867765427 -0.009888906 -0.496713966
1756585959162111232.000000 -0.145733669 0.003686168 0.051007941 -0.011562187 -0.862710714 -0.010878285 -0.505448639
1756585959228794624.000000 -0.139848709 0.004222815 0.051136836 0.010768708 0.857418954 0.011490702 0.514378190
1756585959295478016.000000 -0.134276882 0.003768170 0.048648864 -0.010577838 -0.851699710 -0.011236786 -0.523802996
1756585959328819712.000000 -0.131699190 0.003396116 0.048092499 -0.011727819 -0.850345254 -0.010072438 -0.525998175
1756585959395503360.000000 -0.126157865 0.003072149 0.044740349 -0.010447559 -0.851354897 -0.010998704 -0.524370790
1756585959462186752.000000 -0.121846810 0.002618246 0.041584983 -0.011515247 -0.852413595 -0.010484952 -0.522636175
1756585959495528192.000000 -0.119765833 0.002170570 0.040126145 -0.011928396 -0.852182984 -0.010630792 -0.523000002
1756585959562211072.000000 -0.113294706 0.002879715 0.037433505 -0.011181277 -0.852151453 -0.011067034 -0.523058772
1756585959628894464.000000 -0.107485801 0.003138376 0.034448802 -0.010727816 -0.851835251 -0.011210420 -0.523580074
1756585959662235904.000000 -0.104911737 0.002803338 0.033058405 -0.011035490 -0.851788938 -0.011109663 -0.523651063
1756585959728919808.000000 -0.098867476 0.002577607 0.031510413 0.011373327 0.852331996 0.010993339 0.522761941
1756585959795603200.000000 -0.091690451 0.002969919 0.028520353 -0.010412324 -0.852448463 -0.011392072 -0.522583544
1756585959828945152.000000 -0.089067638 0.003436733 0.026884228 -0.009903543 -0.850214005 -0.011840010 -0.526210964
1756585959895628800.000000 -0.082240291 0.003289790 0.026326843 -0.009006304 -0.843196750 -0.012380805 -0.537387133
1756585959962312192.000000 -0.078315429 0.002828664 0.026203685 -0.011788283 -0.836235821 -0.009412179 -0.548162460
1756585960028994816.000000 -0.074527934 0.002710188 0.025517300 -0.012173453 -0.829108894 -0.008660619 -0.558887601
1756585960095678464.000000 -0.068323106 0.002632710 0.024427481 -0.010460492 -0.822706640 -0.010195249 -0.568278432
1756585960162362112.000000 -0.061887812 0.002413592 0.023663677 -0.009067662 -0.816574812 -0.011287154 -0.577058017
1756585960195703808.000000 -0.058980364 0.002065531 0.022837643 0.007705838 0.813444853 0.011365480 0.581480026
1756585960262384896.000000 -0.054582737 0.000060784 0.027772542 -0.007507902 -0.807836413 -0.011568550 -0.589245439
1756585960329065472.000000 -0.050761718 0.000317488 0.024036940 0.008354566 0.800120771 0.010537903 0.599688172
1756585960395746304.000000 -0.044430964 -0.000990357 0.028906450 -0.008155753 -0.795430124 -0.008641969 -0.605928838
1756585960462425600.000000 -0.039116733 -0.001346631 0.029576037 -0.008595472 -0.787983775 -0.008926054 -0.615571380
1756585960495766272.000000 -0.036221970 -0.001497702 0.029828463 -0.008264257 -0.784515500 -0.009754357 -0.619977534
1756585960562446848.000000 -0.029696632 -0.001866738 0.028362501 -0.007565113 -0.783109486 -0.010861001 -0.621743083
1756585960629127168.000000 -0.022377606 -0.001664745 0.026120752 -0.007328531 -0.785342038 -0.011620912 -0.618909717
1756585960695808000.000000 -0.018607635 -0.003042502 0.024647672 -0.009374240 -0.786301196 -0.009646371 -0.617697001
1756585960762488320.000000 -0.012433041 -0.002206176 0.023521757 -0.010506265 -0.786623180 -0.008971592 -0.617278874
1756585960795828480.000000 -0.011010379 -0.004461244 0.023146315 -0.009855336 -0.786547244 -0.009784222 -0.617373943
1756585960862509056.000000 -0.003990423 -0.005606500 0.020874612 0.009721723 0.786151946 0.011818000 0.617843866
1756585960929188608.000000 0.003806794 -0.004385027 0.018471379 0.008408885 0.786453426 0.013132835 0.617452681
1756585960995869184.000000 0.010308211 -0.003862210 0.017337229 0.008833056 0.787614822 0.012205039 0.615983665
1756585961029209088.000000 0.014295147 -0.000361309 0.016624747 -0.009112176 -0.788028896 -0.009507238 -0.615497410
1756585961129230080.000000 0.021318601 -0.000122439 0.015113691 -0.010655060 -0.787567437 -0.007606151 -0.616089523
1756585961162569984.000000 0.024538586 0.000185063 0.014656438 -0.010662251 -0.787608445 -0.007442797 -0.616038978
1756585961229250816.000000 0.031516068 0.000283573 0.013609160 -0.009512189 -0.784502268 -0.008615058 -0.619993269
1756585961262592000.000000 0.034834463 -0.001908424 0.014554016 -0.008371190 -0.780615628 -0.010929193 -0.624859810
1756585961362614272.000000 0.045703582 0.001494603 0.015486803 -0.008360683 -0.775871813 -0.007416047 -0.630791724
1756585961429296128.000000 0.050496552 0.001260279 0.013560981 -0.009103432 -0.777122498 -0.007043941 -0.629244149
1756585961495978240.000000 0.055208173 0.000296551 0.012239426 -0.011079221 -0.776635885 -0.006229399 -0.629821658
1756585961529319168.000000 0.057541363 -0.001426643 0.012529038 0.010643975 0.776795149 0.007128211 0.629623175
1756585961629341952.000000 0.068722881 -0.000713954 0.009817585 0.008616365 0.776862323 0.010386535 0.629525959
1756585961696024064.000000 0.075077653 -0.000198603 0.009212509 0.008525576 0.777328193 0.009388979 0.628967464
1756585961762705920.000000 0.079737753 -0.003728456 0.007183209 -0.009991865 -0.777088106 -0.008932673 -0.629249096
1756585961796045824.000000 0.082757905 -0.002504844 0.007141821 -0.010851924 -0.777196288 -0.007663879 -0.629118025
1756585961862727936.000000 0.089487724 -0.002816699 0.006355785 -0.010161474 -0.777802408 -0.007037597 -0.628387332
1756585961929409792.000000 0.097585395 -0.003372566 0.005014002 -0.008288985 -0.778200150 -0.008611644 -0.627902687
1756585962029432576.000000 0.107339710 -0.003396417 0.002064347 -0.006926238 -0.774936557 -0.010173814 -0.631919205
1756585962062773504.000000 0.108629808 -0.005658817 0.002393231 -0.007959371 -0.770270467 -0.010454359 -0.637582064
1756585962129455360.000000 0.112949938 -0.005315301 0.005091086 -0.007842804 -0.760305107 -0.009864478 -0.649443865
1756585962196137216.000000 0.119312912 -0.005287003 0.006211042 -0.007954357 -0.752858400 -0.010504470 -0.658050656
1756585962262818816.000000 0.127794772 -0.005205033 0.004761696 -0.007916253 -0.752614141 -0.011155191 -0.658319712
1756585962329501952.000000 0.134053990 -0.004489196 0.003573582 -0.006672594 -0.756568491 -0.012066504 -0.653769135
1756585962396184832.000000 0.138098150 -0.005297556 0.002840415 -0.008672691 -0.755799353 -0.010435429 -0.654662669
1756585962429526272.000000 0.141109332 -0.004464837 0.003200859 0.010046865 0.755554974 0.009790785 0.654935002
1756585962529550848.000000 0.146404147 -0.004203954 0.004089385 0.010761888 0.756210625 0.008913356 0.654179096
1756585962596233728.000000 0.152048081 -0.003629349 0.004059270 -0.009876462 -0.756371379 -0.009871618 -0.653993487
1756585962662916608.000000 0.161279887 -0.004401429 0.001315773 -0.007834997 -0.756605446 -0.011952287 -0.653715611
1756585962696257280.000000 0.164952531 -0.004257837 0.000028551 -0.007952607 -0.756744027 -0.011548618 -0.653560936
1756585962762940416.000000 0.174143091 -0.006509387 -0.003687784 -0.007972851 -0.757155597 -0.011697737 -0.653081119
1756585962829623296.000000 0.177716643 -0.004719467 -0.001451433 -0.008487894 -0.756803572 -0.010024286 -0.653510451
1756585962862964992.000000 0.180501997 -0.004679011 -0.001999170 -0.008878083 -0.756385624 -0.009487475 -0.653996885
1756585962962989568.000000 0.190766066 -0.004264569 -0.003514543 -0.008494015 -0.755631745 -0.009856837 -0.654867470
1756585963029672448.000000 0.198605910 -0.005988630 -0.005612910 -0.008602978 -0.752916038 -0.010863462 -0.657970726
1756585963096355328.000000 0.203756511 -0.007041212 -0.003716245 -0.006873998 -0.744912207 -0.011998249 -0.667019188
1756585963163037440.000000 0.209413588 -0.007307683 -0.001766458 -0.006299643 -0.735388935 -0.011731192 -0.677514493
1756585963229719808.000000 0.215145528 -0.008270084 -0.000592411 -0.008696614 -0.729402959 -0.009534477 -0.683962584
1756585963263060224.000000 0.217049241 -0.009064751 -0.000369400 -0.008638415 -0.729188025 -0.009531704 -0.684192538
1756585963363081728.000000 0.227359310 -0.007757288 -0.001462728 -0.007767386 -0.733452439 -0.010402302 -0.679616868
1756585963429762560.000000 0.233140171 -0.008572517 -0.002862290 -0.007702642 -0.733058214 -0.011220274 -0.680029809
1756585963496443392.000000 0.239834666 -0.009176210 -0.002565742 -0.006776272 -0.733458102 -0.011100557 -0.679610252
1756585963563123200.000000 0.246357620 -0.008579848 -0.002832174 0.006232812 0.733189404 0.011601238 0.679896951
1756585963663144704.000000 0.255848855 -0.009115315 -0.003946334 0.006576615 0.733123660 0.010959079 0.679975271
1756585963729825280.000000 0.261147648 -0.009435117 -0.004428267 0.007582069 0.732878566 0.010245319 0.680240095
1756585963796506112.000000 0.267289639 -0.010977644 -0.004254818 -0.006734241 -0.732820451 -0.010929834 -0.680301011
1756585963863186944.000000 0.275609463 -0.011813904 -0.004172832 -0.006033966 -0.725727856 -0.012160067 -0.687847972
1756585963929867520.000000 0.280799210 -0.011632937 -0.001210600 -0.004026458 -0.715761364 -0.013062983 -0.698211253
1756585963996548096.000000 0.285168409 -0.011838188 0.001505256 -0.005859311 -0.706700861 -0.011829229 -0.707389414
1756585964029887488.000000 0.286677182 -0.012291221 0.002109051 -0.007116450 -0.704875171 -0.011143595 -0.709208131
1756585964129908480.000000 0.296102881 -0.013121009 0.001433045 -0.007742939 -0.707258284 -0.011147213 -0.706825018
1756585964163248896.000000 0.299316138 -0.012159861 0.002036631 -0.007258371 -0.708122194 -0.011146685 -0.705964625
1756585964229930240.000000 0.307394177 -0.011455467 0.002943695 -0.006004243 -0.708134711 -0.011163862 -0.705963612
1756585964329955072.000000 0.318762451 -0.012433860 0.002372652 -0.006575510 -0.707044899 -0.011583350 -0.707043290
1756585964363297024.000000 0.320273459 -0.011775567 0.002823681 -0.006449058 -0.707412779 -0.010826898 -0.706688285
1756585964429980160.000000 0.325155407 -0.011811007 0.002947241 -0.006809646 -0.707995117 -0.009527098 -0.706120312
1756585964496662528.000000 0.330092460 -0.012873522 0.002573788 -0.007987626 -0.707309961 -0.009322536 -0.706797063
1756585964563345920.000000 0.338922024 -0.011246242 0.002731800 0.008197895 0.706813633 0.009069689 0.707294166
1756585964630029312.000000 0.345699012 -0.011539958 0.003177136 0.006516865 0.707069278 0.010773710 0.707032263
1756585964696712704.000000 0.351278991 -0.012139004 0.003592104 0.005622831 0.707623124 0.011507579 0.706474006
1756585964763396352.000000 0.355866998 -0.015334347 0.004844815 -0.006366895 -0.707054675 -0.011105249 -0.707043111
1756585964830079488.000000 0.365627825 -0.013915671 0.002948821 -0.007658110 -0.706519842 -0.010237923 -0.707577825
1756585964896762112.000000 0.368326217 -0.016232330 0.003707469 -0.007936822 -0.706248939 -0.010335868 -0.707843721
1756585964963446016.000000 0.376045406 -0.016189285 0.003698677 -0.007062240 -0.706416488 -0.011247470 -0.707671821
1756585965030129408.000000 0.383684784 -0.015808562 0.003453016 -0.005807278 -0.706379652 -0.012423651 -0.707700372
1756585965063471104.000000 0.386744559 -0.016369699 0.003605694 -0.006286464 -0.705972373 -0.012407500 -0.708102882
1756585965196838400.000000 0.397470385 -0.017851721 0.004273891 -0.008374816 -0.705956519 -0.011498209 -0.708112359
1756585965263520000.000000 0.408306301 -0.016663246 0.003720134 -0.007630070 -0.706205606 -0.011338549 -0.707875013
1756585965296860672.000000 0.411597848 -0.016903732 0.003692299 -0.007066847 -0.706135988 -0.011811920 -0.707942545
1756585965363540992.000000 0.418246537 -0.015892506 0.005520850 -0.005726568 -0.706139028 -0.012376230 -0.707941949
1756585965430222080.000000 0.425477743 -0.016496602 0.003843069 -0.006591866 -0.706129014 -0.011491060 -0.707959354
1756585965496903168.000000 0.432086110 -0.016105367 0.004093081 -0.006668982 -0.706436396 -0.010956535 -0.707660377
1756585965563584256.000000 0.438637406 -0.015320715 0.005787104 -0.005991603 -0.706327617 -0.011258282 -0.707770288
1756585965630265600.000000 0.445274949 -0.015048040 0.005551934 -0.006206221 -0.705876231 -0.011679958 -0.708211780
1756585965696946432.000000 0.450345427 -0.015851859 0.006117970 -0.006336757 -0.706214011 -0.010926669 -0.707885861
1756585965730286848.000000 0.453291714 -0.016344922 0.006341934 -0.006646447 -0.706646442 -0.010529244 -0.707457244
1756585965796966912.000000 0.460376322 -0.016906887 0.006452948 -0.006399520 -0.706739068 -0.010702193 -0.707364500
1756585965863648256.000000 0.468513608 -0.017374668 0.007005304 -0.005178784 -0.706463754 -0.012298416 -0.707623541
1756585965930329088.000000 0.474914283 -0.015991502 0.006789446 -0.005121686 -0.706682742 -0.011899075 -0.707412004
1756585965997010176.000000 0.481045902 -0.016530517 0.006934166 -0.005063161 -0.707298934 -0.011207046 -0.706807673
1756585966063691264.000000 0.487142235 -0.018442258 0.008134007 -0.004841082 -0.707926154 -0.011118166 -0.706182361
1756585966130372352.000000 0.494885594 -0.018490344 0.008230537 -0.003959632 -0.707704127 -0.011912378 -0.706397474
1756585966163713024.000000 0.498428702 -0.016632151 0.007951826 -0.003522820 -0.707489312 -0.011576842 -0.706620514
1756585966230392320.000000 0.504941046 -0.018423412 0.007651210 -0.004592929 -0.706841171 -0.011533435 -0.707263410
1756585966297071616.000000 0.510101855 -0.019316042 0.007498145 -0.005920892 -0.706709504 -0.010544440 -0.707400560
1756585966363750912.000000 0.517223418 -0.018957548 0.008626938 -0.005460656 -0.706574619 -0.011115533 -0.707530200
1756585966430430464.000000 0.524701357 -0.019838767 0.007253945 -0.002391063 -0.706074715 -0.014313004 -0.707988739
1756585966497109760.000000 0.531564653 -0.019689573 0.007058799 -0.003052001 -0.705409706 -0.014253736 -0.708649933
1756585966563788800.000000 0.536653399 -0.020759441 0.007311702 -0.005414669 -0.705200911 -0.012205496 -0.708881855
1756585966630468096.000000 0.542753994 -0.019431937 0.007967353 -0.006819442 -0.705660105 -0.011007550 -0.708432257
1756585966697146112.000000 0.550288975 -0.019038828 0.008581877 -0.004889347 -0.706628144 -0.012160230 -0.707463741
1756585966763825152.000000 0.559081435 -0.018530499 0.009448409 -0.002358946 -0.706351042 -0.013624543 -0.707726717
1756585966830504192.000000 0.564928353 -0.018910076 0.009606898 -0.003593044 -0.705850005 -0.012601265 -0.708240151
1756585966897183232.000000 0.571203828 -0.018622138 0.010203123 -0.005119562 -0.705916822 -0.011856792 -0.708177030
1756585966963862016.000000 0.576831698 -0.018728845 0.009929180 -0.004947536 -0.706168652 -0.012140952 -0.707922399
1756585966997201664.000000 0.580586851 -0.018823069 0.010229588 -0.004688004 -0.706391037 -0.012164504 -0.707701802
1756585967097219584.000000 0.590202808 -0.019438878 0.009969294 -0.005568667 -0.705656946 -0.012366122 -0.708423913
1756585967163897600.000000 0.597301602 -0.019573599 0.010193527 -0.005593052 -0.706079781 -0.011901610 -0.708010197
1756585967230577152.000000 0.604160905 -0.019116877 0.010452092 -0.005195855 -0.706499696 -0.011699592 -0.707597613
1756585967297258240.000000 0.612475216 -0.018600404 0.010916650 -0.004309812 -0.706483901 -0.012549118 -0.707604766
1756585967363939072.000000 0.618736446 -0.018817239 0.011139154 -0.004582104 -0.706320047 -0.012027973 -0.707775712
1756585967397279232.000000 0.620773435 -0.018950354 0.011710942 -0.004966019 -0.705931842 -0.012076468 -0.708159387
1756585967463960064.000000 0.627569377 -0.018340360 0.011165023 -0.006536925 -0.705862641 -0.011724046 -0.708221614
1756585967563980544.000000 0.637698591 -0.018084958 0.011556387 -0.004439295 -0.706364334 -0.012553557 -0.707723320
1756585967630661376.000000 0.645460188 -0.018050369 0.012244642 -0.004866688 -0.705757737 -0.013584413 -0.708306372
1756585967697342208.000000 0.650398254 -0.018731145 0.012684286 -0.004345916 -0.705799282 -0.013572784 -0.708268523
1756585967764022528.000000 0.656599462 -0.019457398 0.011965513 -0.005753562 -0.706261635 -0.012422009 -0.707818627
1756585967830703360.000000 0.661945462 -0.019951262 0.011765420 -0.006719071 -0.705922604 -0.011987644 -0.708155692
1756585967897383936.000000 0.669259250 -0.020984713 0.013614833 -0.004988145 -0.705268741 -0.013766514 -0.708788872
1756585967964064768.000000 0.677271068 -0.020449970 0.012307405 -0.003931211 -0.704751015 -0.015447755 -0.709275663
1756585967997405184.000000 0.680399895 -0.020499621 0.012323081 -0.004634666 -0.704792798 -0.015097473 -0.709237456
1756585968097424896.000000 0.688022792 -0.021374587 0.012845278 -0.006823891 -0.706649721 -0.012955006 -0.707412124
1756585968130765312.000000 0.690560102 -0.022190180 0.012826443 -0.007169875 -0.706810355 -0.013083700 -0.707245767
1756585968197446144.000000 0.697446346 -0.022582106 0.013303638 -0.006490050 -0.706511199 -0.012770420 -0.707556963
1756585968264127488.000000 0.705567122 -0.022226889 0.013235569 -0.005416535 -0.706248164 -0.013877782 -0.707807660
1756585968330808832.000000 0.710840166 -0.022435995 0.015858829 -0.004827720 -0.706873119 -0.013143986 -0.707201838
1756585968397490176.000000 0.717254937 -0.022540845 0.015731275 -0.006300651 -0.706535459 -0.011922720 -0.707549274
1756585968464170752.000000 0.721942544 -0.023977391 0.015268743 -0.007595159 -0.705944419 -0.010726164 -0.708145380
1756585968530852096.000000 0.729955673 -0.023647737 0.015971005 -0.006318526 -0.705707490 -0.011603256 -0.708380163
1756585968597533184.000000 0.738289237 -0.022493009 0.016270101 -0.003968195 -0.706613421 -0.012714528 -0.707474470
1756585968664214528.000000 0.746113658 -0.020052958 0.016859949 -0.004487494 -0.706291735 -0.012116963 -0.707802951
1756585968730895872.000000 0.750955939 -0.022072252 0.017279923 -0.005231355 -0.705839396 -0.011180396 -0.708264410
1756585968797577472.000000 0.757188857 -0.021156799 0.017789125 -0.007345582 -0.705325484 -0.009396614 -0.708783329
1756585968864258560.000000 0.762694240 -0.022348668 0.017516911 -0.007049460 -0.703988135 -0.010043895 -0.710105777
1756585968930938880.000000 0.769733727 -0.022938013 0.018776238 -0.005483331 -0.704503715 -0.011267636 -0.709589779
1756585968997620224.000000 0.778252363 -0.021678843 0.018830478 -0.004621392 -0.704942703 -0.010700908 -0.709168553
1756585969064301568.000000 0.784606218 -0.020866495 0.019502997 -0.005519575 -0.704767287 -0.009096851 -0.709358811
1756585969130982656.000000 0.789693654 -0.021332156 0.019694686 -0.006352522 -0.703808486 -0.009121316 -0.710302949
1756585969197663744.000000 0.797065854 -0.022237021 0.019183993 -0.006130630 -0.703082323 -0.009943696 -0.711012542
1756585969264345856.000000 0.802941680 -0.022960380 0.019904077 -0.006213288 -0.703575432 -0.010217103 -0.710520029
1756585969331027968.000000 0.808730185 -0.023514628 0.020088911 -0.007090350 -0.703932166 -0.009524899 -0.710168004
1756585969397709056.000000 0.815109015 -0.023327917 0.020312071 -0.007314750 -0.704209685 -0.009124828 -0.709895849
1756585969464391424.000000 0.822600424 -0.023259114 0.021686018 -0.006227261 -0.705457449 -0.008969393 -0.708668232
1756585969531073536.000000 0.829965532 -0.023085305 0.021341562 -0.005019148 -0.705020428 -0.009835862 -0.709101140
1756585969597755648.000000 0.837986469 -0.022677094 0.021360219 -0.005114172 -0.704323530 -0.010270474 -0.709786475
1756585969664437760.000000 0.843951523 -0.022616141 0.021701515 -0.005676882 -0.704500854 -0.009080874 -0.709622383
1756585969731119872.000000 0.848923802 -0.022791930 0.021738529 -0.006351597 -0.705489337 -0.008274946 -0.708643854
1756585969797800704.000000 0.856391609 -0.023040138 0.022343755 -0.005793650 -0.705364704 -0.008852340 -0.708765686
1756585969864482816.000000 0.863945127 -0.023328478 0.022942662 -0.006003374 -0.705057502 -0.009074047 -0.709066749
1756585969931164928.000000 0.871234834 -0.023492157 0.023240387 -0.005542264 -0.705081522 -0.009479299 -0.709041357
1756585969997847040.000000 0.875654221 -0.023889806 0.023684323 -0.005624677 -0.704598665 -0.009813293 -0.709515989
1756585970064529152.000000 0.883380532 -0.023153545 0.024397910 -0.006024722 -0.705317855 -0.008313370 -0.708816946
1756585970131211520.000000 0.890138984 -0.022981953 0.024228692 -0.006614418 -0.705211878 -0.007257127 -0.708928645
1756585970197893632.000000 0.898458064 -0.022570137 0.024025261 -0.005520147 -0.704375684 -0.008639313 -0.709753394
1756585970264575488.000000 0.906954348 -0.022164367 0.025260806 -0.004144665 -0.704818904 -0.010069888 -0.709303737
1756585970331258624.000000 0.912568629 -0.021939665 0.025521576 -0.004772230 -0.704697311 -0.009435769 -0.709429383
1756585970397941504.000000 0.916601121 -0.023430970 0.025945187 0.004897730 0.705118597 0.008405848 0.709022760
1756585970464624640.000000 0.923151672 -0.024601661 0.025923252 0.004892962 0.705191135 0.008739663 0.708946586
1756585970531308288.000000 0.928275764 -0.024540864 0.026927173 -0.004028894 -0.704155624 -0.010318741 -0.709959388
1756585970597991168.000000 0.937370062 -0.024479190 0.027373850 -0.003792922 -0.703846812 -0.010911576 -0.710258007
1756585970631332864.000000 0.940983534 -0.024744723 0.026762426 -0.003813309 -0.703585327 -0.011196815 -0.710512459
1756585970731356672.000000 0.949984193 -0.024654776 0.027098775 -0.006025554 -0.704140246 -0.009475606 -0.709972143
1756585970798039808.000000 0.956564665 -0.024363898 0.026835084 -0.005799009 -0.705129921 -0.009504008 -0.708990753
1756585970831381248.000000 0.958956301 -0.024090901 0.025936723 -0.005093037 -0.704879284 -0.010654293 -0.709228992
1756585970931406336.000000 0.971116185 -0.023544660 0.026904166 -0.002667818 -0.704635978 -0.011751557 -0.709466696
1756585970998089472.000000 0.976365268 -0.023888115 0.027542412 -0.004006974 -0.704724193 -0.010720677 -0.709389091
1756585971064772608.000000 0.980329275 -0.023775041 0.030579925 -0.006027190 -0.704529226 -0.009663297 -0.709583640
1756585971131455232.000000 0.986816764 -0.025524132 0.028229713 -0.005268101 -0.704536378 -0.010813406 -0.709566057
1756585971198138112.000000 0.995227337 -0.025572803 0.028216720 -0.003223199 -0.704547584 -0.012323481 -0.709542453
1756585971231479040.000000 0.999525726 -0.024605369 0.028748095 -0.002849393 -0.704447269 -0.012502833 -0.709640563
1756585971298159616.000000 1.006133437 -0.025688674 0.028189659 -0.004041852 -0.703565180 -0.012870545 -0.710502744
1756585971364840192.000000 1.012683392 -0.026295839 0.028072238 -0.004902737 -0.702856958 -0.013742638 -0.711181641
1756585971431520768.000000 1.018999696 -0.026790941 0.028344035 -0.004667329 -0.703819990 -0.013455614 -0.710235596
1756585971531541760.000000 1.028171539 -0.025723135 0.030270219 -0.005654796 -0.705346763 -0.012175528 -0.708735347
1756585971598221312.000000 1.034857988 -0.024362369 0.032259703 -0.004524635 -0.704770684 -0.012840183 -0.709304571
1756585971631561216.000000 1.039666176 -0.025007611 0.030640483 -0.003749738 -0.704410672 -0.013837620 -0.709647894
1756585971698241792.000000 1.046774745 -0.025126180 0.030916333 -0.003059353 -0.704498172 -0.014487100 -0.709551334
1756585971764922112.000000 1.052861929 -0.025253404 0.030656815 -0.003991421 -0.704466164 -0.013999079 -0.709588349
1756585971864942848.000000 1.062299013 -0.025483871 0.030348539 -0.005258405 -0.704295993 -0.014254347 -0.709743917
1756585971931622912.000000 1.069813967 -0.025616514 0.030527949 -0.003756814 -0.704687774 -0.014977574 -0.709349573
1756585972031642624.000000 1.080958486 -0.024327412 0.032869697 -0.004327143 -0.705538571 -0.014083804 -0.708518445
1756585972064982528.000000 1.083067417 -0.024329048 0.032682180 -0.004347855 -0.705267251 -0.014202028 -0.708786011
1756585972131663104.000000 1.088994980 -0.024021009 0.033769488 -0.004683398 -0.705799341 -0.013581118 -0.708266199
1756585972198343168.000000 1.095827699 -0.024526099 0.032996655 -0.004821201 -0.705507755 -0.013731708 -0.708552778
1756585972265025280.000000 1.102290511 -0.024133928 0.033775210 -0.004291888 -0.705844879 -0.014352232 -0.708208144
1756585972331707904.000000 1.110619545 -0.024458973 0.034978032 -0.002811569 -0.706374228 -0.014608661 -0.707682312
1756585972398390528.000000 1.117630363 -0.024312951 0.035087347 -0.002455176 -0.706190467 -0.015448758 -0.707849145
1756585972465072384.000000 1.123363256 -0.023895115 0.035657287 -0.003220887 -0.705995142 -0.014583287 -0.708059192
1756585972531755264.000000 1.128804803 -0.023767520 0.035860419 -0.004065179 -0.706289768 -0.013352188 -0.707785368
1756585972598437888.000000 1.136593103 -0.023342520 0.035995960 -0.003565664 -0.706153274 -0.013476109 -0.707921803
1756585972631779072.000000 1.138238668 -0.023799527 0.036665440 -0.003486304 -0.706273437 -0.014203384 -0.707788169
1756585972698461952.000000 1.147941232 -0.022534857 0.036276817 -0.002820186 -0.705963671 -0.013981254 -0.708104491
1756585972765144832.000000 1.155238271 -0.022840736 0.036431670 -0.003413329 -0.705969095 -0.013307781 -0.708109498
1756585972865169408.000000 1.164869070 -0.023987561 0.036881924 -0.003852993 -0.706115723 -0.012904239 -0.707968473
1756585972931851008.000000 1.171073794 -0.023755947 0.036606312 -0.002462843 -0.705950379 -0.013398776 -0.708130240
1756585972998533888.000000 1.176190853 -0.025633002 0.036852598 -0.001824891 -0.705600262 -0.014755730 -0.708454132
1756585973065216768.000000 1.183634400 -0.025145607 0.037318826 -0.000891404 -0.706227362 -0.015110275 -0.707823396
1756585973131899648.000000 1.188247085 -0.024994688 0.036742568 -0.001975016 -0.705938935 -0.014495746 -0.708121717
1756585973198582528.000000 1.194793224 -0.025573919 0.038240671 -0.003551174 -0.705525637 -0.013649875 -0.708544075
1756585973265266176.000000 1.201315880 -0.025588691 0.038368940 -0.002847059 -0.705907464 -0.014217017 -0.708155692
1756585973298607872.000000 1.204892397 -0.025454413 0.038593173 -0.001831374 -0.706449568 -0.014897015 -0.707604229
1756585973365290752.000000 1.213466644 -0.024851369 0.039065242 -0.000623158 -0.707068384 -0.014763320 -0.706990838
1756585973431974144.000000 1.219103813 -0.024872385 0.038966537 -0.002027593 -0.706336558 -0.013114728 -0.707751870
1756585973498657792.000000 1.223974824 -0.025456198 0.038820863 -0.003742772 -0.705269337 -0.012468659 -0.708819985
1756585973565341184.000000 1.228963256 -0.025489779 0.038468719 -0.004094692 -0.705302536 -0.013055204 -0.708774447
1756585973632025088.000000 1.238222718 -0.023848036 0.037796855 -0.001655374 -0.704825163 -0.016136466 -0.709195673
1756585973698708480.000000 1.245000839 -0.024057698 0.038159013 -0.001481672 -0.705302119 -0.016115028 -0.708722174
1756585973765392384.000000 1.250116467 -0.024305910 0.038327694 -0.003467595 -0.705887973 -0.014058103 -0.708175600
1756585973832075008.000000 1.255978107 -0.024360515 0.039498329 -0.003802139 -0.705661833 -0.013811605 -0.708404064
1756585973898758912.000000 1.262702823 -0.024656141 0.040543675 -0.003714378 -0.705022514 -0.013503450 -0.709046721
1756585973965442304.000000 1.268766761 -0.023780115 0.039543986 -0.003947455 -0.704585731 -0.014451443 -0.709460735
1756585974098809856.000000 1.281073928 -0.024787579 0.039389491 -0.005053572 -0.705114365 -0.013194464 -0.708952904
1756585974165494016.000000 1.289901018 -0.024553712 0.039208651 -0.004311694 -0.705173135 -0.013235795 -0.708898544
1756585974232176896.000000 1.295855641 -0.026002403 0.039813638 -0.003488527 -0.704957306 -0.014403185 -0.709095001
1756585974298861568.000000 1.302349687 -0.025189282 0.039844871 -0.004192494 -0.705088794 -0.014355719 -0.708961308
1756585974365546240.000000 1.307524443 -0.025306836 0.039057374 -0.005321502 -0.705284059 -0.013403649 -0.708778203
1756585974432230912.000000 1.313772082 -0.025426801 0.040251613 -0.005251285 -0.705443621 -0.013432098 -0.708619297
1756585974498915584.000000 1.321104169 -0.024866357 0.040975809 -0.005095520 -0.705752492 -0.013424612 -0.708313048
1756585974565600512.000000 1.327638507 -0.024338504 0.041504502 -0.004808996 -0.705304921 -0.014308706 -0.708743393
1756585974632285440.000000 1.332730770 -0.024713336 0.042284369 -0.005491565 -0.705846786 -0.012632808 -0.708230674
1756585974665627904.000000 1.338915467 -0.024193017 0.039610744 -0.006218004 -0.705554903 -0.011487086 -0.708534896
1756585974732312064.000000 1.343626976 -0.023541840 0.041550159 -0.006692322 -0.705999136 -0.010584969 -0.708101988
1756585974798996992.000000 1.351386905 -0.023376845 0.041784883 -0.006332486 -0.705557227 -0.010841263 -0.708541751
1756585974865681920.000000 1.358721733 -0.023501558 0.042326570 -0.005414791 -0.704977691 -0.012091841 -0.709105849
1756585974932366848.000000 1.363366961 -0.024211315 0.041965365 -0.005053726 -0.704949319 -0.012990798 -0.709120691
1756585974999052288.000000 1.372295260 -0.024241868 0.039909124 -0.005880811 -0.704666078 -0.012047051 -0.709412515
1756585975032395008.000000 1.375124097 -0.024795709 0.040406704 -0.006166095 -0.704971194 -0.011815591 -0.709110796
1756585975132421632.000000 1.384226322 -0.025217000 0.041312218 -0.006076132 -0.704941750 -0.011503244 -0.709145904
1756585975199106816.000000 1.392019510 -0.024730137 0.041392207 -0.005789464 -0.705188215 -0.010566135 -0.708917856
1756585975265791232.000000 1.397166371 -0.024963917 0.042585611 -0.006133561 -0.704541266 -0.011182627 -0.709548414
1756585975299133440.000000 1.400422812 -0.024668669 0.043491125 -0.005974113 -0.704155922 -0.011625160 -0.709925115
1756585975365817856.000000 1.407227993 -0.024220619 0.043885350 -0.005694561 -0.703745127 -0.012326543 -0.710322797
1756585975432502528.000000 1.412150979 -0.024676345 0.043874502 -0.006582243 -0.704984844 -0.010765992 -0.709110141
1756585975499186944.000000 1.419128418 -0.024253363 0.043462038 -0.007064004 -0.705396831 -0.009251549 -0.708717048
1756585975565870336.000000 1.424401641 -0.024788922 0.043774605 -0.006693431 -0.704815865 -0.010595864 -0.709279656
1756585975632555008.000000 1.433917284 -0.024078067 0.043491602 -0.005964234 -0.704530180 -0.011541937 -0.709555149
1756585975699239424.000000 1.441571474 -0.024236130 0.042441249 -0.005895206 -0.704939187 -0.011265584 -0.709153891
1756585975765924096.000000 1.445959926 -0.023032211 0.044231057 -0.007419291 -0.706319094 -0.009354575 -0.707792938
1756585975832609024.000000 1.451574087 -0.022957081 0.044548392 -0.007174681 -0.705762506 -0.009314816 -0.708351016
1756585975899293440.000000 1.458680272 -0.023477471 0.044888735 -0.006667738 -0.705072880 -0.009901292 -0.709034443
1756585975932635904.000000 1.462234139 -0.023086431 0.044953346 -0.006677805 -0.704909265 -0.009548164 -0.709201872
1756585975999320832.000000 1.469870567 -0.022895163 0.044839025 -0.004699538 -0.705029905 -0.011087791 -0.709075391
1756585976099346944.000000 1.477084279 -0.024041029 0.045315385 -0.006918161 -0.705108941 -0.009208968 -0.709005475
1756585976166031872.000000 1.483264565 -0.026264874 0.044209957 -0.007448335 -0.704730332 -0.008831815 -0.709381223
1756585976232716032.000000 1.493538857 -0.024925146 0.044861436 -0.005290199 -0.704535425 -0.009801512 -0.709581494
1756585976266057472.000000 1.494737864 -0.025663186 0.044867396 -0.004329483 -0.704342723 -0.011254297 -0.709757686
1756585976366081792.000000 1.505211473 -0.025400637 0.044974685 -0.004984390 -0.704032958 -0.011131207 -0.710062683
1756585976432764416.000000 1.513385773 -0.023783466 0.045110822 -0.006340296 -0.703776419 -0.009408555 -0.710330963
1756585976532787712.000000 1.521375060 -0.024840605 0.045690894 -0.004234683 -0.704227805 -0.011931239 -0.709861279
1756585976599470592.000000 1.532063246 -0.023273859 0.046018481 -0.004503896 -0.704279959 -0.011781048 -0.709810376
1756585976666153728.000000 1.537815690 -0.023608200 0.046523809 -0.005343120 -0.703817725 -0.011667029 -0.710264742
1756585976732836608.000000 1.544098496 -0.024051134 0.045293570 -0.004636210 -0.703838587 -0.012372608 -0.710237086
1756585976799519232.000000 1.550950289 -0.023387898 0.047487378 -0.004815009 -0.704853952 -0.011302282 -0.709246159
1756585976866202112.000000 1.556748152 -0.023264866 0.047011614 -0.005230914 -0.704693794 -0.010961092 -0.709407628
1756585976932883968.000000 1.561734319 -0.024895184 0.046121478 -0.004615415 -0.703729808 -0.011982957 -0.710351706
1756585976999566848.000000 1.569504619 -0.024612587 0.046656847 -0.003305424 -0.703801036 -0.012846170 -0.710273325
1756585977066249728.000000 1.578278184 -0.023900427 0.046306014 -0.002215014 -0.704261601 -0.014500420 -0.709789038
1756585977132932608.000000 1.585733533 -0.022669828 0.047271252 -0.002906683 -0.705549061 -0.013000672 -0.708535910
1756585977166273792.000000 1.588881254 -0.023436440 0.045090914 -0.002754266 -0.704347789 -0.013348600 -0.709724247
1756585977266299648.000000 1.599514604 -0.024612892 0.044967413 -0.002698123 -0.703395128 -0.014410847 -0.710647881
1756585977332984576.000000 1.606526136 -0.022680845 0.046177626 -0.001374966 -0.704088926 -0.014675203 -0.709958851
1756585977399668480.000000 1.611702681 -0.021831769 0.048536897 -0.002136773 -0.704177976 -0.013980728 -0.709882677
1756585977466353152.000000 1.618340611 -0.023113877 0.046320438 -0.001845047 -0.703153849 -0.014926642 -0.710878730
1756585977533038336.000000 1.626006484 -0.023289263 0.046184659 -0.001942512 -0.703310788 -0.015164362 -0.710718095
1756585977599723008.000000 1.632702827 -0.023150306 0.045763254 -0.002146178 -0.703115106 -0.014298133 -0.710929036
1756585977666408192.000000 1.639410615 -0.023714129 0.045587540 0.003637740 0.702341080 0.014761645 0.711678267
1756585977699750656.000000 1.641901970 -0.024209905 0.045545578 0.004159953 0.702179313 0.014471648 0.711840987
1756585977766435840.000000 1.647980809 -0.025130969 0.045935631 -0.003118841 -0.702287436 -0.014223718 -0.711744606
1756585977833119744.000000 1.656074762 -0.024112258 0.045820832 0.002031321 0.702274203 0.016204761 0.711719275
1756585977933147648.000000 1.666283846 -0.023687206 0.045145988 0.002644917 0.702302516 0.015261111 0.711710155
1756585977999832832.000000 1.665743470 -0.025521353 0.049052238 -0.003939737 -0.702675343 -0.014106318 -0.711359918
1756585978066518016.000000 1.672040462 -0.026191723 0.049907207 -0.004419670 -0.702631652 -0.013801000 -0.711406231
1756585978133203200.000000 1.677837968 -0.026369877 0.050635815 -0.003822239 -0.703002274 -0.015018749 -0.711018801
1756585978166545920.000000 1.687060356 -0.025240630 0.046365976 -0.003340643 -0.702411890 -0.014030027 -0.711624563
1756585978233230848.000000 1.694186926 -0.025058165 0.047039986 -0.002909709 -0.702674270 -0.014093785 -0.711366117
1756585978299913216.000000 1.700735688 -0.025508873 0.045987487 -0.002888292 -0.701834857 -0.014597341 -0.712184310
1756585978366596352.000000 1.707052588 -0.025729213 0.046451330 -0.004263273 -0.701994836 -0.013495935 -0.712041438
1756585978399938304.000000 1.710088611 -0.026041754 0.045887589 -0.004765918 -0.701733053 -0.013085960 -0.712303936
1756585978466621696.000000 1.716174603 -0.025741260 0.045760751 -0.004997016 -0.701935887 -0.013391655 -0.712096691
1756585978533304832.000000 1.723613381 -0.025462471 0.046439648 -0.003042504 -0.701981127 -0.013833771 -0.712054729
1756585978599988480.000000 1.730744600 -0.025457393 0.047485113 -0.002623761 -0.701372921 -0.014635208 -0.712639451
1756585978666671872.000000 1.735702753 -0.026378170 0.046901941 0.003840231 0.701156437 0.014390038 0.712852001
1756585978733354496.000000 1.740612626 -0.027093943 0.047013044 0.004728638 0.701008976 0.013547041 0.713008165
1756585978800038144.000000 1.749048591 -0.026228622 0.047415495 -0.004392140 -0.701094389 -0.012442108 -0.712946475
1756585978866721536.000000 1.755634308 -0.026054628 0.047885656 -0.002679500 -0.700874567 -0.013996476 -0.713142216
1756585978933405184.000000 1.762709379 -0.025269948 0.048231602 -0.002090043 -0.700519323 -0.014881933 -0.713475287
1756585978966746880.000000 1.765336394 -0.025499269 0.048739195 -0.002899185 -0.700647056 -0.014048433 -0.713363886
1756585979033430528.000000 1.770409703 -0.026114959 0.048627853 -0.004997090 -0.700990677 -0.012195989 -0.713048637
1756585979100114432.000000 1.777379513 -0.026168695 0.048648715 -0.005941063 -0.700259924 -0.011164062 -0.713776052
1756585979166796800.000000 1.783390045 -0.026158869 0.048628211 -0.006692196 -0.699877739 -0.011056136 -0.714145720
1756585979200138496.000000 1.786721587 -0.026123224 0.048710585 -0.006481794 -0.700215399 -0.011505171 -0.713809609
1756585979266821888.000000 1.793843508 -0.025972189 0.048737526 -0.005246412 -0.700747788 -0.012173264 -0.713285983
1756585979333504768.000000 1.800824046 -0.026666328 0.048136711 -0.005400732 -0.700549006 -0.013066087 -0.713464260
1756585979400187648.000000 1.806730151 -0.026144497 0.049154997 -0.004688354 -0.700575650 -0.012746186 -0.713448882
1756585979466870784.000000 1.812787175 -0.026589325 0.049254775 -0.006172246 -0.699959517 -0.012087309 -0.714053631
1756585979500212224.000000 1.815284371 -0.027032636 0.049112558 -0.006752077 -0.700035751 -0.011750340 -0.713979244
1756585979566895360.000000 1.821651459 -0.027555715 0.049116254 -0.006237175 -0.700730026 -0.011739003 -0.713302732
1756585979633577472.000000 1.829163790 -0.026989777 0.047927380 0.004253008 0.701114118 0.013926473 0.712900460
1756585979700260096.000000 1.832933426 -0.025918949 0.048133373 0.001443255 0.701010644 0.015031163 0.712990999
1756585979766943488.000000 1.830924630 -0.026986986 0.047695756 0.005350470 0.701334119 0.012089233 0.712710142
1756585979833626624.000000 1.828451991 -0.027481336 0.048004627 -0.009028902 -0.702552795 -0.009267426 -0.711513996
1756585979866967552.000000 1.828523636 -0.027259124 0.047232985 -0.008931801 -0.702976048 -0.009453061 -0.711094618
1756585979933650944.000000 1.830295444 -0.026912225 0.047148228 -0.006824545 -0.703418016 -0.011201642 -0.710655391
1756585980000334080.000000 1.830608130 -0.026880950 0.047226071 -0.006219902 -0.703031242 -0.011855246 -0.711032987
1756585980067015936.000000 1.829554081 -0.026938353 0.047758698 -0.006954073 -0.703346550 -0.011168669 -0.710725427
1756585980133698816.000000 1.829766393 -0.027157394 0.047492266 -0.006835220 -0.703301549 -0.011282211 -0.710769236
1756585980200381952.000000 1.829956532 -0.027059738 0.047436953 -0.006687789 -0.703184545 -0.011660963 -0.710880339
1756585980233723648.000000 1.830005288 -0.027151465 0.047289848 -0.006741514 -0.703102827 -0.011559287 -0.710962296
1756585980300406784.000000 1.829979658 -0.027197484 0.047146916 -0.006914811 -0.703060031 -0.011420712 -0.711005211
1756585980367089664.000000 1.829094410 -0.027224729 0.048331141 -0.006319648 -0.698453546 -0.011121477 -0.715541124
1756585980433773312.000000 1.826731086 -0.027246937 0.049637079 0.005637536 0.690197945 0.011784424 0.723502696
1756585980467113728.000000 1.826725364 -0.027366323 0.050207019 0.006654011 0.686428130 0.011490283 0.727076471
1756585980533796864.000000 1.828193784 -0.027181255 0.052869201 0.005877875 0.678907454 0.011745438 0.734106421
1756585980633821696.000000 1.827216506 -0.027596390 0.055904031 0.005250996 0.666229248 0.012288834 0.745627344
1756585980700504832.000000 1.827618480 -0.027261185 0.058139682 -0.005645598 -0.658095896 -0.011916212 -0.752818704
1756585980767188224.000000 1.823121548 -0.027469316 0.059277654 0.005975212 0.649356961 0.011097970 0.760379374
1756585980833871360.000000 1.821008801 -0.027316611 0.061226130 0.006271744 0.640317798 0.010126989 0.768017769
1756585980900554752.000000 1.819885492 -0.028020723 0.062472939 0.005923719 0.631488323 0.010610436 0.775290132
1756585980967236864.000000 1.818928838 -0.027936878 0.064636350 0.004496342 0.622857153 0.010905678 0.782246709
1756585981000578560.000000 1.817847610 -0.027247511 0.065412045 0.004296806 0.618464530 0.011197478 0.785721242
1756585981067261952.000000 1.817713261 -0.027199181 0.067531466 0.003629190 0.609358966 0.011351719 0.792805016
1756585981133945088.000000 1.815866351 -0.027091868 0.069434047 0.003271773 0.600289583 0.011687758 0.799690664
1756585981200628480.000000 1.815308571 -0.027739901 0.070833802 0.002831086 0.590860963 0.011956743 0.806679904
1756585981267311104.000000 1.813535094 -0.027535509 0.072069883 0.002923118 0.581287384 0.011025092 0.813618481
1756585981333993472.000000 1.811238050 -0.027744697 0.074036241 0.002914595 0.572462618 0.011100370 0.819850504
1756585981400674816.000000 1.809891224 -0.027603734 0.075342536 0.002727172 0.563214302 0.010764791 0.826236248
1756585981467357440.000000 1.807278633 -0.028046247 0.077080011 0.002767996 0.554107785 0.010495822 0.832374156
1756585981500698624.000000 1.806236029 -0.028076412 0.077687740 0.002684767 0.549246013 0.010392808 0.835591793
1756585981567380992.000000 1.804190636 -0.028328011 0.079103589 0.002677195 0.539928138 0.010421664 0.841642439
1756585981634063360.000000 1.802698493 -0.027725175 0.079770386 0.002382627 0.530377626 0.009831769 0.847701192
1756585981700745472.000000 1.801550031 -0.027897080 0.081567824 0.001688921 0.521065176 0.009708015 0.853460073
1756585981767427840.000000 1.799851656 -0.028070118 0.082555354 0.001204057 0.511741579 0.009679228 0.859084129
1756585981800768256.000000 1.798921108 -0.028022347 0.083277285 0.001336291 0.507225394 0.009524026 0.861759841
1756585981867450624.000000 1.797307014 -0.027650373 0.084465027 0.001216802 0.497569531 0.009092025 0.867375672
1756585981934132992.000000 1.795221329 -0.027772788 0.084893346 0.000818914 0.487468392 0.009395272 0.873089790
1756585982000815360.000000 1.793213248 -0.027407855 0.086955905 -0.000324069 0.477864146 0.009482756 0.878382504
1756585982067497728.000000 1.791409016 -0.027604960 0.088731945 -0.001125069 0.468465209 0.009636972 0.883428693
1756585982134179840.000000 1.789597392 -0.028359246 0.088417947 -0.001032529 0.458158731 0.009850130 0.888815224
1756585982200862464.000000 1.786951184 -0.028060827 0.088952899 -0.000737476 0.447708875 0.009684552 0.894126654
1756585982267545344.000000 1.785352707 -0.028329445 0.090053618 -0.001355479 0.436592370 0.009567305 0.899607539
1756585982334229248.000000 1.782801628 -0.028056271 0.090720832 -0.001264400 0.426059723 0.009588216 0.904643416
1756585982400913152.000000 1.781462312 -0.028751882 0.091749519 -0.001147108 0.416338682 0.009486691 0.909159482
1756585982467597568.000000 1.782384157 -0.027682273 0.092226297 -0.000869506 0.405735075 0.008765303 0.913948357
1756585982534281472.000000 1.776686788 -0.028341884 0.093648911 -0.001301447 0.396382689 0.009332675 0.918037117
1756585982600965376.000000 1.775076628 -0.027711611 0.094421238 -0.001728533 0.386477232 0.009033970 0.922253132
1756585982634307584.000000 1.777835250 -0.027120190 0.094401807 -0.001718711 0.380754054 0.008233798 0.924638093
1756585982734332672.000000 1.773965240 -0.027093604 0.095259011 -0.002295942 0.365702897 0.007767556 0.930696428
1756585982801016832.000000 1.771109223 -0.027077544 0.095592201 -0.002488604 0.355315655 0.007049025 0.934716523
1756585982867700736.000000 1.769740820 -0.027365342 0.095898747 -0.002752947 0.344881594 0.006349182 0.938620746
1756585982934385152.000000 1.768409967 -0.027150463 0.096799552 -0.002711389 0.333613157 0.006058902 0.942686737
1756585983001069312.000000 1.766255260 -0.027201267 0.096863881 -0.002938066 0.322731197 0.006179165 0.946465969
1756585983067753216.000000 1.763537407 -0.026820535 0.097437143 -0.003215927 0.311835736 0.005900600 0.950112343
1756585983134436608.000000 1.762842655 -0.026665214 0.098136142 -0.004537338 0.300750583 0.005686302 0.953675151
1756585983201120512.000000 1.761073351 -0.025451619 0.100688592 -0.004958156 0.290597945 0.004959475 0.956819594
1756585983267804928.000000 1.758538961 -0.025508218 0.102303728 -0.004015098 0.281282008 0.005121356 0.959603071
1756585983334489344.000000 1.756911755 -0.024872899 0.104365915 -0.003523737 0.270823181 0.004485835 0.962612271
1756585983401173504.000000 1.754820824 -0.023858137 0.105900943 -0.003797309 0.260505021 0.004202657 0.965455949
1756585983467857920.000000 1.752719164 -0.022759704 0.107615389 -0.003101630 0.250105560 0.003480446 0.968207359
1756585983501199872.000000 1.754530787 -0.026622716 0.098056346 -0.003358161 0.241755143 0.005251669 0.970317304
1756585983567883264.000000 1.749345183 -0.021036116 0.109029785 -0.002986977 0.234637678 0.002655661 0.972074747
1756585983667909888.000000 1.745455980 -0.020598749 0.109090760 -0.002840444 0.219261602 0.002512183 0.975658774
1756585983701252096.000000 1.743844748 -0.019726366 0.109368205 -0.002731734 0.213904634 0.001731904 0.976849258
1756585983767936512.000000 1.746062160 -0.024146410 0.098727465 -0.003332759 0.199246153 0.004108743 0.979935229
1756585983834620928.000000 1.743577480 -0.023136131 0.099698089 -0.003925686 0.187412396 0.003955776 0.982265532
1756585983901305344.000000 1.740265131 -0.024029488 0.098677769 -0.005007294 0.175756127 0.003828056 0.984413624
1756585983934647552.000000 1.739956379 -0.023317246 0.100737147 -0.004788431 0.170358136 0.003479179 0.985364437
1756585984001331968.000000 1.740604997 -0.027714491 0.101205572 -0.005486906 0.158716619 0.004220062 0.987299919
1756585984068015360.000000 1.736459255 -0.022830917 0.098799579 -0.003922008 0.147625595 0.003827466 0.989028215
1756585984101357824.000000 1.735658646 -0.022619616 0.097958647 -0.003862813 0.141786024 0.003610370 0.989883244
1756585984234747904.000000 1.735781193 -0.029172407 0.095178761 -0.006024164 0.118931308 0.004360653 0.992874622
1756585984301588480.000000 1.734841943 -0.031007659 0.092698157 -0.006086259 0.107500874 0.004501045 0.994176209
1756585984335009792.000000 1.734428406 -0.031004142 0.091796167 -0.006342156 0.101088509 0.004418212 0.994847476
1756585984401853696.000000 1.732734323 -0.025723627 0.091584556 -0.004993203 0.089913458 0.003793939 0.995929837
1756585984468698624.000000 1.730616450 -0.025625359 0.091172196 -0.005453108 0.078598157 0.003953866 0.996883690
1756585984502122496.000000 1.727614045 -0.028619399 0.096827775 -0.006804989 0.075126700 0.003187671 0.997145712
1756585984568971520.000000 1.731856704 -0.026624611 0.087020516 -0.006037013 0.061341558 0.004028063 0.998090446
1756585984635822336.000000 1.733487129 -0.032877330 0.085836984 -0.007264599 0.049337622 0.005196276 0.998742223
1756585984669248512.000000 1.724249125 -0.027921636 0.093662977 -0.006583286 0.045822233 0.003907308 0.998920321
1756585984736102656.000000 1.724382401 -0.032065891 0.090820901 -0.007582073 0.033672825 0.004147240 0.999395549
1756585984802958848.000000 1.721846581 -0.030471817 0.088002749 -0.006897524 0.021816559 0.003254313 0.999732971
1756585984869816576.000000 1.721237898 -0.030310670 0.086534068 -0.007256462 0.010292994 0.003332827 0.999915183
1756585984903245568.000000 1.721227765 -0.030432932 0.086024731 -0.006895615 0.004604380 0.003524933 0.999959409
1756585984970106368.000000 1.719852328 -0.028791200 0.086207733 -0.006536044 -0.006411822 0.003671189 0.999951363
1756585985036969728.000000 1.712397933 -0.028850272 0.091016099 -0.007911112 -0.014330187 0.002839767 0.999862015
1756585985070401792.000000 1.718361735 -0.029102050 0.084803104 -0.006903308 -0.022760063 0.004032411 0.999709070
1756585985137267968.000000 1.715615392 -0.029688340 0.086959936 -0.007606002 -0.032440651 0.003546311 0.999438465
1756585985204136192.000000 1.717356324 -0.029954093 0.079881303 -0.006786575 -0.044114430 0.004566966 0.998992980
1756585985237542656.000000 1.708643079 -0.030075669 0.086273447 -0.006941690 -0.046723116 0.003413748 0.998877943
1756585985304212480.000000 1.705931544 -0.029387861 0.085299231 -0.007217464 -0.057896655 0.003723330 0.998289526
1756585985370881024.000000 1.704200625 -0.029325221 0.083592564 -0.007552884 -0.068475828 0.003443313 0.997618258
1756585985437550336.000000 1.703394771 -0.029873509 0.082879499 -0.007261918 -0.079087213 0.003687567 0.996834457
1756585985470885120.000000 1.700242758 -0.031792868 0.084323347 -0.007800953 -0.083613157 0.002702470 0.996464133
1756585985537553920.000000 1.699029565 -0.029019609 0.081762403 -0.007203776 -0.094813876 0.002492713 0.995465815
1756585985604222720.000000 1.696963429 -0.028856702 0.080225445 -0.007594991 -0.106250905 0.002342619 0.994307578
1756585985670891008.000000 1.694957733 -0.028597049 0.078524828 -0.007632329 -0.117775150 0.002213615 0.993008494
1756585985737559296.000000 1.693173409 -0.028607879 0.077607371 -0.008176803 -0.129008666 0.001795883 0.991608143
1756585985804226304.000000 1.691357732 -0.028154152 0.076548234 -0.008475539 -0.140090778 0.001728797 0.990100920
1756585985870894080.000000 1.689881682 -0.027742207 0.075051107 -0.008497352 -0.150664866 0.001426889 0.988547385
1756585985937561600.000000 1.688402295 -0.027617352 0.073652722 -0.008276021 -0.160805225 0.001350069 0.986950517
1756585985970895104.000000 1.687751889 -0.027782060 0.072642893 -0.008626243 -0.166074440 0.001122943 0.986074924
1756585986037562368.000000 1.686099172 -0.027927391 0.071422689 -0.008542845 -0.176453844 0.001424370 0.984270871
1756585986104229120.000000 1.684934974 -0.027584236 0.069739871 -0.009125806 -0.186944932 0.001229537 0.982327223
1756585986170895872.000000 1.683705091 -0.026812527 0.068239972 -0.009632858 -0.197896183 0.001285378 0.980174899
1756585986237562624.000000 1.682179809 -0.026731059 0.066290133 -0.009689925 -0.209297821 0.001195917 0.977803230
1756585986304230912.000000 1.680540085 -0.026587445 0.064502344 -0.009624681 -0.220345899 0.000985575 0.975373805
1756585986404234240.000000 1.678120375 -0.026299959 0.062092200 -0.010666771 -0.235929489 0.000474810 0.971711516
1756585986470902784.000000 1.676971078 -0.026478944 0.060015582 -0.010836741 -0.246880636 0.000489593 0.968985260
1756585986537570816.000000 1.674981952 -0.027222756 0.059341125 -0.011325703 -0.257697999 0.000049899 0.966159165
1756585986604238848.000000 1.673361301 -0.027073074 0.057902887 -0.012215649 -0.268513978 -0.000236807 0.963198364
1756585986704239616.000000 1.671127558 -0.026520904 0.054840453 -0.012157256 -0.283987463 -0.000361033 0.958750844
1756585986770906624.000000 1.669721365 -0.025471749 0.053559259 -0.011819270 -0.295254678 -0.000131005 0.955345571
1756585986837573888.000000 1.669288635 -0.025672559 0.051399879 -0.011440669 -0.306335062 -0.000034611 0.951855004
1756585986904241152.000000 1.668499708 -0.026033198 0.048912257 -0.011680662 -0.317380428 -0.000026091 0.948226392
1756585986970907392.000000 1.667926908 -0.026448019 0.047106937 -0.012689440 -0.328174919 -0.000008715 0.944531798
1756585987037574144.000000 1.666630507 -0.026564546 0.044619605 -0.012333892 -0.337526709 -0.000224625 0.941235125
1756585987104239872.000000 1.666856050 -0.026476867 0.043125391 -0.012795405 -0.349122971 0.000036629 0.936989546
1756585987170905088.000000 1.666046619 -0.023203079 0.045413017 -0.011511340 -0.359004140 0.000713512 0.933264732
1756585987237571328.000000 1.664054155 -0.028575765 0.034561813 -0.013247362 -0.367593259 -0.001247775 0.929891527
1756585987304239616.000000 1.664352775 -0.029491860 0.031140536 -0.013294940 -0.377991408 -0.001323217 0.925712705
1756585987370907648.000000 1.664035916 -0.030382454 0.028541923 -0.013822534 -0.388134748 -0.002064724 0.921496689
1756585987437575168.000000 1.663231373 -0.030566400 0.026415586 -0.014642178 -0.398726791 -0.002903102 0.916948318
1756585987504242432.000000 1.662386537 -0.030435372 0.024194777 -0.015072976 -0.408926606 -0.003132729 0.912437499
1756585987570908672.000000 1.661315322 -0.026570421 0.028180122 -0.014030163 -0.419231892 -0.002645286 0.907766938
1756585987637575424.000000 1.656967044 -0.023534615 0.028590173 -0.012782996 -0.429115027 -0.003009245 0.903154433
1756585987704242176.000000 1.659000516 -0.023643099 0.025653571 -0.013326539 -0.439508528 -0.003371296 0.898133278
1756585987770908416.000000 1.664416313 -0.026619457 0.020425975 -0.015339267 -0.449989647 -0.003920685 0.892893434
1756585987837574400.000000 1.663273692 -0.027034577 0.017886281 -0.015499917 -0.459862202 -0.004083470 0.887845695
1756585987904240128.000000 1.662970066 -0.027319927 0.015773058 -0.015550436 -0.470089346 -0.004076087 0.882472515
1756585987970905856.000000 1.662438273 -0.027319327 0.013611734 -0.016194247 -0.479712695 -0.004345405 0.877265453
1756585988070902528.000000 1.661889791 -0.027368169 0.010390759 -0.016695051 -0.493782252 -0.004729951 0.869412482
1756585988137567232.000000 1.656612158 -0.025606085 0.010800183 -0.015665812 -0.502401054 -0.004664822 0.864480257
1756585988204231936.000000 1.655708909 -0.023878291 0.008997321 -0.014868835 -0.512121856 -0.004905211 0.858770072
1756585988270898944.000000 1.656512022 -0.024958927 0.005794764 -0.015705206 -0.521938026 -0.005013266 0.852824152
1756585988337566976.000000 1.656271696 -0.025130754 0.003312767 -0.015769696 -0.531955361 -0.005256253 0.846609235
1756585988404235008.000000 1.657817721 -0.025997570 -0.000172317 -0.015716391 -0.542527020 -0.006005973 0.839869916
1756585988470901248.000000 1.656687498 -0.025723040 -0.001919687 -0.015644258 -0.550791919 -0.005761879 0.834476173
1756585988537568512.000000 1.655613899 -0.024956604 -0.003475070 -0.015489081 -0.560043156 -0.006132480 0.828295946
1756585988604235776.000000 1.655677438 -0.024170464 -0.004817367 -0.015591093 -0.568785012 -0.006475261 0.822313011
1756585988704235520.000000 1.654445887 -0.023087783 -0.007755756 -0.014895311 -0.582289696 -0.006864846 0.812815964
1756585988770902016.000000 1.654719114 -0.022693858 -0.009391665 -0.014991682 -0.591320455 -0.006929283 0.806267619
1756585988837567744.000000 1.654191852 -0.022230737 -0.010957122 -0.015427127 -0.599940002 -0.007299513 0.799862921
1756585988904232704.000000 1.654654264 -0.022468632 -0.013068914 -0.015310785 -0.609086812 -0.007229920 0.792922795
1756585988970898176.000000 1.654415965 -0.022072004 -0.014836192 -0.015336352 -0.618410110 -0.006611024 0.785678148
1756585989004230656.000000 1.654517770 -0.021914901 -0.016058207 -0.015308451 -0.622825623 -0.006601674 0.782183111
1756585989070895616.000000 1.655292869 -0.022001952 -0.018315911 -0.015778854 -0.631358504 -0.006994113 0.775299013
1756585989137560576.000000 1.654893160 -0.022152333 -0.019658208 -0.015776662 -0.639678538 -0.007106819 0.768447816
1756585989237558016.000000 1.655463696 -0.022666126 -0.023865342 -0.016305506 -0.651472628 -0.007409181 0.758460701
1756585989270892800.000000 1.656013131 -0.023234094 -0.025678039 -0.016572453 -0.655362904 -0.007764858 0.755092442
1756585989337562112.000000 1.657578349 -0.023992084 -0.028134346 -0.016443860 -0.663886130 -0.008198280 0.747608006
1756585989404229632.000000 1.657526731 -0.023742821 -0.030120850 -0.016681822 -0.672612906 -0.008520078 0.739757359
1756585989470898432.000000 1.657370210 -0.023809779 -0.032312155 -0.016471190 -0.680747628 -0.008745107 0.732280672
1756585989537566976.000000 1.657937884 -0.023356363 -0.033878088 -0.016561180 -0.688820004 -0.008760664 0.724690378
1756585989604235008.000000 1.658656120 -0.023523085 -0.036142945 -0.016410196 -0.696964681 -0.008557479 0.716866612
1756585989670902784.000000 1.658061504 -0.021519892 -0.035489440 0.013748578 0.703946352 0.005628360 -0.710097849
1756585989737570560.000000 1.656881213 -0.023927394 -0.036980748 -0.010657274 -0.706122875 -0.003542432 0.708000362
1756585989837570304.000000 1.644295812 -0.024060100 -0.038486362 0.013222496 0.706807792 0.006670060 -0.707250714
1756585989904237312.000000 1.633842945 -0.022678705 -0.038920879 0.016647359 0.707340956 0.010854667 -0.706593156
1756585989970904064.000000 1.629143357 -0.023213865 -0.038622618 0.014187041 0.709279537 0.007168365 -0.704748154
1756585990037570560.000000 1.624796867 -0.023431979 -0.037896752 0.013236181 0.708678305 0.005785952 -0.705383897
1756585990104236800.000000 1.618180037 -0.023781367 -0.037730455 0.013618967 0.707992256 0.005727074 -0.706065714
1756585990170902784.000000 1.611969948 -0.022272460 -0.038457274 0.014125912 0.708064198 0.005911884 -0.705982029
1756585990237568512.000000 1.606292605 -0.022111349 -0.037829518 0.014213675 0.708594799 0.005271787 -0.705452800
1756585990304236288.000000 1.598236084 -0.022561658 -0.038464427 -0.014532588 -0.707940578 -0.005781977 0.706098855
1756585990370903552.000000 1.592410803 -0.022748435 -0.038067937 -0.013606706 -0.707848728 -0.005700343 0.706210017
1756585990470904064.000000 1.584582090 -0.023438256 -0.039309502 -0.012182025 -0.716153085 -0.003067695 0.697830200
1756585990537570560.000000 1.578245044 -0.022569709 -0.042805552 0.013133698 0.726310015 0.004315225 -0.687228262
1756585990604236800.000000 1.571902752 -0.022476088 -0.045639396 0.013952182 0.733563185 0.005038868 -0.679459333
1756585990670903040.000000 1.565777302 -0.022018990 -0.047970414 0.014113433 0.741048217 0.005088185 -0.671284258
1756585990737568000.000000 1.560923100 -0.022187252 -0.050252557 0.012868084 0.745888889 0.003778725 -0.665935397
1756585990770900736.000000 1.557917118 -0.022223134 -0.050235629 0.012789530 0.745669067 0.003979391 -0.666181862
1756585990870898432.000000 1.546692014 -0.021826940 -0.051072836 -0.014244308 -0.742056489 -0.006575863 0.670153797
1756585990937563392.000000 1.541350961 -0.020930778 -0.050851464 -0.013402446 -0.742908418 -0.005096574 0.669239521
1756585991004228352.000000 1.534793258 -0.021471918 -0.053090453 -0.012854943 -0.742685854 -0.004967416 0.669498265
1756585991070892544.000000 1.528453588 -0.021607092 -0.053794622 -0.012993994 -0.742601633 -0.005248495 0.669586897
1756585991137555712.000000 1.521710753 -0.021038575 -0.054080367 -0.013142798 -0.742852271 -0.005442699 0.669304371
1756585991204219904.000000 1.514310718 -0.021089189 -0.055281281 -0.014061308 -0.743420303 -0.006568762 0.668644488
1756585991270951936.000000 1.508031845 -0.021491228 -0.056371331 -0.013545240 -0.743307412 -0.006368651 0.668782592
1756585991337779712.000000 1.501932621 -0.020543795 -0.057799459 -0.013283270 -0.743255913 -0.006073962 0.668847799
1756585991404609536.000000 1.496106386 -0.020855481 -0.058175325 -0.013641370 -0.743832469 -0.006423149 0.668196142
1756585991471441152.000000 1.489037514 -0.020150328 -0.058639884 0.014242850 0.744089484 0.007111519 -0.667890370
1756585991538274304.000000 1.481839657 -0.020393165 -0.059332013 0.015464791 0.744097948 0.007493898 -0.667849541
1756585991605108224.000000 1.475962043 -0.020701099 -0.059937358 -0.014599263 -0.744045794 -0.006440156 0.667938113
1756585991671944960.000000 1.469766617 -0.020966982 -0.060633540 -0.014316370 -0.743674636 -0.006380899 0.668357968
1756585991738783232.000000 1.462914705 -0.020631902 -0.061673999 0.015309952 0.743571043 0.007864064 -0.668435514
1756585991805623552.000000 1.455857873 -0.019709557 -0.062165499 0.015677916 0.743638635 0.007463654 -0.668356299
1756585991905887488.000000 1.446203470 -0.019823497 -0.064091802 -0.015876282 -0.743418753 -0.008127242 0.668588459
1756585991972732160.000000 1.439262390 -0.019425707 -0.064953208 -0.015686637 -0.743504226 -0.007834788 0.668501377
1756585992039577600.000000 1.433444500 -0.019518957 -0.065194249 0.015624837 0.743835449 0.006712397 -0.668146491
1756585992106425856.000000 1.427207351 -0.019237513 -0.066193819 -0.015530113 -0.743629217 -0.006807922 0.668377280
1756585992173275904.000000 1.420579910 -0.019070311 -0.067164540 -0.015737746 -0.743731439 -0.007203765 0.668254495
1756585992240127744.000000 1.413423657 -0.019021131 -0.068231463 -0.015809618 -0.743629634 -0.007686792 0.668360710
1756585992306805760.000000 1.406892061 -0.018734913 -0.069043636 -0.016804891 -0.744249880 -0.008600738 0.667634487
1756585992373463040.000000 1.400670886 -0.018619390 -0.069682002 0.017005587 0.744568169 0.007808740 -0.667284191
1756585992440119040.000000 1.395365238 -0.018949540 -0.070887327 -0.016125403 -0.744070172 -0.008197853 0.667856634
1756585992506774272.000000 1.389185548 -0.019029146 -0.071646571 -0.015707305 -0.744250953 -0.008061917 0.667666793
1756585992573429504.000000 1.382065892 -0.018522456 -0.072654366 -0.016297728 -0.744843066 -0.008317127 0.666988790
1756585992640084736.000000 1.374523997 -0.018100407 -0.073481798 -0.017303247 -0.745411098 -0.008617048 0.666324794
1756585992706738944.000000 1.368431926 -0.017835557 -0.074409246 -0.016920628 -0.744847417 -0.008334513 0.666968226
1756585992773393152.000000 1.362981200 -0.017478114 -0.075048089 -0.016736247 -0.744711041 -0.008235954 0.667126417
1756585992840046592.000000 1.357160449 -0.017727686 -0.075220108 -0.016497504 -0.745491028 -0.007014179 0.666274607
1756585992906699776.000000 1.350489616 -0.018040601 -0.075293899 -0.016740454 -0.746306658 -0.005906398 0.665365577
1756585992973351168.000000 1.342607617 -0.017870916 -0.076865315 -0.018049939 -0.745486379 -0.008367973 0.666224003
1756585993040003328.000000 1.335652590 -0.017355477 -0.077409625 0.018700667 0.744481683 0.009508988 -0.667313218
1756585993106655232.000000 1.329946876 -0.017854761 -0.078456759 -0.017059794 -0.744753778 -0.007618450 0.667077899
1756585993173306112.000000 1.325282335 -0.018240480 -0.078655839 0.015806887 0.745240510 0.005505483 -0.666585684
1756585993239956736.000000 1.319037318 -0.018636953 -0.079527378 0.016689667 0.745399237 0.006735827 -0.666375399
1756585993273282560.000000 1.314883590 -0.018254261 -0.080162525 -0.017448204 -0.745285273 -0.007841965 0.666471362
1756585993339933696.000000 1.306342840 -0.017562320 -0.080679297 -0.018365767 -0.745156705 -0.008761553 0.666579008
1756585993406583040.000000 1.300089359 -0.017601438 -0.081179738 -0.018106738 -0.745274007 -0.008771667 0.666454732
1756585993473232640.000000 1.295383096 -0.017823389 -0.081570268 0.016779521 0.745420992 0.006887275 -0.666347206
1756585993539882240.000000 1.290226698 -0.018069606 -0.082456112 -0.016089214 -0.745479167 -0.007314913 0.666294634
1756585993606530560.000000 1.283117533 -0.017515859 -0.082713723 -0.016774777 -0.745865643 -0.007922370 0.665838063
1756585993673178880.000000 1.275708437 -0.017146051 -0.083240747 -0.017321531 -0.746194780 -0.007974701 0.665454686
1756585993739826688.000000 1.269691110 -0.017165607 -0.084111214 -0.017557334 -0.746384323 -0.007504078 0.665241301
1756585993806472448.000000 1.264576197 -0.016993033 -0.084957361 0.015996056 0.745605648 0.006385910 -0.666164875
1756585993873119232.000000 1.258530855 -0.017165424 -0.085627317 -0.015634628 -0.745261550 -0.007033642 0.666551828
1756585993939765248.000000 1.251695871 -0.016778873 -0.086142898 -0.016351100 -0.746063113 -0.007340042 0.665634096
1756585994006410240.000000 1.245131969 -0.016265640 -0.087128043 0.016773697 0.746443868 0.007089525 -0.665199280
1756585994073055488.000000 1.237943888 -0.016844101 -0.087474465 -0.015953721 -0.745765388 -0.006470753 0.665986240
1756585994139699712.000000 1.231561184 -0.016825309 -0.087810874 -0.015843581 -0.745506763 -0.005778165 0.666284740
1756585994206343424.000000 1.226220846 -0.017231096 -0.088658214 -0.015587150 -0.745579004 -0.005721597 0.666210413
1756585994272989440.000000 1.218986273 -0.016496152 -0.089600682 -0.016091548 -0.746001244 -0.006478324 0.665718615
1756585994339639552.000000 1.212107778 -0.016772918 -0.090530753 -0.016182892 -0.746144056 -0.006256590 0.665558457
1756585994372964352.000000 1.208930492 -0.017002061 -0.090710521 -0.016205031 -0.746150196 -0.005759682 0.665555537
1756585994439613440.000000 1.203442335 -0.017037608 -0.091056228 -0.015031616 -0.745486259 -0.004878615 0.666333735
1756585994506262016.000000 1.196628690 -0.016944436 -0.091855168 -0.015204192 -0.745029926 -0.005185732 0.666837573
1756585994572909824.000000 1.189794183 -0.016396379 -0.092634797 -0.016453817 -0.745606124 -0.006651793 0.666150630
1756585994639557376.000000 1.184101939 -0.016875206 -0.093444824 -0.015878633 -0.745422006 -0.006957030 0.666367412
1756585994706203136.000000 1.179326177 -0.017303724 -0.093832374 0.014396857 0.745187938 0.004829275 -0.666681647
1756585994772849408.000000 1.173326135 -0.017035386 -0.094425082 0.014253797 0.745221019 0.004621625 -0.666649282
1756585994839495168.000000 1.165398002 -0.016698522 -0.095099568 0.015775906 0.745772183 0.005564288 -0.665991068
1756585994906140160.000000 1.158221006 -0.016337303 -0.096089244 0.016588960 0.745408237 0.006905701 -0.666366041
1756585994939462400.000000 1.154683828 -0.016178718 -0.096348643 0.016039943 0.745253205 0.006431418 -0.666557610
1756585995006106624.000000 1.149222255 -0.016556539 -0.097143888 0.014903592 0.745280027 0.005287888 -0.666564107
1756585995106071808.000000 1.141249180 -0.016781265 -0.098475814 0.014458529 0.745764911 0.005318511 -0.666031063
1756585995172713472.000000 1.134618998 -0.015333745 -0.099363685 0.014626063 0.745802164 0.004726208 -0.665990233
1756585995239356160.000000 1.127078295 -0.015738755 -0.099863291 -0.014854476 -0.745162249 -0.005027814 0.666698873
1756585995272681728.000000 1.124945879 -0.015166388 -0.099278092 0.015098238 0.745056152 0.004878988 -0.666813016
1756585995339332608.000000 1.118896127 -0.015156453 -0.099993229 0.014601118 0.744582355 0.005044502 -0.667351902
1756585995405982720.000000 1.112813950 -0.015477907 -0.101073027 0.014118906 0.745037019 0.004986224 -0.666855097
1756585995472632576.000000 1.106467724 -0.015366625 -0.101948261 0.013520311 0.744758368 0.004287089 -0.667183518
1756585995572604928.000000 1.096204877 -0.014394461 -0.103121996 0.014881784 0.744642854 0.005961495 -0.667270720
1756585995639253504.000000 1.089857221 -0.014703731 -0.103818417 0.014709710 0.744780421 0.005715818 -0.667123079
1756585995705901056.000000 1.082766056 -0.014516351 -0.105122924 0.014546908 0.745050967 0.005551616 -0.666825831
1756585995772548352.000000 1.076457143 -0.014964908 -0.104532838 -0.014835321 -0.744968295 -0.005515673 0.666912138
1756585995805871616.000000 1.072926998 -0.013956541 -0.105901599 0.014338555 0.744656503 0.005394484 -0.667272091
1756585995872518144.000000 1.066134453 -0.013793283 -0.106693506 0.014996239 0.744602144 0.006345470 -0.667309999
1756585995939163904.000000 1.059230566 -0.013855488 -0.107714772 -0.015854785 -0.744581103 -0.007384969 0.667302907
1756585996005809152.000000 1.053160906 -0.013696291 -0.108149171 0.015791044 0.744707108 0.006629986 -0.667171717
1756585996072452608.000000 1.046593666 -0.013220827 -0.108444452 0.015342284 0.744642556 0.006528220 -0.667255223
1756585996139096832.000000 1.040101886 -0.013326026 -0.109207392 0.014836716 0.744646072 0.006461867 -0.667263448
1756585996205740288.000000 1.033739090 -0.013244901 -0.110078216 0.015068344 0.745760500 0.006722438 -0.666009784
1756585996272390656.000000 1.028285384 -0.014009478 -0.110877633 -0.015072923 -0.745678186 -0.006362489 0.666105449
1756585996339038976.000000 1.023101926 -0.013873814 -0.109814763 -0.015224765 -0.745398462 -0.005907108 0.666419208
1756585996405687040.000000 1.015742540 -0.013440091 -0.110967994 -0.015550822 -0.744901597 -0.006436593 0.666962147
1756585996472333312.000000 1.007458091 -0.012925986 -0.114030242 0.015777040 0.744641244 0.008196646 -0.667228162
1756585996538979840.000000 1.001609564 -0.013301068 -0.114313722 -0.014566726 -0.744751871 -0.006121999 0.667154491
1756585996605625600.000000 0.996413887 -0.013979143 -0.114603639 -0.013766360 -0.744330168 -0.005395629 0.667648137
1756585996672271360.000000 0.990162492 -0.013997320 -0.115110517 -0.014097211 -0.744132996 -0.006109894 0.667854846
1756585996738915840.000000 0.983134747 -0.013478718 -0.115904093 -0.013804828 -0.744123340 -0.005653717 0.667875767
1756585996805560320.000000 0.976688802 -0.014203507 -0.116195679 -0.014204876 -0.744094491 -0.006702479 0.667889893
1756585996872203776.000000 0.971499860 -0.013116841 -0.115529776 -0.014060331 -0.744243145 -0.006298338 0.667731106
1756585996938845952.000000 0.965175807 -0.013258155 -0.116318703 -0.013344220 -0.744078577 -0.005131916 0.667939186
1756585997005488384.000000 0.957698703 -0.013851089 -0.118784189 -0.013546336 -0.743707716 -0.005707934 0.668343306
1756585997072130304.000000 0.950773895 -0.013731682 -0.119569063 -0.014191205 -0.743817687 -0.006495160 0.668200433
1756585997138771456.000000 0.943374872 -0.013632401 -0.120294690 0.014868691 0.743507326 0.007444345 -0.668521166
1756585997205411840.000000 0.937130451 -0.013396308 -0.120575309 -0.014294061 -0.743607163 -0.006497639 0.668432474
1756585997272055808.000000 0.931550384 -0.013370004 -0.121622801 -0.013293789 -0.743598402 -0.006443833 0.668463349
1756585997338704640.000000 0.926696241 -0.013692600 -0.121898532 0.012217894 0.744412422 0.004618714 -0.667592466
1756585997405351936.000000 0.921265841 -0.013187384 -0.122100711 -0.012435982 -0.745436907 -0.004601963 0.666444421
1756585997471999488.000000 0.912309408 -0.013379158 -0.123859465 -0.014012892 -0.744863212 -0.007436894 0.667028606
1756585997538646528.000000 0.905142963 -0.012801860 -0.124101818 -0.014367644 -0.744083345 -0.007785336 0.667887032
1756585997605293056.000000 0.899185717 -0.012393624 -0.124322474 -0.014268472 -0.744564950 -0.007757036 0.667352438
1756585997671938816.000000 0.894605339 -0.012593929 -0.124676108 0.012614734 0.745134175 0.005524506 -0.666772485
1756585997738584320.000000 0.889471471 -0.012328973 -0.125157416 0.012977676 0.745836318 0.005316345 -0.665981710
1756585997805227776.000000 0.881738365 -0.012028680 -0.125468612 0.014293759 0.745034754 0.006833304 -0.666837573
1756585997871871744.000000 0.874181688 -0.012594681 -0.127702653 -0.014076426 -0.743820846 -0.007352543 0.668190420
1756585997938515456.000000 0.868585765 -0.011834502 -0.126529515 0.014573297 0.744308829 0.007526896 -0.667634189
1756585998005158144.000000 0.862197042 -0.012292651 -0.127619743 -0.013910520 -0.744966030 -0.006419221 0.666926503
1756585998071800576.000000 0.854926884 -0.012419714 -0.129866362 -0.014617053 -0.745104492 -0.006654255 0.666754425
1756585998138441984.000000 0.848039865 -0.011848848 -0.130688846 0.014955500 0.743673980 0.007713440 -0.668330669
1756585998205083392.000000 0.841213822 -0.011442124 -0.131067693 0.014697980 0.743140221 0.008508369 -0.668920279
1756585998271727104.000000 0.835894167 -0.011907006 -0.132329643 0.013759583 0.743825495 0.007628691 -0.668188751
1756585998305052416.000000 0.833138645 -0.011682844 -0.132527113 -0.013770147 -0.744523048 -0.007184952 0.667416155
1756585998405028352.000000 0.823391080 -0.011697907 -0.132433474 -0.015292433 -0.745710969 -0.007183859 0.666055381
1756585998471678208.000000 0.817882955 -0.010709958 -0.131489515 -0.014830149 -0.745647550 -0.006125145 0.666147470
1756585998538327552.000000 0.810592771 -0.010214689 -0.132733524 0.015862061 0.745330274 0.007388282 -0.666465759
1756585998604976128.000000 0.803153038 -0.010869008 -0.135422707 -0.015274323 -0.745037913 -0.007289006 0.666807353
1756585998638300160.000000 0.800362170 -0.011430864 -0.135754108 -0.015371344 -0.745027483 -0.007752818 0.666811645
1756585998704947200.000000 0.794171691 -0.011659563 -0.136230111 -0.016268848 -0.745912790 -0.007779843 0.665799558
1756585998804918016.000000 0.784127235 -0.011882827 -0.136744082 0.017845878 0.746702552 0.007908457 -0.664871752
1756585998838241024.000000 0.780672193 -0.011602582 -0.137008190 0.017930802 0.746186137 0.008022883 -0.665447533
1756585998904887552.000000 0.774124980 -0.011571389 -0.138031006 0.017233213 0.745118320 0.008141396 -0.666660011
1756585998971533312.000000 0.768678606 -0.011106907 -0.138050854 -0.016702561 -0.745687068 -0.007005369 0.666050196
1756585999038178304.000000 0.761299610 -0.010752698 -0.138343334 0.017796988 0.746336222 0.007495841 -0.665288985
1756585999104822528.000000 0.754907250 -0.010776112 -0.139239967 0.018458799 0.746321201 0.008577730 -0.665274799
1756585999171465984.000000 0.750243902 -0.011062770 -0.139785886 -0.017247038 -0.745753646 -0.007460664 0.665956795
1756585999238109440.000000 0.743782282 -0.011228618 -0.140087247 0.017662639 0.745412350 0.007632654 -0.666325986
1756585999304759552.000000 0.736577272 -0.011060333 -0.141102076 0.018043159 0.745561540 0.008856270 -0.666133702
1756585999371409920.000000 0.730219007 -0.011024163 -0.141294062 -0.017572908 -0.745895088 -0.007226478 0.665792406
1756585999471384832.000000 0.721691549 -0.010747600 -0.141759634 -0.018027257 -0.746344149 -0.007510961 0.665273726
1756585999538033664.000000 0.714930773 -0.011325257 -0.143209875 -0.016935863 -0.745352030 -0.007043648 0.666418850
1756585999604681472.000000 0.708693683 -0.011899359 -0.144461572 0.018364089 0.745373666 0.008796094 -0.666335940
1756585999671329280.000000 0.701169491 -0.010818446 -0.145150781 0.018535044 0.745573997 0.009198287 -0.666101635
1756585999737976576.000000 0.694425821 -0.009334238 -0.144979239 0.018460756 0.745441735 0.008056280 -0.666266441
1756585999804623616.000000 0.689092636 -0.008984908 -0.145425856 -0.018075608 -0.746076763 -0.007246416 0.665575147
1756585999871269632.000000 0.683471560 -0.010223520 -0.146331728 -0.017307213 -0.746206880 -0.006509902 0.665457308
1756585999937915648.000000 0.676507533 -0.010264277 -0.146734297 -0.018114001 -0.746347368 -0.007279641 0.665270269
1756586000004560640.000000 0.668688416 -0.009568004 -0.147604108 0.019319903 0.747169912 0.008390789 -0.664299250
1756586000071204352.000000 0.662676394 -0.010138413 -0.148505747 -0.018903024 -0.747022808 -0.007761035 0.664484382
1756586000137848320.000000 0.657011151 -0.009406688 -0.149385333 -0.018374020 -0.746271193 -0.006960771 0.665352046
1756586000204491776.000000 0.652115464 -0.009965162 -0.148041368 -0.017852116 -0.746452510 -0.005933107 0.665172756
1756586000271169536.000000 0.644608021 -0.010274994 -0.149407387 -0.018423982 -0.746249557 -0.006600043 0.665378630
1756586000337907712.000000 0.635931313 -0.010227535 -0.151642084 0.019840388 0.746102273 0.009089080 -0.665473700
1756586000404647680.000000 0.629943252 -0.010474450 -0.152093709 -0.018844036 -0.746140242 -0.007728165 0.665477216
1756586000471388416.000000 0.624507427 -0.010707060 -0.152613938 -0.018472759 -0.745937824 -0.007451614 0.665717721
1756586000504760064.000000 0.621272802 -0.010234453 -0.153099179 -0.018503090 -0.745895863 -0.007684785 0.665761232
1756586000571504128.000000 0.615647733 -0.009565566 -0.152931273 -0.018584426 -0.746049464 -0.006974070 0.665594757
1756586000638250240.000000 0.608376801 -0.009711802 -0.154550552 -0.019005405 -0.746126235 -0.007637293 0.665489376
1756586000704997888.000000 0.602407992 -0.009415943 -0.154474676 0.018724231 0.745379448 0.008424519 -0.666324258
1756586000771747072.000000 0.596374810 -0.008844600 -0.154247046 -0.017303616 -0.745423257 -0.006742505 0.666332781
1756586000838498304.000000 0.590885580 -0.009689463 -0.155272722 -0.017210264 -0.746394157 -0.006083884 0.665253818
1756586000905250048.000000 0.584082246 -0.009753844 -0.157107115 -0.017814707 -0.746126235 -0.006879395 0.665530622
1756586000972004608.000000 0.576916397 -0.008842255 -0.157555640 0.018728742 0.745769382 0.008051153 -0.665892363
1756586001038760704.000000 0.571232975 -0.008645342 -0.157869518 -0.017364372 -0.745783687 -0.007216824 0.665922761
1756586001105518848.000000 0.564670801 -0.009184739 -0.158230007 -0.018080406 -0.746353745 -0.007800085 0.665258110
1756586001205658880.000000 0.554566860 -0.008219047 -0.159042716 -0.017346485 -0.746094584 -0.006947377 0.665577769
1756586001272385536.000000 0.547903419 -0.007759792 -0.160170853 -0.017646099 -0.746024549 -0.007457136 0.665642917
1756586001339051520.000000 0.542671144 -0.008513617 -0.160693824 -0.016774897 -0.746175110 -0.006380952 0.665507793
1756586001405716480.000000 0.536761165 -0.008677611 -0.161556304 -0.017167186 -0.746670604 -0.006411447 0.664941549
1756586001472381952.000000 0.531616509 -0.009088620 -0.162950873 0.017918652 0.754774392 0.007149467 -0.655700743
1756586001539046656.000000 0.526724815 -0.008488797 -0.165690243 0.017100854 0.762801170 0.006955726 -0.646369636
1756586001605711616.000000 0.520350575 -0.007319906 -0.169533789 -0.017236480 -0.769560516 -0.007585612 0.638296127
1756586001672376320.000000 0.514949977 -0.008048559 -0.171966970 -0.017211763 -0.776166975 -0.008144177 0.630239964
1756586001739040768.000000 0.510533333 -0.007823519 -0.175672233 0.016904054 0.783756614 0.007606949 -0.620791376
1756586001805703680.000000 0.505428851 -0.006827082 -0.179242253 0.016931681 0.790096402 0.007580559 -0.612701893
1756586001872367360.000000 0.498583019 -0.006544206 -0.181142449 -0.016829751 -0.790154457 -0.007946932 0.612625241
1756586001939031040.000000 0.491418630 -0.006433837 -0.182293415 0.016944064 0.787642539 0.008880344 -0.615835488
1756586002005694208.000000 0.485632539 -0.006268783 -0.183663011 0.017124025 0.788218617 0.008722870 -0.615095198
1756586002072356864.000000 0.479063720 -0.006067801 -0.185514867 -0.016270876 -0.788392186 -0.007696233 0.614909649
1756586002139019520.000000 0.472912043 -0.006674442 -0.186596155 -0.016167643 -0.787815750 -0.007945405 0.615647614
1756586002205681920.000000 0.466025740 -0.006555588 -0.189286411 -0.016863801 -0.788093150 -0.008723279 0.615263224
1756586002272344832.000000 0.460209072 -0.006297467 -0.190245688 -0.016611677 -0.788805842 -0.008333170 0.614361405
1756586002339011072.000000 0.453906536 -0.006652340 -0.192218959 -0.016600465 -0.788491070 -0.009040784 0.614755750
1756586002405677056.000000 0.447291464 -0.006564421 -0.194011241 -0.017042875 -0.788681567 -0.008983889 0.614500046
1756586002439009792.000000 0.444159418 -0.006329477 -0.194783151 -0.016841866 -0.788412094 -0.008853494 0.614853203
1756586002505675520.000000 0.437484503 -0.006139364 -0.196901679 -0.016573571 -0.787910044 -0.009760983 0.615489900
1756586002572340736.000000 0.430814981 -0.005499854 -0.198869824 -0.016356312 -0.788257539 -0.010550520 0.615037560
1756586002639005952.000000 0.425222903 -0.004780747 -0.199631959 0.016418144 0.788818955 0.009301187 -0.614335895
1756586002705669632.000000 0.419791222 -0.005227280 -0.200370282 -0.015953297 -0.788916469 -0.008599821 0.614233255
1756586002772334080.000000 0.413193047 -0.004761651 -0.201772660 -0.016142828 -0.788550138 -0.009431653 0.614686191
1756586002838998272.000000 0.406417370 -0.004537529 -0.203634471 -0.016702324 -0.788097620 -0.011129763 0.615222931
1756586002905661952.000000 0.400396883 -0.004036004 -0.205324322 -0.016261475 -0.788493633 -0.012196044 0.614706993
1756586002972325888.000000 0.395023823 -0.004637917 -0.206333637 -0.015644116 -0.789469123 -0.010722108 0.613497257
1756586003038989056.000000 0.388676554 -0.004752774 -0.208118021 -0.016362492 -0.789973497 -0.011786771 0.612809300
1756586003105651968.000000 0.381697297 -0.004657037 -0.210212648 -0.016662197 -0.790094972 -0.012280191 0.612634957
1756586003172313856.000000 0.376169622 -0.004500890 -0.211757690 -0.016159637 -0.790549636 -0.011317153 0.612080097
1756586003205645056.000000 0.373140097 -0.004126652 -0.213226259 0.015803508 0.790782869 0.011174758 -0.611790717
1756586003272309248.000000 0.367616743 -0.004438361 -0.215435326 -0.015901700 -0.790955901 -0.011866586 0.611551464
1756586003338976768.000000 0.360567808 -0.003917418 -0.217546493 -0.015968882 -0.791294873 -0.011770659 0.611112952
1756586003405643776.000000 0.354185760 -0.003852058 -0.218544990 -0.016694896 -0.792055845 -0.010830478 0.610124230
1756586003472310784.000000 0.348511428 -0.003077531 -0.219703257 -0.016451415 -0.791900337 -0.010957894 0.610330403
1756586003538977280.000000 0.342187524 -0.003464663 -0.221434057 -0.015898755 -0.791235566 -0.011879147 0.611189365
1756586003605642496.000000 0.336155504 -0.003669453 -0.223455340 -0.015876919 -0.791658163 -0.011737349 0.610645235
1756586003672308736.000000 0.330733269 -0.003666103 -0.224956185 -0.015863404 -0.792472243 -0.010872756 0.609604776
1756586003738974208.000000 0.323519230 -0.003277428 -0.227041721 -0.016062949 -0.792359471 -0.011050251 0.609742880
1756586003805639680.000000 0.318350315 -0.002781446 -0.228123814 -0.016298056 -0.792652965 -0.012062672 0.609335899
1756586003838972416.000000 0.314635396 -0.003350560 -0.229078680 0.016703943 0.792732775 0.011859913 -0.609224975
1756586003938970112.000000 0.307804167 -0.003290582 -0.230778426 -0.014944300 -0.793198168 -0.009533862 0.608705699
1756586003972302080.000000 0.305071980 -0.003363510 -0.231534988 -0.014868216 -0.793258250 -0.009034038 0.608636796
1756586004072297984.000000 0.294285953 -0.002358059 -0.234207004 -0.016637813 -0.792985439 -0.010684612 0.608919621
1756586004105630208.000000 0.291019142 -0.001923867 -0.235144496 -0.016132696 -0.793142617 -0.010241802 0.608736217
1756586004172294144.000000 0.285413295 -0.001728634 -0.236634880 -0.015199788 -0.793103755 -0.008774027 0.608833790
1756586004238957824.000000 0.279271722 -0.001837757 -0.238766223 -0.015649939 -0.792963862 -0.009802915 0.608988822
1756586004305622784.000000 0.273280144 -0.001979808 -0.240174890 -0.016467964 -0.793765962 -0.009673531 0.607923388
1756586004372287232.000000 0.266552150 -0.002207590 -0.241477132 -0.016309284 -0.794500113 -0.009765238 0.606966496
1756586004405619456.000000 0.262998223 -0.001856592 -0.242823377 0.016706035 0.794464052 0.010346150 -0.606993318
1756586004472282368.000000 0.256680846 -0.001585106 -0.243769422 -0.016935015 -0.793850899 -0.010588878 0.607784450
1756586004538946304.000000 0.250860810 -0.001511854 -0.245812729 -0.016020469 -0.793223143 -0.011132802 0.608618617
1756586004572278016.000000 0.247597292 -0.001541697 -0.246419564 -0.015693512 -0.793458283 -0.010792078 0.608326614
1756586004638941184.000000 0.242418930 -0.001755157 -0.247904256 -0.015598425 -0.794906497 -0.009858993 0.606451273
1756586004705604608.000000 0.235959202 -0.001650278 -0.249896020 -0.015744034 -0.795967340 -0.009871262 0.605054319
1756586004772267008.000000 0.228875279 -0.001461155 -0.251344174 -0.016587630 -0.795733273 -0.011035271 0.605319560
1756586004838929664.000000 0.222142532 -0.001103615 -0.253483683 -0.016595086 -0.794927239 -0.011742171 0.606364131
1756586004905591808.000000 0.217377409 -0.001609953 -0.254968047 -0.015653810 -0.794646859 -0.010220543 0.606784165
1756586004972252416.000000 0.210695282 -0.001016199 -0.256631374 0.015421895 0.795042574 0.010497155 -0.606266797
1756586005038914048.000000 0.205314249 -0.001183109 -0.259434342 -0.015028147 -0.794959664 -0.010913425 0.606377959
1756586005105575424.000000 0.199042499 -0.000874981 -0.260805368 -0.015274449 -0.795398414 -0.010250212 0.605807722
1756586005172236544.000000 0.192848399 -0.001342719 -0.262071550 -0.014953023 -0.795017838 -0.010009687 0.606319070
1756586005205566720.000000 0.189938992 -0.000880706 -0.262832910 -0.014848534 -0.794772804 -0.010566878 0.606633484
1756586005272230144.000000 0.183401927 -0.000199233 -0.264445901 -0.014264018 -0.794480979 -0.010720735 0.607026815
1756586005338898944.000000 0.177064523 -0.000134389 -0.266366512 -0.014725703 -0.794819355 -0.011689172 0.606554866
1756586005405566464.000000 0.171207950 -0.000435335 -0.268432498 -0.014369790 -0.795232654 -0.011669884 0.606021821
1756586005472235008.000000 0.165729031 0.000256715 -0.269612342 -0.013444309 -0.796012461 -0.010273510 0.605043709
1756586005505568768.000000 0.162975281 -0.000389985 -0.270749778 0.013914347 0.796285987 0.010778445 -0.604664326
1756586005572236800.000000 0.155358851 0.000435884 -0.272782743 -0.015135506 -0.796501696 -0.011392503 0.604339480
1756586005638904576.000000 0.148319557 0.001119114 -0.274468720 -0.016078573 -0.796553195 -0.012338889 0.604228735
1756586005705572096.000000 0.141698733 0.001363016 -0.275790244 -0.016102815 -0.796186507 -0.012042618 0.604717195
1756586005772239104.000000 0.136034489 0.001478274 -0.277533442 -0.014707134 -0.795634568 -0.011197910 0.605494797
1756586005838905344.000000 0.130793303 0.001363158 -0.278930545 -0.014274923 -0.795787573 -0.011264352 0.605302811
1756586005905571840.000000 0.124979228 0.001611747 -0.281034470 -0.014397060 -0.796632648 -0.012317319 0.604166806
1756586005972238592.000000 0.119005024 0.000946549 -0.282797396 -0.015035603 -0.798038900 -0.011171873 0.602314711
1756586006038904576.000000 0.112974226 0.000669628 -0.284799337 0.014674121 0.798261583 0.011596262 -0.602020502
1756586006105570816.000000 0.107113987 0.001456894 -0.287285745 0.014143287 0.798466027 0.011482552 -0.601764262
1756586006172236800.000000 0.101567149 0.002483468 -0.288572401 -0.013701059 -0.798928201 -0.010036096 0.601186693
1756586006205569280.000000 0.098806679 0.002093809 -0.289248228 -0.013633504 -0.799095988 -0.010060688 0.600964785
1756586006272234240.000000 0.092140257 0.002122230 -0.291262239 -0.014461874 -0.799055815 -0.011731727 0.600968480
1756586006338899968.000000 0.084975243 0.003273354 -0.292145014 -0.014668811 -0.799535692 -0.011464593 0.600329995
1756586006372232704.000000 0.082425475 0.003513656 -0.293328524 -0.014085634 -0.799613237 -0.010471296 0.600258768
1756586006438898176.000000 0.077315539 0.003065645 -0.294789165 -0.013294127 -0.799695909 -0.008903097 0.600192010
1756586006505563136.000000 0.072523773 0.002033122 -0.296127796 -0.013203501 -0.800052702 -0.009222179 0.599713624
1756586006538895616.000000 0.069155604 0.003022876 -0.296997368 -0.013339987 -0.800334573 -0.008815960 0.599340379
1756586006605560320.000000 0.063665897 0.001898882 -0.298271388 0.014598513 0.800840616 0.009508216 -0.598624229
1756586006672224512.000000 0.056843489 0.002117595 -0.300116420 0.014527583 0.800982535 0.008962746 -0.598444402
1756586006738887680.000000 0.050185949 0.002188819 -0.302090108 -0.014080845 -0.800857842 -0.009210859 0.598618209
1756586006805551616.000000 0.043208063 0.003084573 -0.304584444 -0.014663224 -0.800677061 -0.010211062 0.598829746
1756586006838883328.000000 0.040452659 0.003660697 -0.305881143 -0.015252382 -0.800343871 -0.011604138 0.599234939
1756586006905546752.000000 0.037446231 0.004235375 -0.306690037 -0.016492622 -0.799764633 -0.014547700 0.599910796
1756586006972209664.000000 0.040013790 0.003017710 -0.305414408 -0.014308540 -0.799530447 -0.009031594 0.600387275
1756586007005541376.000000 0.040848464 0.002780095 -0.305443466 -0.013918322 -0.799283624 -0.008976085 0.600725830
1756586007072203776.000000 0.040507883 0.004942238 -0.304991633 -0.013283511 -0.799073815 -0.009287768 0.601014376
1756586007138865152.000000 0.040122986 0.003686239 -0.305885702 -0.014232959 -0.798980117 -0.010306081 0.601100743
1756586007172196352.000000 0.039744258 0.001520513 -0.306478679 0.014547245 0.798693240 0.011196567 -0.601458311
1756586007238858240.000000 0.039975464 0.002132609 -0.306547821 0.014100119 0.798111022 0.010536671 -0.602253377
1756586007305596928.000000 0.038682789 0.005704539 -0.304614484 -0.013423049 -0.793063045 -0.009461889 0.608918309
1756586007372352000.000000 0.038352728 0.005329004 -0.302644700 -0.012999893 -0.787258029 -0.008814246 0.616423666
1756586007439108864.000000 0.037131190 0.005154603 -0.300838172 -0.012941678 -0.781156063 -0.008598486 0.624142408
1756586007472487936.000000 0.036172003 0.004851701 -0.300364494 -0.013099863 -0.777903974 -0.008904733 0.628183603
1756586007539247872.000000 0.034969717 0.005008717 -0.298623085 -0.012682056 -0.771528363 -0.008334234 0.636013985
1756586007606009088.000000 0.033951253 0.005356280 -0.298034996 -0.012341950 -0.764619291 -0.008358830 0.644309878
1756586007672773120.000000 0.033666164 0.005630807 -0.295343131 -0.011819340 -0.757846653 -0.007643448 0.652280867
1756586007739539456.000000 0.031503290 0.003796372 -0.294397414 0.012325203 0.749759614 0.008120284 -0.661545753
1756586007772922880.000000 0.030602455 0.004092664 -0.293682516 0.012157912 0.745829582 0.008443130 -0.665972412
1756586007839692032.000000 0.029863417 0.005844689 -0.292167246 -0.011731968 -0.738005698 -0.009255598 0.674629092
1756586007906463232.000000 0.028058290 0.005318451 -0.290279537 -0.011609524 -0.730299592 -0.009538617 0.682961822
1756586007973236224.000000 0.027619988 0.004614502 -0.288617998 -0.011252586 -0.722876072 -0.009081412 0.690826416
1756586008040010496.000000 0.027719289 0.003603919 -0.287494540 -0.010994367 -0.714942813 -0.009213818 0.699035764
1756586008106787584.000000 0.026845753 0.003820609 -0.285775781 -0.011216403 -0.706546426 -0.008513386 0.707526624
1756586008173566464.000000 0.025142521 0.003750633 -0.283301771 0.011277219 0.698317647 0.009423166 -0.715637207
1756586008240347904.000000 0.024056464 0.004520493 -0.282283843 0.010786037 0.690832198 0.009195302 -0.722876191
1756586008307048192.000000 0.023297116 0.001591858 -0.280890554 -0.011415998 -0.684098423 -0.008782092 0.729247510
1756586008373733632.000000 0.022952318 0.001567416 -0.280238122 -0.011090249 -0.676956177 -0.008572327 0.735889912
1756586008473761024.000000 0.023011804 0.003921237 -0.277570873 0.010353866 0.665169239 0.008604093 -0.746571302
1756586008540446720.000000 0.021274239 0.004302443 -0.275081694 0.010796023 0.656288743 0.008936339 -0.754379749
1756586008607132928.000000 0.021466449 0.003807415 -0.274140984 -0.011305706 -0.647855282 -0.009578251 0.761619329
1756586008673818624.000000 0.021319687 0.003615605 -0.272083431 0.010742116 0.640128434 0.008910689 -0.768141210
1756586008773847552.000000 0.020848647 0.002853491 -0.269369721 0.010266310 0.626789868 0.008958395 -0.779069185
1756586008840534016.000000 0.019077942 0.003671794 -0.266702384 -0.009834650 -0.617949665 -0.008627842 0.786108851
1756586008907220224.000000 0.018906251 0.003523297 -0.264646411 -0.010068414 -0.608998716 -0.008733049 0.793059289
1756586008973905664.000000 0.020444945 0.003279227 -0.264000326 -0.010012072 -0.600163221 -0.008583684 0.799768865
1756586009040591616.000000 0.020603791 0.002723983 -0.261730582 -0.009884324 -0.591463506 -0.008246698 0.806229055
1756586009107278336.000000 0.019500956 0.003530175 -0.259283602 -0.009865451 -0.582538128 -0.007903932 0.812705100
1756586009173964800.000000 0.020546243 0.003629529 -0.257074714 -0.009990586 -0.574203193 -0.007953873 0.818613231
1756586009240651264.000000 0.020232856 0.003676758 -0.255255997 -0.009906921 -0.565891147 -0.008051050 0.824381113
1756586009340676352.000000 0.020423725 0.003506542 -0.252803802 -0.009887183 -0.552566528 -0.007612343 0.833375454
1756586009407358208.000000 0.021116249 0.002706509 -0.251409262 -0.010033441 -0.543434918 -0.007714955 0.839355886
1756586009474041088.000000 0.019826621 0.001441203 -0.248500645 -0.010525702 -0.534002721 -0.008523487 0.845374286
1756586009574065152.000000 0.020085849 0.002042369 -0.245413318 -0.010369544 -0.519607663 -0.007847697 0.854306102
1756586009640748032.000000 0.019732371 0.002120849 -0.243703842 -0.010151276 -0.509766817 -0.007103959 0.860223353
1756586009740772608.000000 0.019127406 0.003404134 -0.240705952 -0.010570784 -0.494711012 -0.006829178 0.868966460
1756586009807454208.000000 0.019296162 0.002231898 -0.239043862 -0.011162946 -0.484991521 -0.007000226 0.874419570
1756586009874137088.000000 0.020055495 0.001601076 -0.237488046 -0.011224742 -0.475352526 -0.007285032 0.879693687
1756586009940819968.000000 0.020619519 0.001456558 -0.235331327 -0.010875897 -0.465732306 -0.006790447 0.884832799
1756586010007503104.000000 0.020717435 0.001045881 -0.233221352 -0.010867327 -0.456113189 -0.006877754 0.889828920
1756586010074185728.000000 0.021576978 0.000434177 -0.230595216 -0.011047129 -0.446420491 -0.006917544 0.894728363
1756586010140868608.000000 0.022485454 0.002624320 -0.228019044 -0.011063615 -0.436843634 -0.006513999 0.899445832
1756586010207551488.000000 0.023844365 0.001631740 -0.225930154 -0.011338073 -0.426774770 -0.006252808 0.904265344
1756586010307574528.000000 0.023777179 0.000851530 -0.222538456 -0.011689778 -0.411467284 -0.006461227 0.911326706
1756586010407598336.000000 0.024990834 0.001381441 -0.219738111 -0.010905587 -0.396219224 -0.005764508 0.918073118
1756586010474280960.000000 0.027247492 0.003134937 -0.217145234 -0.011132168 -0.385988325 -0.004620850 0.922424972
1756586010574304256.000000 0.028072346 0.003462505 -0.215366751 -0.011405871 -0.369345784 -0.004646881 0.929210424
1756586010640986880.000000 0.028359158 0.002760473 -0.211609498 -0.011374842 -0.358888298 -0.005086154 0.933297396
1756586010707668224.000000 0.030259117 0.002350933 -0.209874004 -0.010692009 -0.349015385 -0.005045671 0.937042415
1756586010774350848.000000 0.031931635 0.002122917 -0.208391979 -0.009926410 -0.339240432 -0.004467912 0.940636754
1756586010874374656.000000 0.033561490 0.002202111 -0.207299799 -0.009475855 -0.333728701 -0.004141039 0.942612469
1756586010941057024.000000 0.033033021 0.002608053 -0.208182141 -0.009585038 -0.336797029 -0.004284167 0.941518784
1756586011041080576.000000 0.033524238 0.002888444 -0.208234251 -0.007502464 -0.336648375 -0.003460536 0.941594183
1756586011107762944.000000 0.033421967 0.001404719 -0.208800077 0.003448819 -0.337173611 0.001004043 0.941435695
1756586011174444800.000000 0.029343989 0.000192931 -0.204540521 0.003646080 -0.339349478 0.001689844 0.940651834
1756586011274468096.000000 0.019162439 0.001077481 -0.192766875 -0.005426943 -0.338516057 -0.001634091 0.940943599
1756586011374491648.000000 0.010899751 0.003198387 -0.180321574 -0.012594544 -0.335277885 -0.005335802 0.942020059
1756586011441174016.000000 0.006822933 0.003504744 -0.176072448 -0.009565962 -0.333228856 -0.004407040 0.942787170
1756586011507856384.000000 0.003837595 0.002729268 -0.173071563 -0.007437294 -0.336816400 -0.002633601 0.941537321
1756586011574537728.000000 -0.000274487 0.003071608 -0.169183910 -0.006545816 -0.339159191 -0.001902322 0.940704346
1756586011674561536.000000 -0.007606242 0.002552686 -0.159329504 -0.010337695 -0.338003993 -0.003218312 0.941082418
1756586011741243904.000000 -0.013341382 0.003701507 -0.153994069 -0.014113175 -0.337178230 -0.005319659 0.941320062
1756586011807926272.000000 -0.015560187 0.005428185 -0.151736513 -0.017307844 -0.337399602 -0.007371699 0.941173553
1756586011907949824.000000 -0.012633946 0.003071318 -0.154953524 -0.011084083 -0.337199569 -0.004469096 0.941357374
1756586011974632192.000000 -0.011451337 0.002892411 -0.155187190 -0.007249310 -0.329391867 -0.002421486 0.944162369
1756586012041313536.000000 -0.010112064 0.001733144 -0.151110530 -0.009001064 -0.319457471 -0.003449324 0.947551668
1756586012141337344.000000 -0.010091670 0.002509285 -0.145736352 -0.013316971 -0.305069029 -0.004707247 0.952225566
1756586012208019712.000000 -0.008682678 0.001965230 -0.144266635 -0.013936363 -0.294829816 -0.003651073 0.955441236
1756586012274701568.000000 -0.006661396 0.001463956 -0.142678052 -0.012907577 -0.284388423 -0.002944512 0.958617806
1756586012341382144.000000 -0.005130586 0.001143793 -0.140635848 -0.012278247 -0.274038136 -0.002403608 0.961637437
1756586012441403648.000000 -0.003501053 0.001912490 -0.137391418 -0.012576395 -0.258458197 -0.001906407 0.965938747
1756586012508083456.000000 -0.002088633 0.001664603 -0.135308921 -0.012272025 -0.247771770 -0.001520540 0.968739569
1756586012574763776.000000 -0.000402928 0.001265108 -0.133948296 -0.011684923 -0.236516356 -0.001262280 0.971556485
1756586012674784768.000000 0.001574678 -0.000312639 -0.131720424 -0.004324253 -0.216570333 0.001145242 0.976256847
1756586012741465344.000000 0.002562438 -0.000994149 -0.126700744 0.003172534 -0.203906238 0.003542350 0.978978872
1756586012808145664.000000 0.001047519 -0.000422434 -0.117961437 0.000737536 -0.193520486 0.002964053 0.981091499
1756586012874826240.000000 -0.002021356 -0.000150708 -0.105456591 -0.007466831 -0.181569278 0.000062513 0.983349860
1756586012974845952.000000 -0.005782525 0.000831302 -0.089218415 -0.015374360 -0.172956467 -0.002197395 0.984807074
1756586013041526272.000000 -0.008865090 0.001028983 -0.086099766 -0.013070944 -0.173761055 -0.002036839 0.984699070
1756586013141547008.000000 -0.011755143 0.002047863 -0.079337716 -0.008894361 -0.178492546 -0.001546222 0.983899891
1756586013208227328.000000 -0.014563335 0.001774482 -0.073669091 -0.008216096 -0.178620324 -0.001887625 0.983882010
1756586013308249600.000000 -0.018194426 0.002128687 -0.063001402 -0.010971750 -0.179055333 -0.002008442 0.983775795
1756586013374931456.000000 -0.019997545 0.001865326 -0.057260327 -0.010214805 -0.179413810 -0.001796449 0.983719051
1756586013441613824.000000 -0.022175618 0.001696407 -0.052098505 -0.008828816 -0.178685009 -0.001312950 0.983865857
1756586013508296704.000000 -0.024645831 0.001759254 -0.045902085 -0.009034347 -0.178981975 -0.001354504 0.983810008
1756586013608320512.000000 -0.028516103 0.002639003 -0.035114646 -0.009994498 -0.178046018 -0.002291739 0.983968794
1756586013675003392.000000 -0.031360265 0.002633553 -0.028489910 -0.011166510 -0.177939504 -0.002643336 0.983974516
1756586013741685760.000000 -0.033394907 0.002427057 -0.023690162 -0.009823614 -0.179648384 -0.002169421 0.983679473
1756586013808367616.000000 -0.035354663 0.001417837 -0.018106634 -0.009129520 -0.179507628 -0.001564152 0.983713031
1756586013875050240.000000 -0.037739530 0.002088469 -0.011602015 -0.014219047 -0.175866216 -0.003247987 0.984306037
1756586013975074304.000000 -0.035718352 0.002708692 -0.008981756 -0.013210066 -0.162238881 -0.002220468 0.986660600
1756586014041756928.000000 -0.033840284 0.000889537 -0.010307168 -0.009728342 -0.152446657 -0.001068367 0.988263249
1756586014141780736.000000 -0.031043310 0.000530138 -0.008588914 -0.008917098 -0.135191336 -0.000641758 0.990779221
1756586014208463360.000000 -0.029218992 0.002241911 -0.004725418 -0.011111927 -0.124773622 -0.000466235 0.992122948
1756586014308508160.000000 -0.027512783 0.001701449 -0.002093065 -0.011045570 -0.107462980 -0.000710647 0.994147539
1756586014375249920.000000 -0.025913257 0.001229436 -0.001226449 -0.010573027 -0.096203260 -0.000638115 0.995305419
1756586014441991936.000000 -0.024110615 0.001712299 -0.000058395 -0.009797296 -0.085009560 -0.000616933 0.996331811
1756586014542107136.000000 -0.021091552 0.002070303 0.001483341 -0.008523704 -0.068293795 -0.000301085 0.997628808
1756586014608851456.000000 -0.019517878 0.002156160 0.002559289 -0.007729403 -0.057871897 -0.000496270 0.998293996
1756586014708968192.000000 -0.019172933 0.002231924 0.003005865 -0.007942311 -0.058035854 -0.000480511 0.998282850
1756586014775714560.000000 -0.019748246 0.001779323 0.002960877 -0.008512603 -0.058374897 -0.000517770 0.998258352
1756586014875835136.000000 -0.019424781 0.001629654 0.002833136 -0.008265246 -0.058392618 -0.000403129 0.998259425
1756586014975957760.000000 -0.019273933 0.001567516 0.002733803 -0.008372395 -0.058440506 -0.000379415 0.998255789
1756586015042706688.000000 -0.019907931 0.001720985 0.003004732 -0.008548233 -0.055709254 -0.000307600 0.998410463
1756586015109456896.000000 -0.018195070 0.000741973 0.003173948 -0.007926267 -0.043013837 -0.000236156 0.999043047
1756586015209582336.000000 -0.014992776 0.001185115 0.005545036 -0.007971989 -0.026866186 -0.000370530 0.999607205
1756586015309682176.000000 -0.012335676 0.001294837 0.007514984 -0.008599683 -0.010782259 -0.000005849 0.999904990
1756586015376359936.000000 -0.010230944 0.001500623 0.007973480 -0.007873752 -0.000265066 -0.000133763 0.999969006
1756586015476376320.000000 -0.008266116 0.001515695 0.008802864 -0.007459547 0.005247834 0.000445807 0.999958336
1756586015543053568.000000 -0.009320425 0.001669332 0.008563591 -0.007338555 0.001790085 -0.000076160 0.999971449
1756586015643068672.000000 -0.009610116 0.001609757 0.008605090 -0.007523552 0.002567787 -0.000279232 0.999968350
1756586015709746176.000000 -0.009584871 0.001504152 0.008556670 -0.007462443 0.002614506 -0.000229919 0.999968708
1756586015776423424.000000 -0.009690870 0.001327415 0.008426985 -0.007672813 0.002621060 -0.000279046 0.999967098
1756586015876438784.000000 -0.009400046 0.001215454 0.008441581 -0.007643147 0.002570174 -0.000048545 0.999967515
1756586015943115776.000000 -0.009774402 0.001432163 0.008328926 -0.007494538 0.002647036 -0.000389861 0.999968410
1756586016009792768.000000 -0.009783153 0.001391462 0.008264545 -0.007479515 0.002688835 -0.000237969 0.999968410
1756586016109806848.000000 -0.009673927 0.001535208 0.008491306 -0.007451278 0.002594301 -0.000425948 0.999968767
1756586016176483584.000000 -0.009767059 0.001542454 0.008524369 -0.007432044 0.002617208 -0.000421085 0.999968886
1756586016243160320.000000 -0.009722252 0.001531952 0.008594379 -0.007468213 0.002662842 -0.000355808 0.999968529
1756586016309837824.000000 -0.009879886 0.000841157 0.008500085 -0.007941442 0.002822851 -0.000059766 0.999964535
1756586016409857024.000000 -0.009554541 0.001114499 0.008283032 -0.007698918 0.002641008 -0.000101122 0.999966860
1756586016476535296.000000 -0.009920818 0.000888253 0.008386026 -0.007901178 0.002853625 -0.000097478 0.999964774
1756586016543214592.000000 -0.009426706 0.001354700 0.008271352 -0.007516830 0.002556335 -0.000064219 0.999968469
1756586016643233280.000000 -0.009199031 0.001477771 0.008243015 -0.007409369 0.002422103 -0.000004179 0.999969661
1756586016743251968.000000 -0.009218290 0.001725726 0.008413205 -0.007276580 0.002433673 -0.000052139 0.999970615
1756586016809931008.000000 -0.009050134 0.001917941 0.008529680 -0.007212131 0.002339229 -0.000063966 0.999971271
1756586016876610048.000000 -0.009168365 0.001778654 0.008361710 -0.007257166 0.002443030 -0.000068849 0.999970734
1756586016976627456.000000 -0.009438691 0.001263973 0.008303768 -0.007548398 0.002534782 -0.000143214 0.999968290
1756586017043306240.000000 -0.009358478 0.001659478 0.008387198 -0.007335192 0.002434619 -0.000164303 0.999970138
1756586017143324416.000000 -0.009232482 0.001843024 0.008491673 -0.007230627 0.002435446 -0.000015767 0.999970913
1756586017210002944.000000 -0.009031828 0.001752938 0.008344245 -0.007232439 0.002288025 -0.000029632 0.999971271
1756586017276681728.000000 -0.009089584 0.001675305 0.008513892 -0.007334275 0.002378173 -0.000030063 0.999970317
1756586017376696320.000000 -0.009402687 0.001575840 0.008504976 -0.007410422 0.002508776 -0.000193500 0.999969363
1756586017443372800.000000 -0.009266607 0.001603447 0.008276962 -0.007280416 0.002399486 -0.000074968 0.999970675
1756586017510049536.000000 -0.009280355 0.001469396 0.008320139 -0.007426346 0.002423863 -0.000061548 0.999969542
1756586017610064384.000000 -0.009308336 0.001580624 0.008468480 -0.007369258 0.002463183 -0.000171048 0.999969840
1756586017676740352.000000 -0.009232330 0.001827804 0.008682082 -0.007246492 0.002404989 -0.000241677 0.999970853
1756586017743416832.000000 -0.009267571 0.001625548 0.008352557 -0.007302153 0.002451731 -0.000162321 0.999970376
1756586017810092032.000000 -0.009158168 0.001562961 0.008443404 -0.007331225 0.002367534 -0.000162571 0.999970317
1756586017910105856.000000 -0.009462222 0.001375771 0.008351075 -0.007385134 0.002523895 -0.000225138 0.999969602
1756586017976782080.000000 -0.009116378 0.001671995 0.008386508 -0.007229300 0.002325771 -0.000116621 0.999971151
1756586018043457792.000000 -0.009048396 0.001739333 0.008470372 -0.007248664 0.002313414 -0.000055409 0.999971032
1756586018143471360.000000 -0.009104678 0.001694858 0.008237812 -0.007227866 0.002335556 -0.000140173 0.999971151
1756586018210146560.000000 -0.009093501 0.001559617 0.008185125 -0.007265064 0.002309965 -0.000078881 0.999970973
1756586018310160384.000000 -0.009121559 0.001556803 0.008342297 -0.007330846 0.002357992 -0.000082270 0.999970436
1756586018376838144.000000 -0.009283491 0.001704164 0.008366189 -0.007279066 0.002459832 -0.000121741 0.999970496
1756586018476855040.000000 -0.009238973 0.001515252 0.008239792 -0.007346588 0.002348305 -0.000138958 0.999970257
1756586018543532288.000000 -0.009405990 0.001471310 0.008364148 -0.007370510 0.002522154 -0.000128762 0.999969721
1756586018610210304.000000 -0.009315334 0.001458448 0.008273124 -0.007394355 0.002451582 -0.000102958 0.999969721
1756586018676887808.000000 -0.009066870 0.001439027 0.008140882 -0.007382370 0.002268632 -0.000069291 0.999970257
1756586018776902912.000000 -0.009266353 0.001504707 0.008239795 -0.007384226 0.002443949 -0.000083721 0.999969840
1756586018843579904.000000 -0.009218545 0.001608392 0.008311233 -0.007273313 0.002414661 -0.000109779 0.999970615
1756586018943595776.000000 -0.009198891 0.001751594 0.008279777 -0.007236377 0.002426687 -0.000060158 0.999970913
1756586019010273024.000000 -0.009948250 0.001193019 0.008117517 -0.007489146 0.002795469 -0.000326127 0.999967992
1756586019076949760.000000 -0.009076936 0.001750056 0.008302236 -0.007190262 0.002384527 -0.000038482 0.999971330
1756586019176964352.000000 -0.009501204 0.001562974 0.008256030 -0.007341770 0.002605188 -0.000239675 0.999969661
1756586019243641088.000000 -0.009225148 0.001694098 0.008275117 -0.007223352 0.002385130 -0.000095970 0.999971092
1756586019343658496.000000 -0.009165509 0.001457723 0.008185369 -0.007327301 0.002352338 -0.000127644 0.999970436
1756586019410337792.000000 -0.009219789 0.001653816 0.008305466 -0.007264164 0.002415295 -0.000140689 0.999970734
1756586019510356224.000000 -0.009153930 0.001651256 0.008326511 -0.007219619 0.002380842 -0.000078410 0.999971151
1756586019577034496.000000 -0.009287059 0.001705871 0.008252515 -0.007212148 0.002447980 -0.000184438 0.999970973
1756586019643713536.000000 -0.009087044 0.001679494 0.008175614 -0.007216558 0.002325818 -0.000087350 0.999971271
1756586019743731712.000000 -0.009081421 0.001589491 0.008204208 -0.007254348 0.002287811 -0.000150342 0.999971092
1756586019810410752.000000 -0.009300601 0.001457623 0.008156199 -0.007319831 0.002454593 -0.000118064 0.999970198
1756586019877089280.000000 -0.009112271 0.001601499 0.008192562 -0.007245696 0.002354899 -0.000090195 0.999970973
1756586019977107456.000000 -0.009153021 0.001454251 0.008184365 -0.007316397 0.002410879 -0.000025615 0.999970317
1756586020043784960.000000 -0.009111909 0.001608291 0.008182434 -0.007264282 0.002388775 -0.000025844 0.999970794
1756586020143802624.000000 -0.009277707 0.001857648 0.008284828 -0.007101081 0.002479122 -0.000116718 0.999971747
1756586020210481152.000000 -0.009540170 0.001674443 0.008098264 -0.007217938 0.002639978 -0.000201973 0.999970436
1756586020277159680.000000 -0.009489718 0.001514515 0.008151894 -0.007308462 0.002611416 -0.000179883 0.999969959
1756586020377174016.000000 -0.009180727 0.001601445 0.008244428 -0.007272754 0.002398385 -0.000127782 0.999970675
1756586020443849472.000000 -0.009140311 0.001900056 0.008314278 -0.007087755 0.002411550 -0.000015269 0.999971986
1756586020510524160.000000 -0.009125626 0.001785467 0.008234952 -0.007177936 0.002372757 -0.000089249 0.999971509
1756586020610537216.000000 -0.008932985 0.001934860 0.008354781 -0.007111460 0.002316826 0.000047094 0.999972045
1756586020710550272.000000 -0.009188622 0.001487330 0.008183175 -0.007302078 0.002467770 0.000068333 0.999970317
1756586020777225216.000000 -0.009052078 0.001785072 0.008275251 -0.007093921 0.002371724 0.000044469 0.999972045
1756586020843900416.000000 -0.009302083 0.001588681 0.008252366 -0.007285980 0.002539589 -0.000100278 0.999970257
1756586020943911680.000000 -0.009267582 0.001509592 0.008260228 -0.007285895 0.002467688 -0.000130006 0.999970436
1756586021010586368.000000 -0.009551533 0.001281026 0.008273127 -0.007486818 0.002597047 -0.000338908 0.999968588
1756586021077260800.000000 -0.009616048 0.001311603 0.008172393 -0.007424605 0.002598883 -0.000309343 0.999969065
1756586021143934976.000000 -0.009299139 0.001758189 0.008479260 -0.007220722 0.002502970 -0.000226925 0.999970794
1756586021243946496.000000 -0.009449148 0.001414006 0.008143880 -0.007320571 0.002523685 -0.000191674 0.999970019
1756586021310622464.000000 -0.009472596 0.001532294 0.008309054 -0.007332388 0.002521212 -0.000307329 0.999969959
1756586021377300736.000000 -0.009461567 0.001387076 0.008376987 -0.007417253 0.002543803 -0.000312335 0.999969184
1756586021443980288.000000 -0.009565866 0.001317834 0.008198655 -0.007436079 0.002585704 -0.000389859 0.999968946
1756586021543998976.000000 -0.009520517 0.001403835 0.008190815 -0.007353309 0.002581707 -0.000285425 0.999969661
1756586021610678528.000000 -0.009476792 0.001603354 0.008315992 -0.007296869 0.002575563 -0.000266819 0.999970078
1756586021677357312.000000 -0.009417364 0.001491023 0.008263092 -0.007339905 0.002481836 -0.000263159 0.999969959
1756586021777376256.000000 -0.009276910 0.001491273 0.008419152 -0.007385097 0.002408211 -0.000099428 0.999969900
1756586021844054272.000000 -0.009352086 0.001472916 0.008218082 -0.007357070 0.002524009 -0.000163841 0.999969780
1756586021944072448.000000 -0.009515139 0.001103498 0.008149846 -0.007550693 0.002557626 -0.000313838 0.999968171
1756586022010751488.000000 -0.009328638 0.001490225 0.008329791 -0.007346204 0.002467422 -0.000246920 0.999969959
1756586022077430272.000000 -0.009219919 0.001304721 0.008208279 -0.007444739 0.002387721 -0.000150104 0.999969423
1756586022177448192.000000 -0.009121330 0.001331206 0.008163807 -0.007377689 0.002352852 -0.000106406 0.999970019
1756586022244126208.000000 -0.009164347 0.001272213 0.008068770 -0.007395200 0.002358389 0.000000437 0.999969959
1756586022310804224.000000 -0.009175716 0.001464365 0.008265653 -0.007311905 0.002466371 0.000031652 0.999970317
1756586022377481728.000000 -0.009271258 0.001226475 0.008115657 -0.007449587 0.002478382 -0.000147449 0.999969184
1756586022477497856.000000 -0.009434290 0.001222386 0.008167729 -0.007432801 0.002523074 -0.000125139 0.999969184
1756586022544174848.000000 -0.009387912 0.001225774 0.008134956 -0.007468857 0.002466973 -0.000091326 0.999969125
1756586022644190208.000000 -0.009351265 0.001378543 0.008278891 -0.007418228 0.002489354 -0.000166056 0.999969363
1756586022710866432.000000 -0.009262937 0.001274939 0.008163897 -0.007432709 0.002473545 -0.000006709 0.999969363
1756586022777543424.000000 -0.009334576 0.001534697 0.008431123 -0.007349371 0.002497044 -0.000043646 0.999969900
1756586022877558272.000000 -0.009415679 0.001537594 0.008174312 -0.007306131 0.002525653 -0.000132474 0.999970138
1756586022944235008.000000 -0.009220303 0.001335678 0.008105895 -0.007411821 0.002427088 -0.000017743 0.999969602
1756586023010911744.000000 -0.009172416 0.001422764 0.008223025 -0.007369938 0.002430032 -0.000049375 0.999969959
1756586023077587968.000000 -0.009169532 0.001459751 0.008095004 -0.007316789 0.002370372 -0.000005221 0.999970496
1756586023177601280.000000 -0.009264284 0.001401455 0.008261700 -0.007366701 0.002454079 -0.000099865 0.999969900
1756586023244277504.000000 -0.009153556 0.001415417 0.008278452 -0.007382700 0.002371416 -0.000151226 0.999969959
1756586023310985472.000000 -0.009198799 0.001319798 0.008086602 -0.007378004 0.002383369 -0.000217393 0.999969959
1756586023411236864.000000 -0.008996219 0.001494609 0.008046598 -0.007249711 0.002286980 -0.000048937 0.999971151
1756586023478072832.000000 -0.009022368 0.001249257 0.007965720 -0.007394702 0.002262232 -0.000038065 0.999970138
1756586023578330368.000000 -0.009221275 0.001295654 0.008152571 -0.007414842 0.002424821 -0.000209776 0.999969542
1756586023645171456.000000 -0.009015507 0.001405334 0.008073743 -0.007267046 0.002286862 -0.000120234 0.999971032
1756586023745436416.000000 -0.009109112 0.001373237 0.008011967 -0.007300658 0.002350232 -0.000203345 0.999970615
1756586023812282368.000000 -0.009093633 0.001497935 0.008015626 -0.007240398 0.002346949 -0.000115598 0.999971092
1756586023879130112.000000 -0.008957287 0.001712605 0.008186554 -0.007137704 0.002302146 -0.000019624 0.999971867
1756586023979404800.000000 -0.009144121 0.001752005 0.008273538 -0.007172304 0.002353375 -0.000190448 0.999971569
1756586024046256640.000000 -0.009076442 0.001762715 0.008172142 -0.007125459 0.002354148 -0.000003330 0.999971926
1756586024113110784.000000 -0.008955392 0.001694311 0.008186141 -0.007189775 0.002305470 0.000022634 0.999971569
1756586024213395712.000000 -0.008996493 0.001655081 0.008089378 -0.007171670 0.002274665 -0.000045015 0.999971747
1756586024280254720.000000 -0.008959889 0.001711180 0.008082979 -0.007155786 0.002282966 -0.000001472 0.999971867
1756586024346977792.000000 -0.008886363 0.001824875 0.008144412 -0.007056541 0.002249910 0.000051302 0.999972641
1756586024446971648.000000 -0.008997251 0.001882067 0.008136269 -0.007053328 0.002254300 -0.000125564 0.999972641
1756586024513633024.000000 -0.009210596 0.001179459 0.008198196 -0.007476427 0.002331604 -0.000279680 0.999969304
1756586024580294912.000000 -0.009226245 0.001454554 0.007945769 -0.007229716 0.002356412 -0.000225920 0.999971092
1756586024680287232.000000 -0.009231323 0.001320388 0.007777444 -0.007336692 0.002436796 -0.000100143 0.999970138
1756586024746948352.000000 -0.009111569 0.001458429 0.007967311 -0.007243939 0.002338917 -0.000041318 0.999971092
1756586024846939392.000000 -0.009054980 0.001878998 0.008291504 -0.007056382 0.002275563 -0.000234511 0.999972522
1756586024913599232.000000 -0.008913018 0.001846220 0.008253538 -0.007099228 0.002152022 -0.000161603 0.999972522
1756586024980258048.000000 -0.008918736 0.001776725 0.008117022 -0.007087003 0.002144166 -0.000238937 0.999972582
1756586025080247040.000000 -0.008845880 0.001733136 0.008099281 -0.007121213 0.002119684 -0.000159305 0.999972403
1756586025113576704.000000 -0.008949796 0.001433201 0.008176398 -0.007368882 0.002257831 -0.000272318 0.999970257
