1756482526532220928.000000 0.000000000 0.000000003 0.000000004 0.000000004 0.000000000 -0.000000000 1.000000000
1756482526565646080.000000 -0.000096016 -0.000422381 0.001547903 0.001706148 -0.001094649 0.000438414 0.999997914
1756482526599072000.000000 -0.000097000 -0.000287399 0.004487850 0.001392931 -0.001857157 0.000694295 0.999997139
1756482526632497920.000000 0.000026073 0.000278901 0.009385142 -0.000992584 -0.002058523 0.000665624 0.999997199
1756482526699351040.000000 -0.000305067 0.000702446 0.018947003 -0.005993929 0.001126836 -0.000988082 0.999980927
1756482526732778752.000000 0.000358124 0.000749708 0.022904154 -0.005683580 0.002713684 -0.000857796 0.999979794
1756482526766207232.000000 0.000234567 0.000537641 0.025974737 -0.004831150 0.003929978 -0.001064033 0.999980032
1756482526799635968.000000 0.001031883 0.000801170 0.029001875 -0.003524103 0.003471135 -0.000777739 0.999987483
1756482526833065472.000000 0.000308714 0.000386859 0.031536154 -0.002852490 0.003349237 -0.000987524 0.999989927
1756482526866495232.000000 -0.000081390 0.000218167 0.034467224 -0.002764011 0.003263426 -0.000983721 0.999990404
1756482526899925504.000000 0.000394040 0.000755018 0.037199255 -0.002725383 0.003143111 -0.001045624 0.999990880
1756482526933356544.000000 0.000262503 0.001175636 0.040543213 -0.002797961 0.003002487 -0.001210099 0.999990880
1756482526966787840.000000 0.000337797 0.000878157 0.043537449 -0.002826313 0.002816868 -0.000922135 0.999991655
1756482527000219904.000000 0.000562713 0.001080877 0.046900410 -0.002111693 0.002621484 -0.000763498 0.999994040
1756482527033651968.000000 0.000205776 0.000641966 0.049352631 -0.001894214 0.002824284 -0.000830965 0.999993920
1756482527067085056.000000 0.001239068 0.000933968 0.053237654 -0.001184864 0.002449554 -0.000153175 0.999996364
1756482527100518400.000000 0.000540614 0.000352330 0.055171195 -0.000847292 0.003188646 -0.000313962 0.999994576
1756482527133951488.000000 -0.000813669 0.000206104 0.058748387 -0.000241279 0.003628056 -0.000912937 0.999992967
1756482527167386112.000000 -0.000995704 0.000167121 0.061948176 -0.000245708 0.003645271 -0.000596360 0.999993145
1756482527200821248.000000 -0.001194824 0.000061374 0.064838529 -0.000057251 0.003952826 -0.000685126 0.999992013
1756482527234256384.000000 -0.001318753 0.000061540 0.068369567 0.000197513 0.004188559 -0.000951399 0.999990821
1756482527267692288.000000 -0.001998899 0.000138072 0.071295545 0.000151275 0.004496166 -0.001310114 0.999989033
1756482527301129216.000000 -0.001603917 0.000550483 0.075016551 0.000043017 0.004210263 -0.000755393 0.999990940
1756482527334495232.000000 0.001123047 0.001188009 0.078975111 -0.000572573 0.002803934 -0.000489556 0.999995768
1756482527367827200.000000 -0.001639989 0.000933268 0.082131147 -0.001351136 0.004072916 -0.000957497 0.999990404
1756482527401159168.000000 0.000173780 0.001060994 0.084708527 -0.002101937 0.003174784 -0.000618316 0.999992609
1756482527434490368.000000 0.000362297 0.001665132 0.088329166 -0.002746788 0.003116121 -0.000156475 0.999991417
1756482527467822080.000000 0.000426729 0.001323837 0.091930956 -0.003025950 0.003213263 -0.000051286 0.999990284
1756482527501153536.000000 0.000584621 0.001489324 0.095171370 -0.003120787 0.003475507 -0.000056580 0.999989092
1756482527534484992.000000 0.000419905 0.001861488 0.098052375 -0.002631861 0.003876947 -0.000160392 0.999989092
1756482527567815424.000000 -0.000135983 0.000805988 0.101346195 -0.002771568 0.004383391 -0.000782437 0.999986291
1756482527601146368.000000 0.001371577 0.001803152 0.106100380 -0.002393970 0.003782433 -0.000625192 0.999989867
1756482527634477824.000000 0.001448474 0.001444641 0.109088145 -0.002704397 0.003624157 -0.000740362 0.999989569
1756482527667808768.000000 0.000751237 0.001106129 0.113128737 -0.003213525 0.003435343 -0.001512674 0.999987841
1756482527701139968.000000 0.001011106 0.001367478 0.116678260 -0.003253016 0.002906055 -0.001301328 0.999989629
1756482527734470656.000000 0.001113316 0.001239730 0.120073229 -0.004143229 0.002241907 -0.001060276 0.999988437
1756482527767801856.000000 0.001659800 0.002534796 0.123870745 -0.004186147 0.001689650 -0.000246162 0.999989808
1756482527801132800.000000 0.000733474 0.001460224 0.127904654 -0.005157174 0.001959851 -0.000113618 0.999984801
1756482527834463232.000000 0.000205774 0.001826911 0.127263844 -0.004404224 0.002798070 0.000848901 0.999986112
1756482527867793920.000000 0.001351801 0.002498747 0.133796424 -0.003859420 0.002675769 0.000583277 0.999988854
1756482527901124352.000000 0.001804442 0.003172638 0.136401370 -0.002685963 0.002805343 0.000544866 0.999992371
1756482527967785216.000000 0.001710558 0.002185991 0.142703548 -0.001848535 0.003731512 0.000490625 0.999991238
1756482528001115648.000000 0.001549257 0.002274556 0.145901591 -0.001883737 0.003917954 0.000370532 0.999990463
1756482528067774976.000000 0.001657859 0.002655228 0.152793452 -0.003834486 0.003664701 0.000434659 0.999985874
1756482528101104896.000000 0.001390622 0.002767246 0.156915277 -0.004918654 0.003528795 0.000298168 0.999981642
1756482528134435072.000000 0.002504055 0.003704910 0.160951018 -0.005108462 0.002942650 0.001177775 0.999981999
1756482528201094656.000000 0.003019669 0.004056339 0.167600855 -0.005371626 0.003670683 0.001384725 0.999977887
1756482528267753984.000000 0.003016470 0.003399163 0.174136773 -0.003944480 0.004736039 0.000845807 0.999980688
1756482528301083904.000000 0.002530345 0.003464041 0.177156419 -0.003802292 0.005206689 0.000676741 0.999979019
1756482528334417152.000000 0.003034524 0.003316869 0.180073217 -0.003991835 0.005297266 0.001067796 0.999977469
1756482528401084928.000000 0.003023331 0.003814199 0.185731053 -0.002610381 0.005602011 0.001265330 0.999980092
1756482528434418944.000000 0.003297964 0.004046314 0.189042881 -0.002734587 0.005805028 0.001364111 0.999978483
1756482528501085440.000000 0.003444555 0.004325612 0.196482882 -0.003445768 0.006064022 0.001059027 0.999975145
1756482528534419200.000000 0.003231356 0.004047069 0.199495584 -0.004161147 0.005868744 0.000986247 0.999973714
1756482528601086464.000000 0.003035325 0.004212453 0.207099259 -0.005004955 0.004738971 0.000898174 0.999975860
1756482528634419968.000000 0.003245636 0.004260034 0.210311547 -0.004544287 0.004286333 0.001660984 0.999979138
1756482528701086720.000000 0.003827557 0.004233941 0.215133294 -0.003236098 0.004489929 0.002443219 0.999981761
1756482528734419712.000000 0.004236810 0.004700616 0.218390033 -0.003258703 0.004758940 0.002626664 0.999979913
1756482528801086464.000000 0.004345754 0.005166681 0.225424886 -0.002800508 0.006624728 0.002319092 0.999971449
1756482528834419456.000000 0.004622646 0.004812200 0.229053348 -0.002386928 0.007164291 0.001795722 0.999969900
1756482528901084416.000000 0.004603075 0.005328633 0.236414418 -0.003564284 0.006557596 0.001822117 0.999970496
1756482528934417408.000000 0.004209282 0.005183952 0.240009546 -0.004634273 0.006341780 0.001898397 0.999967337
1756482529001083136.000000 0.004677987 0.005783513 0.245744064 -0.005053385 0.009410304 0.002171411 0.999940634
1756482529034415616.000000 0.005316218 0.004745378 0.248484895 -0.004464725 0.015622085 0.001407025 0.999867022
1756482529101081088.000000 0.007774256 0.004763087 0.255320877 -0.003736607 0.030447789 0.000843646 0.999529064
1756482529134413824.000000 0.009577058 0.005356804 0.259389132 -0.002553048 0.035547964 0.001070832 0.999364138
1756482529201078528.000000 0.011534881 0.005330838 0.266565949 -0.002063533 0.045753997 0.000637671 0.998950481
1756482529234411008.000000 0.012933591 0.005328408 0.270640254 -0.003153093 0.051625647 0.000696536 0.998661339
1756482529267743232.000000 0.014159453 0.006175946 0.272153229 -0.003868562 0.057407450 0.000254037 0.998343349
1756482529301075456.000000 0.015774289 0.006475607 0.276807964 -0.005434037 0.063257433 0.000097499 0.997982442
1756482529334407680.000000 0.017329684 0.006967423 0.281070888 -0.005844414 0.068921916 0.000158808 0.997604966
1756482529367738368.000000 0.018792754 0.006922780 0.284632474 -0.004753111 0.074115224 -0.000260526 0.997238338
1756482529401070080.000000 0.019811632 0.006691497 0.287429750 -0.004199450 0.079811797 0.000358505 0.996801019
1756482529467733504.000000 0.023181075 0.006745614 0.294687033 -0.004937891 0.091541879 -0.000179282 0.995789051
1756482529501064960.000000 0.024843216 0.007036382 0.298529923 -0.005357517 0.097031683 -0.000150634 0.995266855
1756482529534396416.000000 0.025925554 0.007445004 0.301514387 -0.005157184 0.102889366 -0.000384184 0.994679391
1756482529567728128.000000 0.027157210 0.007268946 0.304569721 -0.004225104 0.108993202 -0.000566988 0.994033396
1756482529601059328.000000 0.028789258 0.006837332 0.307521135 -0.003281408 0.115140870 -0.000834696 0.993343472
1756482529634390272.000000 0.030763105 0.006746389 0.310896516 -0.004097091 0.121177524 -0.000908716 0.992622018
1756482529667721728.000000 0.033059582 0.007555797 0.314455658 -0.004628142 0.126739427 -0.000628894 0.991925120
1756482529701052672.000000 0.034586288 0.007169654 0.318044841 -0.005692255 0.132392064 -0.001389477 0.991180182
1756482529734383872.000000 0.036293831 0.006844870 0.321411490 -0.005106296 0.138228968 -0.001537040 0.990385950
1756482529767714560.000000 0.038248420 0.007173277 0.324408710 -0.004757843 0.144296154 -0.001892417 0.989521325
1756482529801044480.000000 0.040783733 0.007761938 0.327476978 -0.004103339 0.150227591 -0.001318610 0.988642037
1756482529834375168.000000 0.042514056 0.007939087 0.331660032 -0.004501180 0.155867487 -0.001872868 0.987766027
1756482529867705856.000000 0.044687394 0.008017065 0.335743815 -0.005137704 0.160795614 -0.001905110 0.986972511
1756482529901036288.000000 0.046250604 0.008290006 0.339678347 -0.005378817 0.162180871 -0.001805858 0.986744761
1756482529934366976.000000 0.047968905 0.008361592 0.340237379 -0.005917121 0.160245955 -0.000914880 0.987058997
1756482530001027840.000000 0.048146252 0.007834710 0.347978950 -0.006033753 0.158088580 -0.001222635 0.987405777
1756482530034358272.000000 0.048634168 0.007724948 0.351226479 -0.005757337 0.158155486 -0.001254814 0.987396657
1756482530067688192.000000 0.049198609 0.008105979 0.354226321 -0.005357231 0.158514217 -0.001470927 0.987341046
1756482530101018368.000000 0.053276684 0.008048470 0.355275780 -0.005074850 0.157885000 -0.001049164 0.987443984
1756482530134348288.000000 0.053920105 0.007787744 0.358901590 -0.005187445 0.157910839 -0.000987908 0.987439275
1756482530167678464.000000 0.054775309 0.007726049 0.362417221 -0.005551906 0.157710463 -0.001170310 0.987469137
1756482530201008384.000000 0.055688746 0.007588062 0.365536720 -0.006215753 0.157464921 -0.001120373 0.987504423
1756482530234337024.000000 0.056571480 0.007540679 0.369153500 -0.007075731 0.157459825 -0.001017747 0.987499535
1756482530267666944.000000 0.057546150 0.007681785 0.372529119 -0.007734941 0.157762945 -0.000953841 0.987446249
1756482530300996352.000000 0.058853492 0.008222357 0.375852078 -0.007319416 0.157828033 -0.000942531 0.987439036
1756482530334328320.000000 0.060158722 0.007852468 0.378486872 -0.006642741 0.157817930 -0.000568817 0.987445772
1756482530367661568.000000 0.060872070 0.007990723 0.381058216 -0.005851316 0.158104643 -0.000676726 0.987404823
1756482530400994048.000000 0.061665598 0.007959173 0.383563071 -0.005248769 0.158670425 -0.000874724 0.987317264
1756482530467659776.000000 0.063901111 0.008879913 0.389205605 -0.004206460 0.159534767 -0.000865996 0.987182975
1756482530500992256.000000 0.064759441 0.008776080 0.391916335 -0.004153265 0.159583405 -0.001035353 0.987175226
1756482530534324736.000000 0.064907551 0.008357652 0.394397020 -0.004365357 0.159429610 -0.001184374 0.987198949
1756482530567657216.000000 0.066026717 0.008445833 0.397633672 -0.004288474 0.159458011 -0.001154339 0.987194777
1756482530600989696.000000 0.067710929 0.009064315 0.401275724 -0.004259346 0.163203984 -0.001139008 0.986582577
1756482530634321920.000000 0.070584923 0.010153186 0.406189471 -0.005740810 0.169867143 -0.000819645 0.985449910
1756482530667654400.000000 0.072793432 0.010837756 0.409644783 -0.006573605 0.177631006 -0.000612182 0.984075010
1756482530700985600.000000 0.075046867 0.010580869 0.412527382 -0.007086983 0.184733063 -0.000479592 0.982763052
1756482530734317568.000000 0.077551909 0.011052066 0.415849328 -0.006940698 0.191020042 -0.000557403 0.981561482
1756482530800981760.000000 0.082478262 0.010970008 0.420503885 -0.005314179 0.202334866 -0.001332913 0.979301095
1756482530834313472.000000 0.085406080 0.011221637 0.424211651 -0.004374356 0.207614884 -0.001859102 0.978199124
1756482530867645440.000000 0.087459870 0.010689259 0.426608711 -0.004494466 0.213324919 -0.001624881 0.976969659
1756482530900977408.000000 0.090130240 0.010674864 0.428839386 -0.005004412 0.219161496 -0.001488196 0.975674689
1756482530934308864.000000 0.092916772 0.010640166 0.432058901 -0.007319688 0.224748060 -0.001753723 0.974387884
1756482530967640576.000000 0.095626011 0.012526103 0.437420100 -0.008502007 0.229870602 -0.002501243 0.973180950
1756482531000972288.000000 0.097198434 0.012026370 0.440545887 -0.008224148 0.235476717 -0.002516178 0.971841991
1756482531067634944.000000 0.101476982 0.011116394 0.444896162 -0.005655850 0.247087523 -0.002685528 0.968972981
1756482531100966144.000000 0.103381924 0.011003759 0.447259694 -0.005542294 0.252614319 -0.003308749 0.967545569
1756482531134296576.000000 0.106105149 0.011061741 0.449981719 -0.005691065 0.257516474 -0.003108171 0.966252208
1756482531167627776.000000 0.110868670 0.012361695 0.453105390 -0.006158344 0.260972559 -0.003011302 0.965321898
1756482531200958976.000000 0.113287486 0.012855921 0.456487894 -0.007027108 0.261760265 -0.002821655 0.965103209
1756482531234290432.000000 0.114770189 0.012638260 0.459791780 -0.008333008 0.260569602 -0.001772386 0.965417504
1756482531267621120.000000 0.115755707 0.012967663 0.462847531 -0.008915741 0.259881169 -0.002713222 0.965595663
1756482531300952320.000000 0.117233716 0.013409718 0.465701997 -0.007786166 0.260041237 -0.003204877 0.965560853
1756482531334285056.000000 0.118362062 0.013140772 0.467613161 -0.006105606 0.260066032 -0.003215252 0.965566158
1756482531367618048.000000 0.119314045 0.012544013 0.469262958 -0.005229281 0.259679466 -0.003333662 0.965674996
1756482531400951296.000000 0.122062281 0.012809531 0.472231776 -0.004565911 0.258517563 -0.003103096 0.965990841
1756482531434284800.000000 0.123018898 0.012629015 0.474347234 -0.004540706 0.258100271 -0.002481040 0.966104329
1756482531467617792.000000 0.124888167 0.012965725 0.477732420 -0.005659281 0.258331954 -0.002088283 0.966037393
1756482531500950784.000000 0.126885280 0.013175912 0.481219202 -0.006968612 0.258909822 -0.002053881 0.965874255
1756482531534283520.000000 0.128889173 0.012924111 0.484589040 -0.008124449 0.259134680 -0.001986913 0.965804994
1756482531567615744.000000 0.130572647 0.013030827 0.488164365 -0.008152568 0.259108812 -0.002043758 0.965811610
1756482531600948480.000000 0.131858110 0.013452112 0.490697891 -0.007146529 0.258824915 -0.002533659 0.965894520
1756482531634281216.000000 0.133035064 0.013562302 0.493026793 -0.006464132 0.258654416 -0.002396800 0.965945363
1756482531667613952.000000 0.135507271 0.013643930 0.495085627 -0.006802702 0.258714586 -0.002432187 0.965926886
1756482531700946688.000000 0.136805162 0.014015803 0.497749448 -0.007075711 0.259249508 -0.002625161 0.965780973
1756482531734279424.000000 0.138426751 0.013918577 0.500693023 -0.006973248 0.259607494 -0.002723281 0.965685248
1756482531767611648.000000 0.140165374 0.014034156 0.503630042 -0.007251343 0.259788603 -0.002569312 0.965634942
1756482531800944384.000000 0.141643569 0.014262338 0.506676793 -0.007903155 0.259699494 -0.002588678 0.965653718
1756482531867608832.000000 0.145028979 0.014326798 0.512028277 -0.007313686 0.259683520 -0.002649076 0.965662479
1756482531900941056.000000 0.145686850 0.014472078 0.514892817 -0.006992221 0.260109693 -0.002830802 0.965549648
1756482531934273280.000000 0.146797523 0.014623129 0.517747343 -0.007106725 0.260310560 -0.003006288 0.965494096
1756482531967605248.000000 0.148564979 0.014977632 0.520878077 -0.007870642 0.260218918 -0.002931908 0.965513170
1756482532000937472.000000 0.150237784 0.015315182 0.523650944 -0.008154210 0.260397345 -0.002806307 0.965463042
1756482532034268416.000000 0.151874408 0.015671795 0.526738763 -0.008162206 0.260570318 -0.003104679 0.965415418
1756482532067600128.000000 0.155118302 0.015184960 0.528900385 -0.007667152 0.260321021 -0.002736937 0.965487838
1756482532100932096.000000 0.156772763 0.014925167 0.531399250 -0.006275235 0.263403386 -0.003055749 0.964660585
1756482532134263808.000000 0.159291178 0.014977611 0.533886015 -0.006264522 0.269558489 -0.003573558 0.962957084
1756482532167595264.000000 0.162398711 0.015158801 0.536287248 -0.007404300 0.277365029 -0.003309096 0.960730374
1756482532200926976.000000 0.165660143 0.014970407 0.538865030 -0.007353419 0.284711212 -0.003140692 0.958580017
1756482532234258688.000000 0.170499235 0.015330024 0.540959418 -0.007774555 0.290200651 -0.001956840 0.956932247
1756482532267590144.000000 0.172858775 0.016508987 0.545258462 -0.008436793 0.296349913 -0.002840137 0.955038011
1756482532300921344.000000 0.175364390 0.015295023 0.544825792 -0.008451093 0.301704675 -0.002597718 0.953360498
1756482532334254592.000000 0.178087994 0.016569749 0.550077796 -0.008028258 0.307692230 -0.003758377 0.951444685
1756482532367588096.000000 0.180639371 0.016626259 0.552587390 -0.007733322 0.313435167 -0.004078743 0.949569404
1756482532400921600.000000 0.183523208 0.017449452 0.555018485 -0.007640312 0.318644583 -0.004281742 0.947833836
1756482532434255104.000000 0.186779335 0.017008515 0.557020128 -0.006934644 0.323427707 -0.004223298 0.946218073
1756482532467587584.000000 0.189832196 0.016473530 0.557969749 -0.006536352 0.328145325 -0.004391462 0.944594443
1756482532500921088.000000 0.192116827 0.015962256 0.560231805 -0.006809625 0.334076673 -0.004279986 0.942511618
1756482532534254080.000000 0.194956362 0.015737385 0.562419653 -0.007592883 0.339767158 -0.004468071 0.940468371
1756482532567587328.000000 0.198295087 0.015999369 0.564513922 -0.008443659 0.345432758 -0.004543301 0.938394547
1756482532600920576.000000 0.200948820 0.015779907 0.566184878 -0.008029312 0.350731313 -0.004839129 0.936429203
1756482532634253824.000000 0.205067724 0.016212514 0.569063842 -0.008278620 0.355838925 -0.004771032 0.934498429
1756482532667586560.000000 0.207250834 0.015651431 0.570792079 -0.008608636 0.361355960 -0.004888264 0.932375491
1756482532700919552.000000 0.209370077 0.015449314 0.572440743 -0.008794515 0.366919667 -0.005508293 0.930194795
1756482532734252544.000000 0.211517170 0.015197510 0.573978424 -0.008739921 0.372034103 -0.005647482 0.928160787
1756482532767585280.000000 0.213960856 0.015206907 0.575330794 -0.007885145 0.376994669 -0.005535827 0.926165342
1756482532800917760.000000 0.217167795 0.015348311 0.577585578 -0.007574448 0.382487118 -0.005553603 0.923913121
1756482532834250752.000000 0.220365465 0.015514586 0.579660416 -0.007527420 0.387932718 -0.005967904 0.921637654
1756482532867583488.000000 0.223801404 0.015868925 0.582116127 -0.008055571 0.393187881 -0.006484368 0.919399977
1756482532900915200.000000 0.229449779 0.015533931 0.585034311 -0.008808447 0.397630721 -0.006494650 0.917480350
1756482532934247424.000000 0.231887460 0.016293796 0.586164355 -0.007899855 0.402463973 -0.006664931 0.915377498
1756482532967579904.000000 0.234735414 0.015940154 0.588319957 -0.008425966 0.407587320 -0.006575209 0.913103700
1756482533000912384.000000 0.237896740 0.016146237 0.590341747 -0.008230836 0.412421763 -0.006897708 0.910929739
1756482533034244608.000000 0.240786627 0.016511515 0.592282712 -0.009223022 0.417172283 -0.007065986 0.908753157
1756482533067576576.000000 0.243419707 0.016369211 0.593920350 -0.008692683 0.421685189 -0.007749571 0.906667531
1756482533100909056.000000 0.246175677 0.016201317 0.595456123 -0.008566648 0.426473886 -0.007617734 0.904427290
1756482533134240768.000000 0.248938039 0.016242709 0.596858501 -0.008482859 0.431218684 -0.007988377 0.902172267
1756482533167572992.000000 0.256796569 0.018002892 0.598349392 -0.007542292 0.434597969 -0.006855955 0.900566995
1756482533200904960.000000 0.257867694 0.016907444 0.599741817 -0.008307445 0.435339183 -0.007067904 0.900200486
1756482533234236672.000000 0.259682894 0.016603939 0.601869285 -0.008779754 0.434066504 -0.006696927 0.900813162
1756482533267568896.000000 0.261883378 0.016932091 0.604156852 -0.009060642 0.433103979 -0.006665334 0.901273787
1756482533300900352.000000 0.264413178 0.016860200 0.605817556 -0.008801694 0.432896167 -0.006676121 0.901376128
1756482533334233344.000000 0.266397953 0.016481049 0.607210994 -0.008235286 0.432882965 -0.006828099 0.901386678
1756482533367565312.000000 0.269143641 0.016659545 0.608889580 -0.007792812 0.432526499 -0.007197637 0.901558876
1756482533400898304.000000 0.272872061 0.016392346 0.610865533 -0.007373041 0.431989521 -0.007071864 0.901820838
1756482533434231040.000000 0.275531411 0.016123990 0.612396300 -0.007284256 0.431560338 -0.006876814 0.902028441
1756482533467563264.000000 0.278018206 0.016020318 0.613963127 -0.007264129 0.431498289 -0.006375068 0.902061999
1756482533500896000.000000 0.281131685 0.016293727 0.615893483 -0.007735400 0.431747079 -0.006003417 0.901941597
1756482533534228480.000000 0.284236103 0.016270135 0.617919326 -0.008378816 0.432332337 -0.005680979 0.901657522
1756482533567561216.000000 0.287257105 0.016059199 0.619898736 -0.009182459 0.432940751 -0.005314724 0.901359975
1756482533600893184.000000 0.290116370 0.017651886 0.623119175 -0.009279684 0.433731645 -0.006028567 0.900974214
1756482533667557888.000000 0.296212912 0.019343559 0.628531039 -0.009165966 0.434448242 -0.006377749 0.900627613
1756482533700890112.000000 0.295757353 0.017458457 0.630460858 -0.009424230 0.434783697 -0.006848742 0.900459647
1756482533734222080.000000 0.298229158 0.017831009 0.632207870 -0.008917524 0.434658647 -0.007004641 0.900523901
1756482533767554304.000000 0.301051885 0.017969035 0.634337962 -0.008807098 0.434396982 -0.006798304 0.900652826
1756482533800885248.000000 0.303278238 0.017975649 0.636083961 -0.008804118 0.434199959 -0.006620351 0.900749147
1756482533834216960.000000 0.305985779 0.018379403 0.638529062 -0.009003629 0.434144735 -0.006718752 0.900773108
1756482533867548928.000000 0.310088158 0.018927524 0.640083551 -0.009152897 0.433666587 -0.006691608 0.901002169
1756482533900880640.000000 0.312146485 0.019059855 0.642233372 -0.009115403 0.433527142 -0.006167492 0.901073337
1756482533934212096.000000 0.313910484 0.019401111 0.644459128 -0.008677227 0.433739394 -0.006525862 0.900973022
1756482533967543552.000000 0.315844059 0.019373335 0.646298170 -0.007814257 0.434089929 -0.006713201 0.900810719
1756482534000875264.000000 0.318180621 0.019294862 0.648264349 -0.007626804 0.434496224 -0.006725886 0.900616288
1756482534034206976.000000 0.320096791 0.018953994 0.650029778 -0.007879759 0.434517592 -0.006626824 0.900604546
1756482534067537920.000000 0.322498411 0.019175399 0.652229309 -0.008580823 0.434525281 -0.006360555 0.900596321
1756482534100869376.000000 0.325265288 0.019455671 0.654203296 -0.008865740 0.434479058 -0.006627676 0.900613904
1756482534134200576.000000 0.328255266 0.019606549 0.656067491 -0.008508378 0.434477031 -0.006582244 0.900618672
1756482534167531776.000000 0.330983251 0.019826062 0.657891989 -0.008546425 0.434748679 -0.006662603 0.900486648
1756482534200863232.000000 0.333706915 0.020210076 0.660102725 -0.009071011 0.434961647 -0.006621698 0.900379002
1756482534267524096.000000 0.338622093 0.018844446 0.663870931 -0.008750742 0.435103536 -0.006434571 0.900314927
1756482534300854784.000000 0.340624571 0.018443499 0.665215731 -0.008669296 0.435278624 -0.006268198 0.900232255
1756482534334186752.000000 0.342564434 0.018596703 0.667020679 -0.008569594 0.435303390 -0.006744135 0.900217831
1756482534367519488.000000 0.344965518 0.018536832 0.668996334 -0.008519765 0.434999943 -0.006832995 0.900364280
1756482534400851456.000000 0.347290218 0.018251410 0.670826614 -0.008325611 0.434646517 -0.006588983 0.900538564
1756482534434183936.000000 0.349848300 0.018707968 0.672816813 -0.008118540 0.434242070 -0.006235260 0.900738060
1756482534467516160.000000 0.354924142 0.019692188 0.675424218 -0.008257492 0.433299690 -0.006077403 0.901191592
1756482534500848384.000000 0.356174886 0.019312717 0.678162456 -0.009073379 0.433032155 -0.005871377 0.901313722
1756482534534180352.000000 0.357680053 0.018768461 0.680593729 -0.010137349 0.433173150 -0.005401281 0.901237547
1756482534600844288.000000 0.362673879 0.018494675 0.684749126 -0.010002268 0.433723867 -0.005240011 0.900975108
1756482534634176256.000000 0.364626348 0.018113837 0.686508298 -0.009841028 0.433930486 -0.005352354 0.900876760
1756482534667508224.000000 0.368869394 0.019305252 0.687969446 -0.009159700 0.433796227 -0.005536221 0.900947452
1756482534700838912.000000 0.370746851 0.019229649 0.689575791 -0.009020350 0.433785409 -0.005555855 0.900953948
1756482534734170624.000000 0.373386592 0.019710386 0.691341996 -0.009088084 0.433528066 -0.005361648 0.901078284
1756482534767502336.000000 0.375599027 0.019993190 0.693334103 -0.009127731 0.433135182 -0.005304469 0.901267231
1756482534800833792.000000 0.378704816 0.020317540 0.695722222 -0.009434220 0.432773650 -0.004793529 0.901440561
1756482534834164992.000000 0.381290793 0.020547103 0.697798848 -0.009885096 0.432466716 -0.004591832 0.901584029
1756482534867496448.000000 0.385790050 0.020669732 0.700721502 -0.010195347 0.432697475 -0.004041132 0.901472509
1756482534900827904.000000 0.388215512 0.021022256 0.702736080 -0.010154495 0.433129787 -0.004062725 0.901265204
1756482534934159104.000000 0.390003264 0.020833781 0.704668462 -0.009752148 0.433260292 -0.004293219 0.901205897
1756482535000821248.000000 0.393235117 0.020748032 0.707403123 -0.008874633 0.433427513 -0.005086914 0.901130378
1756482535034152192.000000 0.394976318 0.020729754 0.709393799 -0.008600348 0.433584303 -0.005050261 0.901057839
1756482535067483136.000000 0.397466242 0.020917322 0.711427391 -0.008953176 0.433532298 -0.004836853 0.901080608
1756482535100813824.000000 0.400108188 0.020948740 0.713410139 -0.009432347 0.433247834 -0.004439023 0.901214600
1756482535134143744.000000 0.402647495 0.020990454 0.715639889 -0.009985600 0.433169812 -0.004371363 0.901246488
1756482535167474432.000000 0.405018598 0.021348717 0.717598259 -0.009965044 0.433158070 -0.004577538 0.901251316
1756482535200805120.000000 0.409528226 0.021311797 0.720391452 -0.009815810 0.432960659 -0.004595486 0.901347756
1756482535234135552.000000 0.412031144 0.021485332 0.722139001 -0.009502548 0.433075607 -0.004555924 0.901296079
1756482535267466240.000000 0.414200217 0.021537539 0.723814607 -0.009381684 0.433030277 -0.004755825 0.901318014
1756482535300796672.000000 0.416545570 0.021556079 0.725540042 -0.009464288 0.433061600 -0.005012169 0.901300788
1756482535334129408.000000 0.418701887 0.021639010 0.727119505 -0.009615451 0.432905674 -0.005032079 0.901373923
1756482535367463168.000000 0.420982331 0.021894297 0.729326069 -0.010105459 0.432461232 -0.004839213 0.901583016
1756482535400796928.000000 0.425058633 0.022440841 0.731983781 -0.010998736 0.432138860 -0.004536950 0.901728630
1756482535434130432.000000 0.427213877 0.022214659 0.734081864 -0.011221047 0.432036638 -0.004416855 0.901775420
1756482535467463936.000000 0.429643214 0.021869618 0.736027598 -0.011283981 0.431887388 -0.004072577 0.901847839
1756482535500797440.000000 0.431751907 0.021909293 0.737716794 -0.010365596 0.431788564 -0.004288204 0.901905119
1756482535567463424.000000 0.436377764 0.022283182 0.741099119 -0.009184234 0.432349533 -0.004522660 0.901647985
1756482535600796672.000000 0.438895106 0.022363752 0.742891431 -0.008629229 0.432772011 -0.004676685 0.901450038
1756482535634129920.000000 0.440594226 0.021870242 0.744062066 -0.007898230 0.432949036 -0.004905541 0.901370466
1756482535667463168.000000 0.442699462 0.021727070 0.745559871 -0.007258952 0.432736248 -0.005194002 0.901476383
1756482535700796160.000000 0.444223255 0.022028919 0.747005582 -0.006647695 0.432446331 -0.005424813 0.901618898
1756482535734129152.000000 0.447388560 0.021043740 0.750591516 -0.006180764 0.431847364 -0.006202961 0.901904225
1756482535767462144.000000 0.449173778 0.020805450 0.752454519 -0.005852398 0.431298196 -0.006418213 0.902167618
1756482535800795136.000000 0.451211601 0.020982025 0.754197955 -0.005729694 0.430911869 -0.006353733 0.902353466
1756482535834127872.000000 0.453672320 0.021503065 0.756119430 -0.005908508 0.430820167 -0.005963116 0.902398825
1756482535867460864.000000 0.456140280 0.021694971 0.757838249 -0.006660799 0.430785835 -0.005721934 0.902411461
1756482535934126080.000000 0.462536454 0.022393834 0.762108862 -0.008466502 0.430585623 -0.005100527 0.902495623
1756482535967459072.000000 0.465698272 0.022314304 0.764796972 -0.009847086 0.430612981 -0.004419163 0.902472198
1756482536000791552.000000 0.468436420 0.022446759 0.767686963 -0.010814200 0.430679500 -0.003987257 0.902431428
1756482536034123008.000000 0.470943868 0.022527050 0.769742846 -0.011663489 0.430571139 -0.003944332 0.902472675
1756482536067455232.000000 0.473496109 0.022647057 0.771824002 -0.011390655 0.430716574 -0.004145178 0.902405918
1756482536100787968.000000 0.475804359 0.022504214 0.773500562 -0.011409978 0.430912226 -0.004201361 0.902311981
1756482536134120192.000000 0.478299409 0.022702370 0.775112391 -0.011134406 0.431549072 -0.004413899 0.902009964
1756482536167452160.000000 0.480113626 0.022454677 0.776950955 -0.011191564 0.431828529 -0.004540772 0.901874900
1756482536200784384.000000 0.484434068 0.022526912 0.779996872 -0.011350054 0.431606203 -0.004445545 0.901979804
1756482536234116608.000000 0.486961246 0.023108134 0.782690883 -0.010741303 0.431413680 -0.004659763 0.902078271
1756482536267448320.000000 0.489148140 0.023196805 0.784938574 -0.010190894 0.431510985 -0.004700570 0.902037919
1756482536300780544.000000 0.491410881 0.023878694 0.787109196 -0.009462547 0.431535900 -0.005229210 0.902031004
1756482536334113280.000000 0.493535072 0.023915999 0.788700342 -0.009084456 0.431510538 -0.005418942 0.902045965
1756482536400778752.000000 0.498237729 0.024028115 0.791850090 -0.008629889 0.431531638 -0.005546747 0.902039468
1756482536434111488.000000 0.500159681 0.024033900 0.793517113 -0.007967927 0.431721747 -0.006162049 0.901950657
1756482536467443200.000000 0.501886189 0.023719613 0.794500649 -0.006950656 0.431591839 -0.006622083 0.902017951
1756482536500775680.000000 0.504105151 0.023602622 0.796154141 -0.006549086 0.431484342 -0.006637320 0.902072310
1756482536534108160.000000 0.507096887 0.023045577 0.798479736 -0.006864620 0.431225777 -0.006235330 0.902196467
1756482536567440640.000000 0.509601712 0.023465533 0.801095486 -0.007793749 0.431091577 -0.006082703 0.902254105
1756482536600772864.000000 0.512683690 0.024020540 0.803870082 -0.009433867 0.431076586 -0.005421811 0.902249813
1756482536634105088.000000 0.515406489 0.024442738 0.806081533 -0.009799872 0.430972397 -0.005130731 0.902297378
1756482536667437568.000000 0.517905235 0.024548767 0.808156133 -0.009788547 0.431218386 -0.004998853 0.902180731
1756482536700769536.000000 0.520257235 0.024472589 0.810252070 -0.009749904 0.431367099 -0.005014687 0.902109921
1756482536767433984.000000 0.526096165 0.024507770 0.813485682 -0.010292077 0.430135161 -0.004550658 0.902694404
1756482536800765440.000000 0.527748466 0.024193872 0.815474808 -0.010330023 0.429977089 -0.004419529 0.902769864
1756482536834097664.000000 0.529323220 0.024201898 0.817542553 -0.010032701 0.430291057 -0.004477247 0.902623355
1756482536867429376.000000 0.531536102 0.024206474 0.819483042 -0.010104890 0.430434763 -0.004567836 0.902553618
1756482536900759808.000000 0.533680379 0.024582505 0.821688294 -0.009881787 0.430198938 -0.005299583 0.902664483
1756482536934091776.000000 0.535621405 0.024836173 0.823753297 -0.009407092 0.429891378 -0.005751450 0.902813315
1756482536967423488.000000 0.537272394 0.024670376 0.825292766 -0.008614771 0.429717422 -0.006410878 0.902899563
1756482537000754944.000000 0.539554954 0.024671525 0.827167511 -0.007961744 0.429772973 -0.006646665 0.902877450
1756482537034086400.000000 0.541509092 0.024824619 0.828518510 -0.007846078 0.429654747 -0.006723321 0.902934194
1756482537067417600.000000 0.546763420 0.025053196 0.831426620 -0.008441724 0.429341853 -0.006053643 0.903082371
1756482537134080512.000000 0.551694751 0.025409292 0.835743189 -0.010666805 0.429592818 -0.005677031 0.902941883
1756482537167411200.000000 0.555091977 0.026002066 0.838389039 -0.011234598 0.429731458 -0.005552597 0.902869761
1756482537200742400.000000 0.557214081 0.026011361 0.840161800 -0.011111172 0.429919958 -0.005496939 0.902781963
1756482537234073344.000000 0.559027255 0.025957482 0.841993093 -0.010868466 0.429818630 -0.005635175 0.902832329
1756482537267404544.000000 0.561298192 0.026195886 0.843738675 -0.009820168 0.429408908 -0.005829470 0.903038025
1756482537300735232.000000 0.564357579 0.025571112 0.845958829 -0.008766377 0.428751290 -0.006356681 0.903357685
1756482537334067456.000000 0.564891458 0.024987265 0.847924709 -0.008291343 0.428590715 -0.006555449 0.903436959
1756482537367398912.000000 0.567591310 0.024767952 0.850076795 -0.008832530 0.427643329 -0.005926535 0.903884947
1756482537400731136.000000 0.569350660 0.024848128 0.852673411 -0.009530731 0.423712492 -0.005159152 0.905731916
1756482537434063360.000000 0.573037028 0.026362691 0.855461001 -0.009868233 0.416979969 -0.004643092 0.908850312
1756482537500727808.000000 0.575790405 0.026710521 0.861456275 -0.011123114 0.406374872 -0.005144372 0.913624287
1756482537534059776.000000 0.577175915 0.027440470 0.864278197 -0.010398623 0.401512235 -0.004879621 0.915781677
1756482537567392000.000000 0.578088880 0.026945196 0.865460515 -0.008919999 0.396585286 -0.004717976 0.917942464
1756482537600723712.000000 0.578822315 0.026812540 0.866806507 -0.007359213 0.391758680 -0.005246234 0.920023561
1756482537667387136.000000 0.582198620 0.026673902 0.872464895 -0.007008934 0.381243348 -0.005349782 0.924432755
1756482537700718848.000000 0.583911717 0.026940031 0.875293851 -0.008053722 0.375931293 -0.004778611 0.926600277
1756482537734050560.000000 0.585157931 0.027196534 0.878262043 -0.008845894 0.370996505 -0.004404030 0.928581774
1756482537767382272.000000 0.585675657 0.028647410 0.882888377 -0.009942036 0.366546184 -0.004826741 0.930334270
1756482537800712704.000000 0.587085426 0.029022403 0.885979891 -0.010671924 0.361321747 -0.004401666 0.932369769
1756482537834043904.000000 0.588482082 0.029072221 0.889175594 -0.011094333 0.355658859 -0.004566843 0.934538841
1756482537867375104.000000 0.589764714 0.028695198 0.891590834 -0.010292718 0.350337356 -0.004511807 0.936556220
1756482537900706560.000000 0.590766788 0.028876737 0.893967271 -0.010368378 0.344837934 -0.004518806 0.938594103
1756482537934037760.000000 0.591138959 0.029042719 0.896282196 -0.009675222 0.339102924 -0.004766099 0.940687478
1756482538000699648.000000 0.593486488 0.029541042 0.902919531 -0.008640488 0.328234971 -0.004365785 0.944546580
1756482538034030336.000000 0.594297826 0.028936118 0.905303538 -0.008583418 0.323146313 -0.004033003 0.946301579
1756482538067361280.000000 0.594629765 0.028932424 0.908151329 -0.008832179 0.319209576 -0.004512501 0.947632313
1756482538100691968.000000 0.595968664 0.028731219 0.911130250 -0.009062706 0.319012970 -0.004649868 0.947695673
1756482538134022912.000000 0.598238587 0.029015740 0.914148867 -0.009918425 0.320583731 -0.004197878 0.947158992
1756482538167353600.000000 0.600516438 0.028992485 0.916836798 -0.010232343 0.321771592 -0.004075218 0.946753323
1756482538200684032.000000 0.602695346 0.029064070 0.919520736 -0.010369666 0.322143525 -0.003897525 0.946626067
1756482538234013440.000000 0.607489347 0.030143300 0.923259914 -0.010724482 0.321601212 -0.003891391 0.946806550
1756482538300674048.000000 0.610178530 0.030315218 0.927341640 -0.011238717 0.320824444 -0.004190165 0.947062790
1756482538334007552.000000 0.611801088 0.030122189 0.928684354 -0.010153376 0.320374966 -0.003908306 0.947228312
1756482538367342336.000000 0.613606393 0.030039012 0.931260884 -0.009810927 0.320436746 -0.003676535 0.947212040
1756482538400676864.000000 0.615448833 0.029553264 0.932994723 -0.009408932 0.320667833 -0.003690957 0.947137773
1756482538434011648.000000 0.616324782 0.029484550 0.935007632 -0.008928622 0.321282923 -0.004190046 0.946931958
1756482538467346432.000000 0.618099213 0.029573634 0.937518418 -0.008631633 0.321718991 -0.004647837 0.946784496
1756482538500680960.000000 0.620125830 0.030338468 0.940501869 -0.008250368 0.321984112 -0.005085274 0.946695507
1756482538534015744.000000 0.622817278 0.030298855 0.943346083 -0.008333120 0.321885973 -0.005090096 0.946728110
1756482538567350272.000000 0.625274718 0.030630322 0.946432829 -0.008425470 0.321767449 -0.005103219 0.946767569
1756482538600684544.000000 0.627614021 0.030963762 0.949495971 -0.008831394 0.321558326 -0.005211945 0.946834266
1756482538634018816.000000 0.629492998 0.031021412 0.952064514 -0.009200431 0.321344495 -0.005169018 0.946903586
1756482538667352832.000000 0.631450176 0.031115845 0.954216123 -0.009593592 0.321451038 -0.005160380 0.946863592
1756482538734020352.000000 0.634726644 0.031324729 0.958257675 -0.007849810 0.322265983 -0.005683615 0.946599603
1756482538767354624.000000 0.636234939 0.030890841 0.959638774 -0.006626945 0.322488904 -0.006062673 0.946530640
1756482538800688640.000000 0.637846053 0.031090878 0.962847948 -0.006071926 0.322687149 -0.006251194 0.946465611
1756482538834022656.000000 0.638662219 0.030840721 0.965354979 -0.006342102 0.322654814 -0.006431432 0.946473598
1756482538867356672.000000 0.640707672 0.031178162 0.968611896 -0.006917815 0.322183877 -0.006248482 0.946631253
1756482538900690432.000000 0.643163919 0.031199316 0.971900225 -0.007747272 0.321527541 -0.005609076 0.946851909
1756482538934024448.000000 0.645736337 0.031465743 0.975307465 -0.008791031 0.320913851 -0.004704815 0.947055995
1756482539000691968.000000 0.650681913 0.031744469 0.980919361 -0.009790963 0.319918364 -0.003415919 0.947388411
1756482539034025472.000000 0.653791666 0.033037938 0.983812392 -0.009570703 0.320364982 -0.002919935 0.947241366
1756482539067358976.000000 0.657020092 0.033008736 0.986840606 -0.009942790 0.321542144 -0.003086721 0.946838140
1756482539100692480.000000 0.659039736 0.033061322 0.989726841 -0.009268804 0.322765529 -0.003883151 0.946425617
1756482539134024960.000000 0.660795689 0.033055052 0.991737425 -0.008136276 0.323378801 -0.004523573 0.946223915
1756482539167358464.000000 0.662490785 0.032978445 0.993910730 -0.007390658 0.322634876 -0.004877883 0.946482062
1756482539200691712.000000 0.662919402 0.032826036 0.995802641 -0.006978505 0.318160534 -0.005021686 0.947997928
1756482539234024960.000000 0.663041770 0.032941967 0.998664737 -0.008018692 0.310865670 -0.004573316 0.950409114
1756482539267357952.000000 0.662627935 0.032928620 1.001731992 -0.009232083 0.303239286 -0.005304272 0.952855051
1756482539334024960.000000 0.663949370 0.033354595 1.008160353 -0.009901153 0.291425109 -0.005328184 0.956527650
1756482539367358720.000000 0.664078891 0.033626944 1.010859728 -0.010135457 0.286516696 -0.005199247 0.958007574
1756482539400692224.000000 0.665862322 0.033866808 1.013723254 -0.008660936 0.284181476 -0.004889417 0.958718956
1756482539434025728.000000 0.667783558 0.034248549 1.016210675 -0.009556760 0.284252673 -0.004856291 0.958689511
1756482539467359232.000000 0.670222700 0.034429509 1.018756270 -0.010057730 0.285747439 -0.004298897 0.958242595
1756482539534026240.000000 0.674015224 0.033558019 1.024942636 -0.008058830 0.289226860 -0.004765130 0.957214773
1756482539567358464.000000 0.675818503 0.033744570 1.027087808 -0.006967786 0.289521754 -0.004370349 0.957136154
1756482539600691200.000000 0.677472472 0.033886120 1.029565573 -0.006272507 0.289368629 -0.004714801 0.957185626
1756482539634024704.000000 0.678934276 0.033607267 1.031962872 -0.006282085 0.289164603 -0.005116024 0.957245171
1756482539667357696.000000 0.680691659 0.033411376 1.033392429 -0.007043649 0.289090872 -0.005485191 0.957260072
1756482539700690688.000000 0.683147192 0.034217037 1.038722157 -0.008355943 0.288969606 -0.004468834 0.957291424
1756482539734023680.000000 0.684848130 0.034391731 1.040407896 -0.010028361 0.288792670 -0.004396574 0.957329094
1756482539767356416.000000 0.687038362 0.034932967 1.043540001 -0.010772602 0.288694888 -0.004181473 0.957351446
1756482539800689408.000000 0.688604236 0.034927484 1.045901537 -0.010739374 0.288831234 -0.004235725 0.957310498
1756482539834022144.000000 0.689983070 0.034842685 1.048132658 -0.009853194 0.288847148 -0.004567314 0.957313657
1756482539867354624.000000 0.691382527 0.033876434 1.051722646 -0.008731935 0.288662881 -0.004419307 0.957380772
1756482539900687104.000000 0.692907572 0.034179538 1.053894520 -0.007611959 0.288252860 -0.004278892 0.957514584
1756482539934019840.000000 0.694687247 0.034259174 1.056074381 -0.007190598 0.288024276 -0.004116717 0.957587361
1756482540000684544.000000 0.697879970 0.034318350 1.061336040 -0.006975482 0.287796408 -0.004147826 0.957657278
1756482540034016256.000000 0.699382722 0.034063458 1.063454270 -0.007089896 0.287870646 -0.004271265 0.957633555
1756482540067348224.000000 0.701473236 0.034657061 1.066251636 -0.007114050 0.287740260 -0.004413939 0.957671940
1756482540100680448.000000 0.702930033 0.034671087 1.068721890 -0.007699650 0.287576109 -0.004540767 0.957716107
1756482540134012416.000000 0.704151809 0.034765918 1.071638584 -0.008540379 0.287509888 -0.004595438 0.957728565
1756482540200676352.000000 0.708825648 0.035712197 1.078424811 -0.009982339 0.286722183 -0.005311680 0.957947075
1756482540234008576.000000 0.710696757 0.036024936 1.081113458 -0.010550614 0.286456257 -0.005097059 0.958021700
1756482540267340544.000000 0.712797105 0.036027331 1.084233046 -0.010364763 0.286181033 -0.004668308 0.958108127
1756482540300672000.000000 0.714374244 0.035991907 1.086591244 -0.010036373 0.286168158 -0.004925109 0.958114266
1756482540334004992.000000 0.715638399 0.035838749 1.088879347 -0.009082804 0.285993606 -0.005434849 0.958173156
1756482540400672000.000000 0.719235361 0.035757232 1.093242884 -0.007334451 0.285085559 -0.004805644 0.958462000
1756482540434005248.000000 0.721061170 0.035281461 1.095361590 -0.007221219 0.285305738 -0.004647276 0.958398104
1756482540467337728.000000 0.722937167 0.035225049 1.097743750 -0.007359636 0.285762072 -0.004711207 0.958260775
1756482540500670976.000000 0.724687576 0.035334349 1.100895643 -0.008162128 0.286179066 -0.004589421 0.958130479
1756482540534004224.000000 0.726711094 0.035472695 1.104127049 -0.009264758 0.286287040 -0.004500103 0.958088636
1756482540600670208.000000 0.729894280 0.035584431 1.109787464 -0.010123013 0.286052465 -0.004271550 0.958150983
1756482540634003200.000000 0.731220305 0.035949275 1.112447739 -0.009374717 0.285644501 -0.004644282 0.958278596
1756482540667336192.000000 0.733291209 0.036152527 1.115363717 -0.008192888 0.285247743 -0.004882290 0.958406389
1756482540700669184.000000 0.734647572 0.035889972 1.117171407 -0.007494227 0.284734845 -0.005047893 0.958563745
1756482540734001920.000000 0.736095965 0.036105420 1.119262576 -0.007062456 0.284383655 -0.004918786 0.958671927
1756482540767334656.000000 0.737970293 0.035797019 1.121829033 -0.007142999 0.284435660 -0.004726394 0.958656967
1756482540834000128.000000 0.741498351 0.035955686 1.128159285 -0.008026242 0.285394967 -0.005063032 0.958363116
1756482540867332352.000000 0.743566871 0.036289807 1.130814791 -0.007940002 0.285551518 -0.005169548 0.958316565
1756482540900664064.000000 0.745739341 0.035769142 1.132674813 -0.007521184 0.285163611 -0.004743430 0.958437681
1756482540933996544.000000 0.747782648 0.035496838 1.135449052 -0.007712500 0.284801811 -0.004700129 0.958543956
1756482540967328512.000000 0.749360085 0.035410818 1.138186574 -0.007726009 0.284497112 -0.004718533 0.958634198
1756482541033993216.000000 0.752225339 0.035392605 1.143485665 -0.007133252 0.284372181 -0.004807587 0.958675444
1756482541067325440.000000 0.753622532 0.035185829 1.146676183 -0.007784826 0.283309877 -0.004160594 0.958987832
1756482541100657408.000000 0.754645884 0.035358917 1.149426579 -0.008569793 0.278426379 -0.003891370 0.960411489
1756482541133989632.000000 0.756193876 0.037587203 1.153992414 -0.008606520 0.271816850 -0.003746057 0.962303281
1756482541167321344.000000 0.756330013 0.037872307 1.157153249 -0.007878176 0.265469074 -0.003850969 0.964079499
1756482541200653312.000000 0.757115364 0.037832398 1.159535289 -0.007211678 0.259736329 -0.003629262 0.965645850
1756482541267316736.000000 0.758459806 0.038256742 1.165137768 -0.007146606 0.250619471 -0.003814480 0.968051851
1756482541300648704.000000 0.759180188 0.038493477 1.168065906 -0.007759719 0.246091008 -0.003830159 0.969208121
1756482541333981952.000000 0.759488881 0.038612586 1.170749784 -0.007770705 0.241228953 -0.003990204 0.970428944
1756482541367315200.000000 0.759570181 0.038139872 1.173782945 -0.007970406 0.236044601 -0.004635291 0.971698523
1756482541400648960.000000 0.759860575 0.038905732 1.177987933 -0.006737445 0.230402842 -0.004113434 0.973063350
1756482541433982976.000000 0.760327876 0.038991086 1.180792928 -0.005948325 0.223620340 -0.004116813 0.974649489
1756482541467316992.000000 0.760194898 0.038610533 1.183181167 -0.006010455 0.216538191 -0.003763377 0.976248384
1756482541533985024.000000 0.760828316 0.039054126 1.189152956 -0.005776485 0.204668328 -0.003125178 0.978809416
1756482541567319040.000000 0.761298180 0.039119113 1.192459583 -0.005864510 0.200684533 -0.002775618 0.979634523
1756482541600652800.000000 0.761856735 0.039278250 1.194963694 -0.006010771 0.200332075 -0.002945105 0.979705274
1756482541633986304.000000 0.763401747 0.039591610 1.198163629 -0.006743931 0.201761782 -0.002784925 0.979407489
1756482541667319808.000000 0.765339315 0.040124904 1.200995684 -0.006361455 0.202454999 -0.002016051 0.979268909
1756482541700653568.000000 0.765856147 0.039575979 1.203891635 -0.006494873 0.202585936 -0.002074720 0.979240835
1756482541733987072.000000 0.767576337 0.039522313 1.207361698 -0.005942389 0.202107683 -0.002053113 0.979343116
1756482541800652800.000000 0.769329607 0.039532781 1.212455034 -0.005742225 0.201824203 -0.002242549 0.979402423
1756482541833986048.000000 0.770409524 0.039419889 1.214789629 -0.005881823 0.202221468 -0.001954387 0.979320228
1756482541867319296.000000 0.771683335 0.039216731 1.217762113 -0.006277293 0.203085124 -0.002022591 0.979138911
1756482541900652544.000000 0.772948265 0.039644565 1.221013904 -0.006322891 0.203846857 -0.002091279 0.978980184
1756482541933986048.000000 0.774023890 0.039898336 1.224234819 -0.005996954 0.204381377 -0.002742438 0.978869140
1756482542000652032.000000 0.776158094 0.039750397 1.229957342 -0.005041877 0.205184281 -0.003070317 0.978705585
1756482542033985024.000000 0.777247071 0.039736737 1.233299494 -0.005100632 0.205247313 -0.003202097 0.978691578
1756482542067318016.000000 0.779450893 0.039257757 1.237139583 -0.006056117 0.204918742 -0.003308644 0.978754699
1756482542100650752.000000 0.781283021 0.039340574 1.241606474 -0.006766955 0.204688087 -0.003014378 0.978799284
1756482542167316480.000000 0.784421563 0.039296690 1.247604251 -0.006462392 0.204204589 -0.002975690 0.978902400
1756482542200648960.000000 0.785685599 0.039159842 1.249847054 -0.006152470 0.204042092 -0.003008184 0.978938162
1756482542233980672.000000 0.786252141 0.040699221 1.252656698 -0.005523086 0.203780711 -0.003110507 0.978996098
1756482542267313152.000000 0.787545025 0.041054454 1.255375266 -0.005537816 0.202242121 -0.003501036 0.979313672
1756482542300645888.000000 0.787754714 0.041057978 1.257959723 -0.005685636 0.197375804 -0.003040187 0.980306745
1756482542334005504.000000 0.787869215 0.041106984 1.260823846 -0.005813921 0.190491125 -0.002292456 0.981669068
1756482542400763392.000000 0.787064731 0.041226871 1.267420292 -0.005540244 0.177958995 -0.003200721 0.984017193
1756482542434142976.000000 0.787199080 0.041795805 1.270506620 -0.004941822 0.171624675 -0.003067961 0.985145271
1756482542467523328.000000 0.787056983 0.040604688 1.271714807 -0.004960631 0.165469632 -0.003467233 0.986196339
1756482542534285312.000000 0.786138177 0.041878082 1.279746056 -0.003539214 0.155118182 -0.002778277 0.987885714
1756482542567667200.000000 0.786324620 0.041613027 1.282511234 -0.003934414 0.149445668 -0.002773885 0.988758266
1756482542601049344.000000 0.786225736 0.041565623 1.285893321 -0.004933238 0.143840984 -0.002838579 0.989584506
1756482542634432256.000000 0.786243558 0.041879956 1.289125443 -0.005256942 0.138882712 -0.002346353 0.990292132
1756482542667815680.000000 0.786219418 0.041995730 1.292296410 -0.005616332 0.133903369 -0.002444324 0.990975499
1756482542701198592.000000 0.786093891 0.042181291 1.295647383 -0.005488354 0.128552929 -0.002425719 0.991684556
1756482542767967744.000000 0.785201490 0.042697702 1.301867962 -0.004420765 0.118825160 -0.002628926 0.992901921
1756482542801353216.000000 0.785920978 0.042617388 1.304730654 -0.003645379 0.118920386 -0.002447924 0.992894173
1756482542834739200.000000 0.786849737 0.042707190 1.307775259 -0.004705513 0.120619260 -0.002857667 0.992683589
1756482542901512704.000000 0.788535357 0.043038581 1.314586282 -0.005440905 0.120050326 -0.001654511 0.992751539
1756482542934899968.000000 0.788927615 0.043033633 1.317351103 -0.005161615 0.119072266 -0.001727998 0.992870688
1756482542968288512.000000 0.789790392 0.043274753 1.320456982 -0.005333769 0.118631519 -0.001602920 0.992922783
1756482543001676800.000000 0.790809155 0.042821571 1.323282242 -0.005545546 0.118571103 -0.001868931 0.992928326
1756482543035065856.000000 0.791955888 0.042425744 1.326763868 -0.005716078 0.119053043 -0.001733260 0.992869914
1756482543068455424.000000 0.792877972 0.042574134 1.329988480 -0.005900303 0.119606882 -0.001803075 0.992802143
1756482543101845760.000000 0.793692410 0.042449351 1.333033562 -0.006153432 0.119609289 -0.001645738 0.992800653
1756482543135235328.000000 0.794051290 0.042003557 1.335732698 -0.005625635 0.119515829 -0.001691488 0.992815018
1756482543168626688.000000 0.794664323 0.041730672 1.338270426 -0.004897942 0.119706765 -0.001627957 0.992795944
1756482543235410688.000000 0.795655966 0.041351128 1.343613505 -0.003883094 0.120980069 -0.002249021 0.992644846
1756482543268803328.000000 0.795748413 0.042183705 1.347773910 -0.003959839 0.121546559 -0.001981037 0.992575884
1756482543302196736.000000 0.796511114 0.042789422 1.352161646 -0.004633425 0.121979147 -0.002381231 0.992519021
1756482543335557888.000000 0.797907591 0.043308739 1.356395483 -0.005525681 0.121752635 -0.002537898 0.992541909
1756482543368898048.000000 0.799364567 0.043674894 1.358719826 -0.005912375 0.121565148 -0.002051924 0.992563725
1756482543402238720.000000 0.799974144 0.043421011 1.361489058 -0.005839772 0.121203817 -0.002002225 0.992608488
1756482543468919296.000000 0.801191688 0.043200623 1.367396593 -0.004595651 0.121437140 -0.002102315 0.992586315
1756482543502259456.000000 0.802146971 0.043158911 1.369697690 -0.004187696 0.121362284 -0.002149672 0.992597222
1756482543535599872.000000 0.802800357 0.043031000 1.372446060 -0.004157891 0.120980799 -0.002324067 0.992643416
1756482543568939264.000000 0.803266287 0.042961314 1.375937343 -0.004306605 0.120648198 -0.002048208 0.992683947
1756482543602279424.000000 0.803804338 0.043265868 1.379628539 -0.004303277 0.120250896 -0.001890986 0.992732465
1756482543668959744.000000 0.805797219 0.043450627 1.386249185 -0.004825562 0.120232917 -0.002019539 0.992731988
1756482543702300416.000000 0.806563973 0.043548461 1.389783740 -0.005087531 0.119931884 -0.001951959 0.992767155
1756482543735640320.000000 0.807421803 0.044282723 1.393479705 -0.004825311 0.119453415 -0.002094942 0.992825925
1756482543768980736.000000 0.808095574 0.043831982 1.396833420 -0.005248783 0.118403189 -0.001520920 0.992950559
1756482543802320896.000000 0.809153140 0.044750236 1.399846673 -0.004852848 0.118321203 -0.001267130 0.992962718
1756482543869001472.000000 0.810542524 0.045110460 1.405265570 -0.004378804 0.118147947 -0.001602857 0.992985070
1756482543902341632.000000 0.810489655 0.044593241 1.407827854 -0.003592269 0.113746658 -0.001304413 0.993502438
1756482543935681792.000000 0.810100555 0.044511985 1.410477996 -0.004191053 0.106891878 -0.000669782 0.994261682
1756482543969021952.000000 0.808656871 0.043864176 1.414916277 -0.004937510 0.099598385 -0.001542400 0.995014369
1756482544035701504.000000 0.807759941 0.044479296 1.419716120 -0.003274067 0.087036937 -0.001066327 0.996199131
1756482544069041408.000000 0.807729363 0.044421583 1.422379375 -0.003385355 0.081257775 -0.000636077 0.996687233
1756482544102381824.000000 0.807665348 0.044645049 1.425298095 -0.003224279 0.075437754 -0.000381910 0.997145236
1756482544135721728.000000 0.806571603 0.044327430 1.428327203 -0.004177724 0.070170157 -0.000444858 0.997526169
1756482544169061888.000000 0.805843413 0.044646218 1.431213379 -0.004390312 0.064472683 -0.000659113 0.997909606
1756482544202402048.000000 0.805410028 0.044953398 1.434208870 -0.004781381 0.058920410 -0.000878849 0.998250902
1756482544269082368.000000 0.804646850 0.045090102 1.439470053 -0.003347822 0.049465839 -0.000116381 0.998770237
1756482544302422272.000000 0.804975212 0.044589762 1.441711664 -0.002072454 0.049066018 0.000084914 0.998793423
1756482544335763712.000000 0.805642366 0.044524387 1.445278287 -0.003331066 0.051139727 0.000105174 0.998686016
1756482544402447616.000000 0.806113005 0.044508524 1.453168750 -0.004771694 0.053517364 0.000225961 0.998555481
1756482544435789824.000000 0.806584060 0.044911336 1.457109928 -0.004667879 0.053686015 -0.000109785 0.998546958
1756482544469130752.000000 0.806436121 0.045318667 1.460560799 -0.004313599 0.053346757 -0.000425839 0.998566687
1756482544502472960.000000 0.806460559 0.045406215 1.463786125 -0.004082144 0.052772257 -0.000408627 0.998598218
1756482544535815168.000000 0.806981087 0.045608070 1.466757417 -0.003756092 0.052280836 -0.000147201 0.998625398
1756482544569157120.000000 0.807617724 0.045734152 1.469329715 -0.003398415 0.052421454 0.000020116 0.998619258
1756482544602499328.000000 0.808002710 0.045743946 1.471960783 -0.002915183 0.052467406 -0.000001824 0.998618364
1756482544635841536.000000 0.808317721 0.045103587 1.476820469 -0.003627210 0.052497614 -0.000453551 0.998614371
1756482544702525952.000000 0.809453666 0.045536164 1.482279181 -0.004574074 0.052405525 0.000177570 0.998615444
1756482544735867904.000000 0.809498966 0.045698799 1.486556768 -0.004537938 0.052462880 0.000032564 0.998612583
1756482544769210112.000000 0.809824288 0.046047520 1.489856243 -0.004240260 0.052384492 -0.000167716 0.998618007
1756482544802552320.000000 0.809878230 0.046030682 1.492917299 -0.004483213 0.052029748 -0.000016105 0.998635471
1756482544835894528.000000 0.809856892 0.046400432 1.496644378 -0.004046835 0.051672153 -0.000039641 0.998655975
1756482544869236480.000000 0.809907496 0.046428699 1.499832630 -0.003519328 0.051715311 -0.000179578 0.998655677
1756482544902577920.000000 0.809719980 0.046762805 1.502551675 -0.003139524 0.052229356 -0.000660959 0.998629987
1756482544935920128.000000 0.810727477 0.046164438 1.506525517 -0.003604149 0.052395687 -0.000553030 0.998619795
1756482544969262336.000000 0.811018467 0.046892662 1.510495067 -0.003668508 0.052475195 -0.000717629 0.998615265
1756482545035946752.000000 0.810935259 0.048043899 1.518402815 -0.004387398 0.051603273 -0.000442665 0.998657942
1756482545069288960.000000 0.811127841 0.048184860 1.521945238 -0.004684632 0.049476873 -0.000654898 0.998764098
1756482545102631424.000000 0.810550392 0.047725514 1.525279403 -0.004477660 0.044174645 -0.000275340 0.999013782
1756482545135973632.000000 0.809934676 0.047783852 1.527889609 -0.004533718 0.036969274 0.000371745 0.999306083
1756482545169315840.000000 0.809320390 0.047838293 1.530069828 -0.004177184 0.030187728 0.000234009 0.999535561
1756482545202658304.000000 0.807426453 0.047259293 1.531348109 -0.003545144 0.024137819 -0.000122441 0.999702394
1756482545236000512.000000 0.805766106 0.047157679 1.534172177 -0.003689821 0.018008610 -0.000533123 0.999830902
1756482545269342720.000000 0.805894136 0.047538146 1.537347913 -0.003838300 0.012064505 0.000108319 0.999919891
1756482545336026624.000000 0.804023206 0.046758980 1.542165637 -0.002979353 0.001409653 -0.000026514 0.999994636
1756482545369366528.000000 0.802570522 0.046239112 1.544153690 -0.002058483 -0.003706675 -0.000202573 0.999991000
1756482545402707456.000000 0.801767051 0.046445791 1.546785355 -0.001744341 -0.009668276 -0.000462849 0.999951661
1756482545469389312.000000 0.800375342 0.046511482 1.552325130 -0.002781829 -0.022335671 0.000344971 0.999746680
1756482545502730240.000000 0.798255444 0.047899190 1.557696700 -0.003851833 -0.028184120 0.000803386 0.999595046
1756482545569412096.000000 0.796132326 0.048629437 1.564141273 -0.005809110 -0.039694104 0.000659735 0.999194801
1756482545602753024.000000 0.795023918 0.049069148 1.567357302 -0.005912589 -0.045153905 0.000946372 0.998962104
1756482545669434880.000000 0.792894065 0.048663478 1.572082996 -0.004608521 -0.056793265 0.001855171 0.998373687
1756482545702775808.000000 0.791799128 0.048499454 1.574188471 -0.003550828 -0.063166536 0.002377095 0.997993886
1756482545769457664.000000 0.789056599 0.048641171 1.578755140 -0.002505497 -0.074736282 0.002610510 0.997196853
1756482545802797312.000000 0.787350893 0.048886482 1.581996560 -0.002720261 -0.080018580 0.002672730 0.996786118
1756482545869478912.000000 0.784325480 0.049534515 1.588019848 -0.003480706 -0.090372235 0.002347701 0.995899260
1756482545902820096.000000 0.782986701 0.049564239 1.591014028 -0.004484744 -0.095495939 0.002398903 0.995416880
1756482545936160768.000000 0.781111717 0.049374979 1.593873382 -0.005227155 -0.100543566 0.002340816 0.994916201
1756482546002842368.000000 0.777851641 0.049544599 1.598894596 -0.004166315 -0.111841083 0.002365933 0.993714571
1756482546036183296.000000 0.776473105 0.049417932 1.600833774 -0.003163670 -0.117432579 0.002399888 0.993072927
1756482546102864896.000000 0.774652779 0.049078964 1.604884148 -0.000132357 -0.121085539 0.002491732 0.992638946
1756482546136206080.000000 0.774249852 0.048991643 1.607887149 0.000283723 -0.119115636 0.002210248 0.992877901
1756482546202887680.000000 0.773431540 0.049281459 1.615382314 -0.000628474 -0.117698789 0.003364831 0.993043423
1756482546236227584.000000 0.772762895 0.049870942 1.619987607 -0.002828827 -0.117565796 0.003567067 0.993054688
1756482546302909184.000000 0.770023882 0.050838385 1.629238725 -0.008236344 -0.116387405 0.001402179 0.993168771
1756482546336250368.000000 0.769147396 0.050789785 1.632361293 -0.007345340 -0.116166465 0.001482400 0.993201494
1756482546369591808.000000 0.768874824 0.050252110 1.634439230 -0.006218471 -0.116689108 0.002019984 0.993147016
1756482546436274944.000000 0.767752469 0.050819609 1.639807701 -0.003564202 -0.118638292 0.003504508 0.992924988
1756482546469616384.000000 0.766476333 0.051086958 1.641780376 -0.003211426 -0.121084549 0.003122154 0.992632091
1756482546536299520.000000 0.762729406 0.050781764 1.646196485 -0.003305654 -0.135706350 0.004198091 0.990734696
1756482546569641216.000000 0.761092126 0.051456813 1.649226189 -0.003463642 -0.143054366 0.004089369 0.989700317
1756482546636324096.000000 0.757026672 0.051354673 1.654944539 -0.004943770 -0.154321596 0.003832816 0.988000929
1756482546669665792.000000 0.755148590 0.051479362 1.657540798 -0.004580998 -0.159359738 0.004160213 0.987201214
1756482546736347904.000000 0.751689732 0.052067850 1.663499117 -0.003823968 -0.169561818 0.004827474 0.985500395
1756482546769689600.000000 0.749965787 0.051730428 1.665746808 -0.003984082 -0.174055189 0.004713269 0.984716594
1756482546836372736.000000 0.745909393 0.052572951 1.671498179 -0.004596375 -0.183849365 0.004603918 0.982932925
1756482546869713920.000000 0.744078100 0.052959919 1.674896955 -0.005392353 -0.188038334 0.004683902 0.982135713
1756482546903055616.000000 0.742557168 0.052943695 1.678189039 -0.004698659 -0.188976228 0.004553687 0.981959939
1756482546969739008.000000 0.740833044 0.053074110 1.684144497 -0.003976068 -0.185252696 0.003601704 0.982676327
1756482547036421888.000000 0.738896370 0.052664943 1.688881278 -0.001704538 -0.182951763 0.003627535 0.983113706
1756482547069763584.000000 0.738094687 0.052380275 1.691121340 -0.001014070 -0.183334321 0.004349354 0.983040452
1756482547136445696.000000 0.735736489 0.052374963 1.697215796 -0.001680433 -0.184005648 0.004024616 0.982915580
1756482547169787392.000000 0.734639406 0.052173216 1.700442314 -0.001946368 -0.184297234 0.004361345 0.982859015
1756482547203128832.000000 0.732795894 0.053254995 1.703953147 -0.001492412 -0.184066787 0.004462886 0.982902467
1756482547269812224.000000 0.730575204 0.053533074 1.710893631 -0.002940080 -0.183607012 0.004454118 0.982985318
1756482547303153408.000000 0.729237080 0.054091766 1.714152217 -0.003103479 -0.182837903 0.004111939 0.983129621
1756482547369837056.000000 0.726496160 0.054199222 1.720259666 -0.002879799 -0.182161510 0.003417165 0.983258545
1756482547436520704.000000 0.724247038 0.053821124 1.726386070 -0.002523691 -0.182642385 0.003582924 0.983169734
1756482547469862400.000000 0.723278999 0.054074083 1.729608536 -0.002347311 -0.182644233 0.003606422 0.983169734
1756482547536546304.000000 0.720194161 0.054321237 1.736539125 -0.003306486 -0.182966828 0.003721660 0.983106554
1756482547569886976.000000 0.719201088 0.054156344 1.739463091 -0.003662098 -0.183213562 0.003297074 0.983060837
1756482547636570624.000000 0.717229187 0.053491853 1.744758129 -0.002399571 -0.182990864 0.003930103 0.983103871
1756482547669912576.000000 0.716438234 0.053133007 1.746946692 -0.001307261 -0.182925627 0.004038990 0.983117640
1756482547736596224.000000 0.714366436 0.054458678 1.752221584 -0.000084535 -0.182482585 0.004251474 0.983199954
1756482547769938176.000000 0.713047743 0.054686494 1.755759239 -0.000638042 -0.182547435 0.004016517 0.983188689
1756482547836621824.000000 0.710052133 0.055471640 1.762910843 -0.002294856 -0.182937130 0.003780876 0.983114719
1756482547869963776.000000 0.708761096 0.055868119 1.766757131 -0.003522412 -0.183371902 0.003813939 0.983029902
1756482547936647424.000000 0.706426740 0.055782817 1.773509741 -0.003852158 -0.184714139 0.004597053 0.982774019
1756482547969989632.000000 0.705939472 0.055665877 1.776324272 -0.003207646 -0.184672967 0.005356610 0.982780218
1756482548003331072.000000 0.704738617 0.055135585 1.778689861 -0.002337673 -0.183782011 0.004903237 0.982952058
1756482548070014208.000000 0.702584684 0.054946579 1.783653378 -0.001676584 -0.183054343 0.004746792 0.983089924
1756482548103355904.000000 0.701227725 0.055061162 1.786728621 -0.002297556 -0.183372855 0.004691207 0.983029544
1756482548170039808.000000 0.698612034 0.055282023 1.793604255 -0.003274252 -0.183131695 0.004411709 0.983073056
1756482548203381760.000000 0.697365165 0.055231400 1.796645164 -0.003409132 -0.182636544 0.003936200 0.983166695
1756482548270065664.000000 0.694840729 0.055219941 1.802967072 -0.003580213 -0.182126954 0.003773729 0.983261287
1756482548303407616.000000 0.693622947 0.055283546 1.806051970 -0.003343976 -0.182293430 0.003702148 0.983231544
1756482548370090752.000000 0.691096842 0.055432230 1.811727643 -0.002610032 -0.182714686 0.003680046 0.983155608
1756482548403432448.000000 0.689991593 0.055554036 1.815134287 -0.002771403 -0.183081239 0.004103288 0.983085334
1756482548470114560.000000 0.688119769 0.055857264 1.822605014 -0.005008201 -0.182640955 0.004409772 0.983157039
1756482548503456000.000000 0.686521769 0.056161419 1.826097131 -0.005642545 -0.181936130 0.004241829 0.983285069
1756482548570139136.000000 0.684556365 0.055407949 1.831371546 -0.004264294 -0.181132868 0.004344310 0.983439803
1756482548603480832.000000 0.683896303 0.055351380 1.833656669 -0.003079287 -0.180649370 0.004737052 0.983531415
1756482548670163968.000000 0.682105601 0.055699971 1.838744521 -0.001139080 -0.179908663 0.004868519 0.983670652
1756482548703505152.000000 0.681010723 0.055661302 1.841841340 -0.001190729 -0.179551631 0.004762005 0.983736336
1756482548770188800.000000 0.678117275 0.056126945 1.848010659 -0.001618506 -0.179266050 0.004697278 0.983788133
1756482548803530240.000000 0.676854193 0.056003306 1.851307034 -0.002170757 -0.179345354 0.004433966 0.983773887
1756482548870213376.000000 0.674301386 0.056308445 1.858352900 -0.003322288 -0.179293722 0.004429355 0.983780086
1756482548936895488.000000 0.671637475 0.056774352 1.865432501 -0.005116061 -0.179598346 0.003982468 0.983718693
1756482548970236928.000000 0.670196891 0.056913503 1.868901134 -0.005895744 -0.180121541 0.004026305 0.983618498
1756482549036920320.000000 0.668168962 0.057005998 1.874253273 -0.004748536 -0.180028096 0.004247631 0.983640850
1756482549070262016.000000 0.667036712 0.056937728 1.876899123 -0.003718820 -0.179485619 0.004379315 0.983743846
1756482549136945152.000000 0.665413737 0.056706216 1.882208824 -0.002725782 -0.178796157 0.004831857 0.983870506
1756482549203628288.000000 0.662677467 0.056877714 1.888571739 -0.002864497 -0.179026335 0.004550087 0.983829618
1756482549236970240.000000 0.660923898 0.057698242 1.891930699 -0.003075950 -0.179295525 0.004131607 0.983781815
1756482549270311936.000000 0.659693778 0.057984240 1.895164013 -0.003104201 -0.179632053 0.004168120 0.983720124
1756482549336994816.000000 0.657706916 0.057516277 1.900672436 -0.002992845 -0.179202467 0.004559736 0.983797133
1756482549403676672.000000 0.655469120 0.057330649 1.906653523 -0.003060473 -0.177968055 0.004556391 0.984021008
1756482549437018368.000000 0.654286206 0.057687875 1.910424948 -0.003252970 -0.177612662 0.004496073 0.984084845
1756482549503700992.000000 0.651766837 0.057606589 1.916434765 -0.003537408 -0.177342892 0.004250520 0.984133601
1756482549537042432.000000 0.650506079 0.056653950 1.918802261 -0.003308970 -0.177885249 0.004362385 0.984036028
1756482549570383872.000000 0.649590671 0.056313831 1.921664596 -0.002133544 -0.178455427 0.004408773 0.983935833
1756482549637066496.000000 0.648035526 0.055754486 1.927007914 -0.002351422 -0.178780437 0.005407277 0.983871341
1756482549670408192.000000 0.646847546 0.056109421 1.930236697 -0.002734384 -0.178647697 0.005584009 0.983893514
1756482549737091072.000000 0.645334363 0.057828460 1.937514067 -0.003656951 -0.177592725 0.005733066 0.984080613
1756482549770432512.000000 0.644291461 0.058064107 1.940801144 -0.004101061 -0.177110687 0.005524309 0.984166920
1756482549837114368.000000 0.641998947 0.058620628 1.947752357 -0.004634796 -0.176296294 0.005231578 0.984312415
1756482549870455808.000000 0.640766859 0.058624767 1.950860858 -0.004867014 -0.175773978 0.005112235 0.984405339
1756482549937138432.000000 0.638143659 0.059091065 1.957609177 -0.006176371 -0.176460922 0.004805854 0.984276533
1756482549970479872.000000 0.637148798 0.059541516 1.960929394 -0.006371152 -0.177204192 0.005318115 0.984139085
1756482550037162752.000000 0.635306776 0.058384359 1.966900229 -0.005946575 -0.178371340 0.005808826 0.983928144
1756482550103845632.000000 0.633943677 0.057967011 1.972434759 -0.002925638 -0.173687533 0.006973681 0.984771788
1756482550137187328.000000 0.632914245 0.059246898 1.976645827 -0.003599678 -0.166461334 0.005838747 0.986024201
1756482550203869952.000000 0.632905662 0.059315957 1.984636784 -0.004044408 -0.151519150 0.006006073 0.988427818
1756482550270551808.000000 0.633574486 0.059608180 1.992108345 -0.003390487 -0.140094787 0.006864239 0.990108490
1756482550303893248.000000 0.633340299 0.059835840 1.996137142 -0.004177233 -0.135166660 0.006157567 0.990794957
1756482550370576896.000000 0.632588208 0.060124494 2.004495144 -0.005970787 -0.123777039 0.005950889 0.992274284
1756482550437260544.000000 0.633248448 0.060342636 2.012512922 -0.005773225 -0.111412942 0.005763993 0.993740797
1756482550470602496.000000 0.633154333 0.060334191 2.015825272 -0.005796765 -0.106063806 0.005182206 0.994328976
1756482550537286400.000000 0.633694410 0.059862297 2.022666216 -0.005489137 -0.095559850 0.005552408 0.995393097
1756482550603970304.000000 0.634241343 0.060111597 2.030918121 -0.006239009 -0.084771827 0.005832452 0.996363878
1756482550637312000.000000 0.634572268 0.060254846 2.035135508 -0.006592762 -0.078781359 0.005731417 0.996853650
1756482550703994880.000000 0.634916663 0.060791131 2.044595003 -0.008849335 -0.065705672 0.004211107 0.997790992
1756482550770678784.000000 0.635783911 0.061268345 2.053233624 -0.010211697 -0.055342287 0.003484773 0.998409152
1756482550804020480.000000 0.636045277 0.060742468 2.056557178 -0.009401256 -0.055017333 0.004596657 0.998430610
1756482550870704384.000000 0.634783685 0.060370311 2.061490774 -0.009799878 -0.060275711 0.004858801 0.998121917
1756482550904046080.000000 0.633887827 0.060580827 2.062814951 -0.007649732 -0.060824145 0.005393513 0.998104632
1756482550937388288.000000 0.634097815 0.060282547 2.064991474 -0.006753522 -0.061025437 0.005140012 0.998100162
1756482551004071936.000000 0.633327305 0.060521595 2.070930243 -0.005769103 -0.060684245 0.005433000 0.998125553
1756482551037413888.000000 0.632649362 0.060921490 2.074886084 -0.006661941 -0.060499538 0.005504159 0.998130858
1756482551104097536.000000 0.631355405 0.061866608 2.083235502 -0.010062253 -0.059864637 0.004793981 0.998144269
1756482551137438464.000000 0.630770147 0.061832283 2.087111950 -0.010517213 -0.059428297 0.004622260 0.998166502
1756482551204122368.000000 0.630190790 0.061867818 2.093005657 -0.009734687 -0.059087511 0.004641883 0.998194575
1756482551237464320.000000 0.630607486 0.062330678 2.095754862 -0.009312482 -0.059669271 0.004896582 0.998162746
1756482551304148224.000000 0.630919397 0.061790828 2.101364374 -0.007042368 -0.052795500 0.005126326 0.998567402
1756482551337490432.000000 0.632006466 0.061828390 2.105204821 -0.007555223 -0.045062255 0.005086554 0.998942673
1756482551404175104.000000 0.633660674 0.061782222 2.111749887 -0.007046742 -0.031269055 0.004788700 0.999474704
1756482551437517312.000000 0.634730697 0.061895508 2.115667105 -0.007263869 -0.024624607 0.005313592 0.999656320
1756482551504202240.000000 0.635711193 0.062445000 2.125367165 -0.010163566 -0.011963102 0.003433533 0.999870956
1756482551570885888.000000 0.637012482 0.062980294 2.134627104 -0.011676736 -0.001657114 0.002890073 0.999926329
1756482551604228352.000000 0.638326466 0.062997766 2.138159513 -0.011116812 0.003040777 0.003605584 0.999927104
1756482551670913024.000000 0.640147448 0.063139349 2.144713163 -0.010147033 0.012581132 0.003681862 0.999862671
1756482551704255488.000000 0.641601503 0.063183181 2.147531033 -0.009677629 0.017603897 0.003428634 0.999792397
1756482551770940416.000000 0.644178033 0.063507341 2.154431105 -0.009835131 0.029206647 0.003736778 0.999518096
1756482551804282880.000000 0.645200908 0.063665867 2.157750607 -0.009428631 0.035294086 0.003115588 0.999327660
1756482551837625600.000000 0.646057308 0.063552372 2.160971642 -0.009197623 0.041320022 0.002782711 0.999099791
1756482551904310272.000000 0.647348106 0.063579328 2.168606281 -0.009226096 0.046777807 0.002584940 0.998859406
1756482551937652736.000000 0.648354590 0.063376270 2.171915293 -0.010293316 0.045897704 0.003752331 0.998886049
1756482551970995456.000000 0.647562444 0.064031407 2.175786495 -0.011378856 0.044803966 0.002348918 0.998928249
1756482552004337664.000000 0.647339106 0.064354792 2.178989887 -0.010382806 0.044165425 0.001825218 0.998968601
1756482552071021824.000000 0.647001922 0.063391618 2.183367729 -0.009744251 0.043043084 0.001835688 0.999024093
1756482552104364032.000000 0.647065997 0.063429266 2.185704947 -0.009971198 0.041809339 0.001723604 0.999074399
1756482552137706752.000000 0.647009909 0.063491337 2.189083338 -0.010294138 0.041339621 0.001886140 0.999090374
1756482552171049472.000000 0.647710562 0.063807525 2.192558289 -0.011010544 0.041316263 0.002393942 0.999082625
1756482552237734400.000000 0.648504555 0.063637324 2.199137449 -0.011870196 0.041157242 0.002402167 0.999079347
1756482552271076864.000000 0.648960412 0.063491166 2.202252150 -0.011861583 0.041107297 0.002984833 0.999079883
1756482552337761280.000000 0.649958193 0.063096851 2.207649946 -0.010757946 0.041475073 0.002681365 0.999078095
1756482552371102976.000000 0.649699092 0.063437402 2.210829973 -0.009779457 0.042341482 0.002526892 0.999052167
1756482552404444672.000000 0.650408506 0.063791588 2.214061975 -0.009140149 0.042639207 0.002731749 0.999045074
1756482552471127040.000000 0.650967479 0.064543337 2.221849442 -0.010950742 0.042760160 0.002492466 0.999022245
1756482552504468480.000000 0.651686549 0.065627560 2.226459742 -0.012029532 0.042698264 0.003076046 0.999010861
1756482552537810176.000000 0.652059913 0.065712549 2.230532408 -0.012575945 0.042547282 0.002992518 0.999010861
1756482552571151616.000000 0.652429819 0.065839067 2.233494282 -0.012150999 0.042675059 0.002877456 0.999011040
1756482552637834752.000000 0.652483582 0.065548241 2.238791943 -0.010474179 0.043136202 0.002757400 0.999010563
1756482552671176448.000000 0.652685523 0.065257676 2.240902901 -0.009767916 0.043075152 0.002451785 0.999021053
1756482552704518144.000000 0.652719438 0.065080851 2.243601084 -0.009275896 0.043178137 0.002476576 0.999021292
1756482552771201024.000000 0.653833389 0.065871119 2.250596523 -0.009607378 0.045881208 0.002278565 0.998898208
1756482552804542720.000000 0.655241847 0.066165872 2.255010128 -0.010821076 0.052019998 0.001461317 0.998586357
1756482552837884160.000000 0.656793237 0.065860122 2.259349108 -0.012939892 0.059118602 0.001461581 0.998166084
1756482552871225856.000000 0.658200860 0.065635942 2.263298750 -0.013008443 0.065310508 0.001732365 0.997778714
1756482552937907968.000000 0.661682487 0.065692149 2.270309925 -0.012585985 0.076265417 0.002275434 0.997005582
1756482552971249664.000000 0.662997484 0.065517664 2.273539066 -0.012549635 0.081802063 0.001840592 0.996567905
1756482553004591104.000000 0.664727390 0.068090022 2.277336836 -0.011778302 0.087816469 0.001490315 0.996065974
1756482553071274496.000000 0.668359816 0.068707444 2.283577204 -0.011483322 0.100588880 0.000986083 0.994861305
1756482553104615936.000000 0.669336319 0.068519965 2.287022591 -0.011852471 0.106171414 0.000473668 0.994277120
1756482553137957632.000000 0.671309888 0.068616048 2.290555239 -0.011901435 0.111365169 0.000662438 0.993708074
1756482553171299072.000000 0.672880173 0.068968140 2.293274164 -0.011486357 0.116236828 0.000463734 0.993155003
1756482553204640512.000000 0.674965024 0.069101840 2.296441555 -0.010766647 0.121644214 0.000273866 0.992515385
1756482553271323648.000000 0.678649008 0.069475979 2.302927971 -0.010957009 0.132476300 0.000315087 0.991125643
1756482553304665344.000000 0.680594444 0.069568202 2.306040525 -0.011821649 0.137746960 0.000621933 0.990396738
1756482553338006784.000000 0.681936562 0.068638109 2.310154676 -0.012526517 0.143086970 0.000761558 0.989630580
1756482553371347456.000000 0.685403049 0.069178887 2.312239647 -0.012386027 0.148095265 0.000719447 0.988895297
1756482553404689152.000000 0.687152386 0.068573728 2.314743757 -0.011531476 0.153759658 0.000963279 0.988040507
1756482553471372032.000000 0.690574050 0.068577610 2.320061207 -0.011148540 0.165398061 0.000370622 0.986163795
1756482553504713472.000000 0.692781806 0.068652399 2.323584080 -0.011503900 0.170715556 -0.000010634 0.985253215
1756482553538055168.000000 0.694689572 0.068720415 2.326297522 -0.012124626 0.176103503 -0.000088608 0.984297037
1756482553604738304.000000 0.698814392 0.069495074 2.331949711 -0.011592442 0.186765164 -0.000424094 0.982336104
1756482553638080000.000000 0.700958014 0.068836801 2.335011721 -0.011399794 0.191977218 -0.000431975 0.981333137
1756482553671421184.000000 0.704299569 0.069675446 2.340002775 -0.011362528 0.195426702 -0.000271003 0.980652452
1756482553704762880.000000 0.703380823 0.069610260 2.342572451 -0.011201022 0.196004912 0.000014096 0.980539024
1756482553738104576.000000 0.704231620 0.069725491 2.345759153 -0.012073567 0.194356695 0.000871225 0.980856299
1756482553771446016.000000 0.705246568 0.069870591 2.348811626 -0.012716824 0.193211555 0.000166038 0.981074750
1756482553838128128.000000 0.706832945 0.069222629 2.353344440 -0.010707201 0.193489581 -0.000838199 0.981043577
1756482553871469824.000000 0.708078086 0.069570869 2.355589390 -0.009999130 0.193272367 -0.000799382 0.981093884
1756482553904811264.000000 0.709107935 0.069965571 2.358484030 -0.009426000 0.192474872 -0.000464656 0.981256604
1756482553938152448.000000 0.709519625 0.069401391 2.360578299 -0.008944973 0.192341283 -0.000254764 0.981287301
1756482554004835584.000000 0.712735236 0.069085114 2.367118359 -0.009603756 0.192884445 -0.000411723 0.981174409
1756482554038177280.000000 0.714054585 0.069675595 2.370557308 -0.009927500 0.193528384 -0.000598900 0.981044292
1756482554071518976.000000 0.715389907 0.069882683 2.373448610 -0.010274113 0.193608031 0.000090046 0.981025159
1756482554104860416.000000 0.716939926 0.069887996 2.376701355 -0.010748003 0.193225697 0.000253296 0.981095433
1756482554138201856.000000 0.718492329 0.070394263 2.379571438 -0.011376163 0.193147555 0.000384531 0.981103718
1756482554171543040.000000 0.720518768 0.070838310 2.383004665 -0.011916148 0.193050936 0.000607649 0.981116235
1756482554238225408.000000 0.724101126 0.071711600 2.388782501 -0.010977579 0.193003237 -0.000042494 0.981136739
1756482554271566848.000000 0.724985123 0.071362101 2.391672850 -0.010147137 0.193194062 -0.000121929 0.981108069
1756482554304908288.000000 0.725645006 0.071002446 2.394045115 -0.009298977 0.193112925 -0.000246903 0.981132448
1756482554338250496.000000 0.726458848 0.071109682 2.396200895 -0.008443179 0.193161368 -0.000776477 0.981130362
1756482554371592960.000000 0.727069497 0.071311131 2.398638010 -0.008085853 0.193481326 -0.000901582 0.981070220
1756482554404935680.000000 0.728707850 0.071471065 2.401866436 -0.007947284 0.193518683 -0.000810539 0.981064081
1756482554438278400.000000 0.730283499 0.071763694 2.404965639 -0.008289610 0.193156645 -0.000362553 0.981132865
1756482554471620864.000000 0.732230425 0.071802974 2.408269644 -0.008741808 0.193833888 -0.000180221 0.980995476
1756482554538306304.000000 0.738844633 0.071532339 2.413374186 -0.009505071 0.204373062 -0.000278494 0.978846908
1756482554571648768.000000 0.741969168 0.071778178 2.417003870 -0.010538582 0.212116450 -0.000389357 0.977187574
1756482554604991488.000000 0.744232833 0.071435265 2.420314550 -0.011487813 0.219832554 0.000039057 0.975470006
1756482554638334208.000000 0.746468306 0.071355648 2.422970533 -0.010236406 0.226008385 -0.000771028 0.974071264
1756482554705018624.000000 0.750700891 0.071524978 2.427834511 -0.009283322 0.237382859 -0.001159910 0.971371174
1756482554738361344.000000 0.754580379 0.072880827 2.429397583 -0.008719871 0.241893187 -0.001463702 0.970262647
1756482554771704320.000000 0.756743252 0.072950080 2.431618690 -0.008584306 0.246991813 -0.001381415 0.968978643
1756482554838389760.000000 0.760884106 0.072500251 2.436594009 -0.008955280 0.258133858 -0.001359082 0.966066778
1756482554871732480.000000 0.764013648 0.072936602 2.440286875 -0.009182719 0.263956785 -0.002008884 0.964488745
1756482554905075200.000000 0.766840219 0.073165335 2.443382740 -0.009810446 0.269714564 -0.001883756 0.962888539
1756482554938417920.000000 0.768451750 0.072566651 2.445785999 -0.010570436 0.275164098 -0.002033648 0.961337030
1756482555005103872.000000 0.774603188 0.073183700 2.450840950 -0.009933669 0.285732448 -0.001664643 0.958256483
1756482555038446336.000000 0.777679086 0.074484423 2.453362465 -0.009120677 0.290840417 -0.001997123 0.956726074
1756482555071789312.000000 0.781103671 0.073250584 2.456910133 -0.009293011 0.294645190 -0.001957962 0.955559552
1756482555105132288.000000 0.782382548 0.072760262 2.459010839 -0.008575578 0.294967860 -0.002337195 0.955465913
1756482555138474240.000000 0.784186244 0.073008880 2.461749554 -0.009219391 0.292931288 -0.001628911 0.956087649
1756482555171816704.000000 0.785488844 0.073753066 2.464415073 -0.009699059 0.290212572 -0.001661080 0.956911623
1756482555205159936.000000 0.786662400 0.073435999 2.467107773 -0.009701076 0.289219469 -0.002049913 0.957211494
1756482555238502912.000000 0.788937151 0.073208310 2.469853163 -0.009525653 0.289753318 -0.002220817 0.957051396
1756482555305188608.000000 0.791359901 0.072599098 2.475119591 -0.008989028 0.291867793 -0.002651750 0.956412733
1756482555338531328.000000 0.792646468 0.072473973 2.477518797 -0.008979975 0.292044193 -0.002963135 0.956358135
1756482555371873536.000000 0.794647276 0.072900228 2.480542898 -0.008513344 0.291599810 -0.003459107 0.956496298
1756482555405215744.000000 0.796077371 0.072379723 2.482652903 -0.008362214 0.290566951 -0.003265151 0.956812561
1756482555438558208.000000 0.797815919 0.072035596 2.484349012 -0.007869820 0.290037721 -0.002920862 0.956978440
1756482555471900672.000000 0.799883127 0.071534574 2.486345530 -0.007728405 0.290013641 -0.002792009 0.956987262
1756482555505242880.000000 0.801656723 0.071540676 2.488802671 -0.007819710 0.290453821 -0.002622602 0.956853509
1756482555538585088.000000 0.803940415 0.072284803 2.491791010 -0.008387608 0.290617228 -0.002706565 0.956798851
1756482555605268992.000000 0.809514940 0.076319426 2.499363422 -0.008993166 0.290853739 -0.002816750 0.956721127
1756482555638611200.000000 0.809623659 0.073553056 2.500992537 -0.010088773 0.291094571 -0.002905352 0.956636727
1756482555671953664.000000 0.813367903 0.076508433 2.504178524 -0.008657558 0.290273100 -0.003144652 0.956899583
1756482555705296128.000000 0.814654469 0.076276802 2.506394863 -0.007612943 0.290492743 -0.003254803 0.956841409
1756482555738638336.000000 0.816400409 0.076260731 2.508691549 -0.006875114 0.290346384 -0.003434782 0.956890821
1756482555771981056.000000 0.818251908 0.076260813 2.510855198 -0.006254351 0.290454328 -0.003726551 0.956861198
1756482555805323008.000000 0.820187688 0.076429874 2.513446093 -0.006243616 0.290122449 -0.003778225 0.956961691
1756482555838665728.000000 0.822813392 0.076868750 2.516163826 -0.006348933 0.289641440 -0.003448174 0.957108021
1756482555872008192.000000 0.823033035 0.075541168 2.519406319 -0.007051604 0.290363133 -0.003060127 0.956885695
1756482555905350656.000000 0.824910402 0.075808197 2.522558212 -0.007332771 0.290409446 -0.003248923 0.956868947
1756482555972035328.000000 0.828756571 0.076140285 2.528327465 -0.008035907 0.292359412 -0.003416532 0.956268728
1756482556005378048.000000 0.831831813 0.076648302 2.530800581 -0.007149459 0.296994865 -0.003775290 0.954844832
1756482556038719232.000000 0.835104167 0.077157781 2.533806324 -0.007743639 0.303533852 -0.003721370 0.952781975
1756482556072061696.000000 0.838439345 0.077487670 2.536347151 -0.008291757 0.310371876 -0.003046709 0.950574219
1756482556138746624.000000 0.845366478 0.077335805 2.538142681 -0.007466164 0.320809245 -0.004435109 0.947104037
1756482556172089344.000000 0.847811341 0.077024080 2.539421797 -0.006990073 0.325781912 -0.004749131 0.945407212
1756482556205431808.000000 0.850794077 0.077575341 2.541120529 -0.006706511 0.331011593 -0.004484658 0.943592250
1756482556238774016.000000 0.853742838 0.077774502 2.543254375 -0.007222294 0.336626589 -0.004631806 0.941599190
1756482556272116736.000000 0.856703281 0.078348093 2.546161652 -0.007570710 0.342276305 -0.005345525 0.939553678
1756482556338800896.000000 0.862618506 0.078589685 2.549908161 -0.006870581 0.352319628 -0.005050057 0.935840905
1756482556372142336.000000 0.865829945 0.078171350 2.551285505 -0.006398587 0.357483894 -0.004941638 0.933884323
1756482556405483776.000000 0.868598938 0.078190453 2.553901196 -0.006689227 0.363452703 -0.005164965 0.931574345
1756482556438824960.000000 0.871211946 0.077597544 2.556170940 -0.007317116 0.368825257 -0.005644923 0.929452896
1756482556472165376.000000 0.875179291 0.077013098 2.559590816 -0.007972627 0.373607278 -0.004974444 0.927539349
1756482556505506560.000000 0.877764165 0.077204138 2.561295509 -0.008365192 0.378174573 -0.005469163 0.925680399
1756482556538848000.000000 0.879370689 0.077367626 2.561667442 -0.008175941 0.383146495 -0.005018148 0.923637807
1756482556572189184.000000 0.883008540 0.077256352 2.564672470 -0.008106194 0.388415694 -0.005749413 0.921430707
1756482556605530624.000000 0.886021972 0.077317849 2.566860914 -0.008078074 0.393683523 -0.006052352 0.919190645
1756482556638871808.000000 0.888899684 0.077618815 2.568441391 -0.007935314 0.398767501 -0.006143036 0.916997194
1756482556672212992.000000 0.892179072 0.077619344 2.570540428 -0.008011218 0.403841794 -0.006475244 0.914770842
1756482556705554432.000000 0.895326257 0.077733830 2.572579861 -0.008042738 0.409007519 -0.006177403 0.912474692
1756482556772237056.000000 0.904132545 0.077669911 2.576185465 -0.008497723 0.419322163 -0.005765397 0.907779455
1756482556805578240.000000 0.906792939 0.077982135 2.578227997 -0.008805132 0.424998224 -0.006061904 0.905131102
1756482556838919424.000000 0.910341918 0.078637980 2.579526424 -0.008837307 0.429812580 -0.006441284 0.902851939
1756482556872260864.000000 0.913762808 0.078472555 2.580697536 -0.008283577 0.434832603 -0.006470384 0.900449932
1756482556905601024.000000 0.916119218 0.078755967 2.581825256 -0.007932712 0.440046608 -0.007209172 0.897911012
1756482556938942464.000000 0.918656945 0.078644976 2.582588196 -0.007395721 0.445077568 -0.007067781 0.895433664
1756482556972283392.000000 0.922122598 0.078025706 2.583898306 -0.007452277 0.449928373 -0.007685895 0.893000484
1756482557005624832.000000 0.924718022 0.078148156 2.585609913 -0.007594094 0.455078036 -0.007794471 0.890385151
1756482557038966272.000000 0.929368436 0.078085698 2.587072372 -0.007604764 0.460161179 -0.007260927 0.887773156
1756482557105648640.000000 0.937284827 0.076906808 2.590388298 -0.007702199 0.463500023 -0.006866603 0.886036813
1756482557138989568.000000 0.939240217 0.076798461 2.592294216 -0.008520089 0.462014586 -0.006421819 0.886808217
1756482557172331008.000000 0.941389680 0.076722197 2.594527960 -0.009279257 0.460442841 -0.007109361 0.887612462
1756482557205672192.000000 0.944001436 0.076992042 2.596199751 -0.008885522 0.459670663 -0.007321875 0.888014853
1756482557239013632.000000 0.946198583 0.076888442 2.597523451 -0.008102452 0.459488302 -0.007338257 0.888116658
1756482557272354816.000000 0.948873341 0.077193908 2.599261761 -0.007593596 0.459483176 -0.007263346 0.888124287
1756482557305696000.000000 0.951134682 0.077300727 2.601225376 -0.007563529 0.459634364 -0.007151569 0.888047278
1756482557339037440.000000 0.954720676 0.077825248 2.602993965 -0.007599532 0.459524482 -0.006954247 0.888105452
1756482557372377856.000000 0.956554174 0.076084681 2.604650736 -0.009085077 0.459721625 -0.006183925 0.887995124
1756482557405719552.000000 0.960105002 0.076371714 2.606600523 -0.009370632 0.459630191 -0.006341231 0.888038337
1756482557439060992.000000 0.963562667 0.076889023 2.608451605 -0.009344025 0.459724545 -0.005914912 0.887992799
1756482557472402688.000000 0.966502786 0.077152669 2.610240459 -0.008912233 0.460148543 -0.006005583 0.887776911
1756482557505744128.000000 0.969368517 0.077507451 2.611801624 -0.009126723 0.460145175 -0.006128011 0.887775719
1756482557539085568.000000 0.972028255 0.077788182 2.613517761 -0.008905208 0.460020274 -0.006197319 0.887842178
1756482557605769216.000000 0.978277445 0.077866495 2.616937399 -0.007940529 0.464565724 -0.007519941 0.885471165
1756482557639110656.000000 0.981297553 0.077394098 2.617875099 -0.008695204 0.470297933 -0.007826301 0.882430196
1756482557672452096.000000 0.985285640 0.077077657 2.618942499 -0.009644278 0.476882368 -0.006951629 0.878886759
1756482557705793536.000000 0.988634527 0.077848047 2.620327473 -0.010394230 0.483287185 -0.007440803 0.875368536
1756482557739135232.000000 0.991559684 0.077860691 2.621116161 -0.008997423 0.488396108 -0.008233563 0.872536838
1756482557772476928.000000 0.994443238 0.076896712 2.621592045 -0.008112221 0.492942035 -0.008973380 0.869978130
1756482557805817344.000000 0.997762084 0.076669537 2.621962070 -0.006940854 0.497721195 -0.009530668 0.867256939
1756482557839159040.000000 1.003618836 0.078194045 2.623398304 -0.006261848 0.502406657 -0.009295112 0.864558816
1756482557872500480.000000 1.007821202 0.077445574 2.624031544 -0.007509878 0.506905019 -0.009570173 0.861916065
1756482557905842176.000000 1.010816932 0.076626994 2.625586033 -0.008087408 0.511934638 -0.009407267 0.858934879
1756482557939183616.000000 1.014182568 0.076826304 2.626977444 -0.008881933 0.516774714 -0.009934024 0.856017768
1756482557972525056.000000 1.018057585 0.077085920 2.628221273 -0.009463833 0.521738887 -0.009158748 0.853003621
1756482558005866752.000000 1.022168875 0.077271931 2.629357815 -0.009889736 0.526707709 -0.009219683 0.849938989
1756482558039208192.000000 1.026215553 0.077894814 2.630492449 -0.009877626 0.531640232 -0.009932918 0.846854448
1756482558105891584.000000 1.032694221 0.077854134 2.631886959 -0.008804434 0.541158974 -0.010806191 0.840804815
1756482558139232768.000000 1.037062407 0.078148320 2.631030321 -0.008197451 0.545380116 -0.010575950 0.838082075
1756482558172574464.000000 1.042526603 0.077955142 2.630293369 -0.008556021 0.548760653 -0.010514527 0.835869670
1756482558205915904.000000 1.045887232 0.078065865 2.631555080 -0.008616799 0.553095698 -0.010541758 0.833006442
1756482558239256576.000000 1.049067974 0.078143157 2.632285595 -0.008784832 0.557337284 -0.011031189 0.830166459
1756482558272598016.000000 1.052305341 0.078260705 2.632987976 -0.008671297 0.561839819 -0.011424568 0.827121794
1756482558305939712.000000 1.055635691 0.077945672 2.633221149 -0.007704355 0.566358924 -0.011267584 0.824045658
1756482558339281408.000000 1.059396267 0.077801757 2.633508205 -0.007356111 0.570973694 -0.011625058 0.820853174
1756482558372622848.000000 1.062879086 0.077912420 2.633254766 -0.006841018 0.575507700 -0.011673808 0.817684412
1756482558405964032.000000 1.066547632 0.077605598 2.633258820 -0.006763578 0.579984605 -0.011842456 0.814513266
1756482558439305728.000000 1.070174336 0.077859789 2.634170532 -0.006991597 0.584864259 -0.012232505 0.811008811
1756482558472647168.000000 1.075940013 0.077303551 2.633135796 -0.007220518 0.588793755 -0.012045978 0.808161378
1756482558505988864.000000 1.078792930 0.076946899 2.633342743 -0.007648014 0.593216240 -0.012561010 0.804908931
1756482558539330304.000000 1.082375407 0.076670833 2.633412838 -0.006837481 0.597819567 -0.012720936 0.801500618
1756482558572672000.000000 1.085746050 0.076268472 2.633416653 -0.006322791 0.601981521 -0.013295528 0.798374355
1756482558606013440.000000 1.089000702 0.075832687 2.633585930 -0.006122800 0.606179535 -0.013814040 0.795184255
1756482558639354624.000000 1.092542052 0.075985923 2.633138180 -0.005633328 0.610470235 -0.013965618 0.791896045
1756482558672696320.000000 1.096380115 0.075991340 2.633137226 -0.006347665 0.615020156 -0.013770122 0.788365662
1756482558706036736.000000 1.100914717 0.076402694 2.634217739 -0.006324862 0.620121002 -0.013488680 0.784364760
1756482558739378432.000000 1.105147839 0.076279856 2.634161711 -0.007603018 0.624632418 -0.012945379 0.780774653
1756482558772719872.000000 1.109131575 0.076404952 2.634445190 -0.007906266 0.629096806 -0.013088935 0.777176619
1756482558806061568.000000 1.113228083 0.076694235 2.634248018 -0.008072226 0.633621693 -0.013121561 0.773489654
1756482558839403264.000000 1.116365671 0.076393045 2.634036541 -0.007974147 0.637762070 -0.013873748 0.770067155
1756482558872744448.000000 1.119484663 0.076094739 2.633354664 -0.007344801 0.641878784 -0.013920448 0.766644657
1756482558906085888.000000 1.123020887 0.075980350 2.633031130 -0.007064953 0.645993173 -0.014357900 0.763175488
1756482558939427328.000000 1.126340866 0.076122299 2.632985115 -0.006791711 0.650344312 -0.014752454 0.759465992
1756482558972769024.000000 1.131843805 0.075593084 2.632928610 -0.006944669 0.654545426 -0.014991891 0.755842209
1756482559006110720.000000 1.135591507 0.076203130 2.632693052 -0.007182905 0.658497334 -0.015710976 0.752384901
1756482559039452160.000000 1.139353991 0.075971864 2.632228851 -0.007520129 0.662522137 -0.015196606 0.748850465
1756482559072793600.000000 1.143662453 0.075842403 2.631611586 -0.008018456 0.666343331 -0.014682063 0.745457470
1756482559106134784.000000 1.146987677 0.076446757 2.630939960 -0.007829798 0.670453846 -0.014700701 0.741764307
1756482559139475712.000000 1.150269985 0.076335847 2.630702496 -0.007657415 0.674528003 -0.015237117 0.738052428
1756482559206158592.000000 1.158269644 0.076937765 2.629006147 -0.007298366 0.682162344 -0.015516868 0.730999708
1756482559239500288.000000 1.163071513 0.076341324 2.629114151 -0.007381919 0.686650395 -0.015870871 0.726777136
1756482559272841728.000000 1.166394830 0.076224722 2.628463745 -0.006820502 0.690106392 -0.016110815 0.723496497
1756482559306183168.000000 1.169903874 0.076240316 2.627994061 -0.006844052 0.690506041 -0.015891062 0.723119736
1756482559339524864.000000 1.172798395 0.076399334 2.628177643 -0.007166357 0.689104915 -0.015569312 0.724458992
1756482559372865792.000000 1.175109267 0.076306954 2.629070282 -0.006762272 0.688252091 -0.016819185 0.725245178
1756482559406206976.000000 1.178319812 0.076461501 2.629134893 -0.006507586 0.687985122 -0.016296204 0.725512683
1756482559439547904.000000 1.180898428 0.076329090 2.629353046 -0.006011892 0.687676013 -0.016740259 0.725799918
1756482559472889344.000000 1.185113072 0.075974733 2.628703594 -0.006206483 0.686974764 -0.016060585 0.726477325
1756482559506230272.000000 1.187979221 0.076418206 2.628173828 -0.005908028 0.686832249 -0.016240634 0.726610541
1756482559539571456.000000 1.190744638 0.076508753 2.628635883 -0.005739396 0.687171042 -0.016936157 0.726275682
1756482559572911872.000000 1.193909407 0.076188833 2.628881216 -0.006088244 0.687435329 -0.016794739 0.726025879
1756482559606252800.000000 1.197138071 0.076319747 2.628571033 -0.006111384 0.687568367 -0.016641792 0.725903213
1756482559639593984.000000 1.199741960 0.076257057 2.628369808 -0.006289037 0.687502623 -0.016186634 0.725974321
1756482559672935168.000000 1.203070641 0.076587990 2.628527164 -0.006218062 0.688658774 -0.016688244 0.724866807
1756482559739617280.000000 1.211933970 0.077162668 2.626850843 -0.007254830 0.697027862 -0.018228862 0.716775596
1756482559772958720.000000 1.216051936 0.076655343 2.625957489 -0.006550008 0.701911390 -0.017398231 0.712021708
1756482559806299648.000000 1.219273210 0.076317430 2.625567913 -0.006284242 0.706321239 -0.017106375 0.707656860
1756482559839640832.000000 1.222722650 0.075962208 2.624710560 -0.005529322 0.710502684 -0.017591536 0.703452945
1756482559872982016.000000 1.226423979 0.075493902 2.623887062 0.006454495 -0.714580595 0.017291617 -0.699309707
1756482559906323200.000000 1.231019735 0.076294646 2.622908592 0.006779955 -0.718669891 0.017612642 -0.695095301
1756482559939664384.000000 1.234816909 0.076169230 2.621978760 0.007203617 -0.722678721 0.017819146 -0.690916896
1756482559973005312.000000 1.238425493 0.076619290 2.620877743 0.006548577 -0.726407349 0.018248204 -0.686990917
1756482560006346496.000000 1.242534518 0.076796763 2.618168831 -0.006779583 0.729143381 -0.018090837 0.684088230
1756482560039686400.000000 1.245214581 0.077504553 2.616762161 -0.005174846 0.732619107 -0.018442245 0.680369377
1756482560073027584.000000 1.248117685 0.077015311 2.616133690 -0.005194280 0.736504912 -0.018955726 0.676146626
1756482560106368512.000000 1.251189232 0.076568469 2.615141392 -0.005044528 0.740258038 -0.018841567 0.672039866
1756482560173051136.000000 1.258286595 0.075620107 2.612587929 -0.005677728 0.748014987 -0.018376833 0.663403153
1756482560206392064.000000 1.261639953 0.075480066 2.611553669 -0.005767938 0.751924217 -0.018458838 0.658965826
1756482560239733248.000000 1.266724229 0.076302879 2.609601974 0.005319679 -0.755624056 0.018815596 -0.654713690
1756482560273074176.000000 1.271890283 0.076232888 2.606838703 -0.005377794 0.759183407 -0.018631294 0.650587916
1756482560306415104.000000 1.275794148 0.076753691 2.605381012 -0.005862123 0.762866318 -0.018686265 0.646259546
1756482560339756032.000000 1.279605627 0.077160023 2.604795218 -0.005674612 0.766627133 -0.019291211 0.641777694
1756482560373096960.000000 1.282983065 0.076766722 2.604114294 -0.006161511 0.770261884 -0.019308213 0.637405574
1756482560406437376.000000 1.286221981 0.076647073 2.602872372 -0.006307089 0.773764253 -0.019393347 0.633145392
1756482560439778304.000000 1.289849997 0.076962002 2.600744724 -0.005746615 0.777322888 -0.019724054 0.628766298
1756482560473117952.000000 1.292617559 0.076554202 2.597356319 0.005184740 -0.780081868 0.019832028 -0.625341535
1756482560506458880.000000 1.296378613 0.076552004 2.594937801 -0.004777608 0.783641517 -0.019508878 0.620888531
1756482560539799296.000000 1.300404549 0.076768182 2.594470978 -0.005169026 0.787546813 -0.019684957 0.615918756
1756482560606480640.000000 1.306910515 0.075864576 2.591313839 -0.005478174 0.794732749 -0.019087013 0.606634617
1756482560639821568.000000 1.310497284 0.075424470 2.590081215 -0.006327127 0.798495471 -0.018806780 0.601673782
1756482560673162240.000000 1.313923597 0.074910566 2.588340759 -0.006818753 0.802062273 -0.018565128 0.596912980
1756482560706502656.000000 1.317543507 0.074999981 2.586261511 -0.007018728 0.805619121 -0.018122299 0.592115104
1756482560739843584.000000 1.320846319 0.075072914 2.584619999 -0.006773016 0.808898866 -0.018851541 0.587606490
1756482560773184000.000000 1.323825836 0.077199087 2.580170155 -0.005744054 0.811543882 -0.019586127 0.583934963
1756482560806524672.000000 1.326844454 0.076846033 2.579380274 -0.005473743 0.815028250 -0.020982878 0.579015315
1756482560839865088.000000 1.329379797 0.076152310 2.577369690 -0.004947912 0.818293452 -0.020962909 0.574397087
1756482560873206016.000000 1.332626581 0.075803302 2.577268600 -0.004869371 0.821881115 -0.021251313 0.569241703
1756482560906545664.000000 1.335972071 0.075524718 2.575032473 -0.005412111 0.824937761 -0.020861981 0.564812601
1756482560939886336.000000 1.339249372 0.074761465 2.573076725 -0.005898195 0.828145802 -0.020036722 0.560123503
1756482560973226752.000000 1.342835188 0.077172458 2.566918850 0.005304233 -0.830201745 0.019274244 -0.557104588
1756482561006567424.000000 1.345224619 0.075304732 2.564930916 -0.005942389 0.833603561 -0.018211816 0.552031040
1756482561039907840.000000 1.348488808 0.075240791 2.563058615 -0.006558104 0.836856186 -0.018590942 0.547067702
1756482561073248512.000000 1.351353645 0.074495055 2.561355114 -0.007002545 0.840357363 -0.018739741 0.541663587
1756482561106589184.000000 1.354464769 0.074132279 2.559231281 -0.007001372 0.843646526 -0.018580442 0.536531746
1756482561139929856.000000 1.357270479 0.073972858 2.556812525 -0.006922448 0.846719980 -0.018821398 0.531660795
1756482561173270272.000000 1.360302448 0.073667198 2.554220438 -0.006424291 0.849686801 -0.018727461 0.526916027
1756482561206610944.000000 1.363693714 0.073822439 2.551914454 -0.006370883 0.852607369 -0.019810798 0.522137702
1756482561239951360.000000 1.366280079 0.074776947 2.547887802 -0.005443717 0.855384469 -0.020183813 0.517571688
1756482561273292032.000000 1.369170666 0.074399546 2.546303272 -0.005495334 0.858568251 -0.020795610 0.512247920
1756482561306632448.000000 1.372016907 0.074632458 2.544474840 -0.005780743 0.861697912 -0.020589016 0.506970823
1756482561339973376.000000 1.374806404 0.074842960 2.542322874 -0.005489533 0.864618242 -0.021045595 0.501958370
1756482561373313792.000000 1.377489090 0.074227981 2.540508747 -0.006032853 0.867479324 -0.020703269 0.497005582
1756482561406655232.000000 1.380398989 0.073859215 2.538048267 -0.006651197 0.870302141 -0.019726703 0.492078066
1756482561439996416.000000 1.382378578 0.076039433 2.532193661 0.006048169 -0.872285187 0.018889967 -0.488595188
1756482561473338112.000000 1.387924433 0.074339226 2.528613806 -0.007255654 0.874977827 -0.017969903 0.483775139
1756482561506679552.000000 1.390697479 0.074047953 2.525987148 -0.007030646 0.877547085 -0.018352970 0.479087681
1756482561540020736.000000 1.393684626 0.073578142 2.524085522 -0.007114995 0.880146801 -0.018340353 0.474293858
1756482561573362176.000000 1.395313025 0.072874345 2.522142887 -0.006481554 0.882422924 -0.018884862 0.470033228
1756482561606703616.000000 1.397372961 0.072047845 2.520026922 -0.006307334 0.884787083 -0.019090332 0.465561748
1756482561640044800.000000 1.399387836 0.073714569 2.515639305 0.004883204 -0.887111783 0.019145936 -0.461131603
1756482561673386240.000000 1.402489185 0.072469041 2.513458967 -0.006249006 0.890013039 -0.018719487 0.455507934
1756482561706727424.000000 1.405673504 0.072090983 2.510960817 -0.007445963 0.892616987 -0.016922371 0.450436532
1756482561740069120.000000 1.408520460 0.072287694 2.507770300 -0.007528870 0.894902110 -0.016496558 0.445893914
1756482561773410304.000000 1.410728455 0.073113121 2.503906727 -0.007023254 0.897046268 -0.017152335 0.441547811
1756482561806750720.000000 1.412160397 0.072806947 2.501654387 -0.006236349 0.899418533 -0.018346267 0.436658829
1756482561840091904.000000 1.413827896 0.073216334 2.499292612 -0.005774124 0.901951194 -0.019343406 0.431365907
1756482561873433344.000000 1.416172743 0.072742157 2.496632814 -0.005926313 0.904308319 -0.019610878 0.426387995
1756482561906775040.000000 1.418660641 0.072355032 2.493778706 -0.006104944 0.906655252 -0.019634919 0.421370953
1756482561940116224.000000 1.421190262 0.072393000 2.491134644 -0.006264565 0.908997118 -0.019484175 0.416299671
1756482561973457664.000000 1.423319340 0.072315186 2.487513781 -0.006150750 0.911228120 -0.019522203 0.411393195
1756482562006798848.000000 1.425255537 0.072094858 2.484593868 -0.006080358 0.913567424 -0.019669877 0.406165957
1756482562040140032.000000 1.427333832 0.072199017 2.481825829 -0.006170429 0.915830195 -0.019831752 0.401028395
1756482562073481472.000000 1.429039001 0.071905889 2.478518009 -0.005963915 0.918113887 -0.019525127 0.395790696
1756482562106822656.000000 1.431602716 0.072087377 2.475203514 -0.006007544 0.920356214 -0.018876610 0.390579253
1756482562140164096.000000 1.434074163 0.072424226 2.471440792 0.006783675 -0.922500134 0.018680891 -0.385484844
1756482562173505536.000000 1.436401844 0.070927851 2.468080997 -0.007658387 0.924678445 -0.016886016 0.380297214
1756482562206846976.000000 1.438403130 0.071005873 2.464673042 -0.007809994 0.926703095 -0.016284216 0.375360191
1756482562240187136.000000 1.440099955 0.070903286 2.460623026 -0.007403000 0.928626835 -0.015909888 0.370599985
1756482562273528576.000000 1.441773415 0.070964932 2.457688332 0.006914264 -0.930579841 0.016388344 -0.365656704
1756482562306870016.000000 1.443010807 0.071025476 2.454258442 0.006533353 -0.932682276 0.016369317 -0.360268176
1756482562340211200.000000 1.444243431 0.070523046 2.451675892 0.006311192 -0.934767425 0.017324464 -0.354781538
1756482562373552384.000000 1.445549726 0.070248261 2.448378801 0.005999025 -0.936775088 0.017957306 -0.349419564
1756482562406893568.000000 1.446717739 0.069954678 2.445760965 0.005599040 -0.938808441 0.018429892 -0.343900681
1756482562440235008.000000 1.448594093 0.070069507 2.439977646 -0.005180788 0.940599442 -0.019056326 0.338943541
1756482562473576192.000000 1.450206280 0.069140106 2.437037706 -0.005123750 0.942570508 -0.018323574 0.333464980
1756482562506917120.000000 1.452355385 0.068687692 2.433811426 -0.005745565 0.944441319 -0.017841624 0.328145266
1756482562540258560.000000 1.454624414 0.068466105 2.429959297 -0.006353875 0.946394324 -0.016603800 0.322524190
1756482562573599744.000000 1.456734419 0.068509117 2.426332474 -0.006902562 0.948267817 -0.015720546 0.317007184
1756482562606940928.000000 1.456942081 0.070547096 2.420441151 0.006458576 -0.949831247 0.015694141 -0.312302113
1756482562640282112.000000 1.458647490 0.070179380 2.417987108 0.006477047 -0.951597452 0.015960639 -0.306864232
1756482562673623552.000000 1.459949732 0.070278704 2.414869308 0.006161722 -0.953307092 0.016627574 -0.301481783
1756482562706963456.000000 1.461024284 0.069634013 2.411989212 0.005567022 -0.955004454 0.017527921 -0.296020776
1756482562740304896.000000 1.461931229 0.069545396 2.408800840 0.005304508 -0.956491828 0.018743625 -0.291108131
1756482562773646336.000000 1.462774992 0.069756418 2.403907776 0.004998841 -0.957905114 0.019700360 -0.286364734
1756482562806987264.000000 1.464087963 0.069104351 2.402737617 -0.005476967 0.959654450 -0.019843964 0.280427456
1756482562840328704.000000 1.466156960 0.068830743 2.400383234 -0.005909953 0.961354434 -0.019282784 0.274574041
1756482562873669632.000000 1.467848301 0.069156557 2.396900177 -0.006168451 0.962983251 -0.018769676 0.268836498
1756482562907011072.000000 1.469316244 0.069135465 2.393155098 -0.006813341 0.964499950 -0.017598398 0.263407856
1756482562940352256.000000 1.470505714 0.069059007 2.389223814 -0.006978218 0.965909541 -0.016778897 0.258241415
1756482562973693440.000000 1.471624613 0.068898395 2.382820368 0.007203723 -0.967127860 0.016097553 -0.253678381
1756482563007034880.000000 1.473209858 0.068643361 2.380278349 0.006980495 -0.968556285 0.016618837 -0.248140752
1756482563040375808.000000 1.474277496 0.068515502 2.377291679 0.006776738 -0.969912410 0.017765624 -0.242710441
1756482563073716992.000000 1.474951029 0.068315700 2.375260353 0.006592487 -0.971288919 0.019289760 -0.237028167
1756482563107058176.000000 1.475576639 0.068655543 2.372388840 0.005998581 -0.972708762 0.020863211 -0.231011912
1756482563140398592.000000 1.474369764 0.067396693 2.367452860 -0.005363229 0.973760307 -0.020894621 0.226551503
1756482563173739520.000000 1.474940300 0.066549264 2.364233494 -0.005703336 0.975152373 -0.020396734 0.220520794
1756482563207080960.000000 1.476080656 0.065321758 2.361643791 -0.006774355 0.976501703 -0.019133860 0.214551896
1756482563240421888.000000 1.477381229 0.065136902 2.357539415 -0.007328776 0.977730513 -0.017434955 0.209010661
1756482563273763072.000000 1.478918314 0.067733005 2.350846052 0.006916424 -0.978814483 0.017840825 -0.203853324
1756482563307104512.000000 1.478652477 0.067572668 2.345654488 0.006016367 -0.979836881 0.017539959 -0.198936984
1756482563340445440.000000 1.479060888 0.067503974 2.342490911 0.005744549 -0.980919540 0.017938228 -0.193499759
1756482563373786368.000000 1.479232073 0.067306146 2.339103222 0.005659415 -0.981972694 0.017657965 -0.188111141
1756482563407127296.000000 1.479341030 0.067313202 2.335353136 0.005623143 -0.982976794 0.017071880 -0.182848588
1756482563440468480.000000 1.479657650 0.067179918 2.331583738 0.005183877 -0.983950377 0.017651517 -0.177491516
1756482563473809152.000000 1.480442286 0.067670330 2.327297688 -0.005444615 0.984899700 -0.018818544 0.172013924
1756482563507150336.000000 1.480772972 0.067700967 2.323817253 -0.005106981 0.985812843 -0.019353608 0.166650489
1756482563540491008.000000 1.480956793 0.067348868 2.320568085 -0.005572487 0.986734748 -0.018814238 0.161150515
1756482563573831424.000000 1.481129646 0.067361437 2.316911697 -0.005768514 0.987648964 -0.018473435 0.155483305
1756482563607172096.000000 1.482346773 0.067628808 2.310843945 -0.005695013 0.988613129 -0.017909711 0.149301574
1756482563640513280.000000 1.482547760 0.067183383 2.306901932 -0.005888603 0.989542365 -0.018040009 0.142988876
1756482563673854208.000000 1.482887268 0.067065164 2.302554846 -0.006063078 0.990259767 -0.018236257 0.137899548
1756482563707195136.000000 1.482542753 0.066305935 2.298806190 -0.006026064 0.990439415 -0.018109402 0.136621788
1756482563740536064.000000 1.484271288 0.067098930 2.294969559 0.006119808 -0.990267932 0.016867848 -0.138012394
1756482563773876992.000000 1.485001087 0.067860864 2.291044474 0.006156522 -0.989794254 0.016213546 -0.141444966
1756482563807217920.000000 1.485823393 0.067012645 2.290972471 0.005446458 -0.989582717 0.017005248 -0.142853945
1756482563840558592.000000 1.486096621 0.066577464 2.288966179 0.005584027 -0.989498079 0.017755983 -0.143343017
1756482563873899776.000000 1.486737728 0.066412240 2.286857367 0.005288449 -0.989468694 0.019133130 -0.143379450
1756482563907240448.000000 1.487408638 0.064195782 2.286348820 0.005573813 -0.989566922 0.018685920 -0.142748356
1756482563940581376.000000 1.488012314 0.062834933 2.284252644 0.005915760 -0.989638925 0.018326016 -0.142281190
1756482563973922304.000000 1.490603447 0.066469505 2.276088238 -0.005989426 0.989654720 -0.018978339 0.142082438
1756482564007263232.000000 1.492316723 0.066592231 2.272510052 -0.006357439 0.989724100 -0.017939998 0.141717777
1756482564040602880.000000 1.492493629 0.066260301 2.269144058 0.006365720 -0.989645541 0.018258970 -0.142224804
1756482564073943808.000000 1.493288040 0.066090778 2.266380787 0.006143917 -0.989549160 0.018520378 -0.142870098
1756482564107284992.000000 1.494042397 0.066096157 2.263690472 0.005803118 -0.989443660 0.018974861 -0.143553242
1756482564140625664.000000 1.495075703 0.065710105 2.261360168 0.005308312 -0.989397824 0.018916722 -0.143895656
1756482564173966592.000000 1.496192217 0.065698594 2.258282185 0.005030264 -0.989397764 0.019039134 -0.143889949
1756482564207307264.000000 1.497429609 0.065669239 2.254907846 0.005218421 -0.989431977 0.018570744 -0.143708825
1756482564240648448.000000 1.498872042 0.065859035 2.251772404 0.005356974 -0.989528179 0.017966485 -0.143117502
1756482564273989120.000000 1.498692513 0.066565558 2.246204853 0.005998658 -0.989565015 0.017338591 -0.142914698
1756482564307330048.000000 1.499931097 0.066505529 2.242951393 0.006248403 -0.990267992 0.017607214 -0.137914225
1756482564340670464.000000 1.502093315 0.065440193 2.241554976 0.006232262 -0.991515398 0.017078111 -0.128712118
1756482564374011392.000000 1.499036789 0.067255422 2.234997749 0.005738357 -0.992213666 0.018851388 -0.122979328
1756482564407351552.000000 1.498898029 0.066230655 2.231327295 -0.005651288 0.992797673 -0.019754043 0.118028700
1756482564440691968.000000 1.498604536 0.065904513 2.228668928 -0.005224694 0.993367195 -0.020333553 0.113052785
1756482564474031104.000000 1.498342752 0.065333568 2.225565434 -0.004776780 0.993776679 -0.020316720 0.109418146
1756482564507371776.000000 1.498588800 0.064883642 2.222119331 -0.004905090 0.993768513 -0.019575398 0.109621808
1756482564540712192.000000 1.500298262 0.065595463 2.217527866 -0.005175079 0.993654191 -0.018949062 0.110749848
1756482564574052608.000000 1.501210451 0.065835625 2.214106083 -0.005567912 0.993580043 -0.017953344 0.111559123
1756482564607392768.000000 1.501786470 0.065934300 2.210366726 -0.005617279 0.993596435 -0.017153786 0.111536376
1756482564640733184.000000 1.502441406 0.065639094 2.207120180 -0.005355094 0.993645191 -0.016699525 0.111183569
1756482564674073344.000000 1.502785444 0.065376237 2.203681946 -0.004988813 0.993708849 -0.016580380 0.110648200
1756482564707414016.000000 1.503760338 0.065342322 2.200722218 0.005384153 -0.993763089 0.016797449 -0.110108539
1756482564740754176.000000 1.504826307 0.065155670 2.197985172 0.005269445 -0.993749738 0.017648678 -0.110100910
1756482564774094592.000000 1.505363464 0.064569943 2.195696592 0.004952886 -0.993653178 0.018513413 -0.110843122
1756482564807434752.000000 1.505893469 0.064289600 2.192930222 0.004311684 -0.993541241 0.019450091 -0.111709535
1756482564840775168.000000 1.506625175 0.064154834 2.190307140 0.004312543 -0.993447423 0.019460248 -0.112538978
1756482564874115328.000000 1.507431746 0.064116567 2.187780380 0.004122774 -0.993425131 0.019262325 -0.112776630
1756482564907454464.000000 1.507436752 0.064175874 2.182039261 -0.003888038 0.993321657 -0.018830292 0.113764688
1756482564940794880.000000 1.508303404 0.064453639 2.177856207 -0.004233328 0.993385315 -0.017819803 0.113358460
1756482564974135040.000000 1.509311438 0.064562187 2.174095631 -0.004696585 0.993500888 -0.017225130 0.112415314
1756482565007475456.000000 1.509931803 0.064621806 2.170632601 -0.005009009 0.993560672 -0.017409500 0.111844160
1756482565040815616.000000 1.510479689 0.064315736 2.167280197 -0.005100064 0.993601203 -0.017423440 0.111477509
1756482565074155776.000000 1.511536837 0.063491687 2.165214539 0.004724167 -0.993656814 0.017569555 -0.110973805
1756482565107495936.000000 1.511485815 0.064242482 2.160699129 0.004752886 -0.993582249 0.017668271 -0.111622773
1756482565140836352.000000 1.511606216 0.064472914 2.157227039 0.004831880 -0.993506312 0.017408902 -0.112333931
1756482565174176512.000000 1.512706995 0.064705893 2.153852940 0.005016583 -0.993442476 0.017102910 -0.112935394
1756482565207516672.000000 1.513741016 0.065022632 2.150532246 0.004759574 -0.993384302 0.017103495 -0.113457315
1756482565240856832.000000 1.514459848 0.064902537 2.147538185 0.004355947 -0.993308783 0.017122142 -0.114129543
1756482565274196992.000000 1.514872313 0.064105392 2.144738197 0.003878607 -0.993279219 0.017027855 -0.114418127
1756482565307537152.000000 1.515901804 0.063304648 2.142133236 0.003795175 -0.993308306 0.017404579 -0.114110850
1756482565340877824.000000 1.516374111 0.062979363 2.139211655 0.003365234 -0.993305504 0.017669063 -0.114107922
1756482565374217472.000000 1.516903162 0.062962219 2.136247873 0.002811115 -0.993353486 0.018308170 -0.113603920
1756482565407558400.000000 1.515949726 0.063275486 2.131856441 -0.001882153 0.993581295 -0.019745056 0.111368425
1756482565440899072.000000 1.516340494 0.063521743 2.127425671 -0.002261759 0.994355500 -0.019273670 0.104310021
1756482565474240000.000000 1.516386747 0.063836329 2.122466087 -0.002685095 0.995310485 -0.018115619 0.094982408
1756482565507580672.000000 1.516139984 0.064298742 2.118565559 -0.003181305 0.996058524 -0.018341908 0.086722858
1756482565540921600.000000 1.515324354 0.064564750 2.114571810 -0.002767280 0.996604502 -0.018641142 0.080152482
1756482565574262272.000000 1.514859915 0.062837996 2.112345219 -0.002776352 0.997041345 -0.019203402 0.074378222
1756482565607603200.000000 1.514606476 0.063312240 2.108587265 -0.002683309 0.997428954 -0.020033268 0.068753019
1756482565640943872.000000 1.513975859 0.063399501 2.104685307 -0.002392226 0.997769713 -0.020593561 0.063449807
1756482565674284800.000000 1.513308048 0.063244790 2.100624561 -0.002548124 0.998032331 -0.020428469 0.059225675
1756482565707625472.000000 1.513190389 0.062920600 2.097018957 -0.002350189 0.998092115 -0.020077903 0.058339264
1756482565740966400.000000 1.514446735 0.062754884 2.092866421 -0.002632807 0.998059392 -0.018447785 0.059416424
1756482565774307072.000000 1.515109539 0.062830240 2.089586973 -0.003076842 0.997966886 -0.016922571 0.061370544
1756482565807646720.000000 1.515604973 0.062843665 2.086627483 -0.002424020 0.997906923 -0.017544867 0.062195186
1756482565840987392.000000 1.516010880 0.062335119 2.084600449 -0.002138350 0.997855186 -0.019303408 0.062512808
1756482565874328320.000000 1.516191721 0.062199991 2.082246542 0.002419856 -0.997791827 0.021473918 -0.062804736
1756482565907669248.000000 1.516706109 0.061609849 2.080306292 0.002493800 -0.997802854 0.022348814 -0.062321063
1756482565941009664.000000 1.517392635 0.061035622 2.078107357 0.002684785 -0.997811258 0.022631612 -0.062075518
1756482565974350592.000000 1.518103719 0.060787797 2.074876547 0.002757239 -0.997825205 0.022157913 -0.062019970
1756482566007691264.000000 1.518555164 0.060329564 2.071502686 0.002551744 -0.997793555 0.021362821 -0.062811285
1756482566041032192.000000 1.518312454 0.061688341 2.065346956 -0.002176312 0.997712135 -0.020653747 0.064336732
1756482566074372864.000000 1.518496037 0.061662126 2.061342239 -0.001651088 0.997685194 -0.019351263 0.065170035
1756482566107713536.000000 1.518524170 0.061585598 2.057631731 -0.001555733 0.997702003 -0.018183013 0.065251313
1756482566141054208.000000 1.519182920 0.061853632 2.053703547 -0.001766669 0.997747838 -0.017577874 0.064708821
1756482566174394880.000000 1.520140409 0.061944488 2.049708366 -0.002287975 0.997805238 -0.017890461 0.063714847
1756482566207735552.000000 1.520322561 0.061697915 2.046962261 0.002757336 -0.997868717 0.017899919 -0.062690623
1756482566241075200.000000 1.520621300 0.061085586 2.044739246 0.002733023 -0.997877061 0.018602205 -0.062353425
1756482566307756544.000000 1.521325469 0.059716880 2.039722204 0.002828169 -0.997786105 0.019679554 -0.063464083
1756482566341097216.000000 1.522295952 0.059390359 2.036932230 0.003057256 -0.997737169 0.020155348 -0.064069860
1756482566374437632.000000 1.522994041 0.059160516 2.033765316 0.002944100 -0.997710884 0.020604180 -0.064342357
1756482566407777536.000000 1.523684978 0.059069488 2.030115128 0.003089499 -0.997723877 0.020422915 -0.064191706
1756482566441117952.000000 1.524085522 0.059106447 2.026910067 0.003409516 -0.997721136 0.020121500 -0.064312555
1756482566474458112.000000 1.524890423 0.059188183 2.023032188 0.003627979 -0.997740924 0.019151909 -0.064290144
1756482566507798528.000000 1.524479628 0.061134242 2.018444300 -0.003335598 0.997701406 -0.019633964 0.064771347
1756482566541138688.000000 1.523889542 0.061985873 2.015786648 -0.003385225 0.997704983 -0.019235909 0.064833656
1756482566574478848.000000 1.524277925 0.061925150 2.012817621 -0.003658385 0.997715592 -0.019724768 0.064507723
1756482566607819008.000000 1.524818182 0.061581194 2.009445667 -0.003890861 0.997717321 -0.019940691 0.064400971
1756482566641159424.000000 1.525392532 0.061604880 2.006043911 -0.003617019 0.997690976 -0.020230683 0.064733677
1756482566674499584.000000 1.526583433 0.060701579 2.002562046 0.004024550 -0.997691572 0.019925913 -0.064794362
1756482566707838464.000000 1.526930809 0.060788918 1.999227762 0.004077938 -0.997658551 0.020295583 -0.065183647
1756482566741178624.000000 1.527818680 0.060515251 1.996030807 0.004358412 -0.997656703 0.020115061 -0.065249376
1756482566774519040.000000 1.528060675 0.059958123 1.993542671 -0.004625863 0.997642279 -0.019753898 0.065561578
1756482566807859200.000000 1.528268337 0.059664544 1.990291715 -0.004829603 0.997625053 -0.019927543 0.065755889
1756482566841199104.000000 1.528888941 0.059630126 1.987017035 -0.004653167 0.997613609 -0.020019330 0.065914214
1756482566874539520.000000 1.529196978 0.059511650 1.984180331 -0.004673815 0.997584105 -0.019672439 0.066461802
1756482566907879680.000000 1.529453516 0.059500128 1.981217265 -0.004132378 0.997542381 -0.019929092 0.067044906
1756482566974559744.000000 1.529751539 0.059394762 1.974779248 0.003796527 -0.997534811 0.021111580 -0.066815168
1756482567007900160.000000 1.530298471 0.059327353 1.971741438 0.004089382 -0.997572243 0.022134241 -0.065901324
1756482567041240320.000000 1.530579805 0.059137583 1.969286561 0.004566415 -0.997605503 0.022612808 -0.065200098
1756482567074580480.000000 1.531073809 0.058957465 1.965985298 0.004911686 -0.997628987 0.022206644 -0.064955324
1756482567107920384.000000 1.531436682 0.058952384 1.962304592 0.004889138 -0.997605026 0.021654345 -0.065510012
1756482567141259520.000000 1.531659603 0.058606304 1.958774686 0.004950095 -0.997557104 0.020918150 -0.066466905
1756482567174599680.000000 1.532081127 0.058289498 1.955600500 0.004520634 -0.997500598 0.020618014 -0.067431696
1756482567207939584.000000 1.532324553 0.058224063 1.952376127 0.004329956 -0.997465909 0.020934321 -0.067858890
1756482567241279744.000000 1.533042431 0.058348276 1.949483275 0.004584698 -0.997478247 0.021309996 -0.067543082
1756482567274619904.000000 1.534238577 0.058955524 1.945579529 -0.005406606 0.997502625 -0.021478811 0.067067370
1756482567307960064.000000 1.534539938 0.058889642 1.942012310 -0.005427770 0.997500420 -0.020724334 0.067334644
1756482567341300480.000000 1.534997463 0.059030175 1.938680768 -0.005343945 0.997469902 -0.020118043 0.067975603
1756482567374641920.000000 1.535053730 0.059253491 1.934906840 -0.005059805 0.997425377 -0.019822344 0.068732917
1756482567441324544.000000 1.535685778 0.059180256 1.928971529 -0.005021712 0.997371435 -0.021661812 0.068962559
1756482567474665984.000000 1.535710812 0.057816982 1.926896095 0.004739720 -0.997352719 0.022494437 -0.068986557
1756482567508007168.000000 1.536544800 0.058154535 1.923247457 0.004637492 -0.997349441 0.022408284 -0.069069266
1756482567541348352.000000 1.536643505 0.057959206 1.920464754 0.004535798 -0.997318149 0.022082798 -0.069630474
1756482567574688768.000000 1.537626743 0.057935536 1.916666865 0.004593131 -0.997325718 0.021229034 -0.069783404
1756482567608030208.000000 1.538174391 0.057777889 1.912950635 0.004551772 -0.997352779 0.020585388 -0.069591574
1756482567641371136.000000 1.538741350 0.058169313 1.909030676 0.004473066 -0.997379184 0.020554220 -0.069226913
1756482567674712576.000000 1.538803339 0.057371862 1.906697989 -0.004940027 0.997393489 -0.021023758 0.068846621
1756482567708054016.000000 1.538828373 0.057302352 1.903745532 -0.004927039 0.997390985 -0.021328522 0.068790682
1756482567741395200.000000 1.538557053 0.056821905 1.901187301 -0.004590229 0.997383118 -0.021122703 0.068990342
1756482567774736640.000000 1.538749456 0.056583665 1.898245931 -0.004522863 0.997352898 -0.020956149 0.069481179
1756482567808077824.000000 1.539295912 0.056502633 1.894990206 -0.004662030 0.997313142 -0.021068258 0.070006706
1756482567841419520.000000 1.539951563 0.056378677 1.891288638 0.004562742 -0.997294247 0.021338755 -0.070199743
1756482567908102144.000000 1.540501356 0.056377538 1.884624600 0.004440688 -0.997295737 0.021658082 -0.070088699
1756482567941443328.000000 1.540743589 0.056199063 1.881203532 0.004186308 -0.997336090 0.020970335 -0.069739051
1756482567974784512.000000 1.541689157 0.057165630 1.877082586 -0.004144302 0.997370839 -0.020807149 0.069291160
1756482568008125952.000000 1.542365074 0.057215326 1.873561263 -0.004424644 0.997427225 -0.020449132 0.068566129
1756482568041466112.000000 1.542925358 0.057188913 1.869844556 -0.004950615 0.997467875 -0.020162486 0.068020292
1756482568074807552.000000 1.543245077 0.057245865 1.866185665 -0.005095358 0.997498989 -0.019754449 0.067672253
1756482568108148736.000000 1.543386459 0.057225399 1.862514853 -0.005022732 0.997474492 -0.019197464 0.068198077
1756482568141490176.000000 1.543789864 0.057233922 1.858777165 -0.004899216 0.997439384 -0.018790897 0.068830378
1756482568174831872.000000 1.544449806 0.057213068 1.856290460 0.004588450 -0.997431934 0.018744873 -0.068972193
1756482568208173056.000000 1.544962406 0.056638785 1.853780866 0.004961607 -0.997438967 0.019147905 -0.068733558
1756482568241514496.000000 1.545135021 0.056744140 1.851194739 0.004608709 -0.997424841 0.020361148 -0.068614490
1756482568274855680.000000 1.545134306 0.056562126 1.848652244 0.004345579 -0.997420311 0.020954261 -0.068518676
1756482568308197120.000000 1.545096636 0.056208178 1.844597936 -0.004335216 0.997397304 -0.021294655 0.068748534
1756482568341538304.000000 1.545621872 0.055878080 1.841343641 -0.004632350 0.997396231 -0.021182280 0.068780258
1756482568374879488.000000 1.546407223 0.055528060 1.839235306 0.004779549 -0.997425020 0.020461064 -0.068569914
1756482568408220416.000000 1.546143293 0.055224508 1.834678173 -0.005010867 0.997422755 -0.019921051 0.068745278
1756482568441561344.000000 1.546665430 0.055912368 1.830781460 -0.004925760 0.997431099 -0.019501124 0.068750620
1756482568474901760.000000 1.547185183 0.055750564 1.826980352 -0.005065117 0.997457266 -0.018784385 0.068560891
1756482568508242688.000000 1.546963453 0.055186424 1.824051261 0.005509732 -0.997452497 0.018110879 -0.068776488
1756482568541583872.000000 1.547909021 0.054655604 1.820695400 0.005132318 -0.997452378 0.018298537 -0.068758160
1756482568574924800.000000 1.548422098 0.053846017 1.817298412 0.004896248 -0.997488678 0.018662916 -0.068147771
1756482568608265728.000000 1.547106028 0.055323172 1.814571023 -0.003994361 0.997656584 -0.020899989 0.065028183
1756482568641606912.000000 1.546797752 0.055389941 1.810714960 -0.003904466 0.998076499 -0.020655459 0.058321927
1756482568674947840.000000 1.545638800 0.055508442 1.806266546 -0.003434089 0.998506844 -0.018738676 0.051198516
1756482568708289024.000000 1.544957519 0.055840865 1.802067637 -0.004180410 0.998610377 -0.019025132 0.048968527
1756482568774971136.000000 1.545628190 0.055003405 1.796830535 -0.003579460 0.998476982 -0.018808305 0.051743060
1756482568808312064.000000 1.546010733 0.054686338 1.793724418 0.003739730 -0.998379588 0.019618921 -0.053286184
1756482568841652992.000000 1.546722293 0.054970384 1.790628076 0.003664403 -0.998358965 0.019666884 -0.053659078
1756482568874993920.000000 1.547423482 0.055084784 1.787399769 0.003528356 -0.998351634 0.019764572 -0.053767275
1756482568908334336.000000 1.548031330 0.055005215 1.783709407 0.003329177 -0.998373985 0.019353354 -0.053513963
1756482568941675264.000000 1.548268199 0.055014089 1.779679537 0.003238015 -0.998398006 0.019290227 -0.053092334
1756482568975016448.000000 1.548464894 0.054836225 1.776186943 0.003564112 -0.998434186 0.019508602 -0.052306384
1756482569008357376.000000 1.548356056 0.053849801 1.774501681 -0.003709967 0.998471141 -0.019554533 0.051569033
1756482569041698304.000000 1.548559904 0.053688906 1.771329880 -0.003677147 0.998498380 -0.019474028 0.051071085
1756482569075039488.000000 1.548636794 0.053502455 1.767765164 -0.003691887 0.998514950 -0.018317031 0.051174097
1756482569108380416.000000 1.549246192 0.053369202 1.763935804 -0.003909700 0.998515189 -0.017332073 0.051496066
1756482569175062528.000000 1.549473047 0.053437591 1.758894444 -0.003499079 0.998472214 -0.018787224 0.051847555
1756482569208403712.000000 1.549332857 0.052998774 1.755550623 0.003235687 -0.998439431 0.020042162 -0.052024867
1756482569241744640.000000 1.548973799 0.052606262 1.753444314 0.003042813 -0.998418808 0.020758444 -0.052151307
1756482569275085568.000000 1.549140573 0.051828012 1.750567794 0.002941799 -0.998414218 0.020537736 -0.052332859
1756482569308426496.000000 1.549368262 0.051893257 1.747469664 0.002853424 -0.998395860 0.020162320 -0.052830365
1756482569341767936.000000 1.550233841 0.051725380 1.743678808 0.002767951 -0.998412907 0.019096807 -0.052910365
1756482569375108864.000000 1.550736427 0.051622111 1.739879727 0.003094832 -0.998478293 0.018083712 -0.052005161
1756482569408450816.000000 1.550894499 0.053348366 1.734494686 -0.003411682 0.998519659 -0.018240439 0.051129680
1756482569441793024.000000 1.550843954 0.053435974 1.730889201 -0.003281206 0.998563528 -0.018397091 0.050216306
1756482569475134976.000000 1.551404119 0.053413060 1.727684021 -0.003684861 0.998588145 -0.018558325 0.049636722
1756482569508476928.000000 1.551195741 0.053223550 1.725236535 -0.003566926 0.998568535 -0.018989976 0.049875349
1756482569575161344.000000 1.551595330 0.053028028 1.719292402 -0.003651474 0.998507500 -0.019722858 0.050799850
1756482569608503040.000000 1.552528262 0.052544471 1.715967417 0.003454836 -0.998483598 0.020162612 -0.051108316
1756482569641845248.000000 1.552852869 0.052148219 1.713369846 0.003502442 -0.998493850 0.019999469 -0.050969794
1756482569675187456.000000 1.553112030 0.051920276 1.710811138 0.003867685 -0.998521388 0.019451002 -0.050614953
1756482569708529152.000000 1.553655982 0.051670954 1.707913160 0.004224636 -0.998549044 0.018964291 -0.050223544
1756482569741871360.000000 1.553752661 0.051513638 1.705054879 0.004234600 -0.998536050 0.019429175 -0.050303418
1756482569775213568.000000 1.553802967 0.051297452 1.702255130 0.004059951 -0.998513877 0.019925119 -0.050562415
1756482569808554496.000000 1.553688645 0.052682213 1.698587060 -0.004290048 0.998482525 -0.020692088 0.050853781
1756482569841896704.000000 1.554045200 0.052825361 1.695667505 -0.004305259 0.998471797 -0.020971170 0.050949633
1756482569875238656.000000 1.554484725 0.052631363 1.692363739 -0.004495772 0.998474538 -0.020447703 0.051092163
1756482569908580864.000000 1.555122018 0.052845597 1.688646555 -0.004912731 0.998485565 -0.019898020 0.051054284
1756482569941922816.000000 1.555338383 0.053086609 1.685510516 -0.005011149 0.998476684 -0.019675015 0.051303703
1756482570008607232.000000 1.554919004 0.051970687 1.679072499 0.004032898 -0.998372197 0.020911995 -0.052911051
1756482570041949184.000000 1.555320978 0.051088631 1.677455544 0.003221183 -0.998326957 0.021834774 -0.053444114
1756482570075291136.000000 1.555353045 0.050641209 1.675207257 0.002892876 -0.998278677 0.022910859 -0.053911205
1756482570108633600.000000 1.555632710 0.050520837 1.671802402 0.002925446 -0.998307884 0.022512013 -0.053536657
1756482570141975552.000000 1.556508064 0.050306618 1.668788910 0.003104927 -0.998365879 0.021702508 -0.052773893
1756482570175317760.000000 1.556133628 0.051878396 1.663825512 -0.003401536 0.998432159 -0.020551531 0.051955458
1756482570208659968.000000 1.556353450 0.051932588 1.659900784 -0.003690233 0.998481750 -0.019481009 0.051390979
1756482570242001152.000000 1.556452751 0.051643804 1.656216621 -0.003798968 0.998501062 -0.018486310 0.051376250
1756482570275343104.000000 1.556549072 0.051866673 1.652558327 -0.003742178 0.998491287 -0.018090898 0.051710330
1756482570308685312.000000 1.556767464 0.051915474 1.649448991 -0.003669442 0.998431325 -0.018760515 0.052626997
1756482570342027520.000000 1.556987286 0.051301040 1.646343589 0.003176964 -0.998391032 0.020119775 -0.052919682
1756482570375368960.000000 1.557036161 0.050782815 1.644042969 0.002906968 -0.998370707 0.020754799 -0.053073131
1756482570408710400.000000 1.556921005 0.050283253 1.641536951 0.002522108 -0.998348951 0.020719543 -0.053513940
1756482570442051840.000000 1.557287097 0.050105553 1.638560534 0.002294519 -0.998327732 0.020322256 -0.054069918
1756482570475393280.000000 1.557262301 0.050446961 1.635538936 0.001847735 -0.998311996 0.020023795 -0.054487731
1756482570508734976.000000 1.557610869 0.049938973 1.632460117 0.001783319 -0.998335779 0.019436948 -0.054265115
1756482570542076416.000000 1.558606029 0.049636867 1.628762841 -0.001851984 0.998390675 -0.019280240 0.053301010
1756482570575418112.000000 1.558369279 0.049911384 1.625011921 -0.001924651 0.998429000 -0.019049553 0.052660488
1756482570642100992.000000 1.558661222 0.049530942 1.618662119 -0.002037050 0.998469174 -0.018758345 0.051993761
1756482570675442688.000000 1.558996320 0.049536653 1.615065813 -0.002009179 0.998452187 -0.018186076 0.052522074
1756482570708783104.000000 1.559659243 0.049840514 1.611148119 -0.002025600 0.998444974 -0.017329421 0.052945230
1756482570742124800.000000 1.560118556 0.049793445 1.607611895 -0.001884416 0.998461723 -0.016537543 0.052889146
1756482570775466240.000000 1.559872150 0.049620997 1.605150104 0.002147698 -0.998467743 0.016593840 -0.052747600
1756482570808807936.000000 1.559977293 0.049618822 1.601934552 0.002111606 -0.998483598 0.017214578 -0.052246310
1756482570842149376.000000 1.560583830 0.049046118 1.599406719 0.002188907 -0.998508930 0.017477524 -0.051669594
1756482570875490816.000000 1.560930848 0.049062923 1.596501827 0.002371425 -0.998501837 0.018167214 -0.051560663
1756482570908832512.000000 1.560238004 0.049768586 1.591632247 -0.002043163 0.998453319 -0.019288449 0.052105222
1756482570942173952.000000 1.560532331 0.049972609 1.588929415 -0.002163590 0.998426139 -0.020127758 0.052301541
1756482571008857344.000000 1.560819030 0.050033364 1.583029389 -0.001888981 0.998369575 -0.021216702 0.052958086
1756482571042198784.000000 1.560975313 0.050162040 1.580175757 -0.001871010 0.998364508 -0.020899560 0.053180363
1756482571075540224.000000 1.561662793 0.049948446 1.576308489 -0.001832428 0.998385906 -0.019750223 0.053218752
1756482571108881920.000000 1.562125683 0.049499180 1.573492169 0.001896677 -0.998410761 0.018220784 -0.053295910
1756482571175564032.000000 1.561402202 0.048898581 1.566519976 0.001430898 -0.998467982 0.016926274 -0.052661438
1756482571208905472.000000 1.561896801 0.049101152 1.563613653 0.001730567 -0.998505771 0.017737323 -0.051660500
1756482571242247168.000000 1.562075377 0.049039423 1.560678005 0.001732203 -0.998474061 0.019400943 -0.051674064
1756482571275588864.000000 1.561806560 0.048794419 1.558036208 0.001787857 -0.998430312 0.020238908 -0.052194137
1756482571308930304.000000 1.561900377 0.048531137 1.555467963 0.001609101 -0.998388290 0.020636365 -0.052843638
1756482571342272256.000000 1.562358618 0.048271559 1.552061319 0.001570297 -0.998392940 0.020228568 -0.052914649
1756482571408956416.000000 1.563445449 0.047987368 1.544011474 0.002136037 -0.998526335 0.017443117 -0.051346269
1756482571442298880.000000 1.563784957 0.048255999 1.539454579 0.002263105 -0.998563588 0.016190335 -0.051024932
1756482571475640832.000000 1.563642383 0.048383366 1.536199093 0.002116565 -0.998581171 0.015382738 -0.050936755
1756482571508983040.000000 1.564014912 0.048457231 1.533003926 0.002172554 -0.998546422 0.015378689 -0.051613126
1756482571575666688.000000 1.564881682 0.048204541 1.528070807 0.001837317 -0.998490989 0.017967032 -0.051860549
1756482571609008896.000000 1.564381242 0.048030280 1.524374366 0.001625697 -0.998492062 0.019191414 -0.051408105
1756482571642351104.000000 1.564670444 0.047608558 1.521332741 -0.001985299 0.998470485 -0.019936277 0.051530581
1756482571675693312.000000 1.565378904 0.047464196 1.518309951 -0.001849675 0.998458147 -0.019752819 0.051843982
1756482571709035520.000000 1.565780044 0.047525331 1.514721155 -0.001827828 0.998470485 -0.018455278 0.052085381
1756482571775720192.000000 1.567430258 0.047889426 1.506371379 -0.002297602 0.998548806 -0.015564908 0.051505957
1756482571809062400.000000 1.567492485 0.048143480 1.502519131 -0.002392174 0.998561561 -0.015306369 0.051329874
1756482571842404864.000000 1.567648053 0.048399389 1.499147296 -0.002142112 0.998549223 -0.015759535 0.051446006
1756482571875747072.000000 1.567789555 0.048273195 1.496728182 -0.001385956 0.998519778 -0.016182607 0.051908903
1756482571909089280.000000 1.567816138 0.048647802 1.493569851 0.000917204 -0.998516500 0.016420249 -0.051908236
1756482571942431744.000000 1.567226291 0.046960872 1.490577459 0.001286190 -0.998560131 0.015700581 -0.051279679
1756482571975773696.000000 1.567119241 0.046846792 1.486906767 0.001850529 -0.998619139 0.015068189 -0.050292943
1756482572009116416.000000 1.567168951 0.046989355 1.483536959 0.002116676 -0.998647392 0.014915186 -0.049765360
1756482572042457856.000000 1.567649484 0.047054209 1.480588198 0.002061300 -0.998660743 0.014720660 -0.049557064
1756482572075800064.000000 1.567838430 0.046942484 1.477534294 0.002031571 -0.998633504 0.014580217 -0.050144631
1756482572142484736.000000 1.568257332 0.046646163 1.470802546 -0.001975149 0.998598814 -0.014270040 0.050920278
1756482572175827200.000000 1.568482161 0.047082596 1.467100739 -0.002303238 0.998607755 -0.014450798 0.050679594
1756482572209169408.000000 1.569447279 0.047173366 1.463184476 -0.002488400 0.998638749 -0.014531855 0.050032753
1756482572242511872.000000 1.569065213 0.046956562 1.461495399 0.002129609 -0.998619318 0.015197922 -0.050239544
1756482572275854336.000000 1.569089890 0.047014717 1.459313393 0.001606942 -0.998585939 0.015369813 -0.050865460
1756482572309196544.000000 1.569505692 0.047011521 1.455949783 0.001532600 -0.998581707 0.015211842 -0.050999586
1756482572342538752.000000 1.569615602 0.046731051 1.452326179 -0.001765531 0.998610020 -0.014632282 0.050605509
1756482572375881216.000000 1.570218682 0.046402335 1.448700070 -0.002236484 0.998663723 -0.013908514 0.049723145
1756482572442565376.000000 1.570763588 0.046800330 1.440956712 -0.002618189 0.998696685 -0.013377246 0.049185324
1756482572475906816.000000 1.571188211 0.047386754 1.437289953 -0.002286081 0.998689353 -0.013343836 0.049360193
1756482572509248768.000000 1.571423173 0.047382046 1.433940768 -0.002259668 0.998691142 -0.012718698 0.049490418
1756482572542590976.000000 1.571879983 0.047433443 1.430537701 0.002857327 -0.998708665 0.012429900 -0.049176540
1756482572575933440.000000 1.572405696 0.047289427 1.427896261 0.003544048 -0.998743534 0.012736981 -0.048339047
1756482572642617600.000000 1.572878361 0.046957586 1.421567321 0.003823020 -0.998756349 0.013866379 -0.047737621
1756482572675960064.000000 1.573184371 0.046479620 1.418595910 0.003642117 -0.998720348 0.013717880 -0.048540927
1756482572709302272.000000 1.573142767 0.046509176 1.415412068 0.003337595 -0.998697996 0.013236541 -0.049153887
1756482572775986688.000000 1.573561668 0.046753995 1.408206105 0.003582934 -0.998720229 0.011612005 -0.049093962
1756482572809328896.000000 1.573684692 0.047288850 1.405237675 -0.003711183 0.998737216 -0.011866107 0.048677392
1756482572842671104.000000 1.573288202 0.046812065 1.400986195 0.003866583 -0.998736382 0.011615982 -0.048741393
1756482572909354752.000000 1.573366880 0.046461351 1.394915819 0.003374945 -0.998664320 0.012722686 -0.049964346
1756482572942696960.000000 1.573687196 0.046529163 1.391663671 0.003427911 -0.998664141 0.013164742 -0.049849454
1756482572976039424.000000 1.574007273 0.046807952 1.388798237 0.003913368 -0.998657703 0.012905634 -0.050010499
1756482573042723840.000000 1.575213194 0.047283214 1.382985353 0.003834755 -0.998180628 0.012718147 -0.058813337
1756482573076066304.000000 1.576304436 0.047140293 1.380143762 0.003763818 -0.997737765 0.012673677 -0.065914102
1756482573109408256.000000 1.578656077 0.046900235 1.377661467 0.003837558 -0.997299492 0.012184571 -0.072322398
1756482573176093184.000000 1.582156301 0.046657953 1.374020576 0.004310505 -0.996305645 0.013676953 -0.084672906
1756482573209435136.000000 1.583412409 0.046634097 1.372099161 0.004083497 -0.995791972 0.014839664 -0.090340994
1756482573242777600.000000 1.584706545 0.045769304 1.369839072 -0.004062604 0.995245337 -0.014916633 0.096165538
1756482573276120064.000000 1.585625887 0.045416903 1.367027044 0.003791711 -0.994728684 0.014591095 -0.101428092
1756482573309462016.000000 1.587070227 0.046982378 1.363509178 -0.003918577 0.994231462 -0.014486223 0.106201455
1756482573376144128.000000 1.591283560 0.046853915 1.357310295 0.005299042 -0.993279576 0.013140131 -0.114869133
1756482573409485312.000000 1.592724085 0.046978459 1.354095578 0.005655352 -0.993131697 0.013675598 -0.116062358
1756482573442826752.000000 1.593906879 0.046471566 1.351203561 0.006243252 -0.993162751 0.013527013 -0.115783393
1756482573476167680.000000 1.593906641 0.046578482 1.348548889 0.005908576 -0.993275344 0.013527450 -0.114831403
1756482573542850048.000000 1.593994617 0.046396974 1.343719006 -0.005570459 0.993210733 -0.015268598 0.115188956
1756482573576191232.000000 1.594558001 0.045790948 1.341105700 -0.005201409 0.993195117 -0.015822941 0.115265541
1756482573609532160.000000 1.595446825 0.046075623 1.336456180 0.005215812 -0.993178785 0.015724879 -0.115418553
1756482573642873344.000000 1.595294952 0.046410915 1.333492517 0.005286956 -0.993139625 0.015601453 -0.115768187
1756482573709555712.000000 1.596661806 0.046150353 1.327382326 0.005496333 -0.993127942 0.015795400 -0.115833022
1756482573742896896.000000 1.597138882 0.046098564 1.324527383 0.005519407 -0.993120551 0.016420176 -0.115808122
1756482573776238080.000000 1.597459793 0.045678809 1.321575880 0.005352895 -0.993162155 0.016973391 -0.115378939
1756482573842919168.000000 1.599489689 0.046178401 1.315830708 0.005374724 -0.993093312 0.017394479 -0.115906455
1756482573876260352.000000 1.600655556 0.045246769 1.313413739 0.005587340 -0.993111014 0.017530303 -0.115724169
1756482573909601536.000000 1.600590467 0.044543348 1.310980439 0.005405818 -0.993066788 0.017573914 -0.116105065
1756482573942942720.000000 1.601420164 0.044406231 1.307647467 0.005526188 -0.993082583 0.018126955 -0.115878835
1756482574009624832.000000 1.602451563 0.044040408 1.302191138 0.005437318 -0.993090987 0.018980049 -0.115674853
1756482574042966016.000000 1.602750063 0.043863650 1.299076557 0.005187982 -0.993046165 0.019013189 -0.116064817
1756482574076306944.000000 1.603732586 0.043682929 1.295721054 0.005102053 -0.993026972 0.019188903 -0.116203547
1756482574109648128.000000 1.604967833 0.043527875 1.292467713 -0.004522801 0.993015349 -0.019232625 0.116319284
1756482574176330496.000000 1.606638432 0.044342645 1.286146760 -0.004670863 0.993137836 -0.019230975 0.115263090
1756482574209671680.000000 1.606909513 0.044416729 1.282851458 -0.004620356 0.993207395 -0.019292794 0.114653945
1756482574243011840.000000 1.607742071 0.044394601 1.279540896 -0.004843784 0.993280232 -0.019375175 0.113997750
1756482574309693696.000000 1.608512163 0.043984998 1.273846269 -0.004451804 0.993317902 -0.019759029 0.113619022
1756482574343035136.000000 1.608906507 0.043980733 1.270859122 -0.004247267 0.993282735 -0.020110507 0.113872349
1756482574409718016.000000 1.609858513 0.043875147 1.264286757 0.004512546 -0.993318260 0.020337000 -0.113511778
1756482574443059712.000000 1.610629082 0.044248652 1.260546327 0.004757945 -0.993337870 0.019533018 -0.113471873
1756482574476401152.000000 1.610881329 0.043792833 1.257280946 0.004775548 -0.993173242 0.019234397 -0.114953190
1756482574543084032.000000 1.613127708 0.043885749 1.252330065 -0.003838696 0.991872787 -0.021601014 0.125328362
1756482574576425472.000000 1.615654230 0.044009089 1.249935865 -0.004732718 0.990899026 -0.021032263 0.132870227
1756482574609766912.000000 1.616649389 0.044307113 1.247842312 -0.004566404 0.989874482 -0.020984514 0.140311733
1756482574676450048.000000 1.620745182 0.044884469 1.243670940 -0.004144649 0.988107145 -0.021282498 0.152230650
1756482574709790208.000000 1.622888088 0.045133643 1.240558505 -0.004107153 0.987329602 -0.020413129 0.157311350
1756482574743131904.000000 1.624875546 0.044428863 1.237918258 -0.004735302 0.986556053 -0.019176245 0.162225515
1756482574776473344.000000 1.625433922 0.044963758 1.234812260 -0.004898395 0.985491574 -0.019520978 0.168527111
1756482574843156224.000000 1.628851175 0.044509545 1.230402350 -0.004366457 0.983434916 -0.020204062 0.180079356
1756482574876497664.000000 1.630931139 0.044402562 1.227588892 -0.004488175 0.982398152 -0.020039845 0.185667142
1756482574909839104.000000 1.632835865 0.044089798 1.225066066 -0.004892110 0.981484830 -0.019413237 0.190490991
1756482574943180544.000000 1.634581089 0.044447564 1.222079754 -0.005056565 0.980485320 -0.018578226 0.195647463
1756482575009863680.000000 1.638911486 0.044759862 1.216374755 -0.005054061 0.978146553 -0.016875837 0.207169265
1756482575043205120.000000 1.640646458 0.044348657 1.214477301 0.005107559 -0.977020144 0.016060214 -0.212479979
1756482575109888000.000000 1.645381212 0.044063937 1.210384130 0.005642671 -0.975756586 0.017968308 -0.218046755
1756482575176570112.000000 1.647417068 0.043483324 1.204722285 0.005221600 -0.976568580 0.018037919 -0.214385867
1756482575209911552.000000 1.647690535 0.043168295 1.202320099 0.004628596 -0.976805449 0.019314725 -0.213205978
1756482575243253248.000000 1.648152113 0.042794645 1.199812174 0.003921262 -0.976900339 0.020666188 -0.212657809
1756482575276594432.000000 1.650246620 0.042750265 1.195617914 0.003886127 -0.977009177 0.021110680 -0.212114111
1756482575343277568.000000 1.651005030 0.042132922 1.190182328 -0.004615603 0.976938903 -0.018936349 0.212627709
1756482575376619008.000000 1.651812553 0.041841865 1.186501265 -0.005101195 0.976946354 -0.016863007 0.212756962
1756482575409960704.000000 1.652609825 0.041741803 1.183110237 -0.004901632 0.976988375 -0.015525611 0.212670609
1756482575476643840.000000 1.654384375 0.042306490 1.176885128 -0.005181818 0.977136552 -0.015978184 0.211948171
1756482575509985536.000000 1.655588865 0.042491827 1.174334764 -0.005026841 0.977098405 -0.016640840 0.212076873
1756482575576667648.000000 1.658462763 0.042059772 1.168402791 -0.004877534 0.977259994 -0.017319065 0.211279973
1756482575610008832.000000 1.661073923 0.040925987 1.165976763 0.005563250 -0.977414489 0.017226629 -0.210554734
1756482575643350272.000000 1.663195133 0.040564258 1.163099885 0.005851624 -0.977484345 0.017473282 -0.210201934
1756482575676691968.000000 1.664323092 0.040374208 1.160065055 0.005571288 -0.977445126 0.017641574 -0.210377783
1756482575743375104.000000 1.665747643 0.039582167 1.155034304 0.005246492 -0.977339923 0.018605737 -0.210791185
1756482575776716800.000000 1.666719913 0.039089222 1.151914835 0.005192871 -0.977325499 0.018325835 -0.210883886
1756482575810058240.000000 1.667475462 0.038561638 1.148183227 0.005324729 -0.977309525 0.017307954 -0.211040765
1756482575843399936.000000 1.670507908 0.041806899 1.143871188 -0.005563503 0.977369130 -0.017634371 0.210731402
1756482575876741376.000000 1.672603130 0.042472199 1.140370488 -0.005632802 0.977586687 -0.016925508 0.209776133
1756482575943424512.000000 1.675333261 0.042699955 1.133088589 -0.005585560 0.979514718 -0.017814226 0.200505376
1756482575976766208.000000 1.674787760 0.043282785 1.128892183 -0.005507954 0.980679333 -0.018515620 0.194666162
1756482576043448320.000000 1.674822092 0.043503284 1.122101784 -0.005110591 0.983235657 -0.018510219 0.181325763
1756482576076789760.000000 1.675670385 0.042018473 1.117364168 -0.004800058 0.984376788 -0.019824784 0.174889505
1756482576110131200.000000 1.675721407 0.042331055 1.113668442 -0.004393815 0.985268593 -0.019226069 0.169873372
1756482576176814592.000000 1.676425695 0.040888678 1.106882095 -0.005228333 0.986852944 -0.018017337 0.160528123
1756482576210156288.000000 1.676439762 0.040424164 1.103502870 -0.005326010 0.987639666 -0.017718311 0.155645952
1756482576243497728.000000 1.677900314 0.040498693 1.098666430 0.005963320 -0.988585472 0.017071148 -0.149572089
1756482576310180864.000000 1.676505089 0.040663518 1.091311574 0.005496874 -0.989420712 0.016294103 -0.144051984
1756482576343522048.000000 1.677020550 0.039637536 1.089422584 0.005420350 -0.989331841 0.015877403 -0.144710526
1756482576376862208.000000 1.677848816 0.039602507 1.086637855 0.005871520 -0.989182889 0.015484327 -0.145749941
1756482576443543040.000000 1.680149078 0.039279521 1.080185533 0.006404735 -0.989070475 0.016165690 -0.146414682
1756482576476881920.000000 1.680647850 0.038812380 1.077449441 0.005893364 -0.988982558 0.016940959 -0.146941587
1756482576543562496.000000 1.682762146 0.040525448 1.069481134 0.004659529 -0.988882661 0.018858880 -0.147423819
1756482576576902912.000000 1.683726072 0.039704155 1.066343665 0.005123635 -0.988949716 0.018294513 -0.147028968
1756482576610242816.000000 1.684399843 0.039585952 1.063187480 0.005397595 -0.989041150 0.017493779 -0.146500826
1756482576676923392.000000 1.685775995 0.039462194 1.056265473 0.005720456 -0.989083588 0.016943512 -0.146266758
1756482576710263808.000000 1.688202858 0.038594294 1.054058671 0.005762335 -0.989164472 0.016724095 -0.145742461
1756482576743603712.000000 1.689200878 0.038313720 1.050902128 0.006132453 -0.989184797 0.016910421 -0.145567656
1756482576810284032.000000 1.691200256 0.037426665 1.045750618 0.005959348 -0.989282370 0.018288139 -0.144742653
1756482576843624448.000000 1.691899776 0.036759857 1.043429375 0.005703907 -0.989285767 0.018472474 -0.144706398
1756482576910303488.000000 1.693531990 0.036142714 1.037500739 0.005394827 -0.989008367 0.017630929 -0.146705672
1756482576943643904.000000 1.694550991 0.036330171 1.034060597 0.005050096 -0.989004791 0.017215371 -0.146791428
1756482577010323968.000000 1.693861485 0.037389472 1.028300285 0.005162617 -0.989091456 0.017951636 -0.146113843
1756482577043663872.000000 1.694839716 0.036290918 1.025208712 0.005063017 -0.989122093 0.017659333 -0.145945281
1756482577077004288.000000 1.695275545 0.036503688 1.021805406 0.005167256 -0.989076436 0.017431445 -0.146278054
1756482577143684352.000000 1.696564674 0.036448415 1.016182661 0.005054695 -0.988963306 0.018049370 -0.146970645
1756482577177024256.000000 1.697826385 0.035986986 1.014103889 0.005202224 -0.988990426 0.018375510 -0.146742016
1756482577210364672.000000 1.700773954 0.037470218 1.008427262 -0.005263475 0.989057422 -0.018851783 0.146227285
1756482577277044736.000000 1.702158213 0.037264466 1.001750112 -0.005536944 0.988972127 -0.018117033 0.146885455
1756482577310384384.000000 1.703271627 0.037938848 0.998445809 -0.005154162 0.988882124 -0.018440928 0.147463620
1756482577377065728.000000 1.704329491 0.037919480 0.992196381 -0.004432390 0.988763750 -0.018799020 0.148233876
1756482577410407424.000000 1.705112219 0.037463579 0.989670694 -0.004354395 0.988768458 -0.018835491 0.148200020
1756482577443748608.000000 1.705629349 0.036797453 0.986564159 -0.004476650 0.988777220 -0.018695453 0.148156032
1756482577477090048.000000 1.707883358 0.036868520 0.983665466 0.004671462 -0.988875985 0.018264899 -0.147543266
1756482577543773184.000000 1.708477020 0.037510768 0.977507770 0.005035544 -0.988818705 0.017584752 -0.147996858
1756482577577114880.000000 1.709487200 0.037687473 0.974101663 0.004923767 -0.988792121 0.017824130 -0.148149595
1756482577610456320.000000 1.709817171 0.037280895 0.971575856 0.004682065 -0.988825798 0.017815812 -0.147933424
1756482577677139456.000000 1.711358309 0.037795350 0.965216041 0.004776867 -0.988836765 0.017800145 -0.147858694
1756482577743822592.000000 1.714226007 0.036719736 0.958353221 -0.005160485 0.988840699 -0.018532502 0.147729442
1756482577777164032.000000 1.715345621 0.036317334 0.956584692 -0.005227252 0.988886595 -0.019272530 0.147324845
1756482577843846144.000000 1.716891289 0.035992399 0.950725317 -0.005627881 0.988964856 -0.019574564 0.146743849
1756482577877187840.000000 1.718080759 0.035822496 0.947230577 -0.005861598 0.989031076 -0.019070476 0.146354049
1756482577943870720.000000 1.719861984 0.035277449 0.940945387 -0.005866644 0.989004135 -0.018724402 0.146580473
1756482577977212416.000000 1.720618963 0.035400622 0.937622190 -0.005685547 0.988981426 -0.018507648 0.146768436
1756482578043895552.000000 1.722324848 0.035055034 0.931901574 0.006152632 -0.989075363 0.016681707 -0.146334738
1756482578077237248.000000 1.723065615 0.034283575 0.928639591 0.006159039 -0.989087880 0.015887398 -0.146338269
1756482578110578432.000000 1.724014997 0.034621865 0.925491273 0.006175811 -0.989074349 0.016185034 -0.146396160
1756482578177261824.000000 1.725180149 0.035752639 0.917156756 -0.005390291 0.988959432 -0.018234849 0.146961853
1756482578210603520.000000 1.724571466 0.035662673 0.913874924 -0.005160764 0.988889277 -0.018541280 0.147403166
1756482578277285632.000000 1.726378202 0.035228901 0.907560408 -0.004693591 0.988921583 -0.019015765 0.147141203
1756482578310627328.000000 1.727421761 0.035401650 0.904480338 -0.004625742 0.988937676 -0.019686121 0.146947339
1756482578377310720.000000 1.729059219 0.035032883 0.898502052 -0.004527081 0.988936365 -0.019431533 0.146992326
1756482578410652672.000000 1.730856180 0.035994124 0.895113945 0.004892479 -0.988974690 0.019093266 -0.146767408
1756482578477336064.000000 1.733344078 0.035654016 0.888927519 0.005425480 -0.989082217 0.017765682 -0.146189556
1756482578510678016.000000 1.734188795 0.035788331 0.886069179 0.005132217 -0.989084125 0.017968331 -0.146162748
1756482578544019968.000000 1.734885693 0.036400758 0.882830501 0.004730789 -0.988997400 0.018521771 -0.146692738
1756482578577361920.000000 1.735723019 0.036375277 0.879629970 0.004894763 -0.989012718 0.018529536 -0.146582961
1756482578610703616.000000 1.736506462 0.036317881 0.876744747 0.005099700 -0.989036441 0.018744405 -0.146388456
1756482578677387520.000000 1.740255594 0.035966877 0.869036257 -0.005540221 0.989109814 -0.019807156 0.145735398
1756482578710728192.000000 1.740184069 0.035978463 0.866590261 -0.005245606 0.989036024 -0.020413317 0.146162629
1756482578744070144.000000 1.740969419 0.035690054 0.863951325 -0.005195700 0.988960028 -0.020519108 0.146663398
1756482578810753792.000000 1.743132114 0.035690386 0.857285976 -0.005115820 0.988833487 -0.019109169 0.147706077
1756482578844095744.000000 1.744142771 0.036241423 0.853299737 -0.004905598 0.988881648 -0.018747183 0.147436932
1756482578877437952.000000 1.744822741 0.035976809 0.850375891 -0.004681594 0.988960862 -0.018925482 0.146889165
1756482578944121600.000000 1.746924400 0.035442241 0.844549835 0.005053043 -0.989068747 0.019861601 -0.146023825
1756482578977463552.000000 1.747015953 0.034855705 0.841719627 0.005119469 -0.989044368 0.019495903 -0.146235704
1756482579010805248.000000 1.748019934 0.034303743 0.838896036 0.005437112 -0.988990903 0.019322516 -0.146608934
1756482579044147200.000000 1.749435902 0.034273822 0.834791541 -0.005614578 0.988945544 -0.019312184 0.146908894
1756482579110831104.000000 1.751084566 0.033041764 0.828582168 -0.005566952 0.988901854 -0.017875826 0.147386223
1756482579144172032.000000 1.751881957 0.033364221 0.826227665 -0.005715366 0.988895118 -0.018308923 0.147372469
1756482579177513728.000000 1.753138065 0.033846959 0.823131204 -0.005906602 0.988896608 -0.018725887 0.147302419
1756482579244197888.000000 1.754970789 0.034850895 0.816588759 -0.006079851 0.988962471 -0.019291408 0.146779761
1756482579277539840.000000 1.754663110 0.034956977 0.814003766 0.005711299 -0.988736808 0.020035766 -0.148207799
1756482579310881536.000000 1.756845593 0.033165447 0.811153650 -0.006389685 0.988130391 -0.020124830 0.152159259
1756482579377565696.000000 1.760309219 0.032764398 0.807962358 -0.005948548 0.985935450 -0.020296298 0.165782854
1756482579410907392.000000 1.761842012 0.032809224 0.805855691 -0.005603249 0.984830439 -0.019985527 0.172274068
1756482579444249600.000000 1.763571262 0.032674357 0.803601563 -0.006261152 0.983768761 -0.019057533 0.178316280
1756482579510933760.000000 1.767230868 0.033075240 0.798483729 -0.007400327 0.981859565 -0.018246662 0.188584551
1756482579544275456.000000 1.768845320 0.033315532 0.796156168 -0.008020960 0.980808258 -0.018370425 0.193941772
1756482579610958848.000000 1.774036050 0.031951331 0.789168060 0.008527402 -0.978421092 0.017516451 -0.205700502
1756482579644300800.000000 1.774741054 0.029508172 0.786812305 0.008004457 -0.977009773 0.016331118 -0.212417215
1756482579710984960.000000 1.778717875 0.028965106 0.782832801 0.008246855 -0.974658012 0.015468616 -0.223012432
1756482579744326912.000000 1.781000972 0.029033817 0.781174183 0.008494086 -0.973458469 0.015567018 -0.228175685
1756482579811011072.000000 1.784958601 0.028406098 0.777477980 0.008064672 -0.970717430 0.015955688 -0.239558205
1756482579844353024.000000 1.788531661 0.032017276 0.775307894 -0.007890156 0.969444871 -0.017925650 0.244526356
1756482579877694976.000000 1.791462660 0.032568790 0.773339868 -0.008027283 0.968465269 -0.018079262 0.248362184
1756482579944379136.000000 1.796935558 0.032875795 0.767471731 -0.009229821 0.968891621 -0.017373130 0.246702448
1756482579977721088.000000 1.798060536 0.032541644 0.764007092 -0.008663049 0.969164252 -0.016758699 0.245692343
1756482580044404224.000000 1.799780846 0.032327969 0.758756638 -0.008078629 0.969212353 -0.017643897 0.245460615
1756482580077746688.000000 1.801065087 0.031992536 0.755087852 0.008026312 -0.969098270 0.017884485 -0.245894819
1756482580111088640.000000 1.802803636 0.032143600 0.752648175 0.007900778 -0.968990862 0.018128218 -0.246304035
1756482580177772800.000000 1.804080367 0.031820204 0.746082544 -0.007864550 0.968930483 -0.017786052 0.246567771
1756482580211115008.000000 1.804700375 0.031893697 0.743342757 -0.007772430 0.968879461 -0.017678199 0.246778861
1756482580244456960.000000 1.805767059 0.031621244 0.740375996 -0.007773217 0.968800247 -0.018333323 0.247041568
1756482580311141120.000000 1.807934880 0.031582415 0.734248102 -0.007714748 0.968915462 -0.018116508 0.246607289
1756482580344483328.000000 1.809047580 0.031570643 0.731238425 -0.007702583 0.968945086 -0.017605547 0.246528089
1756482580377826048.000000 1.810308695 0.031763166 0.727776766 -0.007912312 0.968840718 -0.017115152 0.246966004
1756482580444510976.000000 1.815051198 0.032383025 0.721378684 0.007733365 -0.968866825 0.016828319 -0.246888682
1756482580477852672.000000 1.815221667 0.031593442 0.719181359 0.007484021 -0.968687594 0.017161183 -0.247575939
1756482580544537856.000000 1.818065047 0.030695830 0.713659883 0.007665062 -0.968678296 0.017586092 -0.247577101
1756482580577880320.000000 1.819838524 0.031590782 0.710712671 -0.007767670 0.968661129 -0.018021040 0.247609884
1756482580611223040.000000 1.820677280 0.031614918 0.707938433 -0.007590702 0.968615234 -0.018045845 0.247792825
1756482580677908224.000000 1.823154807 0.030343834 0.702075660 -0.007223823 0.968675613 -0.017051011 0.247638255
1756482580711250688.000000 1.824857235 0.030305747 0.699046314 -0.007343931 0.968654692 -0.016618352 0.247746006
1756482580744593664.000000 1.825908661 0.030617069 0.695770979 -0.007201619 0.968631148 -0.016678834 0.247838110
1756482580811278592.000000 1.829529285 0.030067781 0.689079463 0.007609445 -0.968724608 0.016188154 -0.247493029
1756482580844621312.000000 1.831353903 0.030127026 0.686226428 0.007633341 -0.968708277 0.016402837 -0.247541919
1756482580877963776.000000 1.832853675 0.029842271 0.683457077 0.007553376 -0.968606532 0.017061880 -0.247897685
1756482580944648192.000000 1.836276531 0.030434459 0.678559422 -0.007721896 0.968587518 -0.017850650 0.247911170
1756482580977990912.000000 1.837729096 0.030579366 0.675976098 -0.007817815 0.968967497 -0.017907521 0.246414915
1756482581011333376.000000 1.839599013 0.030563235 0.672336519 -0.007753980 0.970233798 -0.017780468 0.241391987
1756482581044676352.000000 1.841165900 0.030543989 0.669080973 -0.008293201 0.971778274 -0.017561313 0.235095784
1756482581111361536.000000 1.842552423 0.030228209 0.660915971 -0.007607877 0.974763513 -0.017809017 0.222398669
1756482581144704256.000000 1.843173981 0.029375546 0.656935275 -0.007641118 0.976185024 -0.016968140 0.216140315
1756482581211389440.000000 1.845665932 0.029703341 0.648621619 0.008176797 -0.978742123 0.016701126 -0.204250351
1756482581244732416.000000 1.844401121 0.030423272 0.643973529 -0.008049463 0.979666829 -0.017797755 0.199678347
1756482581311417856.000000 1.844831347 0.029941104 0.637107313 -0.007406544 0.981822610 -0.017364243 0.188859984
1756482581344760320.000000 1.845069528 0.029882997 0.634140849 -0.007590550 0.982804239 -0.017892657 0.183625147
1756482581378102272.000000 1.845293880 0.028955949 0.630786538 -0.007499306 0.983846426 -0.018077359 0.177941680
1756482581444787456.000000 1.845370531 0.027997084 0.622636020 -0.007499256 0.985831857 -0.017501721 0.166652545
1756482581478130432.000000 1.846822143 0.030776862 0.617321551 -0.007509410 0.986846209 -0.017992275 0.160482332
1756482581544816128.000000 1.847687721 0.031703901 0.609864950 -0.007347649 0.988631666 -0.019209323 0.148945063
1756482581578158592.000000 1.847725153 0.031801894 0.606173635 -0.007347889 0.989485562 -0.020223347 0.143022582
1756482581644844288.000000 1.848158002 0.031358261 0.599027038 -0.007477732 0.991087139 -0.019766433 0.131528392
1756482581678187264.000000 1.847401977 0.030907799 0.595104456 -0.007666215 0.991814137 -0.019231560 0.126000673
1756482581744872704.000000 1.847107410 0.029434433 0.586244404 0.008028055 -0.993182361 0.017463937 -0.114975989
1756482581778215680.000000 1.845950246 0.030375127 0.580850244 0.008169445 -0.993753970 0.017515909 -0.109907225
1756482581844900352.000000 1.845878005 0.029610211 0.573934734 0.007652831 -0.994844854 0.017930180 -0.099517547
1756482581878243328.000000 1.845668197 0.029954765 0.570490241 0.007487194 -0.995362222 0.019058781 -0.093993403
1756482581944928768.000000 1.844553471 0.029758662 0.563180983 0.007233777 -0.996353269 0.020310350 -0.082555212
1756482581978271744.000000 1.843877316 0.029668314 0.559822321 0.007278444 -0.996791542 0.020620752 -0.076996185
1756482582044957696.000000 1.843223214 0.031296365 0.552787185 0.007426797 -0.997539103 0.021089569 -0.066452064
1756482582078300416.000000 1.842812061 0.029369839 0.548643947 -0.007397533 0.997895479 -0.019997006 0.061237667
1756482582111643392.000000 1.841949701 0.028824482 0.544184089 -0.007061175 0.998203218 -0.019360336 0.056264594
1756482582178329088.000000 1.841147900 0.028863404 0.536450088 -0.007379616 0.998759031 -0.018992133 0.045444947
1756482582211672064.000000 1.839784384 0.029280365 0.533064425 -0.007669676 0.998846829 -0.019224267 0.043320037
1756482582278356992.000000 1.839801788 0.028806007 0.526472569 -0.008354715 0.998846292 -0.017258214 0.044028323
1756482582311699968.000000 1.840019107 0.029515952 0.522518635 0.008196967 -0.998754323 0.016683795 -0.046307527
1756482582345042432.000000 1.840011597 0.029168000 0.519751430 0.007872705 -0.998646379 0.017548088 -0.048327755
1756482582411724288.000000 1.840201497 0.028261213 0.515198827 0.006902713 -0.998498738 0.021153353 -0.050051130
1756482582445065216.000000 1.840864301 0.028024156 0.512724459 0.007071779 -0.998481274 0.021513354 -0.050223254
1756482582478406144.000000 1.841714621 0.027066443 0.510098457 0.007009269 -0.998584688 0.021176877 -0.048280708
1756482582545088000.000000 1.842280269 0.028316734 0.500386477 -0.008000945 0.999211311 -0.021296954 0.032546774
1756482582578428928.000000 1.841064334 0.027934216 0.495605290 -0.007834656 0.999460936 -0.019670969 0.025089534
1756482582645110784.000000 1.838925600 0.028821804 0.485588253 -0.007255195 0.999730468 -0.017179566 0.013828191
1756482582678451712.000000 1.838407516 0.029132068 0.482580632 -0.007613544 0.999765635 -0.018458832 0.008373028
1756482582711791616.000000 1.838103652 0.028511390 0.480223179 -0.007658273 0.999767721 -0.020045782 0.001991044
1756482582745132800.000000 1.835748553 0.026756497 0.475852370 -0.007557198 0.999748588 -0.020746533 -0.003908393
1756482582811814400.000000 1.833805919 0.026232567 0.467934668 -0.008144991 0.999620914 -0.020747613 -0.016164536
1756482582878496256.000000 1.831385732 0.026965426 0.459124982 -0.008226761 0.999464154 -0.017753603 -0.026240548
1756482582911836928.000000 1.830455542 0.027248325 0.455001652 -0.008321572 0.999325693 -0.017318847 -0.031289112
1756482582978518528.000000 1.826690435 0.026502721 0.448283911 0.007268732 -0.998918176 0.018937372 0.041846007
1756482583045200128.000000 1.824499488 0.025941055 0.441897631 0.006992534 -0.998241425 0.020569613 0.055156112
1756482583078541056.000000 1.823241472 0.025769550 0.438131988 0.007596815 -0.997843623 0.020420419 0.061915200
1756482583145221632.000000 1.818375826 0.025272202 0.430541515 -0.007599999 0.997219145 -0.019659877 -0.071482383
1756482583211903232.000000 1.815095425 0.024730593 0.424529493 -0.007035594 0.996472359 -0.020723771 -0.081017703
1756482583278584832.000000 1.812414646 0.024068549 0.418090940 -0.006664825 0.995534599 -0.021652957 -0.091638207
1756482583311925760.000000 1.810840011 0.024200391 0.414784789 -0.006587966 0.994952977 -0.022028498 -0.097673200
1756482583378608128.000000 1.806861281 0.024126587 0.407654047 -0.006799461 0.993827045 -0.020849209 -0.108751573
1756482583411949568.000000 1.804906964 0.023880603 0.403282285 0.006601408 -0.993682683 0.020190367 0.110197827
1756482583478632960.000000 1.803886294 0.024296848 0.394512653 0.007657820 -0.993811369 0.016542282 0.109575041
1756482583545316096.000000 1.803141594 0.023394177 0.387374163 0.007569537 -0.993973136 0.015848771 0.108208507
1756482583611998208.000000 1.802191257 0.023244351 0.383313537 0.007630703 -0.994074225 0.019579792 0.106653266
1756482583678681344.000000 1.801382065 0.022611331 0.378612757 0.007982069 -0.994166553 0.021422906 0.105404876
1756482583745364480.000000 1.799822807 0.022362694 0.371930242 0.007755380 -0.994276881 0.020509303 0.104560152
1756482583778706432.000000 1.798695922 0.021668404 0.368056059 0.007421529 -0.994335473 0.019065587 0.104299955
1756482583845389312.000000 1.797153950 0.021341678 0.360265970 0.007955040 -0.994330525 0.016910357 0.104678795
1756482583912072448.000000 1.795441270 0.021359874 0.354471326 0.007814728 -0.994359255 0.017696548 0.104285263
1756482583978755840.000000 1.793628573 0.020900326 0.348182917 0.007463999 -0.994253218 0.018420570 0.105192907
1756482584045437952.000000 1.790466309 0.022271328 0.341127872 -0.007706414 0.993038833 -0.020390056 -0.115753569
1756482584078779392.000000 1.788408518 0.022411615 0.337641120 -0.007415230 0.992199123 -0.019572245 -0.122893922
1756482584145462784.000000 1.784359455 0.022732843 0.331563711 -0.008027813 0.990532696 -0.020768374 -0.135459512
1756482584178804224.000000 1.782857776 0.022490576 0.329423666 -0.007842178 0.989726782 -0.022575811 -0.140959829
1756482584245487104.000000 1.779066443 0.021931201 0.323911190 -0.007356051 0.987862051 -0.024483552 -0.153215915
1756482584312170752.000000 1.775330067 0.021180913 0.316148877 -0.007886293 0.986004770 -0.022068448 -0.165062174
1756482584345512192.000000 1.773497820 0.020822298 0.312073946 -0.007897645 0.985057473 -0.020752458 -0.170788795
1756482584412195072.000000 1.768521070 0.020827867 0.304646254 -0.006958364 0.983120143 -0.019867089 -0.181746244
1756482584478876672.000000 1.763809323 0.020906087 0.297677279 -0.006547420 0.981232941 -0.019451313 -0.191730842
1756482584545559552.000000 1.758782744 0.020697992 0.291300893 -0.005990430 0.978955150 -0.019816201 -0.203022987
1756482584612242432.000000 1.753564239 0.021107029 0.285412788 -0.006652095 0.976533294 -0.020801188 -0.214256302
1756482584645583616.000000 1.751572132 0.020973474 0.282720447 -0.006445887 0.975407183 -0.021269854 -0.219287217
1756482584745607936.000000 1.746893644 0.020652082 0.274812579 -0.005393448 0.975399554 -0.022593042 -0.219217226
1756482584778949376.000000 1.745750427 0.020658635 0.272014380 -0.005608038 0.975797772 -0.021825612 -0.217511058
1756482584845632000.000000 1.742846489 0.020621289 0.265774488 -0.004936110 0.975862145 -0.020179937 -0.217397243
1756482584912313600.000000 1.739090323 0.020000670 0.259732008 0.004325328 -0.975603402 0.019511743 0.218628943
1756482584978996480.000000 1.736179829 0.019578684 0.254475713 0.005082678 -0.975424945 0.021033291 0.219266996
1756482585045679104.000000 1.732985139 0.020210329 0.247919202 0.004976883 -0.975398123 0.020439234 0.219445035
1756482585079020544.000000 1.731503248 0.020015750 0.243638992 0.004654979 -0.975291371 0.018701201 0.220080346
1756482585145703424.000000 1.727476358 0.020641316 0.237243652 0.004820068 -0.975313187 0.017215041 0.220101476
1756482585212385792.000000 1.725271702 0.020156797 0.232319355 0.005001448 -0.975244164 0.018599657 0.220290661
1756482585279068928.000000 1.722186685 0.019634884 0.227525234 0.004752577 -0.974917591 0.020439275 0.221575037
1756482585345751552.000000 1.716495514 0.020132305 0.220695853 0.004830905 -0.971963465 0.019237207 0.234294131
1756482585379090944.000000 1.712922096 0.020697633 0.217249513 0.004134131 -0.970281065 0.018367438 0.241247401
1756482585445772288.000000 1.706809163 0.020615352 0.210473180 0.004288380 -0.967340827 0.016577909 0.252900243
1756482585479113216.000000 1.704527140 0.020224024 0.207772970 0.004648063 -0.965974927 0.017308485 0.258014202
1756482585545794304.000000 1.698707819 0.020163845 0.203171372 0.003919458 -0.962959766 0.018710854 0.268966675
1756482585579134720.000000 1.695693016 0.020076090 0.200728416 0.003724736 -0.961298823 0.018739853 0.274844587
1756482585645816064.000000 1.689775705 0.020190055 0.194578171 0.004109750 -0.957939148 0.017846156 0.286386609
1756482585712497152.000000 1.683094263 0.020585626 0.187954664 0.002839024 -0.954770625 0.015678721 0.296916246
1756482585779178496.000000 1.675550461 0.020319480 0.182740450 0.001445159 -0.951747656 0.014454721 0.306537867
1756482585845858560.000000 1.669942141 0.020006323 0.178178787 0.002112608 -0.947913229 0.015069794 0.318164974
1756482585912539648.000000 1.664479613 0.018969700 0.173929930 0.002728464 -0.944255829 0.015689181 0.328827322
1756482585979220992.000000 1.658732414 0.018477628 0.170676351 0.001663075 -0.940864861 0.016339820 0.338383853
1756482586012561664.000000 1.655460596 0.018261116 0.168395281 0.001114997 -0.938929856 0.016430555 0.343714237
1756482586079242752.000000 1.648329020 0.018504469 0.162883401 0.000902590 -0.935418010 0.014740272 0.353235126
1756482586145923840.000000 1.643033624 0.018734355 0.156214356 -0.000397617 0.935718358 -0.011936413 -0.352545708
1756482586179264256.000000 1.640890002 0.018466329 0.153033853 -0.000186956 0.936259031 -0.011527212 -0.351121396
1756482586245944576.000000 1.636678934 0.018465180 0.147735476 -0.000742780 0.936523795 -0.012515205 -0.350379854
1756482586312625408.000000 1.630630016 0.019040335 0.144986629 0.000868882 -0.936985672 0.013772930 0.349095106
1756482586379307008.000000 1.626066446 0.019170668 0.139904022 0.000894095 -0.936965406 0.013780672 0.349149168
1756482586412648192.000000 1.624191046 0.019253237 0.137303591 0.000942866 -0.936962903 0.013690235 0.349159449
1756482586479330304.000000 1.619999886 0.019063208 0.132044196 0.000930590 -0.936932862 0.013866715 0.349233001
1756482586512671232.000000 1.618016958 0.019304641 0.129329562 0.001265800 -0.936809897 0.014141595 0.349550754
1756482586579353344.000000 1.614060521 0.018551402 0.125036836 0.001280903 -0.936848223 0.014508287 0.349432945
1756482586646035456.000000 1.610451221 0.017969018 0.121303082 0.001188417 -0.937137187 0.015455794 0.348616898
1756482586712716288.000000 1.605825663 0.017822603 0.115868092 0.000969209 -0.936964631 0.016239803 0.349045306
1756482586746057216.000000 1.603096724 0.018225830 0.113203645 0.000715472 -0.936934650 0.016147425 0.349130660
1756482586812739328.000000 1.597157240 0.018127050 0.110314131 0.000280575 -0.937447548 0.015824921 0.347766846
1756482586846080256.000000 1.595180750 0.018051641 0.107670784 0.000230799 -0.937345147 0.016185120 0.348026186
1756482586912762112.000000 1.591440678 0.017491167 0.102830052 0.000877985 -0.937123716 0.016995231 0.348582268
1756482586979443968.000000 1.586620927 0.016914872 0.098001957 -0.000034037 -0.937419713 0.016356630 0.347817212
1756482587046125824.000000 1.582706571 0.016936118 0.093126893 -0.000247612 -0.937505662 0.016851945 0.347561687
1756482587112807680.000000 1.578405142 0.017652711 0.089081287 0.001259149 -0.937419653 0.019382881 0.347659707
1756482587146147840.000000 1.576797724 0.017393226 0.086588144 0.001530151 -0.937248290 0.020018466 0.348084211
1756482587212829952.000000 1.571229696 0.015671642 0.081242561 -0.001139445 0.936509907 -0.019360337 -0.350104451
1756482587279511808.000000 1.566052437 0.015578797 0.075387359 -0.000655909 0.936610699 -0.017804632 -0.349918664
1756482587346193664.000000 1.561532497 0.015921228 0.070266366 -0.000016062 0.937160969 -0.018630661 -0.348399639
1756482587379534592.000000 1.559637427 0.015777344 0.068372011 0.000097900 0.937379420 -0.020012189 -0.347734690
1756482587446216192.000000 1.555926323 0.016106192 0.064584136 -0.000571689 0.936942697 -0.021620655 -0.348813266
1756482587512897792.000000 1.552318573 0.015508644 0.059846997 0.000859096 -0.936287463 0.023080289 0.350474477
1756482587579578112.000000 1.547964931 0.015013386 0.055330038 0.000777209 -0.935982883 0.022685384 0.351313114
1756482587612918784.000000 1.545391798 0.014899060 0.052523375 0.000886763 -0.935825229 0.021209208 0.351824582
1756482587679600384.000000 1.539308310 0.015975382 0.046041131 -0.000136361 -0.936002910 0.017941982 0.351534843
1756482587712941312.000000 1.535990596 0.015149140 0.043475509 -0.001160270 -0.936283052 0.016373841 0.350862801
1756482587779622912.000000 1.531417370 0.014629209 0.039459348 -0.001210378 -0.936495245 0.017845655 0.350223929
1756482587846304512.000000 1.528070331 0.014069019 0.035860538 -0.000357403 -0.936385870 0.020218194 0.350389451
1756482587879645440.000000 1.525846720 0.014256027 0.033109903 -0.000245187 -0.935628116 0.020960188 0.352364570
1756482587946327040.000000 1.519332409 0.013539467 0.028582096 -0.000369915 -0.931015849 0.020339536 0.364411622
1756482588013008384.000000 1.511215091 0.014551902 0.023411036 -0.000879677 -0.925172508 0.017735310 0.379131377
1756482588079688960.000000 1.504333258 0.014616042 0.020578861 0.000772000 0.921299815 -0.019620605 -0.388357073
1756482588113029632.000000 1.501752615 0.014418406 0.018918037 0.000154692 0.919029593 -0.021070458 -0.393625081
1756482588179710976.000000 1.495342731 0.014111336 0.015557289 -0.000098518 0.914216518 -0.021254582 -0.404668331
1756482588246392576.000000 1.488149405 0.014185805 0.011436105 0.000344875 0.909380138 -0.019493911 -0.415509015
1756482588313074176.000000 1.481168151 0.013705887 0.007237554 0.001071841 0.904718995 -0.018852729 -0.425590366
1756482588346415104.000000 1.477551579 0.014591515 0.006519794 -0.000731611 -0.902532041 0.019420706 0.430184066
1756482588413098752.000000 1.468516707 0.013022035 0.002004504 0.000636260 0.897819579 -0.019513730 -0.439930588
1756482588479781888.000000 1.461534739 0.013377802 -0.000683784 0.001039649 0.893704355 -0.019686988 -0.448223144
1756482588513123840.000000 1.458559275 0.013378659 -0.003030062 0.001260184 0.893722653 -0.019402878 -0.448198438
1756482588579807744.000000 1.453253508 0.014088266 -0.008359790 0.001291489 0.894899487 -0.017081454 -0.445938975
1756482588613149952.000000 1.450121045 0.014185578 -0.010709524 0.001138388 0.894994795 -0.017396593 -0.445735782
1756482588679833600.000000 1.445096493 0.013878508 -0.014310360 0.000880854 0.894868672 -0.019003224 -0.445923984
1756482588746518016.000000 1.441168785 0.013346013 -0.017639875 -0.000810577 -0.895127058 0.019979952 0.445362568
1756482588779859712.000000 1.439305544 0.012835890 -0.019491673 -0.000503837 -0.895159364 0.020736799 0.445263505
1756482588846544128.000000 1.434323788 0.012750655 -0.023548603 0.000283221 -0.894911647 0.020707529 0.445762634
1756482588879885824.000000 1.430994511 0.012349153 -0.025795817 -0.000118033 -0.894764185 0.020286839 0.446077973
1756482588946569216.000000 1.424813151 0.013197022 -0.028233171 -0.000145159 0.895108998 -0.019423584 -0.445424169
1756482588979911168.000000 1.422567964 0.013222417 -0.031312943 -0.000043089 0.893659770 -0.019708447 -0.448312283
1756482589046595072.000000 1.414222717 0.013306774 -0.034395576 0.000103738 0.888037801 -0.017737361 -0.459428191
1756482589079937280.000000 1.409791827 0.013338756 -0.035483837 0.000276608 0.884797931 -0.017456075 -0.465647817
1756482589146621184.000000 1.402677536 0.013321720 -0.037592173 0.000111000 0.879319549 -0.018021977 -0.475891143
1756482589213305600.000000 1.396494269 0.013306096 -0.039668679 -0.000829783 0.874191463 -0.018359056 -0.485233575
1756482589246647552.000000 1.393847227 0.012600986 -0.040557623 0.001125754 -0.871537566 0.017758405 0.490005851
1756482589313331968.000000 1.385585070 0.012677426 -0.042367816 -0.000792726 0.866332710 -0.017641958 -0.499155045
1756482589380014592.000000 1.378343105 0.012425255 -0.044427276 -0.000508054 0.860644042 -0.017296512 -0.508913100
1756482589413356288.000000 1.374551773 0.012485662 -0.045419693 -0.000811395 0.857720494 -0.017641773 -0.513812959
1756482589480039424.000000 1.366611123 0.012182720 -0.047515869 -0.000329536 0.852000117 -0.016418422 -0.523284018
1756482589513380864.000000 1.362343907 0.012402490 -0.048346519 -0.000007603 0.849147260 -0.016093012 -0.527910829
1756482589580064000.000000 1.355057120 0.012025451 -0.049968958 -0.000647089 0.843020797 -0.017051561 -0.537610352
1756482589613405696.000000 1.351816654 0.012276974 -0.051043510 0.000839095 -0.839803815 0.016565964 0.542636633
1756482589680088832.000000 1.344000101 0.011587240 -0.052468419 0.000416747 -0.833425343 0.015802186 0.552406073
1756482589713430528.000000 1.341366053 0.012277137 -0.053060651 0.000670618 -0.830204427 0.016002692 0.557229042
1756482589780113408.000000 1.333252072 0.012313543 -0.054118037 0.000916289 -0.825323164 0.015404672 0.564449787
1756482589813454080.000000 1.330466270 0.012447039 -0.054788828 0.000806543 -0.825365484 0.015936095 0.564373374
1756482589880137216.000000 1.324608922 0.012493175 -0.057951689 0.000523190 -0.827174127 0.014548237 0.561757147
1756482589946820352.000000 1.318364739 0.011804560 -0.060488105 0.000798725 -0.827629626 0.015293113 0.561065793
1756482590013503232.000000 1.316717029 0.010282220 -0.058705330 -0.000255326 0.826646209 -0.015986722 -0.562494814
1756482590046845184.000000 1.313464165 0.010513160 -0.059898496 -0.000551716 0.826724112 -0.016074002 -0.562377691
1756482590113528320.000000 1.306615114 0.010661880 -0.062597871 -0.000210620 0.826994121 -0.014752613 -0.562017024
1756482590180211456.000000 1.300355196 0.010851106 -0.064938188 0.000087413 0.827328205 -0.014927622 -0.561520576
1756482590213552896.000000 1.297757149 0.010257842 -0.066033602 -0.000304166 0.827447474 -0.015262523 -0.561335683
1756482590280235008.000000 1.292779565 0.010288289 -0.067900300 0.000832687 -0.827000737 0.016505240 0.561958015
1756482590346918144.000000 1.286938071 0.010474674 -0.070002317 0.001164526 -0.827055931 0.015821684 0.561895847
1756482590380259328.000000 1.283748984 0.010822978 -0.071367979 0.000593924 -0.827267528 0.015369790 0.561597586
1756482590446941696.000000 1.277051210 0.010485170 -0.074296474 0.000140606 -0.827895164 0.014546165 0.560694337
1756482590480282880.000000 1.273760796 0.010201069 -0.075705528 0.000349775 -0.827959299 0.014969255 0.560588360
1756482590513624064.000000 1.270872355 0.009985635 -0.077031136 0.000322708 -0.827927947 0.014840234 0.560638130
1756482590580306176.000000 1.264734030 0.010234205 -0.079802036 0.000714075 -0.826770723 0.015654333 0.562320769
1756482590646988544.000000 1.256912231 0.009723999 -0.080965638 -0.000220771 -0.819888055 0.015289834 0.572319746
1756482590713669888.000000 1.247707129 0.009836348 -0.081237793 -0.000989665 -0.811261654 0.014501016 0.584502697
1756482590780352000.000000 1.240003109 0.010054560 -0.080975890 -0.000762036 -0.803956687 0.015194161 0.594493270
1756482590813693184.000000 1.236747742 0.009983968 -0.081246853 -0.000328472 -0.800493419 0.015150728 0.599150002
1756482590880375296.000000 1.226944208 0.008920033 -0.081559420 -0.001602048 -0.794577062 0.013491427 0.607011437
1756482590913716736.000000 1.223333359 0.009364653 -0.081866980 0.001569972 0.794222474 -0.013819951 -0.607467890
1756482590980398848.000000 1.217404246 0.009488510 -0.084128976 -0.001964577 -0.796065509 0.013079247 0.605065942
1756482591047081216.000000 1.211582899 0.009117933 -0.086560607 0.001487332 0.796610355 -0.014158727 -0.604325593
1756482591080422400.000000 1.208709955 0.008935997 -0.086927891 0.001566481 0.796577692 -0.014224942 -0.604366779
1756482591147103488.000000 1.202171087 0.009163741 -0.088642120 0.002686102 0.796462536 -0.012731869 -0.604547918
1756482591180444416.000000 1.198259115 0.009386394 -0.089941978 0.002955210 0.796766639 -0.012699370 -0.604146540
1756482591247127040.000000 1.191540003 0.009431425 -0.091715693 0.003430276 0.796944380 -0.012895786 -0.603905380
1756482591280467968.000000 1.188579082 0.009281184 -0.092536807 0.003009279 0.797036827 -0.012922089 -0.603785038
1756482591347150080.000000 1.182966709 0.009208419 -0.094512105 -0.002472367 -0.797018111 0.013737679 0.603794158
1756482591380491776.000000 1.180339813 0.007789777 -0.094343424 -0.002530087 -0.797291577 0.013934407 0.603428304
1756482591447174912.000000 1.173883200 0.007687409 -0.095891476 -0.002607682 -0.797570229 0.013899921 0.603060246
1756482591480516352.000000 1.170051098 0.008008638 -0.097023249 -0.002891955 -0.797657371 0.013114357 0.602961421
1756482591513857792.000000 1.166637182 0.008168724 -0.098171353 0.003188510 0.797606945 -0.012473223 -0.603040159
1756482591580539904.000000 1.160690188 0.007988397 -0.099426985 0.003282103 0.798202932 -0.012860729 -0.602242410
1756482591647223040.000000 1.155025244 0.007523136 -0.101436496 -0.002628346 -0.798131764 0.013087573 0.602334976
1756482591680564480.000000 1.152098775 0.006732936 -0.102440000 0.002423474 0.798084795 -0.013313138 -0.602393270
1756482591713906176.000000 1.148960352 0.006554476 -0.102994084 0.002474198 0.798280716 -0.013421522 -0.602131009
1756482591780589056.000000 1.141893625 0.006932769 -0.104825258 0.002876944 0.798219442 -0.012982192 -0.602220118
1756482591813930752.000000 1.138617516 0.006933169 -0.106086016 0.002883332 0.798186421 -0.012797840 -0.602267802
1756482591880613888.000000 1.131869316 0.007503813 -0.107969761 -0.002299666 -0.798197508 0.013571694 0.602238595
1756482591913955328.000000 1.129247785 0.007664655 -0.108791232 -0.002106740 -0.798312664 0.013948877 0.602078080
1756482591980638208.000000 1.123562813 0.007381028 -0.110682845 -0.001916490 -0.798332453 0.014813511 0.602031767
1756482592047320320.000000 1.116009712 0.007104244 -0.113075256 -0.002492459 -0.798269629 0.013520604 0.602143347
1756482592080661760.000000 1.112365127 0.007867202 -0.114019394 -0.002706743 -0.798217654 0.013530673 0.602211118
1756482592147345152.000000 1.104626894 0.007525751 -0.116271257 -0.003622928 -0.798022449 0.013471232 0.602466285
1756482592180686592.000000 1.102611542 0.006595524 -0.115796328 -0.004252593 -0.798120499 0.013134822 0.602339745
1756482592247369216.000000 1.096199393 0.006495021 -0.117962122 0.003850170 0.797270536 -0.012244238 -0.603485703
1756482592280710912.000000 1.092787027 0.006341086 -0.119261861 0.003697909 0.796901166 -0.011850547 -0.603982151
1756482592347394048.000000 1.086709261 0.006044568 -0.120709181 0.003251301 0.796642482 -0.012049296 -0.604322016
1756482592380734464.000000 1.081950307 0.006674852 -0.121968746 -0.002654431 -0.796580672 0.012177140 0.604403794
1756482592447415296.000000 1.076071978 0.006618558 -0.124039769 -0.001807364 -0.796694338 0.012247430 0.604255736
1756482592480754944.000000 1.073018312 0.006536390 -0.124499679 -0.001778743 -0.797005534 0.012179915 0.603846550
1756482592547435776.000000 1.066610813 0.006815662 -0.125965595 0.001690532 0.797528386 -0.012903895 -0.603141069
1756482592580776192.000000 1.063888311 0.006966535 -0.126990557 0.001384043 0.797693968 -0.013352680 -0.602913141
1756482592647457024.000000 1.058339357 0.007248926 -0.128459811 0.000868290 0.798308253 -0.014855787 -0.602065265
1756482592680797440.000000 1.056021810 0.005349811 -0.129364133 -0.001013143 -0.798567951 0.015237974 0.601710916
1756482592747478016.000000 1.049750566 0.005430076 -0.131133795 -0.000608601 -0.798683465 0.015616437 0.601548433
1756482592780818432.000000 1.046240807 0.005783034 -0.132616282 -0.000760200 -0.798397541 0.015282013 0.601936221
1756482592847499264.000000 1.038596630 0.006413667 -0.135197282 -0.001841116 -0.798124373 0.013149381 0.602346480
1756482592880839680.000000 1.035046697 0.004536284 -0.133551478 -0.002314424 -0.797915757 0.012334066 0.602638423
1756482592947518976.000000 1.029316068 0.004363910 -0.135286212 -0.001283538 -0.797750056 0.013195469 0.602842569
1756482592980859392.000000 1.026175976 0.004368661 -0.136087894 -0.001020547 -0.797948778 0.013603654 0.602570951
1756482593047539968.000000 1.020028710 0.004115127 -0.137500048 -0.001150176 -0.798491776 0.014118141 0.601839125
1756482593080880384.000000 1.016831040 0.004314823 -0.138350010 -0.001179342 -0.798530996 0.014146741 0.601786375
1756482593147560960.000000 1.011696577 0.003568072 -0.139888644 -0.001239683 -0.798225045 0.013559632 0.602205455
1756482593214241280.000000 1.004569530 0.003757877 -0.142168045 -0.000364818 -0.797448635 0.013829556 0.603228390
1756482593247581440.000000 1.000844121 0.004210623 -0.142697453 -0.000051369 -0.797407568 0.014432760 0.603268564
1756482593314262016.000000 0.994262338 0.003463561 -0.145056486 -0.000510815 0.792466819 -0.015496967 -0.609717965
1756482593347602176.000000 0.990303993 0.004282635 -0.145207167 -0.000202342 0.787909269 -0.014470221 -0.615621209
1756482593414284032.000000 0.981331825 0.005126511 -0.144600391 0.000593618 0.779669225 -0.013731572 -0.626040816
1756482593447625472.000000 0.977519274 0.004849568 -0.144757628 0.000778328 0.776039720 -0.013654745 -0.630535841
1756482593514308352.000000 0.969635069 0.004944567 -0.144472599 0.000912348 0.768838704 -0.013321754 -0.639303386
1756482593547649536.000000 0.966366947 0.004791450 -0.144561410 0.000862199 0.765231669 -0.013666226 -0.643609464
1756482593614332416.000000 0.956888020 0.004347149 -0.143167019 -0.000096144 -0.757771134 0.014581224 0.652357519
1756482593647674112.000000 0.953249693 0.004319588 -0.142875433 -0.000027214 -0.753954768 0.014177651 0.656773388
1756482593714356736.000000 0.945843697 0.004269711 -0.142439008 -0.000714775 -0.751503885 0.013370126 0.659592927
1756482593747698432.000000 0.942090869 0.004575406 -0.143355966 -0.000863709 -0.752480567 0.013346199 0.658478677
1756482593814380288.000000 0.936316252 0.004907083 -0.144437075 -0.000261758 -0.753495455 0.013886527 0.657306492
1756482593847721216.000000 0.933923483 0.004255946 -0.144806385 -0.000043080 -0.753453791 0.014384188 0.657343507
1756482593914404352.000000 0.926841617 0.004959852 -0.145339608 -0.001230051 0.754031122 -0.016339714 -0.656634331
1756482593947745536.000000 0.923737645 0.004873030 -0.145903230 -0.001447418 0.753818095 -0.016315360 -0.656879067
1756482594014428416.000000 0.917134762 0.004826365 -0.146560669 -0.001287013 0.754031897 -0.015607908 -0.656651080
1756482594081111552.000000 0.910187960 0.005541087 -0.147479773 -0.001119727 0.753740013 -0.014873737 -0.657003462
1756482594114452480.000000 0.906679094 0.005356485 -0.148559213 -0.000814992 0.753704727 -0.014583279 -0.657050967
1756482594181135360.000000 0.899704516 0.005685327 -0.149273217 0.000360685 -0.754060149 0.014328619 0.656649053
1756482594214476800.000000 0.896611810 0.005764915 -0.149696767 0.000601014 -0.754030049 0.014401929 0.656681776
1756482594281158400.000000 0.890713930 0.004881342 -0.151723862 0.000672622 -0.753649771 0.014665476 0.657112300
1756482594314500096.000000 0.887164474 0.004573848 -0.151954770 0.000122326 -0.753909349 0.014209175 0.656824768
1756482594381182464.000000 0.880291700 0.005047972 -0.152635276 0.000245290 -0.754014671 0.014054815 0.656707227
1756482594447864320.000000 0.872539043 0.003564501 -0.154778481 0.000031240 -0.753823102 0.013336455 0.656942129
1756482594481205248.000000 0.869191408 0.004512697 -0.155192912 0.000050450 -0.752619565 0.013984118 0.658307076
1756482594547887360.000000 0.861238599 0.004506189 -0.154508591 0.000338361 -0.744676650 0.014528062 0.667267323
1756482594581228288.000000 0.856694818 0.004619206 -0.153470755 0.000049491 -0.739740729 0.014393904 0.672738075
1756482594647910144.000000 0.848810673 0.004387348 -0.151669979 0.000987739 -0.731493950 0.014788077 0.681686938
1756482594681251328.000000 0.847321987 0.003093000 -0.151488721 -0.001415508 0.728669524 -0.014462154 -0.684711397
1756482594747932160.000000 0.840866089 0.002395349 -0.150995791 -0.000514877 0.730110824 -0.014967254 -0.683164656
1756482594781273088.000000 0.837400854 0.002091012 -0.152272642 -0.001037029 0.730727613 -0.014286707 -0.682518840
1756482594847954944.000000 0.829764068 0.002677729 -0.153046131 -0.000580278 0.730922699 -0.014205654 -0.682312191
1756482594881295872.000000 0.826155186 0.002359657 -0.153853238 -0.000549267 0.730515957 -0.014149250 -0.682748795
1756482594947977728.000000 0.819710732 0.002467581 -0.154513359 -0.000827462 0.730345845 -0.014414456 -0.682924986
1756482594981318912.000000 0.816893995 0.002041817 -0.154684663 -0.000817566 0.730644405 -0.014641102 -0.682600796
1756482595048000768.000000 0.810503840 0.002018505 -0.155623317 -0.000543101 0.730927944 -0.014785003 -0.682294309
1756482595114682624.000000 0.804236770 0.002074445 -0.154514372 0.000878176 -0.731122136 0.015029057 0.682080567
1756482595148022528.000000 0.801181674 0.001984329 -0.155116260 0.001167675 -0.731090307 0.014849658 0.682118118
1756482595214704384.000000 0.794198394 0.002261673 -0.155884266 0.001161840 -0.731262743 0.015061071 0.681928694
1756482595248045568.000000 0.791115105 0.002160260 -0.156374633 0.001202578 -0.731179118 0.015156130 0.682016134
1756482595314727168.000000 0.784836054 0.001385611 -0.156974018 0.001473680 -0.730977297 0.015159635 0.682231843
1756482595348068096.000000 0.781004786 0.002239567 -0.156929255 -0.000838134 0.731025994 -0.014772828 -0.682189286
1756482595414751232.000000 0.774098635 0.001913626 -0.157668710 -0.000521837 0.730904579 -0.014159235 -0.682332635
1756482595481434112.000000 0.768061519 0.001507458 -0.158204019 -0.000413299 0.731318176 -0.014739438 -0.681877077
1756482595514775808.000000 0.764516950 0.002100754 -0.158262849 -0.000162035 0.731336713 -0.014974686 -0.681852221
1756482595581457664.000000 0.757638633 0.002354782 -0.159729481 -0.000381283 0.730826080 -0.014313260 -0.682413638
1756482595648140544.000000 0.751410007 0.001090185 -0.159335196 -0.000085247 0.731024683 -0.014128042 -0.682204843
1756482595681481984.000000 0.747899890 0.001250115 -0.159939289 -0.000280325 0.731145322 -0.014150379 -0.682074964
1756482595748165376.000000 0.741700411 0.001745822 -0.160829365 -0.000957334 0.731152773 -0.014246484 -0.682064354
1756482595781506560.000000 0.738940656 0.002500827 -0.160826802 -0.001354414 0.731382847 -0.014785048 -0.681805551
1756482595848189696.000000 0.732940853 0.002120981 -0.160925388 -0.001371965 0.731676221 -0.015429418 -0.681476414
1756482595881531136.000000 0.729889452 0.001742885 -0.161148131 -0.002030803 0.731737435 -0.015817601 -0.681400180
1756482595948214272.000000 0.722908378 0.000628157 -0.161010683 -0.001545089 0.732386410 -0.015597526 -0.680708826
1756482595981555712.000000 0.719352841 0.000666822 -0.161238968 -0.001081824 0.732428491 -0.015298177 -0.680671275
1756482596048237824.000000 0.713069975 0.000473765 -0.162028790 -0.001311690 0.732097030 -0.015286971 -0.681027591
1756482596081579520.000000 0.709523261 0.000840899 -0.161662400 -0.001397937 0.732393086 -0.015953856 -0.680693686
1756482596114920960.000000 0.705831409 0.000511326 -0.161863625 -0.000887320 0.732349753 -0.015450794 -0.680752873
1756482596181603840.000000 0.699679613 0.000088323 -0.162546456 -0.002024050 0.731931388 -0.015892794 -0.681190073
1756482596214945280.000000 0.696696520 0.000841722 -0.162671149 0.001941319 -0.732102334 0.016377024 0.680995047
1756482596281628416.000000 0.689143300 0.000150165 -0.162816644 -0.000974213 0.733240664 -0.016074043 -0.679778576
1756482596314970112.000000 0.685681999 0.000625392 -0.162624359 -0.000930353 0.733298600 -0.016715003 -0.679700613
1756482596381654016.000000 0.679486871 0.000077495 -0.163523376 -0.001011202 0.732941091 -0.016165949 -0.680099308
1756482596414996480.000000 0.676329434 -0.000523781 -0.163454592 -0.000898325 0.733069658 -0.016117057 -0.679962099
1756482596481680128.000000 0.669139147 -0.000930577 -0.164530575 -0.001174544 0.732607543 -0.015361414 -0.680476964
1756482596515022848.000000 0.665971279 -0.001158035 -0.164711714 -0.000736349 0.732570469 -0.014564427 -0.680535078
1756482596581707776.000000 0.658809900 -0.000204721 -0.165456235 0.000752921 -0.731787503 0.015442013 0.681357503
1756482596615049984.000000 0.654691339 -0.000438306 -0.166616797 -0.001211504 0.727905273 -0.015653722 -0.685497999
1756482596681734912.000000 0.645154595 0.000228605 -0.163946688 0.000346168 0.718830884 -0.013914331 -0.695045710
1756482596715077632.000000 0.641819596 -0.000076637 -0.163466871 -0.000139818 0.718063891 -0.013936988 -0.695837736
1756482596781762560.000000 0.636336565 -0.000346071 -0.163929224 0.000021562 0.719974995 -0.014471734 -0.693849146
1756482596815105280.000000 0.633298576 -0.000779127 -0.164718926 -0.000337033 0.720248282 -0.014181092 -0.693571329
1756482596881790464.000000 0.626265287 -0.001202058 -0.165492833 -0.000101482 0.720246434 -0.013939390 -0.693578362
1756482596915131904.000000 0.624228477 0.000140528 -0.164623678 -0.000551569 -0.720533788 0.014259451 0.693273008
1756482596981817088.000000 0.614248395 -0.000694980 -0.165295959 0.000894726 0.720360100 -0.013621381 -0.693465948
1756482597048502272.000000 0.607469440 -0.000648638 -0.165852427 0.000954822 0.720452189 -0.013093192 -0.693380356
1756482597081844736.000000 0.604154050 -0.000904819 -0.165597320 0.001085351 0.720564425 -0.012849140 -0.693268120
1756482597148529920.000000 0.598543584 -0.000891134 -0.165829420 0.000336989 0.720431566 -0.013667851 -0.693391323
1756482597181872640.000000 0.595537841 -0.001529587 -0.165879786 0.000336200 0.720607460 -0.013931524 -0.693203270
1756482597248557824.000000 0.587764382 -0.000681938 -0.167445123 0.000421430 0.720400333 -0.014413275 -0.693408668
1756482597315243520.000000 0.580506027 -0.000756011 -0.167465687 0.000098894 0.714487910 -0.014409326 -0.699499488
1756482597348585728.000000 0.575308025 0.000218638 -0.166925073 0.000546885 0.708920658 -0.013360319 -0.705161572
1756482597415268352.000000 0.568052471 0.001152691 -0.163227141 0.001618504 0.705522060 -0.013078357 -0.708565474
1756482597481951744.000000 0.562274814 0.000823236 -0.163304508 0.001432071 0.707426667 -0.013950739 -0.706647635
1756482597515293184.000000 0.558731258 -0.000980767 -0.163941681 -0.000959289 -0.707572877 0.013430577 0.706512153
1756482597581976576.000000 0.552640259 -0.001384627 -0.164024889 -0.000539354 -0.707162797 0.013308242 0.706925392
1756482597648660224.000000 0.545556009 -0.001379460 -0.164205313 -0.000615710 -0.707091033 0.013428698 0.706994712
1756482597682001664.000000 0.541825771 -0.000841982 -0.164171636 -0.000675159 -0.707144678 0.013063590 0.706947982
1756482597748685312.000000 0.535613656 -0.000936706 -0.163950443 -0.000145050 -0.706948400 0.013973138 0.707127094
1756482597815367680.000000 0.529729962 -0.001276364 -0.163755298 0.000534962 -0.707404613 0.014829546 0.706653118
1756482597848709632.000000 0.526589870 -0.002129741 -0.163879871 0.000356414 -0.707749486 0.014176597 0.706321180
1756482597882051328.000000 0.523219466 -0.002093124 -0.164127469 0.000390873 -0.707752883 0.013952943 0.706322312
1756482597948734464.000000 0.516411364 -0.001887447 -0.164215386 0.000400696 -0.707518280 0.013784148 0.706560493
1756482597982076416.000000 0.513032377 -0.001734336 -0.163591146 0.000420962 -0.707842886 0.014218309 0.706226707
1756482598048760064.000000 0.506509006 -0.001864287 -0.163649380 0.000894625 -0.707707345 0.014377901 0.706358850
1756482598082101760.000000 0.503034830 -0.001752828 -0.163858354 0.000905658 -0.707589805 0.014185186 0.706480503
1756482598148785408.000000 0.496274740 -0.001966604 -0.164550960 0.000900724 -0.707645118 0.013754801 0.706433535
1756482598182127360.000000 0.492971420 -0.002136642 -0.164647847 0.000322248 -0.708065569 0.013464691 0.706018269
1756482598248809728.000000 0.485630751 -0.001710654 -0.164813936 -0.000110594 -0.708657682 0.012824941 0.705435991
1756482598282151680.000000 0.481804967 -0.001846594 -0.164945006 -0.000815480 -0.708710074 0.012841383 0.705382586
1756482598348835328.000000 0.476230294 -0.001459477 -0.164594471 0.000146477 -0.708982170 0.014055721 0.705086410
1756482598415518208.000000 0.470912308 -0.001606409 -0.164316326 0.001444901 -0.709125221 0.014818717 0.704925358
1756482598448859904.000000 0.467641681 -0.001240864 -0.165133268 0.001853193 -0.708942175 0.014858026 0.705107689
1756482598482201088.000000 0.464334011 -0.001259980 -0.164974153 0.001454823 -0.709044158 0.014616555 0.705011129
1756482598548884480.000000 0.458250701 -0.000934137 -0.164892226 0.001872798 -0.709276319 0.015711207 0.704753041
1756482598582225920.000000 0.455186009 -0.000899194 -0.164955974 0.002233594 -0.709474325 0.016473707 0.704535246
1756482598648908800.000000 0.448869705 -0.001383454 -0.165378153 0.002260780 -0.709690511 0.016681429 0.704312503
1756482598715590656.000000 0.442023158 -0.002450537 -0.166220099 0.001883780 -0.709134936 0.016053135 0.704887509
1756482598748932352.000000 0.438339353 -0.002318978 -0.166265219 0.001733656 -0.709044039 0.015803190 0.704985082
1756482598815615488.000000 0.431646109 -0.001781443 -0.165283680 0.002147128 -0.709283531 0.015948668 0.704739690
1756482598848957184.000000 0.428322554 -0.001484931 -0.165139884 0.002283477 -0.709402680 0.015834183 0.704621851
1756482598915639808.000000 0.421391547 -0.001353074 -0.165341944 0.002235366 -0.709502876 0.015449519 0.704529762
1756482598948981504.000000 0.417994618 -0.001366084 -0.165101260 0.002448655 -0.709929109 0.015703967 0.704093814
1756482599015664640.000000 0.409057260 -0.001632177 -0.166163951 0.002221972 -0.704610705 0.014974913 0.709432662
1756482599049006080.000000 0.405063868 -0.001678338 -0.165141761 0.001028171 -0.699061394 0.014136492 0.714921296
1756482599115689216.000000 0.399086893 -0.001810327 -0.162940502 0.001979495 -0.693696082 0.014618021 0.720116854
1756482599182371072.000000 0.394060671 -0.002159503 -0.162181854 0.002809979 -0.696341217 0.015596504 0.717535973
1756482599215712512.000000 0.391031265 -0.002183892 -0.161966383 0.002851016 -0.697240829 0.015406236 0.716665804
1756482599282395904.000000 0.384839416 -0.002487429 -0.161745638 0.003387538 -0.697333395 0.015695767 0.716567099
1756482599315737344.000000 0.381700575 -0.002989102 -0.161675394 0.003412279 -0.697595775 0.015912181 0.716306806
1756482599382420992.000000 0.375344515 -0.001919282 -0.162258893 0.003709050 -0.698006153 0.016928991 0.715882003
1756482599415763200.000000 0.372365475 -0.002048622 -0.161949873 0.003561485 -0.698273361 0.016715068 0.715627193
1756482599482447616.000000 0.365026534 -0.001421019 -0.162955850 0.003095596 -0.697825372 0.015148018 0.716101110
1756482599515789824.000000 0.361574352 -0.002301156 -0.163288057 0.002601250 -0.698099136 0.014242183 0.715854764
1756482599549131776.000000 0.358223051 -0.002860500 -0.163085610 0.001701287 -0.698813498 0.013536336 0.715173900
1756482599615815424.000000 0.350616515 -0.002800205 -0.160993636 0.001110933 -0.700321198 0.013774954 0.713694096
1756482599649157632.000000 0.347521782 -0.003205827 -0.160345316 0.001271814 -0.700577378 0.014151837 0.713435054
1756482599715842048.000000 0.342034012 -0.003685668 -0.159416586 0.001012761 -0.700947225 0.014769509 0.713059545
1756482599782526464.000000 0.335613430 -0.003950523 -0.159327745 0.000917888 -0.701164901 0.014283778 0.712855577
1756482599815868928.000000 0.332408667 -0.003381816 -0.159441769 0.001072434 -0.701645494 0.014228104 0.712383449
1756482599849210880.000000 0.328887343 -0.003538640 -0.159793884 0.000540372 -0.701786518 0.014049478 0.712248623
1756482599915895552.000000 0.322511911 -0.003256704 -0.159448445 0.000989895 -0.702293515 0.014313115 0.711742938
1756482599949237760.000000 0.319494605 -0.003594766 -0.158811480 0.001014859 -0.702793300 0.014017776 0.711255372
1756482599982580224.000000 0.316202402 -0.002459071 -0.159831226 0.001836185 -0.702420354 0.014582431 0.711610675
1756482600049263616.000000 0.309840322 -0.002134989 -0.160799295 0.002020742 -0.701665938 0.014198183 0.712361813
1756482600082605824.000000 0.306626946 -0.002074424 -0.160252899 0.002309686 -0.701881051 0.014339202 0.712146163
1756482600149290496.000000 0.300491393 -0.002182031 -0.159460574 0.002193807 -0.702699363 0.015181031 0.711321652
1756482600182632960.000000 0.296742588 -0.002344602 -0.158840090 0.001746222 -0.703194261 0.014982607 0.710837841
1756482600249317632.000000 0.289627135 -0.003379715 -0.159134448 0.001046299 -0.702924609 0.013832922 0.711129189
1756482600282660096.000000 0.286395550 -0.004134247 -0.158616453 0.000448259 -0.703221977 0.013303617 0.710845768
1756482600349344512.000000 0.279145420 -0.003981127 -0.158678591 0.000236652 -0.703352869 0.013189092 0.710718572
1756482600382686464.000000 0.275794923 -0.003860233 -0.159255654 0.000338611 -0.703065753 0.013363981 0.710999191
1756482600416027904.000000 0.272668362 -0.003936469 -0.159555137 0.000860334 -0.702786386 0.013376478 0.711274743
1756482600482710272.000000 0.268213570 -0.003037473 -0.160537183 0.002597288 -0.701551080 0.014991537 0.712456763
1756482600516052224.000000 0.265249342 -0.004013171 -0.160400122 0.002355150 -0.701727152 0.014340083 0.712297559
1756482600549393920.000000 0.262323171 -0.004120065 -0.160162538 0.002592516 -0.701726675 0.014261871 0.712298870
1756482600616077312.000000 0.255451351 -0.003833442 -0.160012484 0.002783658 -0.701781511 0.014627367 0.712236643
1756482600682760704.000000 0.249047697 -0.004204707 -0.160167649 0.002350382 -0.701896369 0.014654041 0.712124527
1756482600716102656.000000 0.245023862 -0.003283586 -0.160409674 0.002511885 -0.701799929 0.014826341 0.712215424
1756482600782786048.000000 0.238136753 -0.003683926 -0.161045164 0.002916651 -0.700224280 0.015263644 0.713753819
1756482600816127744.000000 0.234627247 -0.002538506 -0.160277680 0.005111123 -0.697348118 0.017309181 0.716505408
1756482600849469440.000000 0.230392784 -0.002680344 -0.159292951 0.004286754 -0.692538500 0.016289689 0.721184313
1756482600916152064.000000 0.223726109 -0.002206273 -0.156851619 0.003588771 -0.688395560 0.015243752 0.725166440
1756482600949493760.000000 0.220454186 -0.001165094 -0.156327412 0.003147557 -0.689414203 0.015414088 0.724196494
1756482601016177408.000000 0.213266328 -0.000856159 -0.156326577 0.002134363 -0.690588534 0.014683722 0.723095715
1756482601049519360.000000 0.209595889 -0.002244009 -0.155728891 0.001752148 -0.690741956 0.013889280 0.722965837
1756482601082861056.000000 0.205995202 -0.001674606 -0.155029148 0.002003461 -0.690900624 0.014579025 0.722799957
1756482601149544448.000000 0.200255871 -0.002373504 -0.154272854 0.001976211 -0.691493273 0.014803367 0.722228587
1756482601182886144.000000 0.197512597 -0.002706464 -0.153629079 0.001473382 -0.692035675 0.014667945 0.721712828
1756482601216228096.000000 0.194311500 -0.003007626 -0.152812600 0.000975476 -0.692550838 0.014393030 0.721224844
1756482601282911488.000000 0.187967151 -0.003283924 -0.151985794 0.000564678 -0.692624927 0.014267167 0.721156657
1756482601316253440.000000 0.184215933 -0.002346553 -0.151244193 0.000390910 -0.693009555 0.014545679 0.720781624
1756482601349595392.000000 0.181180656 -0.002501228 -0.150467888 0.000395861 -0.693205714 0.014540268 0.720592976
1756482601416277760.000000 0.174810410 -0.002367540 -0.149553686 0.000342670 -0.693963706 0.014702383 0.719859779
1756482601482961664.000000 0.168084010 -0.002303382 -0.149400875 0.000588042 -0.693100750 0.014976671 0.720684946
1756482601516303616.000000 0.163860664 -0.002755456 -0.148991421 0.000848993 -0.688971639 0.015332955 0.724625647
1756482601582987008.000000 0.155868426 -0.001722714 -0.148486838 0.001457634 -0.677327931 0.014155781 0.735543609
1756482601616328960.000000 0.152033925 -0.002502131 -0.146622524 -0.000005673 -0.673008800 0.013023002 0.739519894
1756482601649670656.000000 0.147748679 -0.002351275 -0.145038754 -0.000213714 -0.668696523 0.012938243 0.743422925
1756482601716354048.000000 0.139789283 -0.001704647 -0.142265767 -0.000203389 -0.660943449 0.012956652 0.750323892
1756482601749696000.000000 0.136834532 -0.002225932 -0.140815899 0.000079166 -0.656904042 0.013953486 0.753845096
1756482601783037952.000000 0.133327514 -0.002697392 -0.138985321 -0.000802034 -0.652712941 0.013482429 0.757484913
1756482601849720576.000000 0.127565533 -0.001515037 -0.136130810 0.000977558 -0.644608855 0.014244378 0.764379263
1756482601916404224.000000 0.121260062 -0.000985324 -0.132909060 0.000952765 -0.642374694 0.014441416 0.766254127
1756482601949746176.000000 0.118284039 0.000344954 -0.132506013 0.001625915 -0.643637002 0.015515693 0.765171945
1756482601983087872.000000 0.115484610 0.000860381 -0.131971538 0.002188710 -0.644504189 0.015567537 0.764439225
1756482602016429568.000000 0.112575583 0.000788706 -0.131157011 0.001846326 -0.644596100 0.015637923 0.764361084
1756482602083113216.000000 0.105525233 0.000293628 -0.130132854 0.002238923 -0.643756151 0.014041951 0.765098572
1756482602116455168.000000 0.101846561 -0.000666707 -0.129812464 0.001377399 -0.643890798 0.012926135 0.765006959
1756482602149796864.000000 0.098245524 -0.000686086 -0.129366249 0.000902800 -0.644076169 0.012194032 0.764863670
1756482602216480512.000000 0.092308521 -0.002422594 -0.127440974 0.000516816 -0.644823611 0.011920291 0.764238358
1756482602249821184.000000 0.089515559 -0.002885624 -0.126792371 0.000635205 -0.645188868 0.012369894 0.763922691
1756482602316504832.000000 0.083507262 -0.001715997 -0.125526369 0.001712910 -0.645347297 0.013864367 0.763761640
1756482602349846528.000000 0.080837838 -0.001137495 -0.124492705 0.002470232 -0.645175755 0.014198101 0.763898373
1756482602383187968.000000 0.077891000 -0.000274043 -0.123608209 0.002888027 -0.645138144 0.014151022 0.763929486
1756482602449870592.000000 0.070164278 -0.002620944 -0.122440659 0.000216711 -0.645048261 0.011659478 0.764052927
1756482602516553216.000000 0.063846231 -0.003579602 -0.120251291 -0.001584046 -0.645748973 0.010984784 0.763469100
1756482602549894656.000000 0.060966916 -0.002681808 -0.119035751 -0.001121968 -0.646227717 0.011394308 0.763058782
1756482602583235840.000000 0.058293719 -0.002336102 -0.118281342 -0.000632985 -0.646658599 0.011750049 0.762688875
1756482602616577024.000000 0.055697985 -0.001941732 -0.117609888 -0.000207299 -0.646848440 0.012070845 0.762523055
1756482602683259648.000000 0.049824059 -0.001959626 -0.116103083 0.000061862 -0.646986306 0.012599264 0.762397587
1756482602716600064.000000 0.045389473 -0.003348817 -0.116881832 -0.000949480 -0.645798922 0.011361890 0.763422489
1756482602749941248.000000 0.042297639 -0.003521263 -0.116612799 -0.001367337 -0.645542204 0.010759670 0.763647676
1756482602783282688.000000 0.038971867 -0.003900065 -0.115687475 -0.001705862 -0.646146238 0.010301135 0.763142288
1756482602849965056.000000 0.033050321 -0.004135012 -0.114286371 -0.001485341 -0.646958292 0.011101258 0.762443185
1756482602883306496.000000 0.030207284 -0.004015342 -0.113731869 -0.001366855 -0.646776557 0.011338508 0.762594044
1756482602916647680.000000 0.026635006 -0.004505951 -0.113153115 -0.002087329 -0.646617234 0.010850468 0.762734592
1756482602983330304.000000 0.019541599 -0.004154935 -0.113122061 -0.002591299 -0.646212637 0.010147028 0.763085604
1756482603016671744.000000 0.017116569 -0.003121302 -0.111840509 -0.001696906 -0.647125542 0.010634994 0.762307346
1756482603050012928.000000 0.014267288 -0.002901834 -0.110251456 -0.000998677 -0.648113668 0.011432477 0.761457145
1756482603083354112.000000 0.011420645 -0.003477856 -0.109604999 -0.001159391 -0.648418009 0.011458423 0.761197388
1756482603116695296.000000 0.008452080 -0.003680266 -0.109184586 -0.001236200 -0.648498595 0.011827038 0.761123002
1756482603150035712.000000 0.004941791 -0.004068551 -0.108706526 -0.001551425 -0.648436844 0.011735145 0.761176467
1756482603216718080.000000 -0.001742892 -0.004582470 -0.107746020 -0.002264343 -0.647980690 0.010814763 0.761576593
1756482603250059520.000000 -0.005097352 -0.004160312 -0.108400464 -0.002074004 -0.646844685 0.010285540 0.762549639
1756482603283400448.000000 -0.008599408 -0.004794939 -0.107915923 -0.003099486 -0.647034228 0.010029621 0.762388825
1756482603316741888.000000 -0.012067534 -0.005180096 -0.107691035 -0.003426872 -0.647105277 0.009874066 0.762329042
1756482603350083328.000000 -0.015024506 -0.004019258 -0.105881013 -0.002164136 -0.648560047 0.010998884 0.761080921
1756482603383424512.000000 -0.017957211 -0.004715356 -0.106011808 -0.002565228 -0.648564935 0.011359782 0.761070311
1756482603416766208.000000 -0.020551093 -0.005165204 -0.105610199 -0.002250190 -0.648599625 0.011717784 0.761036336
1756482603450107392.000000 -0.023398459 -0.005469356 -0.105195679 -0.002104772 -0.648050010 0.012298490 0.761495650
1756482603483448832.000000 -0.026053153 -0.006245532 -0.104042709 -0.002408667 -0.647542298 0.011176178 0.761943877
1756482603516790272.000000 -0.029598385 -0.006954345 -0.103502013 -0.003009073 -0.647144377 0.010646200 0.762287259
1756482603550131456.000000 -0.032381393 -0.005488735 -0.102231413 -0.001750419 -0.647412300 0.011172663 0.762056053
1756482603583472128.000000 -0.035818830 -0.006004991 -0.101850599 -0.002204021 -0.647549033 0.010656511 0.761946142
1756482603650154752.000000 -0.041948408 -0.004483089 -0.100029536 -0.001102887 -0.648855388 0.010933339 0.760832369
1756482603683495936.000000 -0.045242809 -0.005136790 -0.099277072 -0.001629633 -0.649229228 0.010220006 0.760522485
1756482603716837376.000000 -0.048741177 -0.005761749 -0.099003740 -0.002107268 -0.649175227 0.009691291 0.760574222
1756482603750178816.000000 -0.052023873 -0.006081258 -0.098492093 -0.002401107 -0.648786664 0.008756820 0.760916233
1756482603783520256.000000 -0.055740416 -0.006440531 -0.098304063 -0.003462897 -0.647717297 0.007019763 0.761840582
1756482603816861696.000000 -0.058229655 -0.006651210 -0.098067388 -0.004763791 -0.646340966 0.005083922 0.763016999
1756482603850202880.000000 -0.060414970 -0.004528300 -0.095653608 -0.005158533 -0.648257256 0.005202288 0.761386096
1756482603883544320.000000 -0.060906269 -0.004634587 -0.095913172 -0.004242076 -0.647815108 0.006051209 0.761761785
1756482603916885504.000000 -0.058908552 -0.005446756 -0.095622726 -0.003165441 -0.647337019 0.007862535 0.762156785
1756482603983568384.000000 -0.056812346 -0.005825922 -0.095838480 -0.000367406 -0.646988511 0.010596071 0.762426078
1756482604016909568.000000 -0.056427047 -0.006381226 -0.095825478 -0.000252071 -0.647019386 0.010254290 0.762404561
1756482604050249984.000000 -0.056807451 -0.006133655 -0.095690541 -0.001249832 -0.647224367 0.009184478 0.762243271
1756482604083591168.000000 -0.058214135 -0.006087674 -0.098056287 -0.002928702 -0.645004034 0.008087382 0.764130771
1756482604116932608.000000 -0.057121001 -0.003958626 -0.097727671 -0.001022658 -0.645390391 0.008685344 0.763802886
1756482604150274048.000000 -0.056746677 -0.003822626 -0.097089812 -0.000601027 -0.645762205 0.009157588 0.763483524
1756482604183615232.000000 -0.056249328 -0.003687364 -0.097613916 -0.000037427 -0.645532489 0.009796776 0.763669968
1756482604216956672.000000 -0.055809423 -0.004220987 -0.097402714 0.000106314 -0.645641446 0.009619448 0.763580084
1756482604283639296.000000 -0.056576684 -0.004358344 -0.098295376 -0.000788018 -0.645088196 0.009199226 0.764052391
1756482604316980480.000000 -0.056893416 -0.004519335 -0.098437734 -0.000911526 -0.644914746 0.009236690 0.764198184
1756482604350321664.000000 -0.056587860 -0.004345806 -0.097577386 -0.000342679 -0.645513237 0.009476047 0.763690293
1756482604383663360.000000 -0.056389496 -0.004400306 -0.097604901 -0.000393658 -0.645306706 0.009393098 0.763865829
1756482604417004544.000000 -0.056235895 -0.004696152 -0.098316401 -0.000103697 -0.642507672 0.009862652 0.766215801
1756482604483686400.000000 -0.058301605 -0.003535905 -0.097877003 -0.000407828 -0.633631945 0.010719438 0.773560286
1756482604517028096.000000 -0.058447473 -0.003374598 -0.097241729 -0.000753112 -0.629452884 0.010763203 0.776963770
1756482604550369536.000000 -0.058979191 -0.003473243 -0.097106099 -0.001060275 -0.624855042 0.010577877 0.780668437
1756482604583710976.000000 -0.059042111 -0.003730570 -0.097048715 -0.001212159 -0.620100379 0.010489548 0.784451425
1756482604617052416.000000 -0.059580192 -0.003681470 -0.096599832 -0.001243453 -0.615811348 0.010654601 0.787820637
1756482604650393600.000000 -0.060111634 -0.003686443 -0.096332811 -0.001244905 -0.611108065 0.010805545 0.791472495
1756482604717076736.000000 -0.060832076 -0.003612499 -0.091773130 -0.000015275 -0.604822338 0.010725008 0.796288252
1756482604750417920.000000 -0.060404740 -0.002499377 -0.090634681 0.000804816 -0.600660980 0.011131447 0.799425900
1756482604783759616.000000 -0.059923433 -0.002388916 -0.090602815 0.000612979 -0.595351458 0.010920906 0.803390980
1756482604817100800.000000 -0.059711665 -0.002578236 -0.090303585 0.000113531 -0.589959919 0.010731422 0.807361245
1756482604850442496.000000 -0.059848152 -0.002590384 -0.089408450 0.000138715 -0.584919930 0.010601506 0.811021805
1756482604883783680.000000 -0.060250953 -0.002697141 -0.088512175 0.000006571 -0.579748988 0.010437938 0.814728320
1756482604917124352.000000 -0.062256500 -0.002734976 -0.085040629 0.000230252 -0.576748312 0.010878856 0.816849470
1756482604950465792.000000 -0.062117338 -0.002526123 -0.083962381 0.000485655 -0.571556449 0.010297476 0.820498109
1756482604983806976.000000 -0.062399231 -0.002469319 -0.083858013 -0.000288114 -0.565737486 0.010146291 0.824523032
1756482605017148416.000000 -0.062707059 -0.002553192 -0.083434165 -0.000868074 -0.560305536 0.010106895 0.828223884
1756482605050489856.000000 -0.062065538 -0.003201052 -0.082318053 -0.002065752 -0.555449724 0.009799846 0.831489921
1756482605117172992.000000 -0.063066140 -0.002558651 -0.080568448 -0.001127930 -0.545464873 0.010624542 0.838065624
1756482605150514176.000000 -0.063648269 -0.001966369 -0.078494549 0.000058633 -0.542147994 0.011349489 0.840206444
1756482605183855872.000000 -0.063479811 -0.001953857 -0.076229632 0.001055589 -0.538648546 0.010293088 0.842467070
1756482605217197056.000000 -0.063356414 -0.002175600 -0.076031081 0.000554796 -0.532950938 0.010172432 0.846084893
1756482605250538496.000000 -0.063736573 -0.002054174 -0.075490281 0.000296798 -0.527697921 0.010450818 0.849367857
1756482605283879936.000000 -0.064040631 -0.001815903 -0.074699797 0.000250771 -0.522657216 0.010505192 0.852478266
1756482605317221376.000000 -0.064757146 -0.001440682 -0.075079024 -0.000899278 -0.516317725 0.012079265 0.856311500
1756482605350563072.000000 -0.063089274 -0.001536481 -0.071245730 0.000642115 -0.515212893 0.010177619 0.857001543
1756482605383903232.000000 -0.063296646 -0.000978551 -0.070361882 0.000940756 -0.510500431 0.010692311 0.859810531
1756482605417260800.000000 -0.063672364 -0.000938350 -0.070345633 0.000847787 -0.505237341 0.011039094 0.862909436
1756482605483990784.000000 -0.063173980 -0.000422644 -0.068583094 0.000741647 -0.496244818 0.011202650 0.868110061
1756482605517356032.000000 -0.063415997 -0.000172303 -0.067549378 0.000907428 -0.491566956 0.011575767 0.870762408
1756482605550721280.000000 -0.064108916 -0.001118634 -0.062357411 -0.000216484 -0.489516437 0.010222286 0.871934235
1756482605584086528.000000 -0.064334810 -0.001663386 -0.061526943 -0.000564453 -0.484193355 0.009578242 0.874908447
1756482605617452032.000000 -0.064299949 -0.001166921 -0.060937867 -0.000344440 -0.478274047 0.009468800 0.878159583
1756482605650817536.000000 -0.065157399 -0.001327485 -0.060030866 -0.000527008 -0.472884387 0.009355363 0.881074727
1756482605684183552.000000 -0.065538660 -0.001722086 -0.059049573 -0.001028864 -0.467937618 0.009115984 0.883713901
1756482605717549568.000000 -0.061055765 -0.002886617 -0.064296134 -0.000794535 -0.463250220 0.008200942 0.886189342
1756482605784281856.000000 -0.061893888 -0.003521952 -0.062840030 -0.000093703 -0.452854306 0.008013801 0.891548514
1756482605817647360.000000 -0.062307451 -0.003678934 -0.062512405 0.000228916 -0.447157860 0.008039908 0.894418955
1756482605851013888.000000 -0.059101190 -0.002538946 -0.060321927 0.000854253 -0.443292499 0.007965347 0.896341264
1756482605884380928.000000 -0.059283011 -0.002802372 -0.059608828 0.000853368 -0.437952131 0.007983210 0.898962498
1756482605951114752.000000 -0.060291264 -0.003304000 -0.058163799 0.000432574 -0.427414358 0.008031567 0.904020071
1756482605984482048.000000 -0.061200634 -0.003294911 -0.057278689 0.000315546 -0.421509981 0.008104156 0.906787515
1756482606017849088.000000 -0.059994847 -0.003094319 -0.055724792 -0.000281515 -0.416548133 0.007660645 0.909081399
1756482606084584192.000000 -0.060013037 -0.003172395 -0.054901585 -0.001369909 -0.405702323 0.007307544 0.913975060
1756482606117952000.000000 -0.059588522 -0.002965580 -0.053861897 -0.001436976 -0.400955558 0.007315251 0.916067243
1756482606151320064.000000 -0.059318304 -0.002976932 -0.052606490 -0.001939020 -0.395948797 0.007257592 0.918241918
1756482606218056448.000000 -0.058362450 -0.003012961 -0.050866015 -0.001855503 -0.385813445 0.007034923 0.922548115
1756482606251423744.000000 -0.057830580 -0.002881819 -0.049754731 -0.001492348 -0.380663425 0.007123634 0.924685121
1756482606318160896.000000 -0.056842014 -0.002686019 -0.047701184 -0.001245238 -0.370562941 0.007397275 0.928777099
1756482606351529728.000000 -0.056322649 -0.002895448 -0.047304880 -0.001604091 -0.365256011 0.007076606 0.930878878
1756482606384898560.000000 -0.055652343 -0.003039495 -0.046545163 -0.001487558 -0.360218406 0.006740409 0.932842493
1756482606451582720.000000 -0.050445266 -0.000232173 -0.058534633 -0.001859845 -0.348856270 0.006127047 0.937154353
1756482606484920064.000000 -0.050737590 -0.000539766 -0.057168342 -0.002070726 -0.343287379 0.006294669 0.939207077
1756482606551593984.000000 -0.049969204 -0.000023658 -0.055240903 -0.002206556 -0.332947671 0.006246544 0.942922056
1756482606584931072.000000 -0.050273102 -0.000184192 -0.053908013 -0.002290438 -0.326304436 0.006627384 0.945238769
1756482606651605248.000000 -0.047999341 -0.000043438 -0.052613840 -0.002197980 -0.316885829 0.006029504 0.948441982
1756482606684942336.000000 -0.047466382 -0.000198091 -0.051516317 -0.002417980 -0.311607987 0.005855939 0.950189650
1756482606751614976.000000 -0.046588302 -0.000026766 -0.049798530 -0.002574798 -0.300897181 0.005589406 0.953636765
1756482606784951808.000000 -0.046615560 -0.000382049 -0.048961580 -0.002596447 -0.295346886 0.005390708 0.955371380
1756482606851625472.000000 -0.045416079 -0.000471886 -0.047179975 -0.002879854 -0.284306198 0.005257491 0.958714783
1756482606884962304.000000 -0.044654354 -0.000366524 -0.045808636 -0.003088980 -0.279103845 0.005222709 0.960241795
1756482606951635712.000000 -0.043264929 -0.000493273 -0.044866536 -0.003420986 -0.269108117 0.004925834 0.963091373
1756482606984972544.000000 -0.043004960 -0.000378379 -0.043807350 -0.003265324 -0.263779521 0.004942378 0.964564860
1756482607051645696.000000 -0.041417174 -0.000366194 -0.042416003 -0.002927853 -0.253340185 0.005247158 0.967358649
1756482607084982272.000000 -0.040869586 -0.000116502 -0.041313685 -0.003037670 -0.247948319 0.005271655 0.968754172
1756482607151654144.000000 -0.039790094 -0.000298900 -0.039328225 -0.003187832 -0.237515181 0.005046693 0.971365571
1756482607184990720.000000 -0.039147329 -0.000362139 -0.038634934 -0.003132276 -0.232401282 0.005137070 0.972601414
1756482607251663616.000000 -0.038087022 -0.000431132 -0.037207909 -0.002890978 -0.221368045 0.005371504 0.975171268
1756482607318336256.000000 -0.037028961 -0.000515674 -0.035327099 -0.003236875 -0.210285619 0.004929138 0.977622271
1756482607351672576.000000 -0.036401942 -0.000301145 -0.033964477 -0.003506358 -0.204827830 0.004884444 0.978779554
1756482607418347264.000000 -0.035451613 -0.000143279 -0.031960335 -0.003845764 -0.193915337 0.004668155 0.980999708
1756482607485026560.000000 -0.033781204 0.000356343 -0.030850478 -0.004070997 -0.183598757 0.004920640 0.982980549
1756482607518366208.000000 -0.032961667 0.000496624 -0.030068910 -0.004132998 -0.178195372 0.004676596 0.983975410
1756482607585044224.000000 -0.031685706 0.000578420 -0.028698750 -0.003801647 -0.167187065 0.004355863 0.985908270
1756482607651723264.000000 -0.030274680 0.000559615 -0.027205663 -0.003869581 -0.155504137 0.004000269 0.987819552
1756482607718402048.000000 -0.028234852 0.000228661 -0.025723930 -0.004182229 -0.143792003 0.003579000 0.989592671
1756482607785081088.000000 -0.026610762 0.000344995 -0.023671860 -0.004309401 -0.132491022 0.003273621 0.991169512
1756482607818420480.000000 -0.026089143 0.000331441 -0.023017898 -0.004553525 -0.127040446 0.003091956 0.991882324
1756482607885099264.000000 -0.024477132 0.000508935 -0.021344269 -0.004840335 -0.116425209 0.002705331 0.993184030
1756482607918438400.000000 -0.023839032 0.000879465 -0.020293666 -0.004845053 -0.110959202 0.002558414 0.993809938
1756482607985117184.000000 -0.019428443 0.000839610 -0.022016652 -0.005018618 -0.101533026 0.002113195 0.994817317
1756482608018456576.000000 -0.018776236 0.000524455 -0.021534426 -0.005160021 -0.096144579 0.001867797 0.995352268
1756482608085134080.000000 -0.017217731 0.000377149 -0.020436918 -0.005416991 -0.085749708 0.001688951 0.996300578
1756482608151812608.000000 -0.015387289 0.000421000 -0.019171346 -0.005088306 -0.075576045 0.001476479 0.997125983
1756482608185151744.000000 -0.041535806 0.004313979 -0.045013789 -0.004685421 -0.075272962 0.001679305 0.997150600
1756482608251830016.000000 -0.014576642 0.001052682 -0.018270699 -0.004344516 -0.057999358 0.001081011 0.998306632
1756482608318508544.000000 -0.012636620 0.001129972 -0.017077932 -0.004617478 -0.046410352 0.000790199 0.998911500
1756482608385186560.000000 -0.011007442 0.001462963 -0.015946114 -0.004289628 -0.034481362 0.000963408 0.999395669
1756482608451864064.000000 -0.009265429 0.001671115 -0.014180577 -0.004868612 -0.022726327 0.000662366 0.999729693
1756482608518540032.000000 -0.005160021 0.000643155 -0.012979322 -0.005569408 -0.013611130 0.000779136 0.999891579
1756482608585216768.000000 -0.002901805 0.000604732 -0.011992190 -0.005291918 -0.003282584 0.000744986 0.999980330
1756482608651893504.000000 -0.000833337 0.000134639 -0.011421562 -0.005357054 0.007579726 0.000324328 0.999956906
1756482608718569984.000000 0.001203419 0.000337876 -0.010659480 -0.005528743 0.018562712 0.000090312 0.999812424
1756482608751908352.000000 0.001867189 0.000520285 -0.010766526 -0.005111879 0.024131605 -0.000209386 0.999695718
1756482608818584576.000000 0.003413643 0.000329780 -0.011027033 -0.005152402 0.035135560 -0.000358750 0.999369204
1756482608885261312.000000 0.004978487 -0.000041104 -0.016500289 -0.004963350 0.044281106 -0.000548717 0.999006629
1756482608951936256.000000 0.004467903 -0.000522256 -0.018172666 -0.005189976 0.043315813 -0.000129294 0.999047995
1756482609018612736.000000 0.004217863 0.000111496 -0.009119588 -0.005299625 0.043659784 -0.001035796 0.999031901
1756482609051950592.000000 0.004509185 0.000525005 -0.009337236 -0.005093670 0.043560874 -0.000763871 0.999037504
1756482609118626560.000000 0.004225314 0.000450654 -0.009237030 -0.005198473 0.043559801 -0.001073693 0.999036729
1756482609151964672.000000 0.004394556 0.000226124 -0.009563125 -0.005351642 0.043499473 -0.000780302 0.999038815
1756482609218640384.000000 0.004546776 -0.000487002 -0.007587480 -0.005306439 0.040925611 -0.000839209 0.999147773
1756482609285316352.000000 0.002872785 -0.000505299 -0.004424890 -0.005664194 0.031068891 -0.000931969 0.999500811
1756482609351991552.000000 0.001045809 -0.000732485 -0.013827533 -0.005920532 0.020170612 -0.000544843 0.999778926
1756482609418667008.000000 -0.000750221 -0.000376484 -0.012688490 -0.005564637 0.009519132 0.000410345 0.999939144
1756482609452005632.000000 -0.001658112 0.000165210 -0.012410481 -0.005495693 0.004168969 0.000350811 0.999976158
1756482609518682880.000000 -0.003160905 0.000266807 -0.011967993 -0.005420310 -0.006353144 0.000863967 0.999964833
1756482609552021504.000000 -0.004074806 0.000560455 -0.012251836 -0.005163425 -0.011520469 0.001041458 0.999919832
1756482609652037120.000000 -0.005355326 0.001325839 -0.012489677 -0.005440491 -0.013809788 0.000848925 0.999889553
1756482609685375488.000000 -0.004620071 0.001550733 -0.012848355 -0.004991208 -0.013328839 0.001582676 0.999897480
1756482609752052480.000000 -0.005013031 0.001375073 -0.013350644 -0.005015384 -0.013636050 0.001009626 0.999893963
1756482609852066816.000000 -0.005400792 0.000724253 -0.014221235 -0.005417382 -0.013662475 0.000915911 0.999891639
1756482609918743296.000000 -0.005233005 0.000231962 -0.014854287 -0.005675993 -0.013667984 0.000958340 0.999890029
1756482609985420032.000000 -0.005187039 0.000177798 -0.013492497 -0.005645968 -0.013659271 0.001190786 0.999890089
1756482610052096256.000000 -0.005081379 0.000601572 -0.012585579 -0.005489642 -0.013579962 0.001039969 0.999892175
1756482610085434624.000000 -0.005052684 0.000694882 -0.012605455 -0.005375838 -0.013616368 0.001187711 0.999892116
1756482610152111104.000000 -0.005084205 0.000724427 -0.012443871 -0.005392718 -0.013570487 0.001236150 0.999892652
1756482610218787328.000000 -0.005190432 0.000660772 -0.012391259 -0.005432115 -0.013526782 0.001171972 0.999893129
1756482610318800384.000000 -0.005188881 0.000540879 -0.012434328 -0.005492111 -0.013548652 0.001168063 0.999892533
1756482610385476864.000000 -0.005439461 0.000579733 -0.012498194 -0.005537806 -0.013444334 0.001204521 0.999893665
1756482610452154112.000000 -0.005570412 0.000550239 -0.012329903 -0.005571194 -0.013422923 0.001162368 0.999893785
1756482610518831616.000000 -0.004987362 0.000727496 -0.012013729 -0.005481155 -0.010701276 0.001431290 0.999926746
1756482610585509120.000000 -0.002579906 0.000641073 -0.012067944 -0.005191024 -0.001130607 0.001077831 0.999985337
1756482610685524992.000000 0.000090790 0.000562665 -0.011298080 -0.005450075 0.010533233 0.000454520 0.999929607
1756482610718862592.000000 0.000107844 0.000560791 -0.011296541 -0.005335312 0.010435631 0.000499946 0.999931216
1756482610785539584.000000 -0.001187951 0.000408356 -0.011050606 -0.005478155 0.009728194 0.000219347 0.999937654
1756482610852216832.000000 -0.000002276 0.000327087 -0.011811228 -0.005149154 0.009456414 0.000563437 0.999941885
1756482610885555200.000000 -0.000195291 0.000344965 -0.011645864 -0.005265504 0.009440013 0.000381143 0.999941528
1756482610952232192.000000 -0.000198750 0.000238250 -0.011486187 -0.005472539 0.009477326 0.000501449 0.999939978
1756482611018908928.000000 -0.000786493 0.000520104 -0.010739632 -0.005219446 0.009571453 0.000503401 0.999940455
1756482611052247296.000000 -0.000963051 0.000494248 -0.010939754 -0.005332789 0.009741496 0.000427972 0.999938309
1756482611118923776.000000 -0.000672210 0.000368944 -0.011045946 -0.005353805 0.009524683 0.000264279 0.999940336
1756482611185599488.000000 -0.000556953 0.000332561 -0.010999057 -0.005383042 0.009535298 0.000127083 0.999940097
1756482611252275968.000000 -0.000393493 0.000179895 -0.011027013 -0.005452606 0.009468740 0.000236131 0.999940336
1756482611285614336.000000 -0.000379128 0.000179438 -0.010966761 -0.005447707 0.009419235 0.000192973 0.999940753
1756482611352290560.000000 -0.000246788 0.000240408 -0.011048225 -0.005422542 0.009414914 0.000274803 0.999940991
1756482611418967040.000000 -0.000376107 0.000191273 -0.011147435 -0.005450447 0.009533581 0.000219179 0.999939740
1756482611485643264.000000 -0.000596611 -0.000017187 -0.010750744 -0.005635493 0.009663023 0.000319801 0.999937415
1756482611552319744.000000 -0.000600412 -0.000086723 -0.010835411 -0.005648082 0.009594711 0.000304883 0.999938071
1756482611618995200.000000 -0.000603383 0.000345791 -0.011239749 -0.005341104 0.009562514 0.000259171 0.999940038
1756482611652333312.000000 -0.000588889 0.000411638 -0.011243413 -0.005264182 0.009584721 0.000351655 0.999940157
1756482611719009280.000000 -0.000678942 0.000551996 -0.011138546 -0.005271222 0.009613886 0.000364692 0.999939859
1756482611785685248.000000 -0.000495995 0.000569190 -0.011058308 -0.005271542 0.009523430 0.000434126 0.999940693
1756482611852361216.000000 -0.000684891 0.000424926 -0.011215540 -0.005304128 0.009664888 0.000377625 0.999939203
1756482611919037184.000000 -0.000817695 0.000688844 -0.011086477 -0.005195273 0.009697024 0.000411069 0.999939382
1756482611985712640.000000 -0.000736744 0.000378146 -0.010888743 -0.005328818 0.009626542 0.000306593 0.999939442
1756482612019050496.000000 -0.000672654 0.000413407 -0.010876519 -0.005363117 0.009640029 0.000285704 0.999939203
1756482612085725184.000000 -0.000849732 0.000424841 -0.010913370 -0.005425673 0.009876143 0.000496474 0.999936461
1756482612119062784.000000 -0.000790038 0.000442290 -0.011171289 -0.005330833 0.009632552 0.000377954 0.999939322
1756482612185738240.000000 -0.000717159 0.000389341 -0.011245108 -0.005302960 0.009525358 0.000338569 0.999940515
1756482612252413440.000000 -0.000575106 0.000295757 -0.011020348 -0.005389436 0.009513798 0.000448357 0.999940157
1756482612319088640.000000 -0.000728634 0.000294729 -0.011054981 -0.005368984 0.009486413 0.000366278 0.999940515
1756482612385763840.000000 -0.000862929 0.000438394 -0.011036845 -0.005332360 0.009535152 0.000326378 0.999940276
1756482612452441600.000000 -0.000825518 0.000247422 -0.011300644 -0.005388346 0.009600146 0.000268118 0.999939442
1756482612485779712.000000 -0.000842163 0.000330075 -0.010957887 -0.005528135 0.009737931 0.000518988 0.999937236
1756482612552457984.000000 -0.000959980 0.000303067 -0.010977584 -0.005505126 0.009760278 0.000430243 0.999937177
1756482612619136000.000000 -0.000725322 0.000393049 -0.011299031 -0.005332451 0.009556789 0.000329442 0.999940097
1756482612685814016.000000 -0.000707515 0.000352691 -0.011107396 -0.005380519 0.009550518 0.000312107 0.999939919
1756482612719153152.000000 -0.000764744 0.000412005 -0.011140040 -0.005329112 0.009575726 0.000397198 0.999939919
1756482612785830912.000000 -0.000735093 0.000409957 -0.011251298 -0.005339397 0.009584594 0.000384557 0.999939740
1756482612852508928.000000 -0.000762678 0.000381473 -0.011208129 -0.005362477 0.009585142 0.000317033 0.999939680
1756482612885847808.000000 -0.000755720 0.000409710 -0.011154043 -0.005291767 0.009553433 0.000355818 0.999940336
1756482612952524544.000000 -0.000789635 0.000436415 -0.011080068 -0.005302955 0.009535802 0.000298393 0.999940455
1756482613019202560.000000 -0.000722958 0.000185854 -0.011132644 -0.005503788 0.009614627 0.000326716 0.999938607
1756482613052540928.000000 -0.000671939 0.000255488 -0.011132917 -0.005389311 0.009590256 0.000336558 0.999939501
1756482613119218944.000000 -0.000807012 0.000196060 -0.010962087 -0.005483864 0.009577971 0.000242021 0.999939144
1756482613185896192.000000 -0.000700151 0.000365931 -0.010998991 -0.005360202 0.009552529 0.000293306 0.999939978
1756482613252573696.000000 -0.000766812 0.000437618 -0.011033759 -0.005359735 0.009629735 0.000387628 0.999939263
1756482613285912320.000000 -0.000797979 0.000281010 -0.011233119 -0.005410182 0.009584816 0.000355283 0.999939442
1756482613352589568.000000 -0.000933772 0.000091333 -0.011166137 -0.005457758 0.009636083 0.000181390 0.999938667
1756482613419266048.000000 -0.000674308 0.000143257 -0.011216592 -0.005463616 0.009527184 0.000274310 0.999939680
1756482613452604416.000000 -0.000849387 0.000526403 -0.011079085 -0.005291268 0.009623887 0.000252274 0.999939680
1756482613519280896.000000 -0.000819407 0.000424698 -0.011201413 -0.005324325 0.009562958 0.000288755 0.999940097
1756482613585957888.000000 -0.000897993 0.000503474 -0.011036415 -0.005313162 0.009666104 0.000256620 0.999939144
1756482613652634368.000000 -0.000903751 0.000408776 -0.011041071 -0.005365794 0.009673044 0.000293946 0.999938786
1756482613719310592.000000 -0.000927572 0.000158876 -0.011167201 -0.005483823 0.009672631 0.000196017 0.999938190
1756482613752648704.000000 -0.001281388 -0.000191544 -0.011241941 -0.005617110 0.009896577 0.000314926 0.999935269
1756482613819324160.000000 -0.000933756 0.000197793 -0.011203080 -0.005456620 0.009677415 0.000301054 0.999938309
1756482613886000128.000000 -0.000798359 0.000199564 -0.011205394 -0.005422892 0.009648296 0.000281989 0.999938726
1756482613952676608.000000 -0.000912554 0.000237643 -0.011108440 -0.005419014 0.009646695 0.000295949 0.999938786
1756482613986014464.000000 -0.000919377 0.000147836 -0.011297562 -0.005446686 0.009665302 0.000275222 0.999938488
1756482614052690432.000000 -0.001019366 0.000359575 -0.010995941 -0.005426890 0.009674868 0.000263528 0.999938488
1756482614119366144.000000 -0.000774475 0.000241706 -0.011251142 -0.005409046 0.009579351 0.000279726 0.999939442
1756482614186042112.000000 -0.000748532 0.000430872 -0.010986487 -0.005343478 0.009602200 0.000302937 0.999939561
1756482614252716544.000000 -0.000704448 0.000307233 -0.010995132 -0.005394576 0.009562194 0.000335297 0.999939680
1756482614286054400.000000 -0.000521707 0.000609632 -0.010904851 -0.005305824 0.009501835 0.000354498 0.999940753
1756482614352729856.000000 -0.000669790 0.000605478 -0.010967115 -0.005309023 0.009593919 0.000311224 0.999939919
1756482614419406080.000000 -0.000744477 0.000585241 -0.010926251 -0.005345573 0.009638199 0.000287240 0.999939203
1756482614486084096.000000 -0.000762416 0.000519980 -0.010934316 -0.005328821 0.009580885 0.000403616 0.999939859
1756482614519422976.000000 -0.000744843 0.000580708 -0.010952742 -0.005287813 0.009633724 0.000353298 0.999939620
1756482614586100736.000000 -0.000960768 0.000265339 -0.010922404 -0.005515414 0.009772125 0.000286607 0.999937057
1756482614652778752.000000 -0.000914129 0.000045448 -0.011133111 -0.005582144 0.009761771 0.000368260 0.999936759
1756482614719455232.000000 -0.000790223 0.000396385 -0.011165872 -0.005321352 0.009610381 0.000399413 0.999939561
1756482614752794112.000000 -0.000759273 0.000351166 -0.011217916 -0.005364412 0.009588018 0.000368127 0.999939620
1756482614819471616.000000 -0.000774958 0.000585902 -0.010925862 -0.005236666 0.009624575 0.000375001 0.999939919
1756482614852810496.000000 -0.000791967 0.000529058 -0.010950308 -0.005305077 0.009607995 0.000320591 0.999939740
1756482614919487744.000000 -0.000801968 0.000556878 -0.011067184 -0.005304488 0.009591734 0.000345057 0.999939919
1756482614986164992.000000 -0.000946706 0.000533672 -0.011159030 -0.005286831 0.009691776 0.000300412 0.999939084
1756482615052842496.000000 -0.000965195 0.000250871 -0.011096931 -0.005486035 0.009731419 0.000397331 0.999937534
1756482615086180864.000000 -0.000900793 0.000287499 -0.011041825 -0.005491868 0.009716264 0.000395665 0.999937654
1756482615152856832.000000 -0.000825497 0.000373563 -0.011154593 -0.005368275 0.009644485 0.000342271 0.999939024
1756482615219534080.000000 -0.000779612 0.000355371 -0.011168976 -0.005384722 0.009638435 0.000326019 0.999939024
1756482615252872448.000000 -0.000787130 0.000427820 -0.010855613 -0.005461636 0.009661531 0.000523256 0.999938309
1756482615319549440.000000 -0.000964268 0.000324060 -0.011198544 -0.005394902 0.009638353 0.000256620 0.999938965
1756482615352887808.000000 -0.000852345 0.000357620 -0.011248027 -0.005335850 0.009599536 0.000342017 0.999939680
1756482615419565312.000000 -0.000736019 0.000285419 -0.011408268 -0.005405407 0.009547016 0.000348569 0.999939799
1756482615452904192.000000 -0.000715980 0.000207782 -0.010870648 -0.005544836 0.009622674 0.000444421 0.999938250
1756482615519582208.000000 -0.000740567 0.000295753 -0.011150453 -0.005393236 0.009588280 0.000287997 0.999939501
1756482615586259456.000000 -0.000829891 0.000583531 -0.010948952 -0.005292938 0.009627195 0.000276929 0.999939620
1756482615652937216.000000 -0.000786070 0.000381475 -0.011069423 -0.005374097 0.009583780 0.000295974 0.999939620
1756482615719615232.000000 -0.000716099 0.000457125 -0.010924541 -0.005332618 0.009615963 0.000349659 0.999939501
1756482615786292992.000000 -0.000698163 0.000453909 -0.011004477 -0.005336280 0.009579686 0.000303831 0.999939859
1756482615819631872.000000 -0.000747972 0.000425243 -0.011070460 -0.005331876 0.009589584 0.000317454 0.999939799
1756482615886309632.000000 -0.000597761 0.000350907 -0.011257578 -0.005377388 0.009573212 0.000348085 0.999939680
1756482615919648256.000000 -0.000672302 0.000336558 -0.011272819 -0.005373902 0.009551249 0.000245001 0.999939919
1756482615986326016.000000 -0.000710037 0.000248706 -0.011120725 -0.005424920 0.009584888 0.000262199 0.999939382
1756482616019664640.000000 -0.000674356 0.000527073 -0.011028608 -0.005311318 0.009564201 0.000279435 0.999940157
1756482616086341120.000000 -0.000722427 0.000511695 -0.010990891 -0.005329742 0.009580793 0.000274161 0.999939919
1756482616153018368.000000 -0.000730892 0.000413198 -0.011164563 -0.005369008 0.009607650 0.000284159 0.999939382
1756482616219695872.000000 -0.000736790 0.000335372 -0.011342686 -0.005353307 0.009588722 0.000278110 0.999939680
1756482616253034240.000000 -0.000610961 0.000380743 -0.011137058 -0.005346005 0.009478050 0.000327529 0.999940753
1756482616319711744.000000 -0.000671278 0.000510781 -0.011299469 -0.005329930 0.009606668 0.000331685 0.999939680
1756482616386388992.000000 -0.000591392 0.000514876 -0.011163761 -0.005333553 0.009547262 0.000345740 0.999940157
1756482616453065984.000000 -0.000541166 0.000360653 -0.011193966 -0.005378967 0.009556681 0.000380765 0.999939799
1756482616519742208.000000 -0.000851043 0.000320107 -0.011039975 -0.005370985 0.009656091 0.000323571 0.999938905
1756482616586419456.000000 -0.000771992 0.000502204 -0.011193202 -0.005326399 0.009596201 0.000243576 0.999939740
1756482616619757824.000000 -0.000475119 0.000249860 -0.011145673 -0.005435147 0.009506186 0.000348506 0.999939978
1756482616686434816.000000 -0.000597124 0.000324309 -0.011116579 -0.005380460 0.009521780 0.000316168 0.999940157
1756482616753111552.000000 -0.000655416 0.000545246 -0.011144102 -0.005295988 0.009551805 0.000334517 0.999940336
1756482616819788544.000000 -0.000746203 0.000487694 -0.011168269 -0.005320536 0.009601225 0.000291714 0.999939740
1756482616853126656.000000 -0.000743429 0.000397298 -0.011248645 -0.005351446 0.009616282 0.000306769 0.999939442
1756482616919802368.000000 -0.000704388 0.000434976 -0.011166616 -0.005391803 0.009609248 0.000347031 0.999939322
1756482616986479104.000000 -0.000625385 0.000405641 -0.011283555 -0.005346133 0.009580313 0.000346554 0.999939740
1756482617053155328.000000 -0.000559726 0.000353701 -0.011215918 -0.005387796 0.009529204 0.000335034 0.999940038
1756482617086493696.000000 -0.000580657 0.000385869 -0.011289116 -0.005359238 0.009506656 0.000285475 0.999940455
1756482617153169920.000000 -0.000626238 0.000491393 -0.011111628 -0.005329874 0.009552283 0.000330696 0.999940157
1756482617219846144.000000 -0.000490955 0.000492837 -0.011204898 -0.005309369 0.009502374 0.000407345 0.999940693
1756482617319860480.000000 -0.000668663 0.000419359 -0.011299918 -0.005363937 0.009547287 0.000332979 0.999940038
1756482617353198592.000000 -0.000573671 0.000397633 -0.011232661 -0.005362113 0.009546559 0.000259176 0.999940097
1756482617419874304.000000 -0.000736833 0.000352830 -0.011289403 -0.005343294 0.009595532 0.000223643 0.999939680
1756482617486552064.000000 -0.000566613 0.000456576 -0.011179301 -0.005330049 0.009487035 0.000352821 0.999940753
1756482617519890432.000000 -0.000649003 0.000420835 -0.011261479 -0.005326050 0.009567184 0.000335054 0.999939978
1756482617586568448.000000 -0.000689859 0.000518595 -0.010984025 -0.005329814 0.009584463 0.000334180 0.999939859
1756482617653245952.000000 -0.000737569 0.000571597 -0.011073099 -0.005283359 0.009596166 0.000277552 0.999939978
1756482617719923200.000000 -0.000592980 0.000457935 -0.011285575 -0.005335508 0.009552859 0.000348516 0.999940157
1756482617786600704.000000 -0.000531758 0.000495694 -0.011019904 -0.005320000 0.009497178 0.000327681 0.999940753
1756482617853277184.000000 -0.000764178 0.000417995 -0.011255151 -0.005371393 0.009621239 0.000401776 0.999939263
1756482617886615808.000000 -0.000752350 0.000483816 -0.011179495 -0.005314616 0.009627794 0.000327359 0.999939501
1756482617953293056.000000 -0.000648428 0.000392650 -0.011346259 -0.005357631 0.009543511 0.000371649 0.999940038
1756482618019970048.000000 -0.000705903 0.000495521 -0.011127105 -0.005322366 0.009628870 0.000239922 0.999939501
1756482618086647296.000000 -0.000784533 0.000597193 -0.010895456 -0.005291407 0.009627027 0.000256968 0.999939620
1756482618119985664.000000 -0.000834686 0.000418155 -0.011030711 -0.005345580 0.009650473 0.000311305 0.999939144
1756482618186662656.000000 -0.000569238 0.000393731 -0.011082745 -0.005376648 0.009522023 0.000384071 0.999940157
1756482618253338368.000000 -0.000378126 0.000546540 -0.011128033 -0.005322527 0.009439100 0.000419533 0.999941230
1756482618286676992.000000 -0.000512972 0.000567887 -0.011285120 -0.005260191 0.009515083 0.000406671 0.999940872
1756482618353353728.000000 -0.000638769 0.000579926 -0.010989418 -0.005271175 0.009595037 0.000354622 0.999940038
1756482618420030720.000000 -0.000752859 0.000496966 -0.011042658 -0.005318402 0.009558738 0.000355502 0.999940097
1756482618453368576.000000 -0.000755796 0.000478524 -0.011150417 -0.005306321 0.009598543 0.000322922 0.999939799
1756482618520045568.000000 -0.000696984 0.000481214 -0.011244853 -0.005296757 0.009559300 0.000373322 0.999940276
1756482618586721792.000000 -0.000686283 0.000515451 -0.011082971 -0.005306507 0.009586153 0.000309562 0.999939978
1756482618653398272.000000 -0.000707832 0.000828670 -0.010894370 -0.005208781 0.009704052 0.000474735 0.999939263
1756482618720073728.000000 -0.000619722 0.000294770 -0.011333990 -0.005347319 0.009517387 0.000342257 0.999940395
1756482618753411840.000000 -0.000590190 0.000362223 -0.011097339 -0.005387768 0.009550631 0.000343741 0.999939859
1756482618820087808.000000 -0.000463129 0.000465473 -0.011157756 -0.005299760 0.009513351 0.000336738 0.999940693
1756482618886764032.000000 -0.000728997 0.000538353 -0.011060407 -0.005345063 0.009591399 0.000331310 0.999939740
1756482618920102144.000000 -0.000590661 0.000412780 -0.011131566 -0.005370134 0.009572606 0.000388046 0.999939740
1756482618986778112.000000 -0.000765142 0.000576391 -0.010973644 -0.005312457 0.009632106 0.000318359 0.999939442
1756482619053453824.000000 -0.000691626 0.000598024 -0.011006168 -0.005256345 0.009598712 0.000284739 0.999940157
1756482619120129536.000000 -0.000620666 0.000569525 -0.010920688 -0.005338595 0.009568674 0.000265156 0.999939978
1756482619153466368.000000 -0.000656511 0.000500815 -0.011086186 -0.005307700 0.009640939 0.000338107 0.999939442
1756482619220142080.000000 -0.000837490 0.000520184 -0.010886404 -0.005319680 0.009715458 0.000296379 0.999938667
1756482619286817536.000000 -0.000789213 0.000555748 -0.010917613 -0.005312279 0.009603815 0.000262220 0.999939799
1756482619353493248.000000 -0.000568165 0.000603905 -0.010909217 -0.005301953 0.009574795 0.000257189 0.999940097
1756482619420169472.000000 -0.000818461 0.000385201 -0.011088404 -0.005364739 0.009600603 0.000258075 0.999939501
1756482619453508864.000000 -0.000746563 0.000572230 -0.010943132 -0.005320534 0.009641291 0.000233555 0.999939382
1756482619520187648.000000 -0.000580892 0.000540400 -0.011188158 -0.005343130 0.009541186 0.000228003 0.999940217
1756482619586864896.000000 -0.000458889 0.000549833 -0.011015789 -0.005302919 0.009491364 0.000395970 0.999940872
1756482619653543424.000000 -0.000567314 0.000664176 -0.011115909 -0.005251822 0.009541319 0.000318387 0.999940693
1756482619686882560.000000 -0.000513985 0.000528788 -0.011125322 -0.005303799 0.009574423 0.000332591 0.999940038
1756482619753561088.000000 -0.000671491 0.000401522 -0.011201420 -0.005361178 0.009607544 0.000348525 0.999939442
1756482619820239360.000000 -0.000654047 0.000548895 -0.011008081 -0.005314650 0.009566331 0.000303212 0.999940097
1756482619886917632.000000 -0.000486360 0.000649539 -0.011050249 -0.005245055 0.009522531 0.000459707 0.999940872
1756482619953595648.000000 -0.000768024 0.000526813 -0.011089433 -0.005291596 0.009610743 0.000341584 0.999939740
1756482620020273920.000000 -0.000388687 0.000546523 -0.011142757 -0.005281889 0.009494887 0.000518329 0.999940872
1756482620086950912.000000 -0.000700005 0.000464143 -0.011228038 -0.005326242 0.009631458 0.000409958 0.999939442
1756482620153628928.000000 -0.000704346 0.000534821 -0.011142040 -0.005310280 0.009619218 0.000298662 0.999939680
1756482620186967808.000000 -0.000657989 0.000578623 -0.011102489 -0.005313025 0.009595534 0.000327642 0.999939859
1756482620253645568.000000 -0.000728634 0.000604756 -0.011139190 -0.005294759 0.009638209 0.000243490 0.999939561
1756482620320323584.000000 -0.000787196 0.000450604 -0.011118036 -0.005305972 0.009623634 0.000328040 0.999939561
1756482620387001600.000000 -0.000764446 0.000553280 -0.011148407 -0.005314705 0.009642201 0.000299770 0.999939382
1756482620453679872.000000 -0.000631806 0.000555215 -0.011265730 -0.005295839 0.009575980 0.000354129 0.999940097
1756482620487017984.000000 -0.000646973 0.000574386 -0.011180462 -0.005303642 0.009560428 0.000328830 0.999940276
1756482620553696256.000000 -0.000711205 0.000646218 -0.011101310 -0.005238466 0.009616280 0.000300061 0.999940097
1756482620620374272.000000 -0.000662475 0.000738357 -0.011063940 -0.005206756 0.009597213 0.000334683 0.999940395
1756482620687052288.000000 -0.000738285 0.000537342 -0.011088717 -0.005323371 0.009589297 0.000329872 0.999939799
1756482620753730560.000000 -0.000710443 0.000546896 -0.011262037 -0.005279241 0.009614291 0.000380015 0.999939799
1756482620820408320.000000 -0.000572679 0.000381680 -0.011220896 -0.005380435 0.009583011 0.000406258 0.999939561
1756482620853747456.000000 -0.000669272 0.000378524 -0.011164334 -0.005341500 0.009613081 0.000408293 0.999939501
1756482620920423936.000000 -0.000803147 0.000713691 -0.010925815 -0.005271486 0.009626240 0.000304104 0.999939740
1756482620987101952.000000 -0.000584017 0.000547707 -0.011156779 -0.005306760 0.009559961 0.000400710 0.999940157
1756482621053779968.000000 -0.000545182 0.000550648 -0.011257455 -0.005301415 0.009564828 0.000372639 0.999940157
1756482621120457216.000000 -0.000716836 0.000339746 -0.010980447 -0.005395159 0.009587797 0.000255844 0.999939501
1756482621187134976.000000 -0.000675196 0.000265997 -0.011056376 -0.005467489 0.009571104 0.000334371 0.999939203
1756482621220473600.000000 -0.000562309 0.000347480 -0.011088956 -0.005384521 0.009544455 0.000388538 0.999939978
1756482621287151360.000000 -0.000495107 0.000553460 -0.010976573 -0.005312678 0.009523051 0.000349623 0.999940515
1756482621353828608.000000 -0.000600161 0.000357301 -0.011137559 -0.005377917 0.009571910 0.000378060 0.999939740
1756482621420513280.000000 -0.000577500 0.000445299 -0.011123174 -0.005353672 0.009536826 0.000400995 0.999940097
1756482621487217664.000000 -0.000591581 0.000545506 -0.011115384 -0.005299571 0.009556476 0.000380672 0.999940276
1756482621553922816.000000 -0.000416629 0.000586423 -0.011156507 -0.005229196 0.009482838 0.000437723 0.999941349
1756482621620628480.000000 -0.000624260 0.000505017 -0.011181528 -0.005293341 0.009597708 0.000366705 0.999939919
1756482621687334656.000000 -0.000551588 0.000523769 -0.011095637 -0.005315090 0.009515113 0.000341643 0.999940634
1756482621720688128.000000 -0.000663589 0.000606844 -0.011139476 -0.005292745 0.009556133 0.000315646 0.999940336
1756482621787395072.000000 -0.000584826 0.000520189 -0.011105486 -0.005310378 0.009536880 0.000336604 0.999940395
1756482621854102016.000000 -0.000494108 0.000471877 -0.011228742 -0.005317580 0.009523571 0.000375054 0.999940515
1756482621920810240.000000 -0.000593283 0.000636610 -0.011076488 -0.005282182 0.009558614 0.000375477 0.999940336
1756482621954164480.000000 -0.000595268 0.000503654 -0.011126306 -0.005300872 0.009556203 0.000397874 0.999940276
1756482622054228736.000000 -0.000585392 0.000607729 -0.010917361 -0.005281136 0.009553757 0.000425609 0.999940395
1756482622120939008.000000 -0.000611194 0.000622720 -0.011022655 -0.005281317 0.009556541 0.000286412 0.999940395
1756482622187649792.000000 -0.000541833 0.000561416 -0.011071549 -0.005268513 0.009545429 0.000376366 0.999940515
1756482622254360320.000000 -0.000725542 0.000589198 -0.011088099 -0.005272614 0.009630684 0.000426211 0.999939680
1756482622321072128.000000 -0.000618500 0.000587882 -0.011000491 -0.005297090 0.009554449 0.000441748 0.999940276
1756482622354428416.000000 -0.000700261 0.000543115 -0.011021432 -0.005292589 0.009614753 0.000429026 0.999939740
1756482622421131008.000000 -0.000571214 0.000503758 -0.011118375 -0.005290912 0.009562041 0.000361782 0.999940217
1756482622487812864.000000 -0.000723020 0.000467054 -0.011031850 -0.005342426 0.009624769 0.000343509 0.999939382
1756482622554494208.000000 -0.000472925 0.000560267 -0.011224393 -0.005274989 0.009518681 0.000426937 0.999940753
1756482622621175296.000000 -0.000691420 0.000382416 -0.011241448 -0.005370105 0.009582748 0.000393269 0.999939620
1756482622687856640.000000 -0.000556694 0.000604437 -0.011053099 -0.005284553 0.009541653 0.000347286 0.999940515
1756482622754537216.000000 -0.000632703 0.000476313 -0.011075095 -0.005323255 0.009577471 0.000362688 0.999939978
1756482622787877888.000000 -0.000596325 0.000564191 -0.011050483 -0.005321976 0.009561406 0.000379771 0.999940097
1756482622854558976.000000 -0.000664106 0.000488855 -0.011040783 -0.005335408 0.009577110 0.000333988 0.999939919
1756482622921240320.000000 -0.000517066 0.000607214 -0.010998685 -0.005257486 0.009554732 0.000391859 0.999940515
1756482622987921408.000000 -0.000536719 0.000647436 -0.011016559 -0.005262111 0.009552184 0.000381550 0.999940515
1756482623054602496.000000 -0.000616251 0.000487817 -0.011124888 -0.005338380 0.009566339 0.000406743 0.999939978
1756482623121283840.000000 -0.000583495 0.000706556 -0.010942925 -0.005263299 0.009567074 0.000365244 0.999940336
1756482623187963904.000000 -0.000616396 0.000471372 -0.011114903 -0.005311311 0.009589570 0.000323552 0.999939859
1756482623221304064.000000 -0.000728327 0.000436570 -0.011020004 -0.005363811 0.009580599 0.000267944 0.999939680
1756482623287985408.000000 -0.000656844 0.000411007 -0.011051979 -0.005344895 0.009615808 0.000351017 0.999939501
1756482623354666496.000000 -0.000564362 0.000415458 -0.011147320 -0.005373702 0.009576289 0.000378355 0.999939620
1756482623388006912.000000 -0.000599514 0.000477593 -0.011155508 -0.005323045 0.009552501 0.000402135 0.999940157
1756482623454690048.000000 -0.000571232 0.000473513 -0.011052470 -0.005324272 0.009559413 0.000321136 0.999940157
1756482623521373696.000000 -0.000526973 0.000543750 -0.011158933 -0.005285033 0.009591227 0.000440839 0.999940038
1756482623588056320.000000 -0.000705375 0.000503575 -0.011066827 -0.005338770 0.009595316 0.000369076 0.999939680
1756482623654740224.000000 -0.000521164 0.000635550 -0.010991399 -0.005256993 0.009530470 0.000396942 0.999940693
1756482623688081920.000000 -0.000527478 0.000462902 -0.011144017 -0.005329909 0.009524493 0.000370877 0.999940395
1756482623754766080.000000 -0.000534299 0.000577145 -0.011013182 -0.005313350 0.009496092 0.000354996 0.999940753
1756482623821449472.000000 -0.000622352 0.000529833 -0.010944803 -0.005323838 0.009547920 0.000367014 0.999940217
1756482623888133376.000000 -0.000558687 0.000494697 -0.010861498 -0.005310006 0.009515928 0.000326492 0.999940634
1756482623954817024.000000 -0.000496703 0.000514652 -0.010957015 -0.005302286 0.009505474 0.000371216 0.999940753
1756482624021501184.000000 -0.000578236 0.000686045 -0.011029477 -0.005233480 0.009562992 0.000391898 0.999940515
1756482624088184064.000000 -0.000701545 0.000487699 -0.011018576 -0.005337355 0.009583009 0.000212701 0.999939799
1756482624121525760.000000 -0.000552094 0.000420097 -0.011127684 -0.005390475 0.009611289 0.000439135 0.999939203
1756482624188209920.000000 -0.000552068 0.000572828 -0.011054351 -0.005287531 0.009559915 0.000431192 0.999940276
1756482624254893824.000000 -0.000628969 0.000608683 -0.011059041 -0.005283620 0.009562524 0.000381200 0.999940336
1756482624321577728.000000 -0.000569080 0.000641218 -0.010989798 -0.005265335 0.009565437 0.000376995 0.999940395
1756482624354919936.000000 -0.000592124 0.000584268 -0.010813217 -0.005313432 0.009560157 0.000389722 0.999940157
1756482624421603328.000000 -0.000566122 0.000536514 -0.010899941 -0.005291073 0.009564490 0.000447752 0.999940157
1756482624488284928.000000 -0.000681523 0.000334025 -0.011206658 -0.005392228 0.009684081 0.000437758 0.999938488
1756482624554967296.000000 -0.000667172 0.000598972 -0.011024962 -0.005264005 0.009581437 0.000344200 0.999940217
1756482624588308224.000000 -0.000511761 0.000530275 -0.011115307 -0.005321009 0.009490065 0.000407912 0.999940753
1756482624654990848.000000 -0.000575495 0.000508634 -0.011116344 -0.005295784 0.009567088 0.000382597 0.999940217
1756482624721673216.000000 -0.000651859 0.000433740 -0.011103470 -0.005363567 0.009558599 0.000450805 0.999939859
1756482624788355840.000000 -0.000593706 0.000515950 -0.011139112 -0.005329762 0.009565300 0.000428734 0.999940038
1756482624855038208.000000 -0.000556288 0.000582119 -0.011194250 -0.005297101 0.009556264 0.000427025 0.999940276
1756482624921719808.000000 -0.000580158 0.000564016 -0.011182112 -0.005293105 0.009552994 0.000435218 0.999940276
1756482624955060736.000000 -0.000531503 0.000554365 -0.011013220 -0.005312851 0.009541644 0.000437574 0.999940276
1756482625021743360.000000 -0.000650439 0.000497159 -0.011046481 -0.005300993 0.009563828 0.000300264 0.999940157
1756482625088425984.000000 -0.000699424 0.000437651 -0.011134428 -0.005335511 0.009573767 0.000354547 0.999939859
1756482625155108096.000000 -0.000779167 0.000447960 -0.011123659 -0.005333574 0.009590262 0.000294530 0.999939799
1756482625221790464.000000 -0.000569162 0.000548680 -0.011065198 -0.005301181 0.009561362 0.000349155 0.999940217
1756482625255131648.000000 -0.000474423 0.000587488 -0.011104461 -0.005290146 0.009490668 0.000401488 0.999940932
1756482625321814272.000000 -0.000509889 0.000617894 -0.011137104 -0.005298214 0.009519587 0.000450697 0.999940634
1756482625388495872.000000 -0.000639803 0.000133727 -0.011293273 -0.005495643 0.009649377 0.000479828 0.999938309
1756482625455178752.000000 -0.000705305 0.000581668 -0.011104586 -0.005292169 0.009584134 0.000344233 0.999940097
1756482625488520704.000000 -0.000581495 0.000508930 -0.011044248 -0.005334635 0.009554443 0.000350307 0.999940038
1756482625555203584.000000 -0.000461971 0.000599558 -0.011188261 -0.005274624 0.009505373 0.000443183 0.999940813
1756482625621886720.000000 -0.000669227 0.000527783 -0.011115862 -0.005322544 0.009569935 0.000362914 0.999940038
1756482625688570112.000000 -0.000645251 0.000566089 -0.011042475 -0.005282437 0.009592265 0.000363694 0.999940038
1756482625755252992.000000 -0.000550031 0.000637009 -0.010989508 -0.005264527 0.009511112 0.000360647 0.999940872
1756482625821935616.000000 -0.000484696 0.000654682 -0.011030136 -0.005245823 0.009499771 0.000383810 0.999941111
1756482625888618752.000000 -0.000659726 0.000596631 -0.010974096 -0.005286087 0.009551575 0.000301631 0.999940395
1756482625921960448.000000 -0.000602757 0.000518846 -0.011077278 -0.005322322 0.009559640 0.000374437 0.999940097
1756482625988643584.000000 -0.000644162 0.000470307 -0.011176972 -0.005319790 0.009553541 0.000396251 0.999940157
1756482626055326976.000000 -0.000531558 0.000579851 -0.011130958 -0.005289734 0.009549615 0.000399098 0.999940336
1756482626088668416.000000 -0.000701729 0.000397092 -0.011132197 -0.005371494 0.009567775 0.000347938 0.999939740
1756482626155351808.000000 -0.000529070 0.000684730 -0.011150569 -0.005244702 0.009515322 0.000382390 0.999940932
1756482626222035200.000000 -0.000445120 0.000659289 -0.011056743 -0.005238489 0.009482195 0.000391433 0.999941289
1756482626288717312.000000 -0.000439973 0.000664386 -0.010968967 -0.005252862 0.009508516 0.000393948 0.999940991
1756482626322059264.000000 -0.000595923 0.000657753 -0.011013211 -0.005264394 0.009537034 0.000418693 0.999940634
1756482626388742400.000000 -0.000566443 0.000720828 -0.011116107 -0.005245140 0.009545955 0.000426414 0.999940574
1756482626455425536.000000 -0.000531902 0.000683207 -0.011000521 -0.005229131 0.009542451 0.000388114 0.999940753
1756482626522108672.000000 -0.000645655 0.000611002 -0.011057688 -0.005260311 0.009590519 0.000360703 0.999940157
1756482626555450112.000000 -0.000545494 0.000703250 -0.011063047 -0.005258814 0.009568002 0.000397462 0.999940336
1756482626622133248.000000 -0.000599346 0.000652256 -0.011070180 -0.005268028 0.009577584 0.000401189 0.999940217
1756482626688816640.000000 -0.000645666 0.000588383 -0.011194050 -0.005268964 0.009576906 0.000422286 0.999940157
1756482626755499008.000000 -0.000558838 0.000549007 -0.011210941 -0.005263729 0.009576523 0.000477438 0.999940217
1756482626822181888.000000 -0.000438935 0.000504836 -0.011070051 -0.005295066 0.009484981 0.000383928 0.999940991
1756482626888865024.000000 -0.000418077 0.000480522 -0.011067947 -0.005303798 0.009480975 0.000451555 0.999940932
1756482626922206976.000000 -0.000505613 0.000566597 -0.011128971 -0.005314609 0.009499197 0.000402933 0.999940693
1756482626988889856.000000 -0.000411701 0.000674292 -0.011028864 -0.005244085 0.009504556 0.000453330 0.999941051
1756482627022231296.000000 -0.000521541 0.000692894 -0.011035074 -0.005255197 0.009518949 0.000405157 0.999940872
1756482627088914944.000000 -0.000471732 0.000673523 -0.011063285 -0.005261917 0.009513275 0.000437506 0.999940813
1756482627155597312.000000 -0.000531855 0.000601708 -0.011107140 -0.005284924 0.009544371 0.000386011 0.999940455
1756482627222280192.000000 -0.000648522 0.000489201 -0.011062394 -0.005337489 0.009551911 0.000361014 0.999940097
1756482627288963584.000000 -0.000664763 0.000531325 -0.011125077 -0.005337738 0.009569301 0.000401990 0.999939919
1756482627355646976.000000 -0.000586530 0.000590455 -0.011087255 -0.005287834 0.009549698 0.000344426 0.999940395
1756482627388988416.000000 -0.000553106 0.000446615 -0.011135999 -0.005324350 0.009594315 0.000417793 0.999939740
1756482627455670016.000000 -0.000650836 0.000402971 -0.010984701 -0.005345211 0.009581528 0.000377603 0.999939799
1756482627522351104.000000 -0.000741484 0.000456830 -0.010994930 -0.005350642 0.009608298 0.000304918 0.999939501
1756482627555691776.000000 -0.000719381 0.000423752 -0.011102352 -0.005340856 0.009608159 0.000387883 0.999939501
1756482627622371584.000000 -0.000686335 0.000436480 -0.011062258 -0.005337018 0.009602521 0.000354508 0.999939620
1756482627689052672.000000 -0.000668689 0.000494405 -0.011125885 -0.005332746 0.009571715 0.000350655 0.999939919
1756482627755733504.000000 -0.000640007 0.000460429 -0.011103950 -0.005346693 0.009571147 0.000282273 0.999939919
1756482627822414336.000000 -0.000805064 0.000311083 -0.011103931 -0.005419921 0.009637215 0.000244116 0.999938846
1756482627889095424.000000 -0.000634796 0.000464107 -0.011106031 -0.005334991 0.009542779 0.000296935 0.999940217
1756482627955776256.000000 -0.000599797 0.000571065 -0.011082785 -0.005296113 0.009609341 0.000372280 0.999939799
1756482628022456832.000000 -0.000505631 0.000631927 -0.011076272 -0.005228579 0.009530354 0.000403274 0.999940872
1756482628089136640.000000 -0.000462448 0.000547472 -0.011083402 -0.005281282 0.009487340 0.000397138 0.999940991
1756482628122477056.000000 -0.000515253 0.000564096 -0.011055256 -0.005271049 0.009557967 0.000465401 0.999940336
1756482628189157888.000000 -0.000608223 0.000385956 -0.011122465 -0.005359478 0.009585952 0.000359652 0.999939680
1756482628255838720.000000 -0.000580201 0.000414153 -0.011139506 -0.005360935 0.009530071 0.000310087 0.999940217
1756482628322519296.000000 -0.000701954 0.000408779 -0.011072983 -0.005432821 0.009684622 0.000443367 0.999938309
1756482628389199872.000000 -0.000438680 0.000523822 -0.011193573 -0.005283444 0.009474368 0.000343678 0.999941170
1756482628455882752.000000 -0.000599105 0.000453149 -0.011174968 -0.005344163 0.009541760 0.000363963 0.999940217
1756482628522565120.000000 -0.000610599 0.000532816 -0.011100579 -0.005337086 0.009522669 0.000294188 0.999940455
1756482628589248512.000000 -0.000722129 0.000445641 -0.011019442 -0.005330316 0.009604720 0.000311374 0.999939620
1756482628655931904.000000 -0.000761406 0.000432375 -0.011103050 -0.005359904 0.009580441 0.000341828 0.999939680
1756482628689273600.000000 -0.000705985 0.000561677 -0.011118151 -0.005295557 0.009621943 0.000384390 0.999939680
1756482628755957248.000000 -0.000791546 0.000328503 -0.011110617 -0.005378112 0.009630490 0.000273583 0.999939144
1756482628822640384.000000 -0.000726083 0.000442089 -0.011067740 -0.005337749 0.009601977 0.000274397 0.999939620
1756482628889323776.000000 -0.000674608 0.000579472 -0.011037038 -0.005296510 0.009592765 0.000350029 0.999939919
1756482628956006400.000000 -0.000635786 0.000504326 -0.011040549 -0.005338539 0.009570488 0.000342731 0.999939919
1756482628989347840.000000 -0.000511481 0.000390305 -0.011225863 -0.005409789 0.009585150 0.000414851 0.999939382
1756482629056031488.000000 -0.000595530 0.000477526 -0.011162510 -0.005291789 0.009574514 0.000404406 0.999940097
1756482629122714880.000000 -0.000515334 0.000420284 -0.011199129 -0.005356069 0.009547622 0.000342818 0.999940097
1756482629189398528.000000 -0.000787058 0.000274563 -0.011081567 -0.005403230 0.009635416 0.000296989 0.999938965
1756482629222740224.000000 -0.000781225 0.000357889 -0.011078197 -0.005382633 0.009635951 0.000291705 0.999939084
1756482629289423872.000000 -0.000536020 0.000528622 -0.011127216 -0.005316284 0.009532543 0.000426293 0.999940336
1756482629356107264.000000 -0.000601195 0.000517129 -0.011097153 -0.005328122 0.009575914 0.000408009 0.999939919
1756482629422790144.000000 -0.000519801 0.000468629 -0.011120166 -0.005323325 0.009538039 0.000408494 0.999940276
1756482629489474304.000000 -0.000540658 0.000544771 -0.011163942 -0.005302467 0.009514852 0.000345417 0.999940693
1756482629556158976.000000 -0.000534587 0.000472779 -0.011122743 -0.005310651 0.009535966 0.000353891 0.999940395
1756482629589500928.000000 -0.000482457 0.000502501 -0.011103576 -0.005300510 0.009539326 0.000360965 0.999940455
1756482629656185600.000000 -0.000590771 0.000560433 -0.011022670 -0.005279722 0.009552557 0.000358266 0.999940395
1756482629722869760.000000 -0.000643832 0.000440431 -0.011182144 -0.005318012 0.009538303 0.000335016 0.999940336
1756482629789554432.000000 -0.000554286 0.000562565 -0.011083787 -0.005288560 0.009534473 0.000365076 0.999940574
1756482629856238080.000000 -0.000719681 0.000381021 -0.011189028 -0.005450747 0.009703333 0.000466424 0.999937952
1756482629922922496.000000 -0.000803127 0.000249014 -0.011094534 -0.005508331 0.009715231 0.000467483 0.999937594
1756482629956264704.000000 -0.000667169 0.000390257 -0.011122352 -0.005365918 0.009557945 0.000355092 0.999939919
1756482630022949120.000000 -0.000749694 0.000413511 -0.011103179 -0.005356830 0.009603291 0.000352765 0.999939561
1756482630089634048.000000 -0.000535544 0.000450329 -0.011117751 -0.005319441 0.009555751 0.000354630 0.999940217
1756482630122976256.000000 -0.000553437 0.000456689 -0.011040629 -0.005323143 0.009513626 0.000354732 0.999940574
1756482630189660672.000000 -0.000612389 0.000522240 -0.011021842 -0.005284462 0.009528290 0.000387633 0.999940574
1756482630256344576.000000 -0.000570751 0.000524415 -0.011126854 -0.005300115 0.009537858 0.000397021 0.999940395
1756482630323029248.000000 -0.000690032 0.000421851 -0.011173974 -0.005314456 0.009550079 0.000328050 0.999940276
1756482630356371712.000000 -0.000633770 0.000469634 -0.011132578 -0.005303401 0.009542943 0.000374257 0.999940336
1756482630423056384.000000 -0.000572028 0.000493668 -0.011067633 -0.005292086 0.009549210 0.000371303 0.999940395
1756482630489741312.000000 -0.000609217 0.000499827 -0.011148128 -0.005316152 0.009550522 0.000396655 0.999940217
1756482630556426240.000000 -0.000424115 0.000591792 -0.010969584 -0.005278697 0.009518903 0.000419401 0.999940693
1756482630589768960.000000 -0.000788437 0.000282228 -0.011064546 -0.005408172 0.009593818 0.000246631 0.999939322
1756482630656453888.000000 -0.000624140 0.000357155 -0.011090190 -0.005383542 0.009566385 0.000301425 0.999939740
1756482630723137536.000000 -0.000779351 0.000426852 -0.011046335 -0.005367602 0.009601679 0.000288373 0.999939442
1756482630789822976.000000 -0.000630522 0.000512371 -0.011026689 -0.005340842 0.009600307 0.000402413 0.999939620
1756482630856507904.000000 -0.000457178 0.000540988 -0.011153057 -0.005276863 0.009532243 0.000402421 0.999940574
1756482630923193344.000000 -0.000595050 0.000620778 -0.011127753 -0.005254376 0.009568918 0.000438657 0.999940336
1756482630956535808.000000 -0.000666164 0.000516596 -0.011115022 -0.005299266 0.009616763 0.000437380 0.999939680
1756482631023220992.000000 -0.000649448 0.000521545 -0.011032606 -0.005319032 0.009534893 0.000292145 0.999940395
1756482631123249152.000000 -0.000545647 0.000489530 -0.011039345 -0.005315973 0.009540242 0.000370709 0.999940336
1756482631189933312.000000 -0.000652936 0.000462249 -0.010908425 -0.005338128 0.009489600 0.000305842 0.999940693
1756482631223275776.000000 -0.000625217 0.000479490 -0.011044130 -0.005316245 0.009560425 0.000341153 0.999940157
1756482631289961216.000000 -0.000722561 0.000364531 -0.011073475 -0.005383564 0.009636172 0.000354685 0.999939024
1756482631356646656.000000 -0.000608469 0.000560415 -0.010920188 -0.005294293 0.009586656 0.000400564 0.999940038
1756482631423331584.000000 -0.000550667 0.000545187 -0.010988934 -0.005304468 0.009572633 0.000377365 0.999940097
1756482631490015232.000000 -0.000505187 0.000508455 -0.011045621 -0.005301697 0.009553453 0.000402691 0.999940276
1756482631523357440.000000 -0.000509227 0.000467817 -0.011240612 -0.005306984 0.009536710 0.000426117 0.999940336
1756482631590040320.000000 -0.000423029 0.000512273 -0.011166560 -0.005280756 0.009532138 0.000440056 0.999940574
1756482631656724224.000000 -0.000467875 0.000620851 -0.011062071 -0.005272318 0.009532052 0.000460898 0.999940634
1756482631723407872.000000 -0.000602424 0.000548421 -0.011119200 -0.005288187 0.009544996 0.000313464 0.999940395
1756482631790091776.000000 -0.000599353 0.000548161 -0.010995383 -0.005331684 0.009555669 0.000346135 0.999940157
1756482631856775424.000000 -0.000622841 0.000511418 -0.011043064 -0.005316237 0.009560339 0.000377250 0.999940097
1756482631890117632.000000 -0.000628950 0.000637909 -0.011009689 -0.005243436 0.009551408 0.000424310 0.999940574
1756482631956801536.000000 -0.000554860 0.000605772 -0.011040622 -0.005277731 0.009541738 0.000357676 0.999940515
1756482632023485440.000000 -0.000534566 0.000658847 -0.010965088 -0.005267046 0.009538154 0.000421490 0.999940574
1756482632090168576.000000 -0.000564219 0.000565819 -0.010952514 -0.005294186 0.009501429 0.000344070 0.999940813
1756482632123510272.000000 -0.000579525 0.000610635 -0.011013482 -0.005267840 0.009527138 0.000411744 0.999940693
1756482632190194432.000000 -0.000447449 0.000652359 -0.011004569 -0.005240382 0.009502196 0.000444475 0.999941051
1756482632256878336.000000 -0.000537494 0.000580587 -0.011013910 -0.005266568 0.009510585 0.000358692 0.999940813
1756482632290220288.000000 -0.000470869 0.000686136 -0.011004034 -0.005243615 0.009501304 0.000432695 0.999941051
1756482632356904192.000000 -0.000530226 0.000546870 -0.011142348 -0.005299895 0.009550318 0.000372535 0.999940276
1756482632423588096.000000 -0.000511396 0.000569358 -0.011137215 -0.005277002 0.009537644 0.000385487 0.999940574
1756482632490270976.000000 -0.000450704 0.000634497 -0.011068658 -0.005277755 0.009534334 0.000362203 0.999940574
1756482632556954112.000000 -0.000530909 0.000606405 -0.011170123 -0.005285962 0.009529660 0.000349872 0.999940574
1756482632623637760.000000 -0.000521476 0.000405751 -0.011117642 -0.005381565 0.009516357 0.000376862 0.999940217
1756482632690321152.000000 -0.000440946 0.000567776 -0.011020809 -0.005283371 0.009495488 0.000405998 0.999940872
1756482632757005056.000000 -0.000425807 0.000530978 -0.011097070 -0.005320529 0.009482815 0.000447697 0.999940813
1756482632790346496.000000 -0.000568721 0.000383610 -0.011112954 -0.005368074 0.009533601 0.000418907 0.999940097
1756482632890372096.000000 -0.000640771 0.000461019 -0.011047347 -0.005334898 0.009566331 0.000369261 0.999940038
1756482632923712768.000000 -0.000624000 0.000317524 -0.011104229 -0.005402075 0.009562391 0.000318220 0.999939680
1756482632990396160.000000 -0.000529697 0.000451132 -0.011292229 -0.005314348 0.009553036 0.000338686 0.999940217
1756482633057079808.000000 -0.000479666 0.000488123 -0.011143463 -0.005314957 0.009512998 0.000345331 0.999940574
1756482633123763456.000000 -0.000544329 0.000586397 -0.011150051 -0.005253509 0.009514404 0.000408117 0.999940872
1756482633190447360.000000 -0.000504463 0.000682970 -0.011039995 -0.005232647 0.009535677 0.000361419 0.999940813
1756482633257130752.000000 -0.000643395 0.000606160 -0.011209955 -0.005257339 0.009583073 0.000412253 0.999940157
1756482633290472704.000000 -0.000548500 0.000594340 -0.010970913 -0.005246463 0.009580043 0.000451247 0.999940276
1756482633357156352.000000 -0.000600251 0.000581562 -0.011007857 -0.005281106 0.009565839 0.000448886 0.999940217
1756482633423838976.000000 -0.000607969 0.000593430 -0.011065178 -0.005287854 0.009571719 0.000375737 0.999940217
1756482633490523392.000000 -0.000615030 0.000484516 -0.011034792 -0.005299533 0.009591344 0.000405788 0.999939978
1756482633557208064.000000 -0.000606937 0.000595615 -0.010889379 -0.005295140 0.009535438 0.000389466 0.999940455
1756482633623892480.000000 -0.000676024 0.000507105 -0.011040428 -0.005309350 0.009600112 0.000471508 0.999939740
1756482633657234944.000000 -0.000699904 0.000518210 -0.011038672 -0.005335865 0.009601880 0.000388117 0.999939620
1756482633723919104.000000 -0.000584591 0.000475437 -0.011175558 -0.005333022 0.009548099 0.000356481 0.999940157
1756482633790603776.000000 -0.000532596 0.000608244 -0.010878384 -0.005261892 0.009552015 0.000416096 0.999940455
1756482633857287424.000000 -0.000612628 0.000484162 -0.011063864 -0.005308667 0.009554105 0.000345755 0.999940276
1756482633923971840.000000 -0.000520113 0.000553360 -0.010960851 -0.005279139 0.009543929 0.000478322 0.999940455
1756482633990656256.000000 -0.000514774 0.000530793 -0.011112698 -0.005312893 0.009519084 0.000364426 0.999940515
1756482634057341184.000000 -0.000656641 0.000360049 -0.011164684 -0.005375369 0.009566346 0.000354448 0.999939799
1756482634124025600.000000 -0.000465785 0.000588796 -0.011054461 -0.005279208 0.009514068 0.000443214 0.999940693
1756482634190710272.000000 -0.000405653 0.000790359 -0.011060648 -0.005206439 0.009465095 0.000506534 0.999941587
1756482634224052480.000000 -0.000511132 0.000723622 -0.011019040 -0.005242856 0.009505325 0.000459200 0.999941051
1756482634290736384.000000 -0.000464937 0.000730295 -0.011055267 -0.005217251 0.009541843 0.000504361 0.999940813
1756482634357420800.000000 -0.000603506 0.000672068 -0.010967303 -0.005239761 0.009548183 0.000461156 0.999940634
1756482634390763264.000000 -0.000655831 0.000447198 -0.011093405 -0.005345565 0.009554712 0.000403068 0.999939978
1756482634490786048.000000 -0.000522526 0.000579520 -0.010902122 -0.005269345 0.009542158 0.000412336 0.999940515
1756482634524126720.000000 -0.000591036 0.000593334 -0.010834458 -0.005307829 0.009543530 0.000444666 0.999940336
1756482634624148480.000000 -0.000441575 0.000617571 -0.011057163 -0.005277465 0.009548548 0.000424587 0.999940455
1756482634657489408.000000 -0.000534152 0.000589290 -0.011087895 -0.005297448 0.009516858 0.000369297 0.999940634
1756482634757510144.000000 -0.000452880 0.000713152 -0.011018670 -0.005261277 0.009512451 0.000424788 0.999940872
1756482634824191232.000000 -0.000458916 0.000660376 -0.010994533 -0.005253896 0.009517695 0.000466105 0.999940813
1756482634857531904.000000 -0.000637702 0.000524814 -0.011044253 -0.005324154 0.009547815 0.000342954 0.999940217
1756482634924213504.000000 -0.000509035 0.000628360 -0.010966684 -0.005265363 0.009524540 0.000410314 0.999940693
1756482634990894592.000000 -0.000591146 0.000523561 -0.010998186 -0.005329752 0.009557228 0.000344570 0.999940157
1756482635057575424.000000 -0.000677002 0.000460899 -0.011114571 -0.005347285 0.009563000 0.000420005 0.999939978
1756482635124256512.000000 -0.000523125 0.000530840 -0.011038993 -0.005301215 0.009538706 0.000407675 0.999940395
1756482635157596160.000000 -0.000494701 0.000556461 -0.011045104 -0.005305551 0.009500621 0.000414585 0.999940753
1756482635224277248.000000 -0.000576260 0.000551782 -0.010880656 -0.005298416 0.009517994 0.000359251 0.999940634
1756482635290958080.000000 -0.000598858 0.000393976 -0.011183145 -0.005365611 0.009586621 0.000356976 0.999939620
1756482635357639424.000000 -0.000464966 0.000577522 -0.011100207 -0.005257014 0.009497288 0.000467078 0.999941051
1756482635424320768.000000 -0.000615909 0.000516249 -0.011008710 -0.005308084 0.009504338 0.000358239 0.999940753
1756482635491003392.000000 -0.000516573 0.000673272 -0.010954396 -0.005265481 0.009521973 0.000434120 0.999940753
1756482635524344320.000000 -0.000501335 0.000561295 -0.010931217 -0.005288928 0.009504808 0.000375140 0.999940753
1756482635591026176.000000 -0.000549070 0.000485490 -0.011022707 -0.005336866 0.009572790 0.000381295 0.999939919
1756482635691049728.000000 -0.000514405 0.000506306 -0.011029811 -0.005330427 0.009521304 0.000391918 0.999940455
1756482635724391168.000000 -0.000522154 0.000471491 -0.011005078 -0.005322796 0.009540725 0.000368133 0.999940336
1756482635791073792.000000 -0.000492903 0.000468738 -0.011015096 -0.005311991 0.009497222 0.000432364 0.999940753
1756482635857756160.000000 -0.000411277 0.000545961 -0.011048686 -0.005313848 0.009482653 0.000442224 0.999940872
1756482635924438784.000000 -0.000272648 0.000666854 -0.011010606 -0.005272615 0.009470113 0.000496719 0.999941170
1756482635957780224.000000 -0.000387393 0.000559042 -0.011082010 -0.005313671 0.009472048 0.000507665 0.999940932
1756482636024462336.000000 -0.000654056 0.000607574 -0.011061918 -0.005301140 0.009587369 0.000351117 0.999939978
1756482636091144192.000000 -0.000530861 0.000529493 -0.011168446 -0.005322910 0.009503440 0.000445945 0.999940634
1756482636157826304.000000 -0.000538592 0.000494121 -0.011232030 -0.005321477 0.009522025 0.000430034 0.999940455
1756482636224508672.000000 -0.000558006 0.000562866 -0.011057535 -0.005281972 0.009530602 0.000346833 0.999940634
1756482636291191296.000000 -0.000570304 0.000553881 -0.011116565 -0.005285555 0.009544000 0.000421102 0.999940455
1756482636357873664.000000 -0.000554378 0.000559845 -0.011161124 -0.005283318 0.009533942 0.000417545 0.999940515
1756482636391215104.000000 -0.000516294 0.000549112 -0.010992523 -0.005278680 0.009515378 0.000378724 0.999940753
1756482636457897984.000000 -0.000567535 0.000539832 -0.011058908 -0.005318393 0.009532752 0.000405914 0.999940336
1756482636524580096.000000 -0.000488090 0.000426339 -0.011027468 -0.005362710 0.009541892 0.000427481 0.999940038
1756482636591262976.000000 -0.000577438 0.000503626 -0.010915780 -0.005357787 0.009570288 0.000374501 0.999939799
1756482636624604416.000000 -0.000701604 0.000400086 -0.011019416 -0.005359095 0.009569972 0.000314126 0.999939799
1756482636691287552.000000 -0.000583500 0.000550498 -0.011127221 -0.005304318 0.009526161 0.000394628 0.999940574
1756482636757970688.000000 -0.000669667 0.000462499 -0.011025123 -0.005344918 0.009557098 0.000336070 0.999940038
1756482636791311872.000000 -0.000653865 0.000520277 -0.011082597 -0.005323544 0.009546666 0.000358197 0.999940217
1756482636857995008.000000 -0.000622166 0.000431853 -0.011013252 -0.005375931 0.009539474 0.000377755 0.999940038
1756482636924676864.000000 -0.000675649 0.000495520 -0.011026495 -0.005323339 0.009593140 0.000357486 0.999939740
1756482636991360256.000000 -0.000626792 0.000534280 -0.010995692 -0.005334559 0.009555519 0.000389596 0.999940097
1756482637058042880.000000 -0.000594962 0.000491484 -0.011170106 -0.005324701 0.009584920 0.000404388 0.999939859
1756482637091384320.000000 -0.000512034 0.000570741 -0.011129847 -0.005288543 0.009530125 0.000433954 0.999940515
1756482637158067712.000000 -0.000594284 0.000515517 -0.011152830 -0.005334320 0.009560047 0.000367350 0.999940097
1756482637224750592.000000 -0.000578181 0.000752493 -0.010940729 -0.005213831 0.009568743 0.000407248 0.999940574
1756482637291433472.000000 -0.000551892 0.000598814 -0.011066659 -0.005305224 0.009553201 0.000428076 0.999940217
1756482637358116608.000000 -0.000462604 0.000531646 -0.011172632 -0.005294674 0.009480643 0.000429739 0.999940991
1756482637424798464.000000 -0.000662532 0.000473360 -0.010996208 -0.005362167 0.009606329 0.000380359 0.999939501
1756482637491481856.000000 -0.000590228 0.000575344 -0.011017815 -0.005321637 0.009542271 0.000397826 0.999940217
1756482637558164480.000000 -0.000527910 0.000634224 -0.010975102 -0.005280698 0.009540579 0.000372086 0.999940515
1756482637591505920.000000 -0.000518039 0.000565222 -0.011167783 -0.005321847 0.009484921 0.000407570 0.999940813
1756482637658189056.000000 -0.000577056 0.000420744 -0.011291791 -0.005358372 0.009561976 0.000418624 0.999939859
1756482637724871936.000000 -0.000508523 0.000516810 -0.011208896 -0.005290524 0.009508225 0.000469147 0.999940753
1756482637791554816.000000 -0.000639407 0.000528627 -0.011124918 -0.005318161 0.009563918 0.000361472 0.999940038
1756482637858236672.000000 -0.000700210 0.000415360 -0.011190816 -0.005357285 0.009629658 0.000379450 0.999939263
1756482637924919808.000000 -0.000512861 0.000517972 -0.011082871 -0.005343010 0.009591452 0.000410976 0.999939680
1756482637991602944.000000 -0.000572049 0.000591766 -0.011119709 -0.005301740 0.009572240 0.000404522 0.999940097
1756482638024944384.000000 -0.000536076 0.000561469 -0.011036790 -0.005321893 0.009536050 0.000428953 0.999940276
1756482638091627008.000000 -0.000477385 0.000664460 -0.011177478 -0.005278968 0.009535381 0.000463891 0.999940515
1756482638158310144.000000 -0.000510733 0.000551834 -0.011224988 -0.005287907 0.009508570 0.000442886 0.999940753
1756482638224993280.000000 -0.000687475 0.000414427 -0.011107151 -0.005363234 0.009578585 0.000365227 0.999939740
1756482638291675136.000000 -0.000541234 0.000519731 -0.011099250 -0.005332329 0.009541124 0.000424387 0.999940217
1756482638325016576.000000 -0.000520803 0.000622764 -0.011146019 -0.005269299 0.009578221 0.000452823 0.999940157
1756482638391699456.000000 -0.000607645 0.000523616 -0.011158402 -0.005329458 0.009564458 0.000435783 0.999939978
1756482638458471680.000000 -0.000561783 0.000534505 -0.011251311 -0.005305902 0.009544117 0.000434472 0.999940336
1756482638525316864.000000 -0.000540751 0.000629740 -0.011228683 -0.005278750 0.009548688 0.000443199 0.999940395
1756482638592164096.000000 -0.000426533 0.000548565 -0.011279906 -0.005296355 0.009509025 0.000455756 0.999940693
1756482638659013632.000000 -0.000603537 0.000572419 -0.011203362 -0.005301618 0.009583459 0.000455017 0.999939919
1756482638692439040.000000 -0.000637462 0.000534359 -0.011197024 -0.005311002 0.009584639 0.000438095 0.999939919
1756482638759290368.000000 -0.000683337 0.000449532 -0.011252975 -0.005345108 0.009588238 0.000454209 0.999939680
1756482638826145024.000000 -0.000640066 0.000613018 -0.011139902 -0.005304020 0.009557468 0.000474746 0.999940157
1756482638893001728.000000 -0.000568215 0.000641821 -0.011234233 -0.005260928 0.009536059 0.000509908 0.999940574
1756482638926430976.000000 -0.000559081 0.000368407 -0.011090033 -0.005404653 0.009535556 0.000358201 0.999939919
1756482638993290496.000000 -0.000559693 0.000489799 -0.011021229 -0.005355435 0.009559172 0.000384167 0.999939978
1756482639060152320.000000 -0.000724317 0.000482710 -0.011171176 -0.005329047 0.009587038 0.000348819 0.999939799
1756482639160447744.000000 -0.000590938 0.000562396 -0.011146957 -0.005335276 0.009551132 0.000364522 0.999940097
1756482639193881088.000000 -0.000692174 0.000557764 -0.011190842 -0.005342987 0.009550728 0.000381242 0.999940097
1756482639260749056.000000 -0.000706120 0.000429112 -0.011127037 -0.005361518 0.009562223 0.000376399 0.999939919
1756482639327619072.000000 -0.000602080 0.000394494 -0.011165103 -0.005353119 0.009552828 0.000435382 0.999939978
1756482639394491136.000000 -0.000657342 0.000436764 -0.011291638 -0.005337519 0.009555454 0.000465057 0.999939978
1756482639461250816.000000 -0.000601421 0.000469082 -0.011201868 -0.005347760 0.009501696 0.000417556 0.999940515
1756482639527919616.000000 -0.000599830 0.000442569 -0.011185355 -0.005343323 0.009520303 0.000493786 0.999940336
1756482639594587136.000000 -0.000566312 0.000655889 -0.011083477 -0.005237251 0.009596425 0.000388459 0.999940217
1756482639661255680.000000 -0.000582993 0.000430834 -0.011230282 -0.005370977 0.009557327 0.000403930 0.999939859
1756482639694589952.000000 -0.000572589 0.000465244 -0.011137811 -0.005358447 0.009527392 0.000419239 0.999940217
1756482639761257984.000000 -0.000577257 0.000563873 -0.011030260 -0.005289348 0.009525291 0.000398771 0.999940574
1756482639827925504.000000 -0.000495731 0.000548489 -0.011100659 -0.005307504 0.009572735 0.000441134 0.999940038
1756482639894593024.000000 -0.000514539 0.000560401 -0.011128671 -0.005312346 0.009577889 0.000406634 0.999939978
1756482639961260544.000000 -0.000623178 0.000408427 -0.011080353 -0.005430028 0.009583476 0.000482218 0.999939263
1756482640027927296.000000 -0.000657106 0.000486846 -0.011042025 -0.005402785 0.009603582 0.000489978 0.999939203
1756482640094593280.000000 -0.000730254 0.000545890 -0.011069415 -0.005343385 0.009657221 0.000428146 0.999939024
1756482640127926528.000000 -0.000782311 0.000505771 -0.011267950 -0.005333157 0.009628328 0.000350766 0.999939442
1756482640194593024.000000 -0.000550915 0.000534456 -0.011090730 -0.005341130 0.009524350 0.000410342 0.999940336
1756482640261259008.000000 -0.000840460 0.000329935 -0.011240965 -0.005398901 0.009656514 0.000331508 0.999938786
1756482640294592256.000000 -0.000831459 0.000337851 -0.011263696 -0.005396221 0.009658804 0.000322029 0.999938786
1756482640361257728.000000 -0.000797108 0.000358471 -0.011197323 -0.005374488 0.009652819 0.000347127 0.999938965
1756482640427923712.000000 -0.000770733 0.000488286 -0.011149175 -0.005358516 0.009640207 0.000398993 0.999939144
1756482640494590720.000000 -0.000472498 0.000616456 -0.011076465 -0.005322382 0.009547235 0.000450228 0.999940217
1756482640561258496.000000 -0.000520970 0.000626254 -0.011013876 -0.005303083 0.009526686 0.000392256 0.999940515
1756482640594592256.000000 -0.000587652 0.000446189 -0.011085032 -0.005380144 0.009548706 0.000431212 0.999939919
1756482640661259776.000000 -0.000549882 0.000546197 -0.010995607 -0.005368981 0.009531256 0.000412080 0.999940097
1756482640727926784.000000 -0.000459218 0.000535725 -0.011254331 -0.005322550 0.009523006 0.000448701 0.999940395
1756482640794593792.000000 -0.000590829 0.000472726 -0.011106244 -0.005392146 0.009599505 0.000417582 0.999939382
1756482640861260288.000000 -0.000662943 0.000376271 -0.010930925 -0.005403897 0.009575877 0.000349196 0.999939561
1756482640927925504.000000 -0.000532448 0.000422765 -0.011202700 -0.005399535 0.009541119 0.000454544 0.999939799
1756482640994591488.000000 -0.000571510 0.000531557 -0.011002111 -0.005324855 0.009555850 0.000471614 0.999940097
1756482641061257472.000000 -0.000567726 0.000477149 -0.010952692 -0.005378217 0.009590298 0.000431292 0.999939501
1756482641127922688.000000 -0.000663812 0.000383326 -0.011131001 -0.005420275 0.009587609 0.000329814 0.999939382
1756482641194587904.000000 -0.000672562 0.000264195 -0.011288533 -0.005472545 0.009595455 0.000376695 0.999938905
1756482641261252864.000000 -0.000591507 0.000538894 -0.010988780 -0.005331409 0.009536351 0.000345628 0.999940276
1756482641327917568.000000 -0.000815674 0.000440927 -0.011128075 -0.005372257 0.009647759 0.000331232 0.999938965
1756482641394580992.000000 -0.000511729 0.000537326 -0.011144142 -0.005353213 0.009579884 0.000397355 0.999939740
1756482641461248256.000000 -0.000481885 0.000627431 -0.011218783 -0.005283865 0.009539360 0.000414356 0.999940455
1756482641527917056.000000 -0.000625799 0.000665183 -0.011077470 -0.005277975 0.009554721 0.000352056 0.999940395
1756482641561251584.000000 -0.000691660 0.000616263 -0.010980504 -0.005317374 0.009555087 0.000350240 0.999940157
1756482641627920640.000000 -0.000527409 0.000588391 -0.011200607 -0.005326593 0.009502959 0.000439658 0.999940634
1756482641694589184.000000 -0.000428173 0.000406146 -0.011286847 -0.005401613 0.009517683 0.000499695 0.999940038
1756482641761257472.000000 -0.000568184 0.000592783 -0.010954279 -0.005318820 0.009560404 0.000318319 0.999940157
1756482641827924224.000000 -0.000552832 0.000487645 -0.011063413 -0.005375227 0.009507346 0.000411057 0.999940276
1756482641894592000.000000 -0.000507909 0.000668118 -0.011089176 -0.005298503 0.009510471 0.000422900 0.999940693
1756482641961259520.000000 -0.000529162 0.000490340 -0.011337237 -0.005345642 0.009534344 0.000408485 0.999940217
1756482642027927040.000000 -0.000436406 0.000585684 -0.011045610 -0.005306759 0.009485187 0.000476896 0.999940872
1756482642094594048.000000 -0.000692077 0.000543535 -0.010995478 -0.005350816 0.009603505 0.000367027 0.999939561
1756482642194593792.000000 -0.000662571 0.000324236 -0.011126159 -0.005400757 0.009587765 0.000410779 0.999939382
1756482642227927296.000000 -0.000583679 0.000588156 -0.011114220 -0.005298164 0.009557171 0.000413838 0.999940217
1756482642294592512.000000 -0.000669462 0.000522458 -0.011033854 -0.005402087 0.009599230 0.000337803 0.999939263
1756482642361258496.000000 -0.000651025 0.000539690 -0.011135682 -0.005317335 0.009586403 0.000403491 0.999939859
1756482642427924736.000000 -0.000817686 0.000465654 -0.011040080 -0.005349129 0.009616471 0.000235337 0.999939442
1756482642494592000.000000 -0.000691258 0.000438207 -0.011045684 -0.005380458 0.009595512 0.000381975 0.999939442
1756482642561259008.000000 -0.000686892 0.000530758 -0.011005083 -0.005357714 0.009561175 0.000316022 0.999939919
1756482642627926016.000000 -0.000721054 0.000569462 -0.010974982 -0.005331406 0.009602939 0.000419003 0.999939680
1756482642661259520.000000 -0.000803319 0.000527790 -0.011019967 -0.005329956 0.009673256 0.000349133 0.999938965
1756482642727924736.000000 -0.000674408 0.000744791 -0.011039287 -0.005247628 0.009603157 0.000306310 0.999940157
1756482642794590976.000000 -0.000613903 0.000713338 -0.010896167 -0.005244943 0.009527763 0.000390433 0.999940813
1756482642861256960.000000 -0.000687214 0.000473122 -0.011170507 -0.005373850 0.009596938 0.000347743 0.999939442
1756482642927922688.000000 -0.000714925 0.000587590 -0.011142040 -0.005292184 0.009618836 0.000359460 0.999939680
1756482642994588160.000000 -0.000808297 0.000454185 -0.011038331 -0.005366133 0.009587026 0.000283942 0.999939680
1756482643061253120.000000 -0.000897171 0.000423937 -0.011073588 -0.005365402 0.009635163 0.000250052 0.999939203
1756482643127918080.000000 -0.000748875 0.000422349 -0.011287974 -0.005405304 0.009628299 0.000379855 0.999938965
1756482643194581504.000000 -0.000714672 0.000509181 -0.011042492 -0.005350403 0.009607794 0.000336672 0.999939501
1756482643261245952.000000 -0.000624961 0.000506936 -0.011102933 -0.005403500 0.009570183 0.000427280 0.999939501
1756482643327909632.000000 -0.000509642 0.000566242 -0.011091492 -0.005346000 0.009560945 0.000370134 0.999939978
1756482643394573568.000000 -0.000740631 0.000321299 -0.011183221 -0.005459517 0.009581222 0.000289182 0.999939203
1756482643461239040.000000 -0.000670841 0.000457308 -0.011226984 -0.005356885 0.009586587 0.000394605 0.999939620
1756482643527905792.000000 -0.000640704 0.000555999 -0.011137094 -0.005340303 0.009596342 0.000349962 0.999939620
1756482643561239040.000000 -0.000673474 0.000557057 -0.011038977 -0.005375132 0.009595578 0.000343444 0.999939501
1756482643627904768.000000 -0.000764792 0.000625903 -0.010971413 -0.005357055 0.009652721 0.000295503 0.999939084
1756482643694570496.000000 -0.000639025 0.000359113 -0.011221571 -0.005470568 0.009595662 0.000346413 0.999938965
1756482643761236480.000000 -0.000677767 0.000292415 -0.011096163 -0.005468194 0.009573846 0.000332350 0.999939203
1756482643827901696.000000 -0.000647308 0.000342526 -0.011150515 -0.005436895 0.009596565 0.000354787 0.999939144
1756482643894566912.000000 -0.000598972 0.000384747 -0.011284057 -0.005416492 0.009533993 0.000357227 0.999939859
1756482643961231616.000000 -0.000655054 0.000396180 -0.011057727 -0.005414009 0.009582400 0.000426417 0.999939322
1756482644027896064.000000 -0.000684689 0.000222523 -0.011225601 -0.005508694 0.009597260 0.000394273 0.999938726
1756482644094559744.000000 -0.000763111 0.000132884 -0.011225816 -0.005517365 0.009598906 0.000270434 0.999938667
1756482644161223424.000000 -0.000729661 0.000190607 -0.011127145 -0.005514020 0.009613575 0.000287115 0.999938607
1756482644227886848.000000 -0.000641813 0.000341309 -0.011019041 -0.005487214 0.009604057 0.000311886 0.999938846
1756482644294550528.000000 -0.000671141 0.000316807 -0.011293218 -0.005432243 0.009585903 0.000350058 0.999939263
1756482644361213440.000000 -0.000588964 0.000546380 -0.011023528 -0.005358927 0.009577227 0.000382008 0.999939740
1756482644427876864.000000 -0.000604037 0.000542829 -0.011012055 -0.005360666 0.009528467 0.000441363 0.999940217
1756482644494542080.000000 -0.000780686 0.000356725 -0.011156806 -0.005445798 0.009636825 0.000278884 0.999938726
1756482644561208320.000000 -0.000751493 0.000307567 -0.011084060 -0.005498861 0.009602831 0.000327552 0.999938786
1756482644627874048.000000 -0.000678582 0.000283364 -0.010977443 -0.005505883 0.009609814 0.000354403 0.999938667
1756482644694539264.000000 -0.000646921 0.000346416 -0.011083770 -0.005474929 0.009578695 0.000339337 0.999939144
1756482644794536960.000000 -0.000618067 0.000297332 -0.011086762 -0.005500256 0.009547847 0.000356700 0.999939322
1756482644861201664.000000 -0.000672314 0.000342720 -0.011142651 -0.005468123 0.009587665 0.000402624 0.999939024
1756482644927865088.000000 -0.000712162 0.000368617 -0.011059135 -0.005452873 0.009625230 0.000368140 0.999938786
1756482644994529280.000000 -0.000556636 0.000528524 -0.010866824 -0.005372107 0.009538465 0.000353601 0.999940038
1756482645061193216.000000 -0.000690716 0.000484948 -0.011043956 -0.005366964 0.009578984 0.000339002 0.999939740
1756482645127856384.000000 -0.000607204 0.000315045 -0.011113516 -0.005476505 0.009557025 0.000417328 0.999939322
1756482645194519808.000000 -0.000630197 0.000328669 -0.011167733 -0.005440780 0.009569782 0.000425323 0.999939322
1756482645261182464.000000 -0.000517589 0.000316020 -0.011130814 -0.005466677 0.009545041 0.000438561 0.999939442
1756482645294514176.000000 -0.000572202 0.000391504 -0.011165850 -0.005438156 0.009585071 0.000381736 0.999939263
1756482645361176576.000000 -0.000746218 0.000146537 -0.011136257 -0.005580892 0.009655773 0.000411115 0.999937773
1756482645427837952.000000 -0.000688842 0.000596441 -0.011195503 -0.005308998 0.009551312 0.000493426 0.999940217
1756482645494505728.000000 -0.000840235 0.000386088 -0.011140198 -0.005392356 0.009602102 0.000339248 0.999939382
1756482645561172992.000000 -0.000751273 0.000361366 -0.011078375 -0.005451827 0.009610507 0.000366008 0.999938965
1756482645627840000.000000 -0.000774392 0.000265432 -0.011213973 -0.005482033 0.009625748 0.000282259 0.999938667
1756482645694507008.000000 -0.000720618 0.000291438 -0.011291899 -0.005454664 0.009578193 0.000298680 0.999939263
1756482645761173248.000000 -0.000796587 0.000383382 -0.011166408 -0.005431929 0.009598876 0.000293346 0.999939144
1756482645827838720.000000 -0.000789494 0.000270681 -0.011265911 -0.005449927 0.009595759 0.000279607 0.999939084
1756482645894504448.000000 -0.000664650 0.000576960 -0.011047441 -0.005353996 0.009549999 0.000349970 0.999940038
1756482645961170432.000000 -0.000599865 0.000572546 -0.011058035 -0.005353707 0.009563570 0.000358249 0.999939919
1756482646027835904.000000 -0.000681319 0.000409751 -0.011048712 -0.005406068 0.009602044 0.000403040 0.999939263
1756482646094501376.000000 -0.000742522 0.000449460 -0.011078484 -0.005424862 0.009604425 0.000279091 0.999939144
1756482646127833856.000000 -0.000770276 0.000442679 -0.011137854 -0.005400567 0.009638751 0.000312265 0.999938905
1756482646194498560.000000 -0.000714322 0.000452937 -0.011004960 -0.005429877 0.009587807 0.000321462 0.999939263
1756482646261161728.000000 -0.000844709 0.000335467 -0.010997588 -0.005479224 0.009634069 0.000264999 0.999938548
1756482646327826176.000000 -0.000630147 0.000343037 -0.011150534 -0.005428847 0.009552584 0.000369380 0.999939620
1756482646427822592.000000 -0.000860834 0.000187119 -0.011130027 -0.005526316 0.009623211 0.000256364 0.999938428
1756482646494488832.000000 -0.000606201 0.000407934 -0.011017431 -0.005443292 0.009570709 0.000416205 0.999939322
1756482646561155584.000000 -0.000545235 0.000643907 -0.011081807 -0.005314542 0.009531858 0.000354659 0.999940395
1756482646627821568.000000 -0.000612842 0.000565485 -0.011050357 -0.005344336 0.009611733 0.000433419 0.999939501
1756482646694487552.000000 -0.000654388 0.000481370 -0.011013416 -0.005370478 0.009594816 0.000471109 0.999939501
1756482646761152000.000000 -0.000696840 0.000432066 -0.011278390 -0.005381312 0.009601674 0.000358738 0.999939382
1756482646827817472.000000 -0.000848149 0.000231977 -0.011072001 -0.005495782 0.009658468 0.000251917 0.999938250
1756482646894482432.000000 -0.000601833 0.000377325 -0.011047899 -0.005433068 0.009600941 0.000416277 0.999939084
1756482646961147392.000000 -0.000756792 0.000257604 -0.011023635 -0.005442491 0.009605365 0.000383402 0.999939024
1756482647027811840.000000 -0.000700645 0.000396421 -0.011175165 -0.005433691 0.009629794 0.000309031 0.999938846
1756482647094475776.000000 -0.000760764 0.000344056 -0.011106436 -0.005453909 0.009625368 0.000296018 0.999938786
1756482647161138688.000000 -0.000609832 0.000552548 -0.011060338 -0.005360270 0.009561154 0.000313288 0.999939919
1756482647227802624.000000 -0.000761108 0.000531216 -0.011137486 -0.005355765 0.009598878 0.000294896 0.999939620
1756482647294465792.000000 -0.000725305 0.000394847 -0.011120289 -0.005403656 0.009610620 0.000382141 0.999939203
1756482647361128704.000000 -0.000690103 0.000441945 -0.011230245 -0.005404562 0.009581185 0.000335040 0.999939442
1756482647427792128.000000 -0.000700775 0.000319355 -0.011215145 -0.005459688 0.009593765 0.000303798 0.999939024
1756482647494459904.000000 -0.000714514 0.000400728 -0.011208688 -0.005422012 0.009567641 0.000289448 0.999939561
1756482647561127680.000000 -0.000851902 0.000323288 -0.011092220 -0.005521120 0.009633531 0.000218925 0.999938369
1756482647627794432.000000 -0.000863998 0.000282218 -0.011081672 -0.005462454 0.009656683 0.000276587 0.999938428
1756482647694461696.000000 -0.000828778 0.000294446 -0.010824129 -0.005556160 0.009623019 0.000368646 0.999938250
1756482647761128704.000000 -0.000763913 0.000426978 -0.011109248 -0.005362865 0.009643892 0.000335177 0.999939144
1756482647827795456.000000 -0.000813262 0.000337800 -0.011005084 -0.005434165 0.009654933 0.000323815 0.999938607
1756482647894461696.000000 -0.000771430 0.000476308 -0.010908942 -0.005396014 0.009636449 0.000306865 0.999939024
1756482647961127936.000000 -0.000706646 0.000460578 -0.011047656 -0.005363651 0.009586681 0.000339367 0.999939620
1756482648027793920.000000 -0.000660978 0.000424807 -0.011222098 -0.005381283 0.009622001 0.000352657 0.999939203
1756482648094458624.000000 -0.000777015 0.000344916 -0.011197923 -0.005418535 0.009626719 0.000315646 0.999938965
1756482648161123840.000000 -0.000793742 0.000321300 -0.011087318 -0.005447634 0.009626815 0.000336740 0.999938846
1756482648227789056.000000 -0.000788880 0.000331424 -0.011121983 -0.005462813 0.009617334 0.000305673 0.999938846
1756482648261121280.000000 -0.000639469 0.000411792 -0.011103421 -0.005430807 0.009567514 0.000279421 0.999939442
1756482648327786240.000000 -0.000694834 0.000428257 -0.011113932 -0.005432421 0.009579942 0.000353278 0.999939322
1756482648394450688.000000 -0.000567859 0.000337872 -0.011185193 -0.005456129 0.009544419 0.000326837 0.999939561
1756482648461117440.000000 -0.000567586 0.000330216 -0.011165855 -0.005444046 0.009513822 0.000389559 0.999939859
1756482648527785216.000000 -0.000713161 0.000312364 -0.011195519 -0.005478448 0.009555694 0.000314666 0.999939322
1756482648594454016.000000 -0.000698703 0.000261455 -0.011238528 -0.005454381 0.009598934 0.000367144 0.999939024
1756482648661122560.000000 -0.000754924 0.000370348 -0.011005614 -0.005451602 0.009601268 0.000322192 0.999939024
1756482648727790592.000000 -0.000697438 0.000254674 -0.010995009 -0.005473106 0.009581721 0.000333615 0.999939084
1756482648827792128.000000 -0.000905466 0.000004069 -0.011187810 -0.005650382 0.009685100 0.000396525 0.999937057
1756482648894459648.000000 -0.000615451 0.000377756 -0.011049967 -0.005432253 0.009571778 0.000396194 0.999939382
1756482648961126144.000000 -0.000825505 0.000216531 -0.011097042 -0.005576674 0.009690945 0.000445006 0.999937415
1756482648994459392.000000 -0.000654795 0.000456638 -0.011161844 -0.005391100 0.009581284 0.000404788 0.999939501
1756482649094459648.000000 -0.000652108 0.000415113 -0.011171852 -0.005355080 0.009572187 0.000344562 0.999939799
1756482649161126144.000000 -0.000477546 0.000451806 -0.011178219 -0.005376818 0.009560735 0.000430376 0.999939799
1756482649227792384.000000 -0.000492864 0.000364247 -0.011116615 -0.005426897 0.009508227 0.000403445 0.999939978
1756482649261125376.000000 -0.000522160 0.000528103 -0.011131181 -0.005337054 0.009529708 0.000437744 0.999940276
1756482649361124096.000000 -0.000591629 0.000597950 -0.011026305 -0.005297358 0.009555720 0.000417735 0.999940276
1756482649427788800.000000 -0.000810454 0.000460938 -0.011038313 -0.005383537 0.009642644 0.000247761 0.999939024
1756482649494456320.000000 -0.000798986 0.000583911 -0.010970837 -0.005322930 0.009653899 0.000324144 0.999939203
1756482649561123328.000000 -0.000671647 0.000390981 -0.011211962 -0.005455229 0.009614622 0.000413557 0.999938846
1756482649627790336.000000 -0.000677459 0.000500429 -0.011159735 -0.005343538 0.009583230 0.000346686 0.999939740
1756482649694457088.000000 -0.000659584 0.000846203 -0.011014831 -0.004736902 0.009869461 0.000436797 0.999939978
1756482649761123072.000000 -0.000510781 -0.000073035 -0.009208242 0.000130335 0.009295157 0.000836477 0.999956429
1756482649794456320.000000 -0.000504704 -0.000331386 -0.006257820 0.000407655 0.009071751 0.000762702 0.999958515
1756482649861121536.000000 -0.000949352 0.000745199 0.002907666 -0.005114739 0.010239752 -0.000542133 0.999934375
1756482649927787008.000000 0.000025601 0.000852876 0.010862350 -0.005088506 0.012390568 0.000122898 0.999910355
1756482649994452480.000000 0.000393021 0.000446670 0.017189311 -0.004332154 0.013693284 -0.000259276 0.999896884
1756482650061117696.000000 0.000357417 0.000751256 0.023538264 -0.003840076 0.014454824 -0.000596771 0.999888062
1756482650127782656.000000 0.000708467 0.000992359 0.029998945 -0.003304668 0.015153594 -0.000928792 0.999879301
1756482650161114880.000000 0.000808618 0.001004035 0.032716222 -0.003006769 0.015058079 -0.000877640 0.999881804
1756482650227779328.000000 0.001115030 0.001321071 0.039134882 -0.003583110 0.014764137 -0.000572613 0.999884486
1756482650294442752.000000 0.001367526 0.001292331 0.045568526 -0.003307431 0.014955902 -0.000760932 0.999882460
1756482650361106688.000000 0.001895317 0.001149488 0.051390186 -0.001395248 0.014958451 -0.000151578 0.999887168
1756482650427770368.000000 0.001910824 0.001272152 0.057707053 -0.000949881 0.015091414 -0.000428145 0.999885619
1756482650494436608.000000 0.002225988 0.001098454 0.063598268 -0.000658970 0.015131017 -0.000456929 0.999885261
1756482650561102080.000000 0.002393711 0.000822014 0.070073530 -0.000347160 0.015085378 -0.000495731 0.999886036
1756482650627767552.000000 0.002389301 0.000825128 0.076177672 -0.000021515 0.014950274 -0.000464863 0.999888182
1756482650694433024.000000 0.002545418 0.001227296 0.082724206 -0.001127343 0.014621211 -0.000060036 0.999892533
1756482650727764224.000000 0.002711773 0.001522110 0.086606689 -0.001914745 0.014544887 0.000010236 0.999892414
1756482650794429184.000000 0.002989374 0.001829367 0.094132416 -0.003978390 0.014379247 0.000064779 0.999888718
1756482650861093376.000000 0.003218244 0.001949718 0.101067625 -0.004490903 0.015050407 0.000278541 0.999876678
1756482650927757312.000000 0.003311482 0.002097308 0.107107013 -0.003092776 0.015551808 -0.000174836 0.999874294
1756482650961089280.000000 0.003488039 0.001923255 0.109804004 -0.002515105 0.015399524 -0.000285166 0.999878228
1756482651061084672.000000 0.003241340 0.001829383 0.119506106 -0.002439102 0.014591954 -0.000419561 0.999890566
1756482651094416128.000000 0.003611388 0.002486266 0.122560121 -0.002644214 0.013827831 -0.000119903 0.999900877
1756482651161078272.000000 0.003703484 0.002324485 0.130320236 -0.004937188 0.013732828 0.000469915 0.999893427
1756482651227740928.000000 0.004540895 0.002760906 0.137719482 -0.005170751 0.014666689 0.000330365 0.999879062
1756482651294403328.000000 0.005495699 0.002838092 0.144001424 -0.003738561 0.014671580 0.000569801 0.999885321
1756482651361065472.000000 0.005414796 0.002538672 0.149914294 -0.003051814 0.014811002 0.000925332 0.999885321
1756482651394396416.000000 0.005567976 0.002770953 0.152724996 -0.003218677 0.014857386 0.000795059 0.999884188
1756482651461060096.000000 0.005730703 0.003186227 0.159819111 -0.003632046 0.015210621 0.000670027 0.999877512
1756482651527724800.000000 0.006019970 0.003915779 0.167783067 -0.005410049 0.015803102 0.000693893 0.999860287
1756482651594388480.000000 0.006115154 0.004279552 0.173308998 -0.004948117 0.016220672 0.000331235 0.999856234
1756482651661052416.000000 0.006752303 0.004240810 0.179361850 -0.004338425 0.016014572 0.000877671 0.999861956
1756482651727716096.000000 0.007098643 0.003856187 0.183857396 -0.002567412 0.016704844 0.001207228 0.999856472
1756482651794380032.000000 0.007803663 0.004509523 0.189887315 -0.001524386 0.017262533 0.000386045 0.999849796
1756482651861043200.000000 0.007931490 0.004796423 0.197776511 -0.003669711 0.017289305 0.000381385 0.999843776
1756482651894374912.000000 0.008049606 0.005315640 0.202395394 -0.004690731 0.016632522 0.000298624 0.999850690
1756482651961037568.000000 0.007900258 0.005372987 0.209404245 -0.005120150 0.015330839 0.001493270 0.999868274
1756482652027699968.000000 0.008287026 0.004820783 0.215004653 -0.003697057 0.015169064 0.002450293 0.999875128
1756482652094361088.000000 0.008562379 0.005366965 0.221386909 -0.004366648 0.015924336 0.002586557 0.999860346
1756482652127692288.000000 0.008593922 0.005443330 0.224705949 -0.003722725 0.016454186 0.002442552 0.999854803
1756482652194353920.000000 0.009682953 0.005764903 0.230929717 -0.002609117 0.017398905 0.002094912 0.999843121
1756482652261015296.000000 0.009030399 0.005452698 0.237164915 -0.003847179 0.017040020 0.001533474 0.999846339
1756482652327676416.000000 0.009282403 0.006203344 0.244519979 -0.006240482 0.016240438 0.002061893 0.999846578
1756482652394337024.000000 0.009307118 0.006367322 0.251103640 -0.004877897 0.017111482 0.001746058 0.999840200
1756482652427667456.000000 0.009981810 0.007134791 0.253707439 -0.003772779 0.017273061 0.001810057 0.999842107
1756482652494332416.000000 0.010682693 0.006957408 0.259045273 -0.002641498 0.017322727 0.001896960 0.999844730
1756482652560997376.000000 0.010952609 0.006706208 0.265605450 -0.002667245 0.016960690 0.001679953 0.999851286
1756482652627662848.000000 0.011083150 0.006617277 0.272402167 -0.004091254 0.017485697 0.001944840 0.999836862
1756482652694327552.000000 0.011199326 0.007597129 0.280035198 -0.005183675 0.018662026 0.001296273 0.999811590
1756482652727660032.000000 0.010682081 0.007037342 0.282998502 -0.004624082 0.019092202 0.001170732 0.999806404
1756482652794324480.000000 0.012089249 0.008471910 0.289139986 -0.004045662 0.018914098 0.001811902 0.999811292
1756482652860988672.000000 0.012028021 0.008325540 0.295076728 -0.003483738 0.019492611 0.001644417 0.999802589
1756482652894320128.000000 0.012061344 0.008390074 0.297990888 -0.003115959 0.019797312 0.001372930 0.999798238
1756482652960983040.000000 0.012496157 0.008634432 0.304839253 -0.003217274 0.019673051 0.001354097 0.999800384
1756482653027646464.000000 0.012717091 0.008277092 0.311567485 -0.003938814 0.019229943 0.001250565 0.999806523
1756482653060977920.000000 0.013025022 0.008355564 0.314383596 -0.003429898 0.019224050 0.001366858 0.999808371
1756482653127641088.000000 0.013447266 0.008408585 0.320658326 -0.003237871 0.019495016 0.001520396 0.999803543
1756482653194303488.000000 0.012641443 0.008571371 0.327926666 -0.004989585 0.020095849 0.000768185 0.999785304
1756482653260965888.000000 0.012630170 0.008063423 0.334320575 -0.004508530 0.019347215 0.000989403 0.999802172
1756482653294297088.000000 0.013275677 0.008244692 0.336962134 -0.003503984 0.019134192 0.001320265 0.999809980
1756482653360958720.000000 0.013144181 0.008064067 0.343560040 -0.003050441 0.018678593 0.001328019 0.999820054
1756482653427619584.000000 0.013473130 0.008066250 0.349721760 -0.003373482 0.019031616 0.001214139 0.999812484
1756482653494286336.000000 0.014050276 0.008586610 0.356552422 -0.004289140 0.018562026 0.001462792 0.999817491
1756482653527619840.000000 0.014182733 0.008631724 0.359914571 -0.004349935 0.018259974 0.001607867 0.999822497
1756482653594286336.000000 0.014129596 0.008613206 0.366157860 -0.004110389 0.018260477 0.001765921 0.999823272
1756482653660952576.000000 0.014540634 0.008125327 0.371652752 -0.002450492 0.018183999 0.001604579 0.999830365
1756482653727618816.000000 0.014800635 0.007749154 0.377245158 -0.003468770 0.018594291 0.001399929 0.999820113
1756482653794284288.000000 0.014868377 0.008967513 0.385364592 -0.005170875 0.019011989 0.001143367 0.999805212
1756482653860948992.000000 0.015351693 0.009131443 0.392256290 -0.005226508 0.019328188 0.000829719 0.999799192
1756482653894281472.000000 0.015390430 0.009392468 0.395605564 -0.004523960 0.018994240 0.001213401 0.999808609
1756482653960946432.000000 0.015950652 0.009376088 0.401700735 -0.003048958 0.018636584 0.001939979 0.999819815
1756482654027611136.000000 0.016050728 0.009473430 0.407264560 -0.004328517 0.019056609 0.002005114 0.999807060
1756482654060943616.000000 0.016371818 0.009482869 0.410584629 -0.004555797 0.019565718 0.001829027 0.999796569
1756482654127607808.000000 0.016794782 0.010026005 0.417046130 -0.004749775 0.020057105 0.001410808 0.999786615
1756482654160940032.000000 0.016529685 0.009642993 0.420323670 -0.004206357 0.020550421 0.001449809 0.999778926
1756482654227603712.000000 0.017058367 0.009717285 0.426741689 -0.004078692 0.020169573 0.001225392 0.999787569
1756482654294266368.000000 0.017232226 0.010013106 0.433588833 -0.004512105 0.019635897 0.001532481 0.999795854
1756482654360929792.000000 0.017023249 0.010856068 0.439648628 -0.003140828 0.020207381 0.001312801 0.999790013
1756482654394261248.000000 0.016891818 0.010228763 0.442375690 -0.003635849 0.019996107 0.001287342 0.999792635
1756482654460969728.000000 0.017596889 0.011016595 0.449487060 -0.004712231 0.019357566 0.001607903 0.999800265
1756482654527725824.000000 0.018337404 0.012135961 0.457762808 -0.005648945 0.019500598 0.001502311 0.999792814
1756482654594483968.000000 0.017848244 0.012165718 0.463702559 -0.004419453 0.019630857 0.001581054 0.999796271
1756482654627864064.000000 0.018233621 0.011595681 0.466179371 -0.003377815 0.019255634 0.001582482 0.999807656
1756482654694625024.000000 0.019172084 0.011874981 0.472877800 -0.004653039 0.018494749 0.002168429 0.999815822
1756482654761387520.000000 0.019159548 0.012600674 0.479749501 -0.004979780 0.019844508 0.001337132 0.999789834
1756482654828153088.000000 0.019773055 0.011797043 0.487905562 -0.004732348 0.019596225 0.002163741 0.999794424
1756482654894920448.000000 0.019578001 0.011825700 0.492728382 -0.004419650 0.019949261 0.002582671 0.999787867
1756482654961689856.000000 0.019961296 0.012361247 0.500295997 -0.005473216 0.021132214 0.002537954 0.999758542
1756482655028461568.000000 0.021594249 0.013358777 0.504742920 -0.005546338 0.020342758 0.002853172 0.999773622
1756482655061847808.000000 0.021996602 0.013348527 0.508451462 -0.004516896 0.019804081 0.003390426 0.999787927
1756482655128622336.000000 0.022622749 0.013393424 0.515002191 -0.003913021 0.020379927 0.003744197 0.999777675
1756482655195397888.000000 0.021771371 0.013432226 0.522463381 -0.005281562 0.021712026 0.003414921 0.999744475
1756482655262176768.000000 0.021875719 0.013163163 0.528541446 -0.005662229 0.022328312 0.002901424 0.999730468
1756482655295566848.000000 0.022307636 0.013472383 0.531866372 -0.006348413 0.022169672 0.002758282 0.999730289
1756482655362348288.000000 0.023038635 0.013990449 0.538363993 -0.006667658 0.022376904 0.002687535 0.999723792
1756482655395740160.000000 0.022603730 0.014146400 0.543079197 -0.005915294 0.022398636 0.002282091 0.999729037
1756482655462471936.000000 0.022981759 0.014055504 0.546948969 -0.004599698 0.021781864 0.002757691 0.999748349
1756482655529155072.000000 0.022764485 0.014203872 0.553194046 -0.004727909 0.021063210 0.002901656 0.999762774
1756482655595837184.000000 0.023145644 0.014018097 0.559903204 -0.005138629 0.021607079 0.002316256 0.999750674
1756482655629178880.000000 0.023216659 0.014523810 0.565276980 -0.005823346 0.021704031 0.001869774 0.999745786
1756482655695861760.000000 0.023388097 0.015003325 0.572261512 -0.007108989 0.022060409 0.001329079 0.999730527
1756482655762544896.000000 0.023603892 0.015247324 0.578924716 -0.006512649 0.021307286 0.001408211 0.999750853
1756482655795886592.000000 0.023526518 0.015161996 0.581684351 -0.006189593 0.020805042 0.001630259 0.999763131
1756482655862569472.000000 0.023210200 0.015344317 0.587451935 -0.006635369 0.020349938 0.001493129 0.999769807
1756482655895911168.000000 0.025150184 0.016118266 0.591818810 -0.005745251 0.019927084 0.001632760 0.999783635
1756482655962594304.000000 0.023911823 0.015067033 0.595747173 -0.005547683 0.019634889 0.001461320 0.999790788
1756482656029277440.000000 0.024159260 0.015717860 0.602353275 -0.005870075 0.019518511 0.001928139 0.999790430
1756482656062618112.000000 0.024672363 0.015836896 0.605948865 -0.006007740 0.019573616 0.001847063 0.999788702
1756482656129301248.000000 0.025138885 0.015998906 0.612851202 -0.005345632 0.019555021 0.001934126 0.999792635
1756482656162642688.000000 0.025391150 0.016364342 0.616498470 -0.004952321 0.019806625 0.001894251 0.999789774
1756482656229326080.000000 0.026216187 0.016394146 0.623586476 -0.005415667 0.019593382 0.001991080 0.999791384
1756482656296008960.000000 0.026768938 0.017164290 0.630311549 -0.006983453 0.019734073 0.002119791 0.999778688
1756482656329350912.000000 0.026970139 0.016239833 0.633192360 -0.007136255 0.019926243 0.002330419 0.999773264
1756482656396034048.000000 0.027135450 0.016363362 0.640356064 -0.005251340 0.020330016 0.002074165 0.999777377
1756482656462717184.000000 0.027329028 0.015406728 0.643555999 -0.005167641 0.020481301 0.002423762 0.999773979
1756482656529399040.000000 0.028372167 0.016730420 0.653741002 -0.005255615 0.019710453 0.002618659 0.999788523
1756482656562740224.000000 0.028548419 0.017653568 0.657362103 -0.004557911 0.019541793 0.002578693 0.999795377
1756482656629423104.000000 0.028969379 0.018239679 0.663447201 -0.004381728 0.019250771 0.002944490 0.999800742
1756482656662764544.000000 0.027890075 0.017470194 0.666663945 -0.005418676 0.020010991 0.002399425 0.999782205
1756482656729447680.000000 0.028183689 0.017999843 0.673704088 -0.005746198 0.020017806 0.002438069 0.999780178
1756482656762789120.000000 0.028841512 0.017420990 0.676561534 -0.005331837 0.020062588 0.002555169 0.999781251
1756482656829471744.000000 0.028588492 0.017541280 0.683732212 -0.005381271 0.020039512 0.001853370 0.999783039
1756482656896154880.000000 0.028483342 0.017658994 0.689644039 -0.005422485 0.019947298 0.001326341 0.999785423
1756482656929495040.000000 0.028809715 0.017622849 0.693100750 -0.005451218 0.019735573 0.001155880 0.999789715
1756482656996178176.000000 0.028751999 0.017951310 0.699158251 -0.005847708 0.018835334 0.001096545 0.999804974
1756482657029519616.000000 0.028955758 0.017741390 0.701795936 -0.005503224 0.018065456 0.001113686 0.999821067
1756482657096202496.000000 0.028688794 0.017761663 0.707685113 -0.005244469 0.018349560 0.001209351 0.999817133
1756482657129543936.000000 0.029002191 0.017767593 0.711229503 -0.005223131 0.018463161 0.001147787 0.999815285
1756482657196226816.000000 0.029103098 0.017628737 0.718407512 -0.005869990 0.018561104 0.000958314 0.999810040
1756482657229568256.000000 0.029276812 0.017706778 0.721662700 -0.005834066 0.018761091 0.001110945 0.999806404
1756482657296251392.000000 0.029706372 0.018626520 0.728708446 -0.006678632 0.018334065 0.001475860 0.999808550
1756482657362934016.000000 0.030461222 0.017861567 0.735074639 -0.005033985 0.018540181 0.000317854 0.999815404
1756482657396274688.000000 0.030237461 0.020367648 0.737404644 -0.004580711 0.018576238 0.001441705 0.999815941
1756482657462957568.000000 0.030617312 0.017510112 0.744603753 -0.006221510 0.017953048 0.000750044 0.999819219
1756482657529640960.000000 0.031628221 0.018683799 0.752660751 -0.005991581 0.017588684 0.002746411 0.999823630
1756482657562982400.000000 0.031594910 0.019256532 0.755164504 -0.005097336 0.018405277 0.002744989 0.999813914
1756482657629665536.000000 0.031799007 0.021024346 0.759128988 -0.004789693 0.018811785 0.002452827 0.999808550
1756482657663006976.000000 0.031919498 0.021020930 0.762795150 -0.005557842 0.018788973 0.002305742 0.999805391
1756482657729690368.000000 0.032323770 0.020905558 0.769725323 -0.005586917 0.019259054 0.002068622 0.999796808
1756482657796373504.000000 0.033327393 0.021179806 0.775405347 -0.004173039 0.018239580 0.002746899 0.999821186
1756482657829714176.000000 0.033518709 0.021163400 0.778623879 -0.003647085 0.017764697 0.002892601 0.999831378
1756482657896397312.000000 0.032666579 0.023139833 0.787417173 -0.003926280 0.017631479 0.002575198 0.999833524
1756482657963080960.000000 0.033683222 0.022988353 0.794738650 -0.005470099 0.018083889 0.002374521 0.999818683
1756482658029764096.000000 0.033625793 0.023886211 0.802495718 -0.005574875 0.017668417 0.002220825 0.999825895
1756482658063105792.000000 0.033414364 0.023714324 0.805007100 -0.004853244 0.017856246 0.002332218 0.999826074
1756482658096447232.000000 0.033230614 0.023582924 0.807796240 -0.004380487 0.018006662 0.002229318 0.999825776
1756482658163130624.000000 0.032232333 0.023863032 0.813862741 -0.004586543 0.016887426 0.002212911 0.999844432
1756482658229814016.000000 0.032351620 0.024507923 0.820853472 -0.004966864 0.016336553 0.002356119 0.999851465
1756482658263154688.000000 0.032467522 0.024958612 0.823914945 -0.004494065 0.016484162 0.002327922 0.999851406
1756482658296496384.000000 0.033020344 0.022753887 0.824089825 -0.005394215 0.016235990 0.001916460 0.999851882
1756482658363179776.000000 0.033029974 0.022431700 0.829735160 -0.006204720 0.015536491 0.002538407 0.999856889
1756482658429863168.000000 0.033754628 0.024275102 0.840280652 -0.005749091 0.014948691 0.002156951 0.999869406
1756482658463204096.000000 0.031880945 0.028197344 0.842048407 -0.004505031 0.015779205 0.002462141 0.999862373
1756482658529885696.000000 0.034230899 0.025137939 0.851264238 -0.005607356 0.016578820 0.001327595 0.999845982
1756482658596567296.000000 0.034519669 0.024472902 0.857523441 -0.006164990 0.016815681 0.000904794 0.999839246
1756482658629907968.000000 0.034475550 0.024860930 0.861091256 -0.007837894 0.016645931 0.000387381 0.999830723
1756482658696589824.000000 0.034726556 0.026017880 0.867192090 -0.007874464 0.016033882 0.000309418 0.999840438
1756482658729929728.000000 0.034796100 0.026006073 0.870014489 -0.006828040 0.015893634 0.000331309 0.999850392
1756482658796611328.000000 0.035121154 0.025548227 0.874915779 -0.005235567 0.016190782 0.001041207 0.999854684
1756482658863292928.000000 0.034932368 0.025340475 0.880770445 -0.005496230 0.016376728 0.000839322 0.999850452
1756482658896633856.000000 0.035112545 0.026106490 0.883717299 -0.005370534 0.016601216 0.000771857 0.999847531
1756482658963315456.000000 0.034669027 0.024393436 0.890612245 -0.005312439 0.017314237 0.001220967 0.999835253
1756482658996656128.000000 0.035497837 0.025475163 0.893072069 -0.004249877 0.017257087 0.001283786 0.999841273
1756482659063337728.000000 0.035439111 0.025398700 0.898649216 -0.003871845 0.017241199 0.000472086 0.999843836
1756482659096678656.000000 0.035391346 0.025616746 0.902064145 -0.004103287 0.016812660 0.000427613 0.999850154
1756482659163359488.000000 0.035412420 0.026008684 0.908691406 -0.004983635 0.016351135 0.000909947 0.999853551
1756482659230040832.000000 0.036049068 0.026695173 0.915042102 -0.006222844 0.016515665 0.000999472 0.999843776
1756482659296722432.000000 0.036471669 0.026108894 0.925296664 -0.008257980 0.016122848 0.000709631 0.999835670
1756482659330063360.000000 0.036536399 0.026371364 0.927775860 -0.008443229 0.015932126 0.000810247 0.999837101
1756482659396744704.000000 0.036589075 0.027216669 0.933956742 -0.006903389 0.016493458 0.000749253 0.999839902
1756482659430085376.000000 0.035508670 0.027034407 0.940208733 -0.006669996 0.017144121 0.000853918 0.999830484
1756482659496768000.000000 0.036059272 0.027783500 0.943152070 -0.005837859 0.015955510 0.001596757 0.999854386
1756482659563450624.000000 0.035111867 0.027035179 0.951738656 -0.007649829 0.015968701 0.000518782 0.999843180
1756482659596791040.000000 0.035033375 0.026998639 0.954562724 -0.007454543 0.016106252 0.000096094 0.999842525
1756482659663473664.000000 0.036342461 0.027990717 0.958163619 -0.005285067 0.016083432 0.001036696 0.999856234
1756482659696815360.000000 0.036500856 0.027758967 0.960882604 -0.004734423 0.016354699 0.001042674 0.999854565
1756482659763497728.000000 0.036743302 0.029115967 0.968454063 -0.004763430 0.015298575 0.000737398 0.999871373
1756482659796838912.000000 0.036891799 0.029526966 0.971609354 -0.003634939 0.015062821 0.001181751 0.999879241
1756482659863521792.000000 0.037185568 0.030371141 0.978302598 -0.003269945 0.014582112 0.001758559 0.999886811
1756482659930204416.000000 0.038552511 0.030966317 0.986636162 -0.003720592 0.023447659 0.001202753 0.999717474
1756482659963545600.000000 0.039831512 0.030999308 0.991470695 -0.006585876 0.030548470 0.001963555 0.999509692
1756482660030228736.000000 0.042573955 0.031154078 0.997719288 -0.011188211 0.043225218 0.001777397 0.999001145
1756482660063568896.000000 0.043834869 0.031803176 0.996995509 -0.008259030 0.047193259 0.001505134 0.998850584
1756482660130251520.000000 0.044930987 0.030646266 0.993900418 -0.004730318 0.053282101 0.001599232 0.998567045
1756482660196933888.000000 0.045848764 0.030452523 0.992015362 -0.002167938 0.064129308 0.001741386 0.997937799
1756482660230275328.000000 0.047235355 0.030302431 0.993070245 -0.003065621 0.069650874 0.001597599 0.997565508
1756482660296958208.000000 0.048678488 0.030098824 0.993509352 -0.004758806 0.081120268 0.000600186 0.996692896
1756482660363640832.000000 0.050850090 0.030447682 0.995054185 -0.005451993 0.092246354 0.000868108 0.995720983
1756482660396982272.000000 0.051297367 0.029089415 0.993720651 -0.005891073 0.098031633 0.000201071 0.995165884
1756482660463664640.000000 0.051688019 0.028283939 0.993246257 -0.006287135 0.109161071 -0.000499923 0.994004071
1756482660497004800.000000 0.052884266 0.027975067 0.993528485 -0.005928882 0.114502802 -0.000329265 0.993405163
1756482660563686912.000000 0.054777171 0.028400388 0.997636139 -0.006429196 0.126272291 -0.001746073 0.991973281
1756482660630368768.000000 0.057779253 0.027637357 0.995062709 -0.006884188 0.136967346 -0.001487374 0.990550578
1756482660697050880.000000 0.059963536 0.027733961 0.994635940 -0.007286794 0.147839323 -0.001404434 0.988983572
1756482660763732736.000000 0.062695213 0.027407832 0.995907068 -0.007567681 0.158824340 -0.001701587 0.987276435
1756482660797073920.000000 0.063351117 0.026530346 0.995227098 -0.007807813 0.164573640 -0.001593358 0.986332655
1756482660863755776.000000 0.066008382 0.027222784 0.996621490 -0.007687175 0.175630108 -0.001822229 0.984424531
1756482660930436608.000000 0.067286029 0.027049962 0.996743202 -0.007713547 0.187059134 -0.002448961 0.982315361
1756482660963777536.000000 0.068528846 0.027330767 0.997000754 -0.007561109 0.192406550 -0.002667937 0.981282532
1756482661030459392.000000 0.071072459 0.028432816 0.998154938 -0.007329872 0.203504071 -0.002899896 0.979042411
1756482661097141248.000000 0.072205469 0.029319044 1.000343800 -0.007077500 0.213949546 -0.003779774 0.976811767
1756482661130482432.000000 0.074085116 0.031051548 1.001514077 -0.006441078 0.218553603 -0.003140779 0.975798726
1756482661197164288.000000 0.076290011 0.030941907 1.000418663 -0.006043638 0.229250744 -0.003206535 0.973343372
1756482661230505472.000000 0.076435208 0.031208793 1.004733324 -0.006857511 0.235442981 -0.004751662 0.971852422
1756482661297187328.000000 0.078126937 0.029300516 0.999917746 -0.007540578 0.246180639 -0.004508517 0.969184220
1756482661363869184.000000 0.079525009 0.028100152 0.998383522 -0.007650318 0.256983072 -0.004575796 0.966374874
1756482661397208832.000000 0.080886468 0.027621098 0.998879254 -0.008229635 0.262578934 -0.005090228 0.964862049
1756482661463890688.000000 0.082121208 0.028704518 0.999796212 -0.008098107 0.273124754 -0.005588689 0.961928308
1756482661497231616.000000 0.082178473 0.028699998 0.999594450 -0.007953603 0.278341115 -0.005677768 0.960432589
1756482661563913472.000000 0.084084168 0.029212249 0.999040425 -0.007703823 0.289196134 -0.005641691 0.957222223
1756482661597254400.000000 0.086676136 0.028536929 0.998963177 -0.008122179 0.294029832 -0.006020103 0.955742776
1756482661663936256.000000 0.088085808 0.027576413 0.998445749 -0.008214406 0.305320948 -0.005922330 0.952195704
1756482661730618112.000000 0.091299310 0.025812699 0.997272849 -0.004356161 0.317897171 -0.006841375 0.948090553
1756482661763959040.000000 0.094329163 0.026146904 0.999042392 -0.001439973 0.324305862 -0.007853342 0.945918620
1756482661830639872.000000 0.101415209 0.026493469 1.004740953 -0.004120716 0.335212827 -0.007192418 0.942105949
1756482661897321472.000000 0.110370740 0.027036503 1.013031840 -0.011835479 0.347278833 -0.005803816 0.937669277
1756482661964003328.000000 0.118014947 0.027675221 1.019622564 -0.011593220 0.359105498 -0.005802082 0.933206916
1756482662030684928.000000 0.124320492 0.030100586 1.021213293 -0.006953461 0.370105982 -0.006312227 0.928942084
1756482662064025856.000000 0.126471698 0.029080832 1.024116993 -0.006154374 0.375069112 -0.006796976 0.926951528
1756482662130707712.000000 0.133114249 0.025490323 1.027559280 -0.006794201 0.384883583 -0.007086095 0.922913015
1756482662164048640.000000 0.137823343 0.025038742 1.032638788 -0.007783998 0.389942259 -0.006946015 0.920780241
1756482662230730240.000000 0.143879980 0.024064396 1.032788277 -0.010508676 0.399772614 -0.005878658 0.916535318
1756482662297411328.000000 0.152113914 0.026607625 1.038396358 -0.012825009 0.410370559 -0.005575825 0.911811650
1756482662330752000.000000 0.155543536 0.027830215 1.040736794 -0.013645403 0.415794462 -0.004973267 0.909342706
1756482662397433600.000000 0.157478601 0.028243029 1.039405704 -0.013786138 0.424016535 -0.004880403 0.905536413
1756482662430774528.000000 0.156151742 0.027386632 1.037139654 -0.011493959 0.426710993 -0.005851435 0.904296100
1756482662497456640.000000 0.154602468 0.025153952 1.033362746 -0.007244033 0.434155673 -0.007525539 0.900777340
1756482662530798080.000000 0.154802054 0.024799202 1.032509804 -0.006392499 0.439417362 -0.008106772 0.898223698
1756482662597479936.000000 0.156835884 0.024493320 1.032130241 -0.008215412 0.449008852 -0.007430340 0.893458724
1756482662630820864.000000 0.155919209 0.023684781 1.030506015 -0.009595417 0.453597218 -0.006269747 0.891133189
1756482662697502976.000000 0.160020933 0.026004830 1.031493545 -0.010351413 0.463655084 -0.006361223 0.885932565
1756482662730843392.000000 0.160804600 0.025838846 1.030798912 -0.010017307 0.468691170 -0.006479432 0.883281589
1756482662797525504.000000 0.162261590 0.025045980 1.028118849 -0.009739907 0.478571147 -0.007775106 0.877960384
1756482662864207872.000000 0.163079888 0.024343744 1.026884198 -0.009903721 0.487857640 -0.007495679 0.872834861
1756482662930889728.000000 0.163366288 0.024320545 1.023368835 -0.010408555 0.497255802 -0.007877154 0.867505789
1756482662997571840.000000 0.163571000 0.022625495 1.022031069 -0.010959783 0.507093251 -0.007774634 0.861786485
1756482663064253952.000000 0.165361881 0.023250520 1.021135926 -0.010697483 0.516923904 -0.007963396 0.855927527
1756482663097595136.000000 0.164457500 0.020848783 1.018368363 -0.011175488 0.521864116 -0.007595011 0.852921605
1756482663164276480.000000 0.169262350 0.021185067 1.018507719 -0.010855512 0.531576335 -0.007405276 0.846908510
1756482663197617408.000000 0.169021577 0.020795371 1.016872764 -0.011049433 0.536202788 -0.007408944 0.843984425
1756482663264299520.000000 0.170647264 0.020795237 1.015416265 -0.011032666 0.545189083 -0.007760544 0.838204563
1756482663297640448.000000 0.173387021 0.021251444 1.015784502 -0.010855221 0.549673855 -0.007320414 0.835276723
1756482663364322304.000000 0.174376190 0.020373166 1.013109446 -0.011097461 0.557824612 -0.007307961 0.829852581
1756482663397663488.000000 0.175241113 0.020497430 1.013568163 -0.011369126 0.562189639 -0.007044509 0.826900244
1756482663464345856.000000 0.176637799 0.021032637 1.012571216 -0.010897963 0.571227074 -0.007601157 0.820684552
1756482663531028992.000000 0.177965730 0.021293020 1.011667252 -0.010432318 0.580669999 -0.007890586 0.814033985
1756482663564370432.000000 0.178344756 0.021729743 1.011349082 -0.010051323 0.585733891 -0.007992707 0.810401797
1756482663631052544.000000 0.179062754 0.021137461 1.010407805 -0.011351150 0.595340312 -0.007852046 0.803355098
1756482663697735424.000000 0.182292610 0.021885553 1.011117339 -0.011655434 0.604509413 -0.008591985 0.796466351
1756482663764418304.000000 0.182627678 0.021617461 1.009903908 -0.011642927 0.613084733 -0.008181619 0.789889038
1756482663831101696.000000 0.185097933 0.021197058 1.008954287 -0.010880595 0.621807516 -0.008606079 0.783047378
1756482663897784832.000000 0.185921729 0.020487230 1.007284641 -0.011100438 0.630885839 -0.008964169 0.775744557
1756482663931125760.000000 0.184071779 0.021232102 1.003466249 -0.011222390 0.634913683 -0.009509668 0.772443056
1756482663997809152.000000 0.185047030 0.020925021 1.001427770 -0.011470123 0.643526852 -0.010136865 0.765270472
1756482664064491264.000000 0.188758790 0.020888828 1.002565265 -0.011100002 0.652186453 -0.010574917 0.757903576
1756482664097832704.000000 0.189662516 0.020410296 1.002699494 -0.010886399 0.656466663 -0.010597838 0.754202068
1756482664164516096.000000 0.190839052 0.020888463 1.000807047 -0.010946526 0.664933622 -0.010605343 0.746746957
1756482664231198976.000000 0.192734897 0.023316070 0.996117949 -0.010851292 0.673308134 -0.010716898 0.739204764
1756482664264540416.000000 0.191849530 0.020364035 0.997204423 -0.011501459 0.677639008 -0.010038838 0.735236287
1756482664331223808.000000 0.194566786 0.019969838 0.994731784 -0.011591785 0.685563266 -0.009527924 0.727858484
1756482664364565248.000000 0.194801033 0.019754034 0.993770063 -0.011932283 0.689274788 -0.009440571 0.724340320
1756482664431247872.000000 0.196100831 0.020099845 0.991214156 -0.011713875 0.696406782 -0.009592013 0.717487633
1756482664464590080.000000 0.196190953 0.020257808 0.989368260 -0.011596670 0.700413346 -0.009472847 0.713580370
1756482664531273216.000000 0.195356429 0.019069087 0.987081766 0.011469482 -0.708371818 0.009813715 -0.705678165
1756482664564614912.000000 0.195932865 0.019103020 0.987250924 0.011329597 -0.712383568 0.009875752 -0.701629400
1756482664631299072.000000 0.200839639 0.018811526 0.983543515 0.011628194 -0.719323814 0.009895997 -0.694507122
1756482664697983232.000000 0.199301183 0.019357920 0.981698215 0.011902375 -0.726686418 0.010127403 -0.686791539
1756482664764667392.000000 0.198544502 0.021514326 0.981583476 0.011636460 -0.734699905 0.010562006 -0.678210258
1756482664831351296.000000 0.196269751 0.019040409 0.976650715 0.011965734 -0.742161632 0.010690015 -0.670028865
1756482664898035200.000000 0.199374259 0.020841487 0.978858769 0.011268954 -0.749688864 0.011787496 -0.661589503
1756482664931376384.000000 0.200279117 0.021356964 0.978377104 0.011007168 -0.753215313 0.012038767 -0.657571852
1756482664964718592.000000 0.200772405 0.021331925 0.977172375 0.011256945 -0.756815016 0.012157914 -0.653419077
1756482665031402752.000000 0.201527178 0.020704765 0.974836171 0.012145949 -0.764430344 0.012241036 -0.644475698
1756482665064744960.000000 0.203405917 0.020590512 0.974340081 0.012324476 -0.768018365 0.012028581 -0.640196323
1756482665131429120.000000 0.205388784 0.019705189 0.970799506 0.013099438 -0.774880171 0.011707677 -0.631863952
1756482665164771328.000000 0.205613136 0.019582780 0.969193637 0.013140793 -0.778381586 0.011925379 -0.627540708
1756482665231455488.000000 0.206603646 0.022998573 0.972333431 0.010713157 -0.785898685 0.011825862 -0.618149459
1756482665298139904.000000 0.203139424 0.019347005 0.974232495 0.011901322 -0.793229699 0.012486737 -0.608678281
1756482665331481856.000000 0.203606009 0.018858297 0.973191202 0.011964098 -0.796785891 0.012272306 -0.604018748
1756482665398165248.000000 0.206378102 0.018823525 0.969009101 0.012466223 -0.803511322 0.012063964 -0.595036745
1756482665464848896.000000 0.206989527 0.018986773 0.965402424 0.012449431 -0.809557378 0.012621995 -0.586773098
1756482665498189824.000000 0.206235051 0.018716987 0.965054095 0.012602808 -0.812620759 0.012733183 -0.582517624
1756482665564871680.000000 0.205798745 0.017457340 0.961917400 0.012357461 -0.818513334 0.013076188 -0.574205816
1756482665598212864.000000 0.205002189 0.016122377 0.958659410 0.012659580 -0.821462512 0.012970280 -0.569974482
1756482665664894976.000000 0.205235600 0.016574534 0.955273449 0.012494062 -0.827791572 0.013011161 -0.560745776
1756482665698235904.000000 0.205074668 0.015870683 0.953390002 0.012717587 -0.830899596 0.013140872 -0.556121767
1756482665764917760.000000 0.210041285 0.020286664 0.962294221 -0.011458850 0.838249326 -0.012219635 0.545029819
1756482665798258944.000000 0.204368234 0.020858269 0.954973996 0.011827555 -0.840466022 0.013415020 -0.541569114
1756482665864940288.000000 0.204006195 0.020721290 0.950286746 0.011784127 -0.846210420 0.014265188 -0.532527626
1756482665898281216.000000 0.203122616 0.020628449 0.950408041 0.011462818 -0.849073231 0.014770370 -0.527944207
1756482665964963072.000000 0.199661732 0.020275513 0.946884274 0.010954575 -0.854704201 0.014582239 -0.518794894
1756482665998304256.000000 0.198755503 0.019141166 0.944552898 0.011051669 -0.857568681 0.014181032 -0.514055312
1756482666064986112.000000 0.198194504 0.019552913 0.940045476 0.010839803 -0.863092363 0.013952957 -0.504737020
1756482666098327040.000000 0.204225302 0.024641311 0.947657228 0.010181790 -0.866647661 0.015179400 -0.498585790
1756482666165009152.000000 0.203315258 0.026836129 0.946779251 0.010308670 -0.872124374 0.015884582 -0.488917768
1756482666198350080.000000 0.204875112 0.027528826 0.944216073 0.010064616 -0.874733508 0.016066216 -0.484233320
1756482666231691008.000000 0.205428839 0.026821347 0.944561124 0.009772164 -0.877538800 0.015879972 -0.479143053
1756482666298372096.000000 0.205742836 0.027479531 0.941845775 0.009982089 -0.882798910 0.015659707 -0.469383985
1756482666331713280.000000 0.205608726 0.027928054 0.941882610 0.010014599 -0.885482907 0.015770253 -0.464296430
1756482666365054208.000000 0.203355074 0.025528241 0.936660647 0.011030571 -0.887615144 0.015881255 -0.460179865
1756482666431736064.000000 0.202532411 0.024423877 0.934789538 0.010957209 -0.892684519 0.015898047 -0.450268418
1756482666465077504.000000 0.206172585 0.028004961 0.940384865 -0.010306822 0.895932078 -0.016629206 0.443760067
1756482666498418688.000000 0.198322415 0.026228944 0.934288383 -0.010005364 0.899656415 -0.016501216 0.436171949
1756482666565101568.000000 0.204965234 0.026785361 0.945670962 -0.010185912 0.904253662 -0.016685750 0.426548004
1756482666631784192.000000 0.204454780 0.027198071 0.944176674 -0.010628908 0.908753932 -0.017569000 0.416826814
1756482666665125376.000000 0.204287052 0.027145114 0.943779111 -0.010724674 0.911014318 -0.017618755 0.411858529
1756482666698466816.000000 0.204022527 0.028431565 0.944240749 -0.010407283 0.913331628 -0.017933056 0.406688392
1756482666731807232.000000 0.203799963 0.027949160 0.943543613 -0.010250862 0.915527165 -0.018039307 0.401720613
1756482666798489856.000000 0.203918219 0.028032666 0.942436159 -0.010769865 0.919850886 -0.017992305 0.391707391
1756482666865172736.000000 0.202161908 0.023058806 0.934204161 -0.011193338 0.923941433 -0.016862363 0.381998211
1756482666898513920.000000 0.203083992 0.027369028 0.925325394 0.010670383 -0.925717533 0.018022066 -0.377635300
1756482666965196544.000000 0.200773835 0.024531130 0.928986251 -0.011059169 0.930036247 -0.017743288 0.366872728
1756482667031879168.000000 0.198905945 0.024781480 0.926973939 -0.010994805 0.934114993 -0.017607363 0.356368333
1756482667065220608.000000 0.197086573 0.024788950 0.926383436 -0.010963753 0.936136305 -0.017764708 0.351017267
1756482667098562048.000000 0.196446776 0.024616502 0.924977005 -0.011109453 0.938178539 -0.017607510 0.345525116
1756482667131903488.000000 0.195688963 0.025431918 0.924370050 -0.011397816 0.940197051 -0.017757034 0.339977115
1756482667198585088.000000 0.195220470 0.025258657 0.923305750 -0.011514563 0.943925977 -0.018088834 0.329460144
1756482667231926272.000000 0.194114685 0.026035864 0.923490763 -0.011696546 0.945771396 -0.018505348 0.324094713
1756482667265267712.000000 0.192815542 0.026760470 0.923699319 -0.011448987 0.947562337 -0.018822288 0.318810880
1756482667298608896.000000 0.192521214 0.026231639 0.923830509 -0.011454512 0.949302197 -0.019041618 0.313578844
1756482667365291776.000000 0.200077295 0.025620297 0.900087774 -0.010347269 0.952100992 -0.019564128 0.304981798
1756482667398632960.000000 0.189495444 0.027041342 0.916914940 -0.010503844 0.954247475 -0.019434111 0.298200995
1756482667465316096.000000 0.194406152 0.026050558 0.917155921 -0.010850523 0.957942247 -0.019510226 0.286091447
1756482667498658048.000000 0.193301558 0.026072755 0.918885946 -0.011237514 0.959577620 -0.019424632 0.280548304
1756482667565341184.000000 0.192107558 0.026082326 0.916696668 -0.010544372 0.962614417 -0.019529814 0.269964814
1756482667598682112.000000 0.192178249 0.027433926 0.916653752 -0.010508553 0.964178920 -0.019626608 0.264316827
1756482667665365504.000000 0.190868258 0.026931783 0.917158723 -0.010554300 0.967349648 -0.019287607 0.252490163
1756482667698707456.000000 0.188897550 0.027588770 0.918359280 -0.010263229 0.968792498 -0.019584136 0.246885046
1756482667765390848.000000 0.187854111 0.028115589 0.917754829 -0.010201608 0.971722066 -0.019191917 0.235125408
1756482667798732800.000000 0.187394559 0.027480692 0.918619454 -0.010172490 0.973096490 -0.018887371 0.229397103
1756482667832074240.000000 0.185902655 0.026720211 0.919082403 -0.010228709 0.974363565 -0.018629003 0.223973259
1756482667865415936.000000 0.184952676 0.028783854 0.909410179 0.010457835 -0.975246906 0.019439226 -0.220014527
1756482667932099584.000000 0.191119909 0.027080709 0.909336925 -0.010052619 0.977967560 -0.019826703 0.207570210
1756482667965441536.000000 0.192086220 0.027739683 0.911510468 -0.009660054 0.979222894 -0.020396093 0.201527268
1756482668032124672.000000 0.191798866 0.025358714 0.911321282 -0.009818019 0.981546164 -0.019584693 0.189966470
1756482668065465600.000000 0.192954957 0.025862526 0.910506248 -0.009318090 0.982636631 -0.019663062 0.184260339
1756482668098807296.000000 0.193909347 0.025188291 0.908587813 -0.009389697 0.983650744 -0.019049197 0.178830132
1756482668132149248.000000 0.193741024 0.025203072 0.908509552 -0.009290602 0.984633744 -0.019099301 0.173336014
1756482668198832640.000000 0.191845715 0.025515877 0.909628034 -0.008849850 0.986561298 -0.019446323 0.161988854
1756482668232174336.000000 0.190996945 0.024640106 0.910477817 -0.008961538 0.987483799 -0.019498261 0.156253949
1756482668265516032.000000 0.183662593 0.027811855 0.903687477 0.008825569 -0.988045990 0.020635821 -0.152517244
1756482668332199936.000000 0.182880104 0.028283034 0.905508578 0.008580919 -0.989715219 0.020397818 -0.141329929
1756482668398883328.000000 0.188330829 0.025397165 0.904020905 -0.009563975 0.991469085 -0.019360056 0.128541395
1756482668432225024.000000 0.188055813 0.024850458 0.903652847 -0.009303291 0.992188632 -0.019245949 0.122901782
1756482668465566464.000000 0.188077509 0.025472023 0.902601063 -0.009399008 0.992865443 -0.019282086 0.117295653
1756482668532248064.000000 0.186716139 0.025796946 0.901977479 -0.009521573 0.994106531 -0.019839043 0.106150515
1756482668565589504.000000 0.186318099 0.025458248 0.902932823 -0.009466773 0.994769871 -0.019772248 0.099761881
1756482668598930688.000000 0.185765028 0.025715230 0.902590513 -0.009342962 0.995325446 -0.020087119 0.094002329
1756482668665613056.000000 0.184426904 0.026238175 0.902684450 -0.009615707 0.996349514 -0.019712338 0.082502365
1756482668698954496.000000 0.183283985 0.025644064 0.903206766 -0.009595621 0.996812940 -0.019614084 0.076728359
1756482668765637120.000000 0.178374171 0.027257569 0.899439454 0.008581616 -0.997576237 0.020532731 -0.065926947
1756482668798978560.000000 0.178791195 0.025194151 0.895134449 -0.009267990 0.997927785 -0.019858474 0.060497824
1756482668865661184.000000 0.177692443 0.024115529 0.894734144 -0.009522215 0.998544574 -0.019757109 0.049272157
1756482668899002624.000000 0.178159654 0.024069797 0.895607829 -0.009664342 0.998821914 -0.019863980 0.043207906
1756482668932342784.000000 0.177717447 0.023346607 0.895636261 -0.009560047 0.999059975 -0.019802928 0.037357945
1756482668965684224.000000 0.173953593 0.025621928 0.893425524 -0.008746671 0.999221683 -0.020136878 0.032773040
1756482669032366848.000000 0.172472984 0.025683694 0.892297566 -0.008352439 0.999514699 -0.020518292 0.021903820
1756482669065708032.000000 0.171916798 0.025766060 0.891152382 0.007886195 -0.999616683 0.020676533 -0.016638830
1756482669099049216.000000 0.171853274 0.024659846 0.889623225 -0.008615267 0.999691129 -0.020399649 0.011279668
1756482669132390656.000000 0.172657013 0.025304746 0.895724058 0.008581091 -0.999741793 0.020279361 -0.005608957
1756482669199073280.000000 0.169886500 0.025200030 0.890425980 0.008310317 -0.999727070 0.021411333 0.004294604
1756482669232414464.000000 0.167063355 0.024655415 0.888845623 -0.008038058 0.999708712 -0.021376392 -0.007812010
1756482669265755904.000000 0.166002750 0.024831071 0.887078404 -0.008010388 0.999659121 -0.023041444 -0.009303669
1756482669332438528.000000 0.166462749 0.024221644 0.880892694 -0.008173125 0.999668479 -0.022545777 -0.009371251
1756482669399120128.000000 0.166882634 0.024787420 0.871908426 -0.009394566 0.999709725 -0.019604774 -0.010388911
1756482669465801984.000000 0.166238949 0.024680320 0.865722597 -0.008838656 0.999699831 -0.020300657 -0.010495841
1756482669532483328.000000 0.165900320 0.023702059 0.859479368 -0.008589761 0.999699593 -0.020698709 -0.009931603
1756482669565824000.000000 0.165922567 0.024268053 0.856008589 0.008989912 -0.999702036 0.020371981 0.010006473
1756482669632505344.000000 0.165344849 0.024233123 0.849196851 0.008628408 -0.999709666 0.020073710 0.010159412
1756482669699186688.000000 0.165104061 0.023678349 0.842980087 0.008703558 -0.999704421 0.020064078 0.010623923
1756482669732527360.000000 0.164851531 0.023362096 0.839690685 -0.008644353 0.999707937 -0.020038463 -0.010387185
1756482669799208448.000000 0.164740399 0.023054216 0.833588958 -0.008994489 0.999693811 -0.020719143 -0.010105190
1756482669865888512.000000 0.164835468 0.023101622 0.826466501 -0.009561459 0.999720097 -0.019254366 -0.009879109
1756482669932569856.000000 0.166209668 0.023459252 0.820069611 -0.009568933 0.999799430 -0.017596256 0.000058721
1756482669965910784.000000 0.167502001 0.023245800 0.817201555 -0.009453024 0.999770641 -0.017925560 0.006929395
1756482670032591872.000000 0.168235809 0.022487676 0.811933696 -0.008833830 0.999685764 -0.021080127 0.010298596
1756482670099272960.000000 0.168197244 0.023065696 0.806536913 0.009536374 -0.999683022 0.022414073 -0.006371202
1756482670132613376.000000 0.168032810 0.022288106 0.803287923 0.009218393 -0.999691248 0.022287248 -0.005983163
1756482670199294464.000000 0.167466730 0.021973221 0.795511782 0.009184782 -0.999743402 0.019836249 -0.005952128
1756482670265974784.000000 0.167621598 0.022374183 0.786289215 0.009283674 -0.999775767 0.017874271 -0.006540574
1756482670299315456.000000 0.167801589 0.022437770 0.783483028 0.008793429 -0.999758840 0.018848024 -0.007055738
1756482670365996544.000000 0.167273924 0.022373602 0.778816521 0.008415220 -0.999719977 0.020909041 -0.007214242
1756482670399336960.000000 0.166858569 0.022156494 0.776117265 0.008322499 -0.999715805 0.021245815 -0.006911062
1756482670466019328.000000 0.166812986 0.021894591 0.768159628 0.009199440 -0.999717653 0.020814348 -0.006844604
1756482670499361024.000000 0.166632548 0.021798959 0.765394688 0.009221209 -0.999722719 0.020547206 -0.006876260
1756482670566044416.000000 0.166534156 0.021799017 0.758491337 0.008706138 -0.999738574 0.019672081 -0.007749498
1756482670599385856.000000 0.166271836 0.021934021 0.754819572 0.008743554 -0.999741316 0.019371957 -0.008103271
1756482670666069248.000000 0.167217076 0.020732470 0.747073293 -0.009021913 0.999755323 -0.018482745 0.008142602
1756482670732751616.000000 0.167547345 0.021069909 0.740532160 -0.008922223 0.999746799 -0.018697398 0.008785769
1756482670766093312.000000 0.167245835 0.020809349 0.737747014 -0.008151771 0.999730706 -0.019757932 0.009038570
1756482670799435264.000000 0.167204157 0.020482425 0.735477388 -0.008207332 0.999703169 -0.021247817 0.008644992
1756482670866118400.000000 0.166852742 0.019876240 0.729834616 -0.008367610 0.999696374 -0.021927264 0.007509468
1756482670899460096.000000 0.166603744 0.019387877 0.725865602 -0.008479007 0.999721408 -0.020851485 0.007102973
1756482670966143488.000000 0.166536391 0.019998688 0.717680454 -0.008753990 0.999763012 -0.018803436 0.006613308
1756482670999484928.000000 0.166322723 0.021307902 0.715884805 0.008581460 -0.999756694 0.019318741 -0.006305302
1756482671066168576.000000 0.166040018 0.020257324 0.708044350 -0.008311989 0.999749243 -0.019834116 0.006249439
1756482671099510016.000000 0.165917933 0.020246956 0.705379546 -0.008336133 0.999728203 -0.020907763 0.006074562
1756482671166192640.000000 0.165756106 0.019680237 0.700491250 -0.008647829 0.999673247 -0.023262125 0.006130250
1756482671199534080.000000 0.165803328 0.019594669 0.697439253 -0.008638273 0.999682009 -0.022920230 0.006001627
1756482671232876032.000000 0.166114539 0.020237271 0.693530560 -0.008497343 0.999698579 -0.022227645 0.006040199
1756482671299559424.000000 0.166366339 0.020608373 0.683460653 -0.009203593 0.999827683 -0.015139212 0.005558816
1756482671332901120.000000 0.166062772 0.020869179 0.676917851 0.009476067 -0.999889493 0.010123760 -0.005360250
1756482671399584512.000000 0.167379022 0.022483777 0.667571664 -0.010207346 0.999930799 -0.003509746 0.004692342
1756482671432926208.000000 0.167445317 0.022074832 0.666905940 -0.009410358 0.999906659 -0.008554075 0.004995727
1756482671499607296.000000 0.167072684 0.019989274 0.669087946 0.007663862 -0.999653459 0.024398966 -0.006238635
1756482671532947968.000000 0.165865824 0.018993001 0.666932046 -0.007702911 0.999576151 -0.027256578 0.006726796
1756482671599628288.000000 0.165775120 0.018394189 0.662557185 -0.007203768 0.999539256 -0.028280996 0.008339034
1756482671632968704.000000 0.166168720 0.018752266 0.657625735 -0.007750961 0.999634445 -0.024335055 0.008873707
1756482671666309376.000000 0.166677400 0.019162547 0.652005494 -0.008326665 0.999713838 -0.020845553 0.008274743
1756482671699649792.000000 0.167250305 0.020135673 0.646488786 -0.008836142 0.999772131 -0.018162122 0.006910597
1756482671766330880.000000 0.166919932 0.020323083 0.638791561 -0.008997491 0.999785423 -0.017557744 0.006313469
1756482671799671552.000000 0.166294262 0.020716304 0.635817766 -0.008685281 0.999755263 -0.018894160 0.007556888
1756482671866352896.000000 0.167454973 0.018877216 0.632508755 0.008552518 -0.999706328 0.021091375 -0.008326870
1756482671899693312.000000 0.167202398 0.019590661 0.629030287 -0.008413429 0.999678195 -0.022473726 0.008229919
1756482671966374400.000000 0.167872623 0.019754093 0.621990383 -0.008691661 0.999720037 -0.020806909 0.007176137
1756482671999715072.000000 0.167588949 0.020015409 0.618398368 -0.008603537 0.999739587 -0.019843910 0.007279910
1756482672066395136.000000 0.167772368 0.020243078 0.611659884 -0.009162908 0.999735713 -0.019909123 0.006950557
1756482672099735552.000000 0.167241171 0.020461392 0.608364582 -0.008911128 0.999721527 -0.020675350 0.007076758
1756482672166416640.000000 0.167686254 0.020212810 0.602455258 -0.009306439 0.999711752 -0.020888753 0.007319170
1756482672199757312.000000 0.167693749 0.020167345 0.599164486 -0.009162748 0.999705851 -0.021280350 0.007171939
1756482672266438144.000000 0.167935953 0.019360729 0.593611062 0.009525981 -0.999708474 0.021223543 -0.006475260
1756482672299778816.000000 0.166951060 0.019140644 0.588564873 -0.009581556 0.999713182 -0.020771429 0.007093747
1756482672366459648.000000 0.167027697 0.018757328 0.581649363 -0.010115537 0.999734342 -0.019536227 0.006885782
1756482672399800320.000000 0.167401627 0.018939203 0.578570306 -0.009987581 0.999733686 -0.019716786 0.006647003
1756482672466481152.000000 0.167908639 0.018239280 0.573297977 -0.009458230 0.999717593 -0.020727374 0.006759613
1756482672499820544.000000 0.167824417 0.017762981 0.570488989 -0.009802848 0.999700785 -0.021377444 0.006728429
1756482672566501376.000000 0.167669162 0.017553005 0.563520193 -0.009679943 0.999704719 -0.021240508 0.006762091
1756482672599841792.000000 0.167333320 0.017722193 0.559452057 -0.009630773 0.999723434 -0.020396460 0.006668607
1756482672666522624.000000 0.168405905 0.017417615 0.553666532 0.009609503 -0.999750972 0.019251335 -0.005926210
1756482672699862784.000000 0.168393970 0.016734861 0.550209880 0.009593162 -0.999761045 0.018775059 -0.005780188
1756482672766543616.000000 0.166938245 0.019640775 0.541142941 -0.009423180 0.999743044 -0.019698238 0.006085670
1756482672799884032.000000 0.167458713 0.019686341 0.537865400 -0.009715689 0.999731243 -0.020217394 0.005865984
1756482672866564864.000000 0.168007985 0.019058431 0.532919228 -0.009706739 0.999693632 -0.021939740 0.006093340
1756482672899905024.000000 0.168093398 0.019342486 0.529977739 -0.009943462 0.999671042 -0.022837203 0.006112366
1756482672966584576.000000 0.168076083 0.019152325 0.523531079 -0.009746852 0.999690235 -0.022007840 0.006338827
1756482672999925248.000000 0.168158889 0.019503042 0.519533992 -0.009750208 0.999710739 -0.021061184 0.006316199
1756482673066605824.000000 0.167476505 0.018337058 0.512704253 0.010184108 -0.999748588 0.018854765 -0.006604415
1756482673133286400.000000 0.166959971 0.017568443 0.506983459 0.010033716 -0.999716818 0.020182157 -0.007638470
1756482673166626816.000000 0.166743711 0.017468385 0.504079103 0.009688291 -0.999704182 0.020837534 -0.007974665
1756482673233307136.000000 0.166344240 0.016652839 0.497457266 0.009440605 -0.999725521 0.020265054 -0.007009021
1756482673266647552.000000 0.165479854 0.017799627 0.492703319 -0.009763561 0.999739826 -0.019297956 0.007250358
1756482673333328128.000000 0.165426359 0.018168129 0.485206276 -0.010038429 0.999740243 -0.019030778 0.007529188
1756482673366668544.000000 0.164971650 0.018313445 0.482231110 -0.010033983 0.999705374 -0.020629125 0.007940119
1756482673433347840.000000 0.165339157 0.017278012 0.477585703 -0.009923913 0.999674380 -0.021994719 0.008305593
1756482673500029440.000000 0.165935695 0.016883222 0.471315563 -0.010062575 0.999684870 -0.021550620 0.008038763
1756482673533369856.000000 0.165690944 0.016721105 0.467299044 -0.010462676 0.999695182 -0.020792970 0.008233270
1756482673566710784.000000 0.165652975 0.016576994 0.463504434 0.010686025 -0.999708056 0.020096935 -0.008112236
1756482673633392128.000000 0.165059015 0.016515974 0.456847429 0.010522854 -0.999717534 0.019338651 -0.008952046
1756482673700073472.000000 0.163292289 0.016416902 0.450306475 -0.009664344 0.999693513 -0.020640466 0.009671536
1756482673733414144.000000 0.162830532 0.015663868 0.447202504 -0.009188623 0.999692440 -0.020799784 0.009905203
1756482673800095488.000000 0.163030043 0.015313422 0.440730602 -0.009033534 0.999707937 -0.020128774 0.009865698
1756482673833435136.000000 0.163140923 0.015686722 0.437551081 -0.008977853 0.999709249 -0.020099360 0.009842236
1756482673866775808.000000 0.163229287 0.015809253 0.434366912 -0.009302384 0.999708116 -0.020036107 0.009787627
1756482673933457152.000000 0.163597777 0.014831055 0.429206073 -0.009601803 0.999681056 -0.021569822 0.008967083
1756482673966797568.000000 0.163910389 0.014401390 0.426541001 -0.009927265 0.999669135 -0.022095768 0.008654667
1756482674033478912.000000 0.163764402 0.014451927 0.420144826 0.009868169 -0.999662459 0.022037739 -0.009590863
1756482674066819584.000000 0.162759408 0.015035537 0.414987504 -0.009699280 0.999660134 -0.021755664 0.010600430
1756482674133500928.000000 0.162647784 0.014559906 0.407704711 -0.009540033 0.999687791 -0.020351486 0.010915332
1756482674166841600.000000 0.162893519 0.014556473 0.404127061 -0.009755286 0.999691725 -0.020260384 0.010530747
1756482674233522944.000000 0.162881956 0.014593363 0.397605240 -0.009785441 0.999690235 -0.020162314 0.010826671
1756482674266862592.000000 0.162643269 0.014711672 0.394305885 -0.009678542 0.999689877 -0.019939171 0.011353874
1756482674300203008.000000 0.162881568 0.014736506 0.390909284 -0.009475743 0.999695659 -0.019721055 0.011402910
1756482674366884352.000000 0.162569925 0.014502045 0.385532081 0.009559141 -0.999683678 0.020396350 -0.011187539
1756482674433565696.000000 0.161509052 0.013504178 0.379261464 0.009349011 -0.999662817 0.021181380 -0.011757336
1756482674466906880.000000 0.161750615 0.013375282 0.375289977 -0.009121089 0.999677658 -0.020543333 0.011808579
1756482674500248064.000000 0.161964923 0.013159068 0.371927440 -0.009100484 0.999693394 -0.019720070 0.011898831
1756482674566930432.000000 0.161509216 0.012714388 0.365803391 -0.009022982 0.999679089 -0.020157928 0.012409392
1756482674633612800.000000 0.161214501 0.012393614 0.359001458 -0.008904302 0.999694943 -0.019520735 0.012236046
1756482674666953984.000000 0.160816446 0.011996796 0.355594397 -0.008878361 0.999700367 -0.019265901 0.012213456
1756482674700295168.000000 0.160875738 0.012298890 0.352413088 -0.008809377 0.999700308 -0.019335037 0.012162116
1756482674766976512.000000 0.161701113 0.013335450 0.346342564 0.008583518 -0.999663293 0.021366777 -0.011959439
1756482674800317696.000000 0.160304844 0.012283916 0.343457788 -0.008411814 0.999668419 -0.020877706 0.012510149
1756482674867000320.000000 0.160562128 0.012165665 0.337386698 -0.008446142 0.999682307 -0.020640951 0.011741026
1756482674900341504.000000 0.160546049 0.012727540 0.333292037 -0.008520084 0.999700308 -0.019976502 0.011296742
1756482674967023872.000000 0.160196915 0.012541105 0.325801939 -0.008427219 0.999736071 -0.018405817 0.010862694
1756482675000365056.000000 0.160123661 0.012270810 0.322562426 -0.008913431 0.999731362 -0.018530475 0.010693689
1756482675067047424.000000 0.160233945 0.011565518 0.317173451 -0.009488561 0.999697089 -0.019974841 0.010800828
1756482675100388864.000000 0.160609514 0.012123589 0.313368410 -0.009433597 0.999672413 -0.020976443 0.011227912
1756482675167070208.000000 0.160729483 0.011137692 0.307000190 -0.008665287 0.999677122 -0.020016119 0.013038510
1756482675200411136.000000 0.161076725 0.011680998 0.303261340 -0.008822503 0.999691606 -0.019308068 0.012889075
1756482675233752576.000000 0.161089942 0.011900151 0.299624860 -0.008933394 0.999708831 -0.018695179 0.012369941
1756482675300434944.000000 0.160976321 0.011903288 0.292144239 -0.009220704 0.999725282 -0.017985908 0.011868997
1756482675367117056.000000 0.160917833 0.011838833 0.286759138 0.008752513 -0.999710381 0.019162545 -0.011640808
1756482675400458240.000000 0.160198763 0.012353005 0.282858074 -0.009375808 0.999671757 -0.020510573 0.012154441
1756482675467140608.000000 0.159828946 0.011634300 0.277760535 -0.009305084 0.999620259 -0.022602141 0.012726834
1756482675500481536.000000 0.159501344 0.011359638 0.274744272 -0.008876079 0.999617279 -0.022495581 0.013433848
1756482675533822720.000000 0.159460232 0.011249021 0.271118879 -0.008682196 0.999625802 -0.021837458 0.014003404
1756482675567163648.000000 0.159826070 0.011453003 0.267568827 -0.008587305 0.999645293 -0.021071311 0.013841290
1756482675633844736.000000 0.159329727 0.011810559 0.260001093 -0.008752461 0.999673665 -0.019494582 0.014000064
1756482675667185920.000000 0.159588516 0.011454818 0.256894708 0.008531982 -0.999705553 0.018151497 -0.013660970
1756482675733867776.000000 0.159536138 0.011737571 0.249992862 -0.008572242 0.999689460 -0.019024996 0.013626789
1756482675767208960.000000 0.159563974 0.010843725 0.247421637 -0.008435220 0.999675155 -0.019738551 0.013744681
1756482675800549888.000000 0.159595326 0.010366401 0.244830459 -0.008240623 0.999666214 -0.020367602 0.013592342
1756482675867232000.000000 0.159070805 0.010028598 0.238688901 -0.008176102 0.999669313 -0.020344118 0.013440158
1756482675900573184.000000 0.159094080 0.010202087 0.234884769 -0.008172642 0.999675393 -0.019851036 0.013726405
1756482675967255296.000000 0.159076139 0.010117985 0.227507606 -0.008592391 0.999700785 -0.018621322 0.013328797
1756482676000596480.000000 0.158888042 0.011943498 0.224103704 -0.008692524 0.999678671 -0.019866439 0.013126526
1756482676067277312.000000 0.158739507 0.011344682 0.217985630 -0.009099008 0.999676585 -0.019838903 0.013053508
1756482676100618240.000000 0.159062386 0.011176947 0.214920789 -0.009548724 0.999674082 -0.019925462 0.012790020
1756482676167300352.000000 0.158651829 0.011250907 0.208883837 -0.009360285 0.999638021 -0.021369856 0.013400740
1756482676200641536.000000 0.158701211 0.011379571 0.205776289 -0.009016557 0.999627709 -0.021810476 0.013693762
1756482676233982464.000000 0.158308312 0.011424952 0.202376083 -0.008665588 0.999632061 -0.021277538 0.014425218
1756482676300664832.000000 0.158097684 0.011138003 0.194847390 0.008318292 -0.999669015 0.019225318 -0.014938380
1756482676334005504.000000 0.158625424 0.011098999 0.190917686 -0.008199839 0.999684572 -0.018950520 0.014297577
1756482676400687616.000000 0.158428922 0.010758087 0.185018241 -0.008253306 0.999682724 -0.019676778 0.013387008
1756482676434028800.000000 0.158596843 0.010701297 0.182151422 -0.008424263 0.999668479 -0.020284528 0.013434623
1756482676500709888.000000 0.158581421 0.010489936 0.176120713 -0.008630732 0.999656379 -0.020701932 0.013569402
1756482676534050560.000000 0.158515081 0.010374348 0.173273772 -0.009011324 0.999645531 -0.020611882 0.014239262
1756482676600732416.000000 0.158259481 0.010283524 0.167316765 -0.008572564 0.999603450 -0.021867801 0.015530979
1756482676667414016.000000 0.156539112 0.010260320 0.161148310 -0.008002123 0.999525368 -0.023964981 0.017631171
1756482676700755200.000000 0.156563997 0.010215595 0.158357158 -0.007917209 0.999499142 -0.024780782 0.018021472
1756482676767436800.000000 0.156463906 0.009578407 0.151978239 -0.007451672 0.999516010 -0.023995828 0.018341364
1756482676800777728.000000 0.156665981 0.009906194 0.147457033 -0.007913139 0.999564528 -0.022390414 0.017518682
1756482676867459584.000000 0.156386897 0.010231267 0.139251500 -0.008481013 0.999614954 -0.020211631 0.017018676
1756482676900800256.000000 0.156390235 0.009884959 0.135749295 -0.008453372 0.999622941 -0.019742940 0.017112764
1756482676934140160.000000 0.156105042 0.009795339 0.132792771 0.008289807 -0.999605834 0.020245891 -0.017596645
1756482677000822016.000000 0.156772152 0.009018358 0.127728015 0.008189905 -0.999568284 0.021999620 -0.017669067
1756482677034162688.000000 0.156776339 0.008889047 0.125410199 0.008406532 -0.999540150 0.023292042 -0.017505368
1756482677067503616.000000 0.156744555 0.008316471 0.122315153 0.008398805 -0.999540865 0.023156837 -0.017644763
1756482677134185472.000000 0.154937983 0.006344510 0.113338940 -0.007329814 0.999598145 -0.019975197 0.018731739
1756482677167526400.000000 0.154710710 0.006624528 0.109328359 -0.006996824 0.999617338 -0.019029954 0.018818824
1756482677200867072.000000 0.154396281 0.006749471 0.105952643 -0.007012030 0.999612927 -0.019326452 0.018746726
1756482677267548672.000000 0.154509246 0.006372668 0.099570833 -0.006649028 0.999609590 -0.019977845 0.018369788
1756482677300889856.000000 0.154212162 0.006132885 0.096519947 -0.006385258 0.999621391 -0.019310253 0.018532781
1756482677334230784.000000 0.153879493 0.005664472 0.093414426 -0.006414058 0.999631763 -0.018794741 0.018492283
1756482677367571712.000000 0.154181704 0.005933505 0.090271294 0.006739580 -0.999629498 0.019603310 -0.017644368
1756482677434252288.000000 0.154435456 0.005260765 0.084049471 0.007098309 -0.999638498 0.019991213 -0.016517993
1756482677467592960.000000 0.153362036 0.004759856 0.079183117 -0.006965796 0.999644578 -0.019463984 0.016834334
1756482677534274816.000000 0.153459668 0.004945049 0.071113214 -0.007028498 0.999682248 -0.018014368 0.016172456
1756482677567615744.000000 0.153493866 0.004531947 0.067356646 -0.007049485 0.999696314 -0.017288392 0.016083712
1756482677634297344.000000 0.153378785 0.004145072 0.061207719 -0.007299291 0.999681115 -0.017961642 0.016178917
1756482677667638528.000000 0.153155670 0.003953756 0.058403175 -0.007505374 0.999678373 -0.017783964 0.016452476
1756482677700979200.000000 0.153258801 0.003723411 0.055582765 -0.007579197 0.999671698 -0.018037932 0.016542379
1756482677767660800.000000 0.153003678 0.003865199 0.048545200 0.007603182 -0.999662995 0.018777363 -0.016237292
1756482677801001728.000000 0.153401077 0.003993537 0.044926208 -0.007412739 0.999675512 -0.018876033 0.015417606
1756482677834341888.000000 0.153191090 0.003822071 0.041962299 -0.007563555 0.999678850 -0.018696098 0.015344606
1756482677901023488.000000 0.153326258 0.003752405 0.035362832 -0.008068908 0.999674320 -0.017855534 0.016352762
1756482677934364416.000000 0.152934179 0.003108512 0.032070145 -0.007614920 0.999665856 -0.017770182 0.017160634
1756482677967705088.000000 0.152641818 0.002937542 0.028767049 -0.007173237 0.999660730 -0.017823245 0.017590143
1756482678001046016.000000 0.152568996 0.002504886 0.025212018 -0.006815477 0.999671936 -0.017179595 0.017735805
1756482678067727616.000000 0.153103143 0.003017199 0.017472781 0.007366583 -0.999698639 0.016900234 -0.016209107
1756482678101068288.000000 0.154639333 0.003599031 0.014035081 0.007534396 -0.999717951 0.017356329 -0.014359334
1756482678134409472.000000 0.154062152 0.003394909 0.010999350 0.007596248 -0.999717832 0.017668454 -0.013948755
1756482678201091072.000000 0.153945640 0.002710440 0.005451187 0.006873934 -0.999694765 0.018765569 -0.014523577
1756482678234432000.000000 0.153801873 0.002418110 0.002580842 0.006505223 -0.999682784 0.019290788 -0.014831270
1756482678267771648.000000 0.153996289 0.002226829 -0.000555305 0.006388359 -0.999694109 0.019194985 -0.014227098
1756482678334453248.000000 0.154109418 0.002047945 -0.007587140 0.006711519 -0.999733388 0.017838847 -0.013034396
1756482678367794176.000000 0.153854132 0.002689841 -0.011531921 -0.007131567 0.999723196 -0.018333472 0.012909341
1756482678401134848.000000 0.153425083 0.002403496 -0.014986306 -0.006508315 0.999733269 -0.017825941 0.013164120
1756482678467817728.000000 0.152870134 0.001627209 -0.022170013 -0.006739914 0.999752104 -0.016271004 0.013627801
1756482678501160192.000000 0.152782366 0.001636812 -0.025188584 -0.006700474 0.999748111 -0.016495960 0.013665820
1756482678534502144.000000 0.154139340 0.002193770 -0.027927257 0.006595432 -0.999745488 0.017733350 -0.012289503
1756482678567844352.000000 0.153967634 0.001702527 -0.030600961 0.006588305 -0.999733627 0.018382195 -0.012307755
1756482678634528768.000000 0.154091820 0.001319528 -0.035924111 0.006324982 -0.999724030 0.018766781 -0.012639870
1756482678667870976.000000 0.153959841 0.001357969 -0.038996175 0.006260449 -0.999719679 0.018794933 -0.012968364
1756482678701213440.000000 0.153506860 0.001137467 -0.042378604 0.006187879 -0.999714375 0.018944737 -0.013190454
1756482678734554880.000000 0.153199628 0.001129857 -0.045674637 0.006377356 -0.999717891 0.018787373 -0.013061148
1756482678801239040.000000 0.154012457 0.001925755 -0.052640960 -0.006891327 0.999715388 -0.018986959 0.012698457
1756482678834581248.000000 0.154460460 0.001066707 -0.056002401 -0.006257412 0.999710977 -0.019204907 0.013040517
1756482678867923456.000000 0.153336570 0.000841104 -0.059403747 -0.006173330 0.999682426 -0.019280566 0.015007562
1756482678901265920.000000 0.153099418 0.000756952 -0.062400259 -0.006004987 0.999606788 -0.018893441 0.019831534
1756482678967950336.000000 0.154907733 0.000929595 -0.067856796 -0.006607990 0.999263644 -0.017686415 0.033402350
1756482679001292800.000000 0.156876206 0.001013435 -0.070420370 -0.006790726 0.999112964 -0.016228365 0.038260940
1756482679034635008.000000 0.157820299 0.000504510 -0.072020188 -0.006916990 0.998935819 -0.014004245 0.043397274
1756482679067977216.000000 0.158405006 0.000681304 -0.072287075 -0.007268456 0.998727798 -0.013922681 0.047918562
1756482679101319424.000000 0.160085112 0.001536287 -0.070686944 0.006515426 -0.998603404 0.015885454 -0.049964033
1756482679134661888.000000 0.160276607 0.000882083 -0.068914391 0.006469950 -0.998423457 0.017686525 -0.052876789
1756482679201345792.000000 0.160305396 -0.000831455 -0.065572046 0.006820152 -0.997690260 0.019640988 -0.064667568
1756482679234688000.000000 0.161579981 -0.001300323 -0.064855613 0.006498743 -0.997277558 0.019382708 -0.070848852
1756482679268030208.000000 0.162899807 -0.000842905 -0.065219589 0.007352069 -0.996884465 0.018079465 -0.076422900
1756482679301372672.000000 0.163797811 -0.000605489 -0.065323725 0.007036264 -0.996456087 0.018159831 -0.081829004
1756482679368057600.000000 0.165596500 -0.000373373 -0.064724982 0.007541773 -0.995521069 0.018202929 -0.092463896
1756482679401399808.000000 0.167334661 -0.000076808 -0.063263573 -0.006631352 0.995040417 -0.019073300 0.097400770
1756482679434742272.000000 0.168886304 0.000198463 -0.062940046 -0.006758302 0.994543195 -0.019521324 0.102260061
1756482679468084480.000000 0.169728175 -0.000016533 -0.062404320 -0.006546848 0.993981779 -0.019451892 0.107605696
1756482679501426688.000000 0.171043411 -0.000135065 -0.061652616 -0.006421192 0.993425965 -0.019418085 0.112634733
1756482679534769152.000000 0.172619537 -0.000362220 -0.061047912 -0.006395999 0.992899597 -0.019070897 0.117242500
1756482679601452544.000000 0.175455958 -0.001002082 -0.059855133 -0.005900732 0.991741419 -0.018658385 0.126752242
1756482679634795008.000000 0.172714829 0.000145881 -0.058009923 -0.006668685 0.990649402 -0.019550601 0.134859771
1756482679668137216.000000 0.174160346 -0.000207815 -0.057217181 -0.006755429 0.989912987 -0.018918272 0.140245423
1756482679701479680.000000 0.175226584 -0.000737554 -0.056410849 -0.006662412 0.989170849 -0.018414805 0.145456567
1756482679768164352.000000 0.177223951 -0.000665955 -0.055016115 -0.006702740 0.987612545 -0.018189458 0.155710265
1756482679801506560.000000 0.177840590 -0.000880645 -0.053953528 -0.006519285 0.986746311 -0.018196031 0.161115497
1756482679868191488.000000 0.178601295 0.000122546 -0.053131759 0.006884414 -0.984674990 0.019046016 -0.173219740
1756482679901533696.000000 0.179458708 -0.000000837 -0.051820278 0.006607111 -0.983696818 0.018726099 -0.178735435
1756482679934876160.000000 0.180328876 0.000047998 -0.051074982 0.006825531 -0.982714057 0.018478155 -0.184079304
1756482680001560832.000000 0.181514993 -0.000264478 -0.049768254 0.006822737 -0.980695307 0.018042263 -0.194588736
1756482680034903296.000000 0.182189047 0.000275611 -0.049024999 -0.007006767 0.979567468 -0.018237162 0.200164825
1756482680068244992.000000 0.183027789 0.000234404 -0.048634663 -0.007009848 0.978458762 -0.017982716 0.205538198
1756482680101586944.000000 0.183436751 -0.000012537 -0.047797337 -0.007037120 0.977331758 -0.017510694 0.210870758
1756482680134929664.000000 0.183567241 -0.000348125 -0.046881720 -0.006839360 0.976066172 -0.017442042 0.216665611
1756482680201614592.000000 0.184908628 -0.000358638 -0.045198679 -0.006998391 0.973480523 -0.017256809 0.228011131
1756482680234957056.000000 0.185620904 -0.000437923 -0.043908074 -0.006865927 0.972186804 -0.017126244 0.233479232
1756482680268299264.000000 0.186528325 -0.000126199 -0.042935416 -0.006864815 0.970854700 -0.017913360 0.238899976
1756482680334984192.000000 0.188051701 -0.000818919 -0.041303217 -0.005827121 0.967553377 -0.021557234 0.251678228
1756482680368326912.000000 0.189638466 -0.001245756 -0.041543886 -0.005204743 0.965650797 -0.024262981 0.258655846
1756482680401669376.000000 0.191524535 -0.001839034 -0.042675450 -0.005842071 0.963944077 -0.023461796 0.265004337
1756482680435011584.000000 0.195093155 -0.000917704 -0.045682833 -0.007078470 0.962583542 -0.020472044 0.270118147
1756482680501695744.000000 0.201260418 -0.000002589 -0.051734015 -0.009442860 0.959663272 -0.015660485 0.280556709
1756482680535037952.000000 0.204146519 0.000380579 -0.053837702 -0.009922276 0.957902312 -0.015707167 0.286492586
1756482680568380672.000000 0.206713691 -0.000326830 -0.054221377 0.009553689 -0.956098378 0.015784318 -0.292464465
1756482680635065344.000000 0.209302932 -0.000909612 -0.057705879 -0.007518174 0.952594042 -0.018720584 0.303574950
1756482680668407808.000000 0.211278677 -0.000897228 -0.058432639 -0.006984201 0.951133430 -0.019664699 0.308074385
1756482680701750272.000000 0.214798987 -0.001502651 -0.058315903 0.007358387 -0.949679911 0.019790646 -0.312509507
1756482680735092992.000000 0.215966403 -0.000755248 -0.061707735 -0.007314018 0.947868049 -0.019687178 0.317970335
1756482680801777920.000000 0.223055214 -0.000691831 -0.063807666 0.008418294 -0.944526911 0.018922573 -0.327780515
1756482680835120384.000000 0.223486900 -0.000781793 -0.067487568 0.008359566 -0.942150414 0.017829997 -0.334611505
1756482680901805312.000000 0.227794439 -0.001152548 -0.070355535 -0.007972009 0.938584387 -0.018083980 0.344483554
1756482680935147008.000000 0.230410755 -0.001052457 -0.072070628 -0.008194108 0.936661601 -0.018763037 0.349636823
1756482680968489472.000000 0.233267322 -0.001244745 -0.073415190 -0.008157092 0.934728622 -0.018903049 0.354765624
1756482681001831936.000000 0.236169964 -0.001073731 -0.075185955 -0.008737892 0.932721674 -0.018523749 0.360015154
1756482681068517120.000000 0.241551697 -0.000728542 -0.078868181 -0.008421252 0.928941369 -0.017179310 0.369732320
1756482681101859584.000000 0.246449441 0.000967264 -0.079843640 0.009422989 -0.927585483 0.017430129 -0.373085409
1756482681168545024.000000 0.247420058 -0.001219679 -0.082134128 -0.009071759 0.922929108 -0.016558366 0.384506881
1756482681201887488.000000 0.249418601 -0.001537969 -0.083530575 -0.009082880 0.920464337 -0.016617853 0.390367508
1756482681235229952.000000 0.253583133 -0.000006343 -0.085532576 0.009453828 -0.918096900 0.017508917 -0.395856231
1756482681301915136.000000 0.257932633 -0.000573098 -0.087972492 0.008805954 -0.913516104 0.017664908 -0.406323463
1756482681335257856.000000 0.260244697 -0.001921682 -0.088607043 0.008295016 -0.911254823 0.016782060 -0.411417395
1756482681368600576.000000 0.264798939 0.000214995 -0.088657081 0.010023304 -0.909532964 0.018367438 -0.415104926
1756482681435284736.000000 0.265285283 -0.003281739 -0.090653688 0.008236765 -0.904421985 0.015773442 -0.426267833
1756482681501965824.000000 0.269808531 -0.004598714 -0.093045205 0.008083098 -0.899247587 0.014703434 -0.437118173
1756482681535306240.000000 0.271890104 -0.005345331 -0.094490081 0.008546353 -0.896574140 0.014542114 -0.442572504
1756482681568646656.000000 0.274005830 -0.005450936 -0.095599741 0.009009195 -0.893875837 0.013419233 -0.448023260
1756482681635327232.000000 0.277541995 -0.006396343 -0.097409636 0.010711916 -0.889188349 0.009261937 -0.457322329
1756482681668667904.000000 0.277384549 -0.007007107 -0.097787648 -0.010935910 0.886866868 -0.008340028 0.461820424
1756482681702008320.000000 0.279323936 -0.001774375 -0.093545824 0.011155175 -0.886625290 0.012029272 -0.462197572
1756482681768689152.000000 0.276539147 -0.001866472 -0.091493368 0.008550108 -0.883116424 0.016180510 -0.468796968
1756482681802029568.000000 0.275806278 -0.001599949 -0.091099679 0.007533099 -0.880463779 0.017170910 -0.473742604
1756482681868709376.000000 0.276863217 -0.001354039 -0.090244979 0.008620327 -0.874857724 0.016492400 -0.484022349
1756482681902049536.000000 0.277841806 -0.001517979 -0.089777708 0.009339965 -0.872299373 0.015486719 -0.488637716
1756482681935389952.000000 0.278054088 -0.000831742 -0.089916646 0.008978968 -0.869405568 0.015644899 -0.493769795
1756482682002070784.000000 0.277708173 -0.000495685 -0.084602296 0.008843789 -0.864532232 0.016509641 -0.502228320
1756482682035411200.000000 0.277579218 0.000261371 -0.083999246 0.009023474 -0.861464858 0.017000217 -0.507452309
1756482682068751616.000000 0.278053522 -0.001213424 -0.083123326 -0.008907636 0.859015226 -0.015907144 0.511625469
1756482682135432192.000000 0.277680874 -0.000465435 -0.080897480 -0.009284192 0.853168368 -0.016064120 0.521305621
1756482682168772352.000000 0.277535677 -0.000001871 -0.079978645 -0.009383463 0.850284457 -0.015852060 0.526001036
1756482682202112768.000000 0.277948201 -0.000184412 -0.078733057 -0.009539218 0.847613990 -0.015654385 0.530296683
1756482682268792064.000000 0.278024554 -0.000164233 -0.076695025 -0.009470739 0.841918230 -0.016012935 0.539284468
1756482682302132480.000000 0.277918994 -0.000226738 -0.075538129 -0.009531012 0.839172423 -0.015848871 0.543551087
1756482682335472896.000000 0.278473914 -0.000288702 -0.075332075 0.009268248 -0.836104274 0.016225904 -0.548252285
1756482682402153472.000000 0.278060019 -0.000421141 -0.072927594 0.009682400 -0.830373049 0.016072892 -0.556891978
1756482682435493888.000000 0.277711213 -0.000910576 -0.075619876 -0.009725342 0.827214599 -0.015564543 0.561586440
1756482682468835072.000000 0.277848095 -0.000353628 -0.074180305 -0.009856506 0.824359834 -0.015624510 0.565764666
1756482682535518464.000000 0.278735757 0.000460209 -0.071923256 -0.010337781 0.818116784 -0.015412954 0.574752688
1756482682568859904.000000 0.278564394 0.001021249 -0.070941627 -0.010425439 0.814839065 -0.015483938 0.579386592
1756482682602201344.000000 0.278601259 0.000893768 -0.070122302 -0.010201039 0.811312437 -0.015215770 0.584325850
1756482682668884480.000000 0.278132796 0.001156751 -0.068261623 -0.010496847 0.804691195 -0.015265697 0.593404531
1756482682702226176.000000 0.276139826 0.000568490 -0.066523612 0.010513159 -0.801073909 0.014145904 -0.598305881
1756482682735566592.000000 0.276777416 -0.000052582 -0.069497049 0.010826963 -0.797692478 0.013448487 -0.602817297
1756482682802249984.000000 0.277428627 0.000365140 -0.067686111 0.011409915 -0.791000605 0.012960725 -0.611571789
1756482682835591680.000000 0.277762860 0.000172920 -0.067503512 0.011587406 -0.787792802 0.012729813 -0.615699828
1756482682868933120.000000 0.277631700 0.000552166 -0.066921979 0.010923964 -0.784552157 0.013000644 -0.619830310
1756482682935616256.000000 0.276073456 0.002413139 -0.060860753 0.010535865 -0.778336823 0.014270088 -0.627596438
1756482682968957696.000000 0.275314778 0.000120554 -0.058927685 0.009686540 -0.774984300 0.012914839 -0.631774247
1756482683002299392.000000 0.274782687 -0.000193856 -0.064429760 0.009476990 -0.770894706 0.013048524 -0.636758506
1756482683068982528.000000 0.273964852 -0.000048660 -0.062767833 0.008950845 -0.763351619 0.013532333 -0.645779431
1756482683102324224.000000 0.273400903 0.000218928 -0.061958611 0.008674609 -0.759577632 0.013607011 -0.650216520
1756482683169006336.000000 0.273468822 0.000464881 -0.060056806 0.009031015 -0.752286911 0.013074803 -0.658643961
1756482683202348032.000000 0.273470312 0.001011869 -0.059010565 0.009176140 -0.748554885 0.012977065 -0.662882388
1756482683269031168.000000 0.273171037 -0.000107957 -0.062177658 0.009280695 -0.739985585 0.011972796 -0.672452092
1756482683302372608.000000 0.273165554 -0.000256273 -0.062021047 0.008823216 -0.736059725 0.011533226 -0.676760852
1756482683369056000.000000 0.271788538 -0.000010734 -0.060456976 0.008461459 -0.728635013 0.011962308 -0.684745550
1756482683402397696.000000 0.270657063 -0.000560778 -0.058815867 0.008165427 -0.724638283 0.011788760 -0.688980281
1756482683435739392.000000 0.270233631 -0.000559617 -0.057600155 0.007868066 -0.720771134 0.011875127 -0.693026781
1756482683469081600.000000 0.269845247 -0.000704960 -0.056832895 0.007889598 -0.716586828 0.011538824 -0.697357893
1756482683535765760.000000 0.272465914 0.000948634 -0.058471054 -0.008758005 0.708503723 -0.011616566 0.705557108
1756482683569108224.000000 0.271822512 0.000743303 -0.057661235 0.008633437 -0.704335570 0.011351628 -0.709724009
1756482683635791616.000000 0.271997154 0.001756913 -0.056916833 0.008394849 -0.696633577 0.011217644 -0.717290401
1756482683669133824.000000 0.271616906 0.002856064 -0.056476817 0.008273119 -0.692718625 0.011390708 -0.721070588
1756482683702476032.000000 0.270160317 0.001586251 -0.055677399 0.008486045 -0.688795686 0.011419110 -0.724815905
1756482683735818496.000000 0.270428956 0.002488432 -0.055068180 0.008120756 -0.684781671 0.011685154 -0.728609383
1756482683802502912.000000 0.270635575 0.003481817 -0.053145766 0.008156589 -0.676969290 0.011486592 -0.735876441
1756482683835845120.000000 0.269333959 0.001505581 -0.054542705 -0.008477150 0.672589242 -0.011123839 0.739883900
1756482683869187584.000000 0.269083709 0.002409846 -0.054152921 -0.008113783 0.668644726 -0.011638688 0.743446648
1756482683935872000.000000 0.268154770 0.003200086 -0.053697959 -0.007473116 0.660141408 -0.012024214 0.751007974
1756482683969214464.000000 0.267714590 0.003399090 -0.052985609 -0.007322361 0.655784905 -0.012085587 0.754815578
1756482684002556672.000000 0.267390788 0.003410640 -0.051815823 -0.007592755 0.651368082 -0.011847374 0.758631468
1756482684069240576.000000 0.266713381 0.004086142 -0.050521910 -0.008411269 0.642904639 -0.011552406 0.765812933
1756482684102582784.000000 0.263654262 0.002467802 -0.047350049 -0.009486570 0.638802707 -0.010788380 0.769236445
1756482684169267712.000000 0.262843251 0.001582965 -0.045936331 -0.009526681 0.629975200 -0.010131899 0.776490808
1756482684202609664.000000 0.263302058 0.001794054 -0.045898959 -0.009672478 0.625455737 -0.009847133 0.780137658
1756482684235952384.000000 0.262625605 0.001539668 -0.044759348 -0.009476388 0.621234596 -0.010012703 0.783503473
1756482684302637056.000000 0.261201978 0.000946526 -0.044166043 -0.008510806 0.612543285 -0.010719726 0.790318608
1756482684335979776.000000 0.260654151 0.000342418 -0.049897686 -0.008587647 0.607396603 -0.010850664 0.794278204
1756482684402664704.000000 0.259829938 0.000698459 -0.048499107 -0.008266033 0.598554671 -0.010263905 0.800973594
1756482684469348864.000000 0.259596616 0.001260994 -0.048717350 -0.008531357 0.589646578 -0.010221335 0.807551682
1756482684502689536.000000 0.258757085 0.001365921 -0.048838161 -0.008313813 0.585173726 -0.010417147 0.810798407
1756482684569373696.000000 0.257544369 0.000863951 -0.050090849 -0.008340360 0.575104117 -0.010356260 0.817972243
1756482684602715136.000000 0.257455260 0.002037012 -0.050030909 -0.008063125 0.570498705 -0.010416391 0.821192861
1756482684669399552.000000 0.251466870 -0.001117680 -0.046445042 -0.008826328 0.561601520 -0.009806900 0.827302754
1756482684702741248.000000 0.250801086 -0.000088629 -0.046177834 -0.008542324 0.557021201 -0.009886984 0.830395520
1756482684769425152.000000 0.252235860 0.001350918 -0.047003835 -0.008331493 0.547458947 -0.010013986 0.836731195
1756482684802767104.000000 0.251834273 0.000109406 -0.047386408 -0.008266791 0.542344034 -0.009775442 0.840059042
1756482684869451008.000000 0.250418723 -0.000316071 -0.034739293 -0.008754618 0.534392953 -0.009227131 0.845140517
1756482684902792960.000000 0.250543177 0.000998952 -0.035600491 -0.008566776 0.529791057 -0.008989279 0.848037302
1756482684969476096.000000 0.251037270 0.001053373 -0.035494663 -0.008289462 0.520879626 -0.009222681 0.853540063
1756482685002817792.000000 0.248563021 0.000760908 -0.033659697 -0.008328403 0.516545951 -0.008795479 0.856173813
1756482685069501952.000000 0.247614861 -0.000460122 -0.033870019 -0.008602601 0.507266581 -0.008389052 0.861705482
1756482685136186112.000000 0.247942179 -0.000937500 -0.035332683 -0.008680624 0.497929126 -0.008224132 0.867135286
1756482685169528064.000000 0.247139424 -0.001457102 -0.035352569 -0.008515005 0.493143886 -0.008264967 0.869866848
1756482685236212224.000000 0.244946778 -0.000996658 -0.034896396 -0.009413741 0.482919067 -0.008758171 0.875570595
1756482685269554176.000000 0.244187370 -0.001746612 -0.028259419 -0.009001546 0.478852898 -0.008285170 0.877809942
1756482685336238336.000000 0.244428381 0.000794445 -0.026114468 -0.008708691 0.468600631 -0.009109721 0.883320332
1756482685369580288.000000 0.238778472 -0.000456430 -0.024330486 -0.008515949 0.464208931 -0.008727101 0.885641813
1756482685436263424.000000 0.237370044 -0.000611136 -0.021887846 -0.008211065 0.453829587 -0.008588902 0.891009271
1756482685502944768.000000 0.236365169 -0.000065608 -0.018969968 -0.008579957 0.443527550 -0.008467773 0.896179676
1756482685536285696.000000 0.234211728 0.000568452 -0.016448446 -0.008757062 0.438405663 -0.008132180 0.898697793
1756482685602967040.000000 0.230296403 0.001875347 -0.015636873 -0.008376270 0.428456128 -0.007842937 0.903489769
1756482685669648640.000000 0.226847246 0.001987394 -0.015117928 -0.008675576 0.418307483 -0.007345280 0.908234358
1756482685736329984.000000 0.233250976 0.000223804 -0.021006349 -0.009504258 0.407167912 -0.007466038 0.913273335
1756482685803011328.000000 0.223431349 0.000815053 -0.017791834 -0.009150688 0.398690701 -0.007115830 0.917012274
1756482685836351232.000000 0.226896614 0.002715604 -0.015787173 -0.008320528 0.393465430 -0.007305960 0.919272780
1756482685903032576.000000 0.216096118 0.001556779 -0.014274569 -0.008000392 0.383941710 -0.006830564 0.923297405
1756482685969713920.000000 0.213767856 0.000633492 -0.013365788 -0.007923623 0.373688579 -0.006459162 0.927497923
1756482686003054592.000000 0.213294417 0.000721767 -0.012481902 -0.007879450 0.368519336 -0.006475298 0.929564178
1756482686069735680.000000 0.208264753 -0.001074187 -0.011817586 -0.008480290 0.358180314 -0.005751342 0.933596253
1756482686136417024.000000 0.205964223 -0.002084726 -0.011074161 -0.008333326 0.347587734 -0.005689597 0.937593222
1756482686203098624.000000 0.201835692 -0.003233347 -0.010114711 -0.008911097 0.337392956 -0.005462433 0.941305935
1756482686236439296.000000 0.200272590 -0.004125446 -0.009032357 -0.008758091 0.332646728 -0.005172145 0.942996681
1756482686303119360.000000 0.204712197 -0.000739542 -0.011901027 -0.008670535 0.322112322 -0.006170774 0.946641624
1756482686369800704.000000 0.195331588 -0.001692571 -0.007998852 -0.008228485 0.313020498 -0.005866119 0.949692667
1756482686436482048.000000 0.199389905 -0.002143658 -0.007630358 -0.008142333 0.301638305 -0.006295318 0.953366935
1756482686503166208.000000 0.196784690 -0.002463310 -0.006966615 -0.007468878 0.291003764 -0.005909016 0.956674576
1756482686569851136.000000 0.195706666 -0.001850951 -0.006467134 -0.007115050 0.280190736 -0.005895138 0.959899902
1756482686603193344.000000 0.194981575 -0.001236922 -0.006266458 -0.006824820 0.274663091 -0.005670663 0.961499631
1756482686669878272.000000 0.192993075 -0.000643127 -0.006129366 -0.006348309 0.263907284 -0.005959732 0.964508772
1756482686736561664.000000 0.191150099 -0.001013561 -0.006890845 -0.006359351 0.253790677 -0.005449816 0.967222929
1756482686803246592.000000 0.189142749 -0.000203083 -0.008414079 -0.006768590 0.242359966 -0.005384971 0.970147908
1756482686903273728.000000 0.184908614 0.002039452 -0.005884660 -0.007168381 0.226297244 -0.003788987 0.974024594
1756482686969958656.000000 0.183201700 0.002600961 -0.005584792 -0.007001041 0.215722769 -0.003362825 0.976423800
1756482687036643584.000000 0.182547405 0.000458257 -0.008138683 -0.007279153 0.204908013 -0.003830471 0.978746712
1756482687103328768.000000 0.181671679 0.000600792 -0.008977454 -0.006980180 0.194564149 -0.003561915 0.980858564
1756482687136670976.000000 0.179531634 0.000242147 -0.009986072 -0.007149579 0.188982740 -0.003318265 0.981948793
1756482687203355136.000000 0.177210644 -0.000090731 -0.009838291 -0.006626322 0.178038374 -0.002780477 0.983997405
1756482687270040064.000000 0.175061122 -0.000148145 -0.010103659 -0.007188796 0.166650742 -0.002444313 0.985986769
1756482687336724992.000000 0.173859477 0.000354935 -0.006178255 -0.007346909 0.155092120 -0.002397851 0.987869799
1756482687403410432.000000 0.171358541 0.000674698 -0.009015178 -0.003698499 0.143526867 -0.002355200 0.989636719
1756482687470094080.000000 0.168969005 -0.000581642 -0.008299627 -0.000364721 0.125927836 -0.002905057 0.992035151
1756482687536775936.000000 0.166597679 0.001339823 0.002623552 -0.003448889 0.111699603 -0.001847982 0.993734360
1756482687603456512.000000 0.170385763 0.000945881 0.010256509 -0.008669911 0.100476548 -0.001627979 0.994900405
1756482687670138112.000000 0.169116899 0.000538555 0.015755307 -0.008126812 0.089369230 -0.002270707 0.995962918
1756482687736819456.000000 0.168398440 -0.000708025 0.018407533 -0.005079752 0.077764474 -0.002115791 0.996956646
1756482687803501056.000000 0.167707086 -0.000574231 0.023648271 -0.003411275 0.072151974 -0.001540527 0.997386634
1756482687836841984.000000 0.166258156 0.001008023 0.028566472 -0.004044752 0.073922835 -0.001594495 0.997254550
1756482687903523328.000000 0.168594107 0.000787558 0.034847852 -0.004761881 0.075870045 -0.001304762 0.997105479
1756482687970205184.000000 0.169691116 0.001386852 0.041696474 -0.003996604 0.076366082 -0.001114519 0.997071207
1756482688036886528.000000 0.171281368 0.001526499 0.048468821 -0.004536424 0.077110603 -0.001142073 0.997011602
1756482688103566848.000000 0.170893908 0.002711496 0.055324163 -0.004799656 0.077401824 -0.001418344 0.996987462
1756482688136907776.000000 0.170901552 0.002919924 0.058899865 -0.004863405 0.077251822 -0.001269190 0.996998966
1756482688203589120.000000 0.171763808 0.003249275 0.065688573 -0.005286357 0.077384874 -0.001265073 0.996986508
1756482688270270464.000000 0.172628447 0.003154275 0.071943663 -0.004504287 0.077998772 -0.002246950 0.996940792
1756482688336952064.000000 0.173835084 0.002301321 0.076894686 -0.004859671 0.077552170 -0.002845989 0.996972382
1756482688370292736.000000 0.174113691 0.003081188 0.080768287 -0.005223682 0.076979920 -0.002170318 0.997016609
1756482688436974080.000000 0.175685138 0.003270054 0.087675884 -0.005713996 0.076651119 -0.001650605 0.997040272
1756482688503655424.000000 0.176548883 0.003169080 0.092521220 -0.005146232 0.075926229 -0.001121899 0.997099578
1756482688570338560.000000 0.177639738 0.003700518 0.099360310 -0.004443359 0.074951313 -0.000688338 0.997177124
1756482688637021184.000000 0.177571729 0.003994406 0.106123380 -0.005809734 0.063196525 -0.000404026 0.997984111
1756482688670362368.000000 0.176533803 0.003466600 0.108153835 -0.006460886 0.057199225 -0.001229218 0.998341203
1756482688737045504.000000 0.176906139 0.003908415 0.114634313 -0.005595740 0.057139348 -0.001271511 0.998349786
1756482688803728128.000000 0.177854940 0.004257635 0.120767713 -0.003734217 0.059292179 -0.000685075 0.998233557
1756482688837069568.000000 0.178240806 0.003739562 0.123582669 -0.003037323 0.058974974 -0.000506615 0.998254776
1756482688903752192.000000 0.178945303 0.004414923 0.130120084 -0.003042059 0.057749759 -0.000070325 0.998326480
1756482688970434304.000000 0.179718405 0.004988314 0.137729317 -0.005580013 0.058022559 -0.000425781 0.998299658
1756482689003775232.000000 0.180217832 0.005062975 0.140977591 -0.006362739 0.058287945 -0.000651874 0.998279333
1756482689070457856.000000 0.181033477 0.005202522 0.145725235 -0.005053941 0.057441898 -0.000831776 0.998335779
1756482689137140736.000000 0.180232570 0.004760979 0.151199296 -0.005095427 0.045147009 0.000001587 0.998967409
1756482689203823616.000000 0.177573755 0.004734159 0.155928895 -0.004179878 0.031179389 0.000608597 0.999504924
1756482689237164800.000000 0.176722690 0.004694509 0.159608886 -0.004365388 0.026250862 0.001179161 0.999645174
1756482689303847424.000000 0.176351383 0.004995437 0.166132271 -0.005242496 0.022852514 0.001034573 0.999724627
1756482689370530304.000000 0.177812278 0.005302203 0.173068121 -0.006449509 0.025641024 0.000457238 0.999650359
1756482689437211904.000000 0.178486958 0.004790937 0.179227024 -0.005711848 0.024900813 0.001135878 0.999672949
1756482689503892736.000000 0.178600937 0.005123564 0.184983253 -0.003714516 0.024791034 0.001569683 0.999684513
1756482689570573056.000000 0.179547593 0.005965930 0.192357972 -0.003946761 0.026654752 0.000518716 0.999636769
1756482689637253376.000000 0.179516837 0.006382937 0.199973404 -0.006793890 0.027082080 -0.000745752 0.999609828
1756482689703933184.000000 0.179198831 0.006685132 0.206416681 -0.006084569 0.026101246 -0.000567823 0.999640703
1756482689737273344.000000 0.179652467 0.006305110 0.208720505 -0.005543048 0.025735393 -0.000377014 0.999653399
1756482689803953664.000000 0.180111811 0.006492832 0.214998767 -0.005017625 0.025437202 -0.000428972 0.999663770
1756482689870632960.000000 0.179745346 0.007310571 0.220407218 -0.004936509 0.026117222 -0.000172548 0.999646723
1756482689903972864.000000 0.180019766 0.006702144 0.224083900 -0.005198277 0.026133556 -0.000571541 0.999644816
1756482689970652928.000000 0.180224806 0.006791239 0.230263576 -0.005026659 0.025960984 -0.000597988 0.999650240
1756482690037332736.000000 0.179933742 0.007074613 0.237347260 -0.005308888 0.025593985 -0.000494275 0.999658227
1756482690104013056.000000 0.180107221 0.007247340 0.244602114 -0.006124238 0.025595045 -0.000599048 0.999653459
1756482690137352704.000000 0.180100739 0.007865843 0.247321412 -0.006619142 0.026000964 -0.000515776 0.999639869
1756482690204032768.000000 0.180395424 0.008313435 0.254151851 -0.007635619 0.026306750 -0.000795821 0.999624491
1756482690270711552.000000 0.180771455 0.007985414 0.259346664 -0.006057927 0.026230868 -0.000312307 0.999637544
1756482690337391616.000000 0.180611670 0.007571388 0.264908344 -0.004288653 0.026638327 -0.000138276 0.999635994
1756482690404071424.000000 0.182542667 0.008176321 0.271402478 -0.004397501 0.026997371 -0.000071992 0.999625862
1756482690470752256.000000 0.182130456 0.008481381 0.277889609 -0.005128111 0.027432803 -0.000435745 0.999610424
1756482690504093696.000000 0.182832435 0.008615303 0.281194091 -0.005061567 0.027499432 -0.000342737 0.999608994
1756482690570776576.000000 0.183908656 0.008833654 0.286635339 -0.006230907 0.026736857 -0.000274305 0.999623060
1756482690637459712.000000 0.184344918 0.008710147 0.292478055 -0.005377238 0.025581131 0.000536872 0.999658167
1756482690704142592.000000 0.184837967 0.008638453 0.298263818 -0.004791392 0.026122192 0.000567643 0.999647141
1756482690737483264.000000 0.185178116 0.009007725 0.302361876 -0.005457113 0.027087048 0.000550102 0.999618053
1756482690804166400.000000 0.185637176 0.009769239 0.310662061 -0.006388984 0.028882727 -0.000306516 0.999562383
1756482690870849024.000000 0.185686529 0.010231665 0.317513108 -0.005596385 0.028548367 -0.000074060 0.999576807
1756482690937532160.000000 0.185755402 0.009460568 0.324394017 -0.005162115 0.027868168 -0.000056690 0.999598265
1756482691004215040.000000 0.186743096 0.009620720 0.329396576 -0.004948533 0.026634321 0.000359834 0.999632955
1756482691070898176.000000 0.186808541 0.009613683 0.335432082 -0.005280272 0.026169473 0.000614628 0.999643385
1756482691104239616.000000 0.186973080 0.009683387 0.339195013 -0.005567542 0.026295997 0.000306834 0.999638677
1756482691170921472.000000 0.187459335 0.009747100 0.346198291 -0.006035515 0.026605034 0.000523741 0.999627709
1756482691237604608.000000 0.187721372 0.010476353 0.353199363 -0.006660046 0.026690736 0.000767855 0.999621272
1756482691304288000.000000 0.187909320 0.010147517 0.358064651 -0.005143541 0.026774021 0.000742303 0.999628067
1756482691370970880.000000 0.187650755 0.010494610 0.363748521 -0.003495872 0.026642554 0.000912004 0.999638557
1756482691437653760.000000 0.188401923 0.010682939 0.372400790 -0.003458442 0.027359297 0.001285957 0.999618948
1756482691470995200.000000 0.188210279 0.010446089 0.375067174 -0.004014764 0.027453877 0.001348371 0.999614120
1756482691537677568.000000 0.189068392 0.010085697 0.382761955 -0.006677657 0.026838573 0.001613284 0.999616206
1756482691604358656.000000 0.190300718 0.010921827 0.388453990 -0.006762078 0.026007995 0.001506435 0.999637783
1756482691671040768.000000 0.190898314 0.010353111 0.394644320 -0.005628335 0.026584191 0.001624285 0.999629498
1756482691737722880.000000 0.191474646 0.010509909 0.400202185 -0.004496893 0.026983069 0.001441206 0.999624789
1756482691804404992.000000 0.189880773 0.011139980 0.406891555 -0.003999056 0.027884061 0.000869421 0.999602854
1756482691871087360.000000 0.190492705 0.011718815 0.414668679 -0.004411685 0.027748067 0.001242219 0.999604464
1756482691937769472.000000 0.191626593 0.011768896 0.421021461 -0.005352397 0.027391639 0.001387913 0.999609470
1756482692004451840.000000 0.192028850 0.012551576 0.428317308 -0.005334381 0.027357617 0.001478930 0.999610424
1756482692037792768.000000 0.192458510 0.012737795 0.431150347 -0.004745380 0.027224109 0.001689645 0.999616742
1756482692104473600.000000 0.193140611 0.012354741 0.436069489 -0.004628773 0.027020657 0.002249562 0.999621689
1756482692171155712.000000 0.192947090 0.012768745 0.443932563 -0.005462893 0.027827024 0.002014069 0.999595821
1756482692237837824.000000 0.193501875 0.012949733 0.450645477 -0.005825653 0.028900433 0.001280205 0.999564588
1756482692271179008.000000 0.193352133 0.012642345 0.453477532 -0.005120905 0.029338816 0.001030653 0.999555945
1756482692337861120.000000 0.194190204 0.012949267 0.459228277 -0.004238338 0.028858945 0.000844596 0.999574184
1756482692404543232.000000 0.194271281 0.012704168 0.465904474 -0.005369267 0.027063318 0.001034726 0.999618769
1756482692471225088.000000 0.194693178 0.013195924 0.472769052 -0.005090545 0.026442222 0.001176194 0.999636710
1756482692504564736.000000 0.195385486 0.013077256 0.475287348 -0.004972463 0.026302556 0.001635636 0.999640405
1756482692571245824.000000 0.195573509 0.013378272 0.481911272 -0.004562899 0.027408671 0.001244553 0.999613106
1756482692637927168.000000 0.195952088 0.013442869 0.487930626 -0.004615642 0.027642775 0.001067860 0.999606609
1756482692704608256.000000 0.196585342 0.013963574 0.495870918 -0.006314815 0.028083956 0.001299942 0.999584794
1756482692771289344.000000 0.196854234 0.014960009 0.502966762 -0.005933294 0.030130314 0.000893471 0.999527991
1756482692837970432.000000 0.196532980 0.015498464 0.508900344 -0.005384810 0.030585343 0.000448975 0.999517620
1756482692904651520.000000 0.197258249 0.015487509 0.515569746 -0.005650989 0.029999804 0.000823569 0.999533653
1756482692971331584.000000 0.198369920 0.014839962 0.521533847 -0.005729885 0.030280704 0.000795337 0.999524772
1756482693038012672.000000 0.198075294 0.015652267 0.528186321 -0.005652114 0.031220259 0.000828066 0.999496222
1756482693104693760.000000 0.199232578 0.016246969 0.535706162 -0.006218920 0.030669970 0.001302858 0.999509394
1756482693138034176.000000 0.199225873 0.016405821 0.538442969 -0.005797140 0.030877260 0.001122592 0.999505758
1756482693204715008.000000 0.199831292 0.015164517 0.544671059 -0.005907517 0.031294275 0.001170050 0.999492109
1756482693271395840.000000 0.200465843 0.015390871 0.550908387 -0.005320256 0.031118097 0.001288235 0.999500811
1756482693338076928.000000 0.201264411 0.015061564 0.557268023 -0.004735912 0.031076469 0.001429883 0.999504745
1756482693404756736.000000 0.201730996 0.015262946 0.563656390 -0.004903247 0.030868994 0.001711624 0.999509931
1756482693471438080.000000 0.201826185 0.016183576 0.571184039 -0.005644875 0.030878052 0.001925571 0.999505460
1756482693538120704.000000 0.201764330 0.016489368 0.577060044 -0.005526517 0.030930962 0.001320638 0.999505460
1756482693604803840.000000 0.202180043 0.016929541 0.583356738 -0.004936012 0.030652948 0.001803329 0.999516308
1756482693671486464.000000 0.203145340 0.016364088 0.589527130 -0.004624230 0.030737612 0.002029552 0.999514818
1756482693738169088.000000 0.203247473 0.017628429 0.597500920 -0.005063797 0.031641014 0.001555771 0.999485314
1756482693771510528.000000 0.203530416 0.017937576 0.601049364 -0.005714494 0.031604078 0.001903232 0.999482334
1756482693838192128.000000 0.203655750 0.018154988 0.607360303 -0.005719456 0.031127822 0.001858235 0.999497354
1756482693904874752.000000 0.204419732 0.017276842 0.612508357 -0.003801356 0.031393938 0.002155807 0.999497592
1756482693971557632.000000 0.204556212 0.017304525 0.620326459 -0.004269054 0.031902105 0.001436669 0.999480844
1756482694038240256.000000 0.204986006 0.017604094 0.623310804 -0.003068232 0.031189984 0.001532732 0.999507666
1756482694071581696.000000 0.205106601 0.017483449 0.626340508 -0.003707191 0.031146776 0.001373757 0.999507010
1756482694138264064.000000 0.205195993 0.017958516 0.633672357 -0.004279621 0.031514242 0.001202395 0.999493480
1756482694204946944.000000 0.205682516 0.018000167 0.640836418 -0.005192293 0.031014074 0.001422516 0.999504507
1756482694271628544.000000 0.205993667 0.019221971 0.647524059 -0.005367171 0.030846730 0.001377887 0.999508798
1756482694338311168.000000 0.206296846 0.019138517 0.653662741 -0.004128271 0.031499490 0.001226509 0.999494493
1756482694371652608.000000 0.208199829 0.017055655 0.656128943 -0.004096831 0.031158485 0.001362828 0.999505162
1756482694438335232.000000 0.207949564 0.017227219 0.662593186 -0.005099245 0.031124441 0.001126831 0.999501944
1756482694505018112.000000 0.208264902 0.019116664 0.672265768 -0.004448730 0.031846076 0.000564192 0.999482810
1756482694605042432.000000 0.207295418 0.018401481 0.682350278 -0.003045222 0.031897824 -0.000160629 0.999486566
1756482694638383872.000000 0.208038464 0.018527038 0.685373664 -0.003754618 0.031108392 -0.000119132 0.999509037
1756482694705067008.000000 0.208446726 0.018530762 0.692545414 -0.004888732 0.030294210 0.000368181 0.999529004
1756482694771748864.000000 0.210079208 0.019354565 0.697544456 -0.003744190 0.030392595 0.000926454 0.999530613
1756482694838431488.000000 0.210278839 0.019503066 0.702586770 -0.003014887 0.030176295 0.001247783 0.999539256
1756482694905114624.000000 0.210608035 0.019097699 0.709390521 -0.003194738 0.030223161 0.001635452 0.999536753
1756482694971797760.000000 0.211285174 0.019862447 0.716135919 -0.002875336 0.030513778 0.000975399 0.999529719
1756482695005139200.000000 0.211460158 0.019396525 0.720097423 -0.003460864 0.030476505 0.000722942 0.999529302
1756482695071821824.000000 0.212113902 0.020411387 0.726197541 -0.005246584 0.028907020 0.001035216 0.999567866
1756482695138505216.000000 0.210712045 0.020458590 0.731263518 -0.004488253 0.017977454 0.001432521 0.999827325
1756482695205187072.000000 0.209292859 0.020960018 0.736084044 -0.003497808 0.009063821 0.001271319 0.999952078
1756482695238528512.000000 0.209194154 0.021380790 0.739614785 -0.004315484 0.009907627 0.000896701 0.999941230
1756482695305211648.000000 0.210432887 0.020419648 0.747410357 -0.004183827 0.011520266 0.001751320 0.999923408
1756482695371894528.000000 0.210904002 0.020790879 0.753471792 -0.003089088 0.011216869 0.001946709 0.999930501
1756482695438577664.000000 0.210934773 0.020830421 0.759985149 -0.004746945 0.011733072 0.001917780 0.999918044
1756482695471919360.000000 0.210442826 0.020361794 0.763957858 -0.005506904 0.011843981 0.001700325 0.999913275
1756482695538602240.000000 0.210194111 0.021189677 0.771531940 -0.006785729 0.011710688 0.001142057 0.999907792
1756482695571943680.000000 0.209370300 0.020843299 0.774497271 -0.005725285 0.011624847 0.001238107 0.999915361
1756482695638625792.000000 0.209841609 0.020348500 0.779484808 -0.003843163 0.011946845 0.001528103 0.999920130
1756482695705309184.000000 0.209379822 0.021165693 0.786169171 -0.004128210 0.012796334 0.001205571 0.999908924
1756482695771992320.000000 0.209539413 0.021598918 0.793485165 -0.005665175 0.012646887 0.000845109 0.999903679
1756482695805334016.000000 0.209831521 0.022177096 0.797612727 -0.006781246 0.012368988 0.000639549 0.999900341
1756482695872017152.000000 0.210514933 0.023220079 0.803647041 -0.005739578 0.011837116 0.001107849 0.999912918
1756482695938700544.000000 0.210440353 0.023768986 0.809098005 -0.005279268 0.011644356 0.001666602 0.999916911
1756482696005383424.000000 0.211908326 0.023563385 0.814972639 -0.005732364 0.011283851 0.002163409 0.999917626
1756482696072065792.000000 0.210962757 0.021758210 0.821650803 -0.005643625 0.012055193 0.000971781 0.999911010
1756482696138749184.000000 0.212699935 0.023230027 0.826292574 -0.005425484 0.011652477 0.001801210 0.999915838
1756482696205432320.000000 0.212800711 0.023942042 0.836809218 -0.006631195 0.012150108 0.000544908 0.999904037
1756482696272115712.000000 0.212683916 0.024300629 0.844022632 -0.007458387 0.011430033 0.001207069 0.999906123
1756482696305457408.000000 0.213220075 0.025002746 0.847439587 -0.006797645 0.011112669 0.001762199 0.999913633
1756482696372140544.000000 0.211545050 0.024631128 0.851751149 -0.005484933 0.011545276 0.001488738 0.999917209
1756482696438823936.000000 0.211422831 0.024231210 0.857052445 -0.004188883 0.011718467 0.002049188 0.999920487
1756482696505506048.000000 0.211768776 0.024564669 0.863992929 -0.006212912 0.011971110 0.001945434 0.999907196
1756482696538847744.000000 0.211777151 0.025045466 0.867353916 -0.006561424 0.012481363 0.001716054 0.999899089
1756482696605530624.000000 0.212146387 0.024480078 0.873283982 -0.006545380 0.012302737 0.001860099 0.999901235
1756482696672213504.000000 0.212495014 0.024968779 0.879895508 -0.007653361 0.012449829 0.002214894 0.999890804
1756482696738896896.000000 0.212430313 0.025131283 0.887008369 -0.008082996 0.013275106 0.001798514 0.999877632
1756482696772238336.000000 0.212589085 0.024339523 0.889990985 -0.007358331 0.013514908 0.001637549 0.999880314
1756482696838921216.000000 0.212726951 0.025099855 0.895878494 -0.005888855 0.013772112 0.001900711 0.999886036
1756482696872262912.000000 0.212851301 0.026175909 0.899106205 -0.006069123 0.013780077 0.002120010 0.999884427
1756482696938945024.000000 0.212824747 0.026513124 0.905084252 -0.006121904 0.013244807 0.001652703 0.999892235
1756482697005628160.000000 0.213429004 0.026545081 0.910829365 -0.006791112 0.012449067 0.002519402 0.999896288
1756482697072311040.000000 0.213834196 0.027107138 0.916524708 -0.005624792 0.013176886 0.002259832 0.999894857
1756482697138994432.000000 0.212894857 0.026193697 0.926154017 -0.006649699 0.013779080 0.001460305 0.999881983
1756482697172335872.000000 0.213694602 0.027284779 0.927744210 -0.007202493 0.013163619 0.002106885 0.999885201
1756482697239019264.000000 0.212537497 0.027614214 0.936963141 -0.008637298 0.013282034 0.001761794 0.999872923
1756482697305702400.000000 0.212541103 0.027796233 0.944027543 -0.007459273 0.012845320 0.001536484 0.999888539
1756482697372385536.000000 0.214175075 0.026956310 0.948424339 -0.007557936 0.012556842 0.001699647 0.999891162
1756482697439067648.000000 0.214130983 0.026526872 0.954242289 -0.007370268 0.013140077 0.000875526 0.999886155
1756482697472409088.000000 0.213839993 0.026251592 0.957837462 -0.007425960 0.013362658 0.000603163 0.999882996
1756482697539091200.000000 0.213158041 0.027051080 0.964175165 -0.007822586 0.013019674 0.000778990 0.999884367
1756482697572431872.000000 0.212632224 0.027651163 0.969003320 -0.008384353 0.012735042 0.001088175 0.999883235
1756482697639113728.000000 0.214525566 0.027837424 0.976744175 -0.007596539 0.012921761 0.001701571 0.999886215
1756482697705796096.000000 0.211925358 0.028569968 0.986461699 -0.007132752 0.014121831 0.000787228 0.999874532
1756482697772477952.000000 0.212296054 0.029481940 0.992453933 -0.005810150 0.014314590 0.001261461 0.999879897
1756482697805818624.000000 0.215115517 0.029257808 0.990909517 -0.004753308 0.013510839 0.001878208 0.999895692
1756482697872499456.000000 0.214862168 0.030306799 0.997600734 -0.004477057 0.012925969 0.001545748 0.999905288
1756482697905840384.000000 0.215266287 0.031347137 1.000722647 -0.005814589 0.014023417 0.002075724 0.999882698
1756482697972522240.000000 0.216681719 0.031305000 1.006963253 -0.009495891 0.019657157 0.001499215 0.999760568
1756482698039204096.000000 0.217952505 0.031479798 1.007625580 -0.008297021 0.026297521 0.001285081 0.999618948
1756482698105885952.000000 0.219369128 0.031899281 1.007765770 -0.004632773 0.035493527 0.001519916 0.999358058
1756482698139226880.000000 0.219960377 0.031104028 1.007081866 -0.005183815 0.041369803 0.000899653 0.999130070
1756482698205908480.000000 0.222344577 0.031178350 1.008102536 -0.005650607 0.051969662 0.000788838 0.998632371
1756482698272589568.000000 0.224358439 0.030923622 1.007596970 -0.006176102 0.062148914 0.000274151 0.998047769
1756482698305930240.000000 0.225770980 0.030386783 1.006752729 -0.006159659 0.067363255 0.000345791 0.997709513
1756482698372611840.000000 0.227912962 0.030144434 1.006469131 -0.006435078 0.079024352 0.000182742 0.996851921
1756482698439293440.000000 0.229732528 0.029520936 1.006965518 -0.007081257 0.089877099 -0.000363714 0.995927632
1756482698472635136.000000 0.230290100 0.029075097 1.007100940 -0.007195106 0.094971195 -0.000584548 0.995453894
1756482698539318528.000000 0.231877804 0.030405344 1.008617878 -0.006290876 0.105932772 -0.000200980 0.994353414
1756482698606002432.000000 0.233795092 0.028995598 1.007633924 -0.006806411 0.117612734 -0.000796426 0.993035913
1756482698672686080.000000 0.234456524 0.029211918 1.012728930 -0.008122834 0.129771173 -0.001647660 0.991509318
1756482698739368704.000000 0.239599392 0.027583364 1.009062290 -0.009288898 0.140141234 -0.002753901 0.990084171
1756482698806052352.000000 0.241394967 0.027756130 1.009495378 -0.009160414 0.151150048 -0.003049324 0.988463759
1756482698872736256.000000 0.240578160 0.030188546 1.013593554 -0.008771664 0.162704408 -0.002772578 0.986631989
1756482698939419904.000000 0.242734686 0.030478697 1.014556766 -0.008791721 0.173412874 -0.002672912 0.984806359
1756482699006103808.000000 0.244765103 0.030602159 1.014654279 -0.009152295 0.184411600 -0.002670963 0.982802868
1756482699039445760.000000 0.246243343 0.031006878 1.014801741 -0.009083334 0.190059453 -0.002950089 0.981726170
1756482699106129408.000000 0.249014392 0.031313788 1.015676141 -0.008674445 0.201136738 -0.002940652 0.979520380
1756482699172812288.000000 0.250819236 0.030465584 1.013107181 -0.008635535 0.212199733 -0.003588245 0.977181554
1756482699239495936.000000 0.253421426 0.030488092 1.014855981 -0.008678302 0.223014385 -0.003427838 0.974770486
1756482699306180096.000000 0.255495548 0.029253848 1.016314149 -0.008729328 0.233860165 -0.003392129 0.972225189
1756482699339521792.000000 0.256130248 0.029015860 1.016318440 -0.008697839 0.239394918 -0.003469312 0.970877171
1756482699406205952.000000 0.258342326 0.028626965 1.015387297 -0.008932047 0.250368416 -0.003922757 0.968101501
1756482699472889600.000000 0.260493696 0.028251976 1.015325189 -0.009026148 0.260786742 -0.003586028 0.965347588
1756482699539573248.000000 0.263137460 0.027796458 1.016471386 -0.009362323 0.270929158 -0.004287641 0.962544262
1756482699606255872.000000 0.263049841 0.029875329 1.012519956 -0.008673108 0.281236976 -0.004578316 0.959588289
1756482699672939520.000000 0.264407814 0.025819547 1.012625575 -0.009375597 0.292618781 -0.004196054 0.956174016
1756482699706281216.000000 0.265391022 0.027560942 1.012241602 -0.008925656 0.298092902 -0.004498961 0.954484522
1756482699772965120.000000 0.266533017 0.024373507 1.012603641 -0.009654373 0.309844375 -0.004236668 0.950728893
1756482699839648768.000000 0.269631445 0.025425712 1.013423681 -0.009567835 0.320531756 -0.005244003 0.947175026
1756482699906332416.000000 0.272373140 0.024298377 1.012207985 -0.009963738 0.330050528 -0.004391248 0.943900466
1756482699973016064.000000 0.274917603 0.024768248 1.011347771 -0.010171091 0.340069503 -0.004520508 0.940334439
1756482700006358272.000000 0.276316911 0.024574505 1.010905385 -0.010391409 0.344954729 -0.004716713 0.938550055
1756482700106382848.000000 0.278721154 0.024223454 1.009087920 -0.010513399 0.360514462 -0.005040131 0.932680786
1756482700173066496.000000 0.282557726 0.023684157 1.008672833 -0.010017564 0.371729136 -0.005462952 0.928271174
1756482700239750144.000000 0.285137951 0.022503885 1.008969188 -0.006510353 0.384412646 -0.007177569 0.923110545
1756482700306434048.000000 0.291077733 0.025249964 1.013269901 -0.005200480 0.393969238 -0.006505120 0.919085979
1756482700339776000.000000 0.293807149 0.022741387 1.014304161 -0.009209727 0.398831904 -0.006082862 0.916957676
1756482700439801600.000000 0.306489766 0.023348724 1.022061110 -0.013005933 0.417608351 -0.005087126 0.908519864
1756482700473143552.000000 0.310610890 0.026960872 1.024932981 -0.011790322 0.423168302 -0.005303155 0.905958891
1756482700539825408.000000 0.317097872 0.027291765 1.027230144 -0.009732882 0.432804137 -0.006382177 0.901412845
1756482700606508544.000000 0.323935747 0.026716676 1.029246569 -0.009820668 0.442071438 -0.006369547 0.896903515
1756482700673191424.000000 0.332115769 0.026629012 1.033565283 -0.011535035 0.452735454 -0.005635104 0.891552448
1756482700739874560.000000 0.339891255 0.027038408 1.037453890 -0.012633298 0.462949276 -0.006025381 0.886274278
1756482700806557696.000000 0.348199129 0.029144531 1.038109660 -0.013790471 0.472428799 -0.005159329 0.881245911
1756482700873240576.000000 0.350944430 0.029611129 1.041809320 -0.015098721 0.481259823 -0.005198853 0.876432538
1756482700939922688.000000 0.351163745 0.028762423 1.038364410 -0.011913953 0.486060768 -0.006557866 0.873819232
1756482701006605312.000000 0.351279557 0.028250642 1.034882665 -0.009325023 0.493602067 -0.007920346 0.869601905
1756482701073288704.000000 0.352073431 0.027634850 1.033208609 -0.010971665 0.502829909 -0.007289610 0.864285052
1756482701139971840.000000 0.354257822 0.028468575 1.033738852 -0.011496263 0.512146175 -0.007094454 0.858792126
1756482701206654720.000000 0.354972482 0.027245581 1.030572653 -0.011184121 0.521879733 -0.007308626 0.852914512
1756482701239996416.000000 0.355079085 0.027886208 1.031092286 -0.011450213 0.527073324 -0.007979383 0.849705219
1756482701306679296.000000 0.355864912 0.027291557 1.026464701 -0.011257755 0.536372125 -0.007559312 0.843872726
1756482701373362176.000000 0.357700080 0.027235299 1.025034904 -0.011382258 0.545409381 -0.008056561 0.838053882
1756482701440044288.000000 0.358736426 0.025510365 1.024846792 -0.011969235 0.554517448 -0.007661182 0.832050800
1756482701506726912.000000 0.365096033 0.028216332 1.020589828 -0.011592722 0.562907636 -0.008338172 0.826396525
1756482701540068096.000000 0.363324761 0.026182713 1.019853115 -0.011970799 0.567577183 -0.007754634 0.823196650
1756482701606750464.000000 0.364092290 0.025618261 1.017798543 -0.012452437 0.577130020 -0.007508132 0.816522837
1756482701673432832.000000 0.365364134 0.025654353 1.017442226 -0.012807077 0.586407483 -0.007314494 0.809881985
1756482701740115456.000000 0.364072949 0.024202745 1.018789887 -0.012739605 0.596268535 -0.007426651 0.802649677
1756482701806797824.000000 0.365622967 0.024905469 1.017532468 -0.012589755 0.605414093 -0.007615841 0.795774698
1756482701840137984.000000 0.365837872 0.024442088 1.016409636 -0.012616293 0.609999597 -0.007694396 0.792263925
1756482701906820352.000000 0.366194785 0.024086177 1.013615012 -0.012491105 0.618697941 -0.007677757 0.785492182
1756482701973502720.000000 0.369430095 0.025519788 1.011360049 -0.012644035 0.627075195 -0.008001715 0.778815091
1756482702006843904.000000 0.368017793 0.023022173 1.011473894 -0.012890699 0.631502271 -0.007571593 0.775229871
1756482702073526272.000000 0.368651181 0.022491734 1.009599209 -0.013119124 0.639669061 -0.007888317 0.768498003
1756482702140208384.000000 0.370784611 0.023343548 1.007719278 -0.012514452 0.648104906 -0.008231455 0.761403799
1756482702206890752.000000 0.371638775 0.023695093 1.004746199 -0.012590179 0.656280160 -0.008506717 0.754364371
1756482702273572096.000000 0.373062730 0.022606540 1.002510309 -0.012441044 0.664546013 -0.008349860 0.747097194
1756482702306913280.000000 0.374329060 0.023529150 0.999229789 -0.012424927 0.668288648 -0.008834790 0.743745804
1756482702373595392.000000 0.375643015 0.023403205 0.998301268 -0.012602720 0.676771104 -0.008773828 0.736033320
1756482702440277760.000000 0.377206326 0.024708651 0.996234655 -0.012199085 0.684948325 -0.009783166 0.728423834
1756482702473619456.000000 0.377489090 0.025277056 0.998430490 -0.012338791 0.689604998 -0.010254201 0.724008083
1756482702540303360.000000 0.378986895 0.024737423 0.994133353 -0.012443580 0.696328282 -0.010290656 0.717541814
1756482702573645568.000000 0.379721284 0.025383132 0.995913267 -0.012591369 0.700588048 -0.010428668 0.713378668
1756482702640329472.000000 0.379825354 0.025043305 0.993939400 0.012881628 -0.708112419 0.010331909 -0.705906689
1756482702707013632.000000 0.380986512 0.025204578 0.992196441 0.013039137 -0.716174483 0.010133867 -0.697725952
1756482702773697024.000000 0.381554365 0.024463940 0.990355492 0.012957474 -0.724139214 0.010134375 -0.689457655
1756482702840381184.000000 0.383450866 0.025151316 0.988883913 0.012751780 -0.731889367 0.010566970 -0.681222260
1756482702907065344.000000 0.383192837 0.023041978 0.988885880 0.012749254 -0.739383101 0.010809605 -0.673077524
1756482702973749504.000000 0.381461382 0.023658510 0.984078526 0.012983400 -0.746050656 0.011397733 -0.665665090
1756482703007091712.000000 0.383996487 0.022621665 0.983238399 0.013157311 -0.749777794 0.010890868 -0.661469281
1756482703073776128.000000 0.384716094 0.023395343 0.981178463 0.013114543 -0.757078826 0.011019649 -0.653098941
1756482703107118080.000000 0.382787049 0.024969865 0.980090141 0.012653783 -0.760536313 0.011715893 -0.649066389
1756482703173801472.000000 0.383428752 0.025162879 0.977683604 0.012136674 -0.767306209 0.011860742 -0.641056418
1756482703240485888.000000 0.383255541 0.024839159 0.975803852 0.011608011 -0.774244666 0.012089712 -0.632664442
1756482703273828096.000000 0.382850945 0.023909356 0.975306988 0.011552286 -0.777841687 0.012121150 -0.628237247
1756482703340512512.000000 0.382722318 0.023426138 0.973115087 0.011335471 -0.784500480 0.012524776 -0.619898081
1756482703407196672.000000 0.384490192 0.024301371 0.970984817 0.011152078 -0.791466236 0.012862568 -0.610975862
1756482703440539136.000000 0.385292649 0.024488499 0.969661713 0.011124434 -0.794849157 0.012868457 -0.606568694
1756482703507223296.000000 0.385671735 0.023154194 0.969249249 0.011989584 -0.802186608 0.012706627 -0.596817791
1756482703573907712.000000 0.385021746 0.021276500 0.966687560 0.012638950 -0.809005201 0.012014117 -0.587542832
1756482703640590848.000000 0.385929108 0.022245683 0.965076208 0.012358124 -0.815313160 0.012359198 -0.578756392
1756482703673933056.000000 0.386317134 0.022867393 0.964022338 0.012161281 -0.818244874 0.012630688 -0.574602425
1756482703740617472.000000 0.387018561 0.022907874 0.962897003 0.012034678 -0.824541688 0.012900077 -0.565526187
1756482703773959424.000000 0.386877537 0.022982189 0.961674511 0.012046589 -0.827528238 0.012873836 -0.561147273
1756482703840643840.000000 0.388045907 0.023711111 0.960014284 0.012401777 -0.833788514 0.013294334 -0.551784575
1756482703907328256.000000 0.387670398 0.023579251 0.956751943 0.012433694 -0.839546084 0.013455804 -0.542979598
1756482703974012416.000000 0.388295174 0.022447122 0.953828812 0.012679246 -0.845191061 0.012812890 -0.534160256
1756482704007354624.000000 0.389120102 0.023320206 0.955056489 0.012614074 -0.848172903 0.013219488 -0.529404342
1756482704074038016.000000 0.389226913 0.021097466 0.950195551 0.013430546 -0.853514373 0.013159233 -0.520729959
1756482704107380224.000000 0.389122725 0.021168327 0.949259043 0.012975245 -0.856280625 0.013585309 -0.516169190
1756482704174064640.000000 0.389257789 0.024086464 0.950236499 0.012601945 -0.862475574 0.014269819 -0.505740583
1756482704240749056.000000 0.388806939 0.024872543 0.949531496 0.012645231 -0.868309855 0.013860457 -0.495667249
1756482704307433472.000000 0.387314796 0.024093775 0.948064089 0.012858249 -0.873789549 0.013900162 -0.485935569
1756482704374117888.000000 0.386785150 0.023448886 0.945815444 0.013007835 -0.879177153 0.014093481 -0.476108968
1756482704440802304.000000 0.386303425 0.022862978 0.943886697 0.013020292 -0.884787381 0.014275859 -0.465594262
1756482704507485184.000000 0.387137651 0.025771469 0.942400813 0.012414179 -0.890161753 0.015399954 -0.455215156
1756482704540826880.000000 0.384008527 0.023244515 0.939172745 0.012756958 -0.892452300 0.015076365 -0.450709283
1756482704607510272.000000 0.383687615 0.022735171 0.937144697 0.012798525 -0.897337973 0.015459374 -0.440887511
1756482704674193920.000000 0.385639071 0.025777305 0.938414454 0.012083819 -0.902086854 0.016183639 -0.431081653
1756482704707535616.000000 0.385197163 0.025260152 0.937419415 0.012226983 -0.904341400 0.016466552 -0.426316828
1756482704774219264.000000 0.383691788 0.025052343 0.936631262 0.011913429 -0.908573151 0.017005417 -0.417209566
1756482704840902912.000000 0.383413196 0.024590719 0.935253918 0.011759896 -0.913211346 0.016924202 -0.406964839
1756482704907586304.000000 0.382860780 0.024729578 0.933496118 0.011772103 -0.917853713 0.017534260 -0.396356553
1756482704974269184.000000 0.382497549 0.025097553 0.931195617 0.011542409 -0.922464609 0.017813021 -0.385497749
1756482705007610880.000000 0.382475257 0.025736969 0.928779602 -0.011625739 0.924683869 -0.018061999 0.380129546
1756482705074294272.000000 0.382063270 0.022994142 0.925804079 0.012237757 -0.929027796 0.017228169 -0.369406015
1756482705140978432.000000 0.381437302 0.023206918 0.922879338 0.012299364 -0.933454037 0.017014742 -0.358082235
1756482705207661824.000000 0.380746484 0.027728805 0.921401560 -0.011577841 0.937456667 -0.017506680 0.347468793
1756482705241003776.000000 0.379809380 0.028378516 0.920376122 -0.011383964 0.939378738 -0.017705530 0.342234731
1756482705307687424.000000 0.379145741 0.028265530 0.918438971 -0.011189416 0.943304837 -0.017709786 0.331266165
1756482705374371072.000000 0.376906991 0.028051263 0.917654216 -0.010951685 0.946936548 -0.018221051 0.320716918
1756482705407712000.000000 0.375657439 0.027104372 0.917071998 -0.010688037 0.948766053 -0.018161526 0.315276027
1756482705474395392.000000 0.374483347 0.027608434 0.916155756 -0.010213165 0.952182472 -0.018264612 0.304812640
1756482705541077248.000000 0.375620365 0.028116522 0.914948404 -0.010621115 0.955726802 -0.018536601 0.293479204
1756482705607759360.000000 0.371318579 0.025738917 0.911869526 0.010233355 -0.958598197 0.018152431 -0.283998877
1756482705674441216.000000 0.371976018 0.027791746 0.913157105 -0.010322706 0.962029934 -0.019544439 0.272047698
1756482705707782400.000000 0.370510101 0.027575973 0.913537979 -0.010080208 0.963536799 -0.019758165 0.266655147
1756482705774464256.000000 0.368980289 0.027337216 0.912943184 -0.009695859 0.966557264 -0.020405941 0.255454034
1756482705841145344.000000 0.367857456 0.026270259 0.912362456 -0.009893072 0.969436586 -0.019919261 0.244331926
1756482705874486528.000000 0.367464900 0.025501680 0.911038280 -0.009759023 0.970833361 -0.019641597 0.238750130
1756482705941168384.000000 0.365448475 0.025839275 0.908743382 -0.009599824 0.973532021 -0.019569404 0.227508947
1756482706007850240.000000 0.363257170 0.026245872 0.909140527 0.009247109 -0.976228178 0.018949209 -0.215717301
1756482706074532096.000000 0.366093576 0.029569242 0.903558016 -0.009407158 0.978409886 -0.021733616 0.205312714
1756482706141213952.000000 0.365378439 0.027635844 0.901317775 -0.008733563 0.980851889 -0.024698291 0.192985266
1756482706207895808.000000 0.365739226 0.027825402 0.893989921 -0.008061104 0.983258426 -0.024882745 0.180329546
1756482706241236992.000000 0.366184175 0.028177720 0.889376640 -0.009341773 0.984297991 -0.022412796 0.174837127
1756482706307917568.000000 0.368564546 0.030064296 0.879286885 -0.009996627 0.986562431 -0.020940196 0.161729068
1756482706374599424.000000 0.367660105 0.029979924 0.872147024 -0.009624030 0.988430858 -0.021900736 0.149773777
1756482706441281024.000000 0.367449224 0.029275063 0.864917755 -0.010120938 0.990030825 -0.021973852 0.138758004
1756482706474622464.000000 0.366746843 0.029597174 0.861678898 -0.010037628 0.990539372 -0.022125559 0.135061339
1756482706541306368.000000 0.369946897 0.029927531 0.854313314 0.009402587 -0.990300238 0.021000035 -0.137026161
1756482706607990528.000000 0.374576449 0.030000109 0.850289941 -0.010275505 0.990106702 -0.021935813 0.138210222
1756482706674674432.000000 0.376081705 0.029628146 0.844955385 -0.009851117 0.990162611 -0.023476262 0.137585834
1756482706708016384.000000 0.376702189 0.028732218 0.842042565 -0.010061378 0.990805149 -0.023718685 0.132821262
1756482706774699520.000000 0.376043081 0.028442614 0.833280146 -0.010267915 0.992599785 -0.020483771 0.119250968
1756482706841383424.000000 0.376095057 0.028547827 0.827439487 -0.010565765 0.992790580 -0.020128686 0.117686547
1756482706908067584.000000 0.377267003 0.028123349 0.823687375 -0.009956338 0.992379725 -0.022481799 0.120739907
1756482706941409280.000000 0.377655745 0.027928568 0.821288764 -0.010216008 0.992336333 -0.023423092 0.120895058
1756482707008093696.000000 0.378389418 0.027775537 0.815234423 -0.010119943 0.992262959 -0.023428727 0.121503070
1756482707074777600.000000 0.383566678 0.026862942 0.810235500 0.009741621 -0.992377102 0.021798002 -0.120904125
1756482707108119808.000000 0.383885086 0.028754227 0.802546978 -0.010746962 0.992325544 -0.021759830 0.121248201
1756482707174802688.000000 0.385745049 0.029213704 0.795580685 -0.011017270 0.992421925 -0.021430319 0.120491534
1756482707208144640.000000 0.385680616 0.029542601 0.792192876 -0.010754089 0.992418110 -0.021824863 0.120475307
1756482707274828800.000000 0.387130082 0.029142376 0.786364973 -0.010518253 0.992443323 -0.021503756 0.120346300
1756482707308170752.000000 0.387127578 0.028976485 0.782918692 -0.010024981 0.993008912 -0.022107933 0.115516923
1756482707374855168.000000 0.386579275 0.028845405 0.775844038 -0.010508983 0.994469047 -0.021130713 0.102344722
1756482707441539328.000000 0.387749910 0.029010216 0.769218802 -0.010830130 0.994518340 -0.019864097 0.102085873
1756482707508221184.000000 0.390622377 0.029117502 0.764246106 -0.011208002 0.994404435 -0.021772549 0.102762930
1756482707574902016.000000 0.389812231 0.027601589 0.756829739 0.010332244 -0.994282305 0.023865029 -0.103568666
1756482707608241920.000000 0.391096711 0.027384806 0.754384339 -0.010494804 0.994277835 -0.023440776 0.103692055
1756482707674923008.000000 0.392306805 0.027869884 0.748357356 -0.011085735 0.994220972 -0.023079479 0.104255401
1756482707741603840.000000 0.394085169 0.028077301 0.741937220 -0.010637659 0.994189620 -0.022497956 0.104726978
1756482707808284672.000000 0.395224631 0.028421814 0.734053671 -0.010132413 0.994231343 -0.020888975 0.104714237
1756482707841625088.000000 0.395777106 0.028819017 0.731004179 -0.010324834 0.994260609 -0.020961940 0.104402676
1756482707908306176.000000 0.395575523 0.027971558 0.724259675 -0.010413370 0.994839013 -0.021640752 0.098582916
1756482707974987008.000000 0.396161854 0.028369285 0.717612565 -0.010179224 0.996182084 -0.022091122 0.083842836
1756482708041667840.000000 0.395133495 0.028453760 0.709762275 -0.010510284 0.997095942 -0.021806553 0.072206676
1756482708108347648.000000 0.395012677 0.026281133 0.700478077 -0.010260620 0.997835577 -0.019910462 0.061825968
1756482708141688320.000000 0.397449255 0.026142780 0.698753178 0.010541758 -0.998194039 0.019799475 -0.055727847
1756482708208369152.000000 0.393853843 0.024174962 0.690972984 -0.010019740 0.998403609 -0.020372540 0.051719137
1756482708275049728.000000 0.393728971 0.024160048 0.684779823 -0.010138089 0.998299122 -0.020137684 0.053764522
1756482708341730560.000000 0.393519700 0.024091534 0.679299772 -0.010203380 0.998261333 -0.020886943 0.054165807
1756482708408411392.000000 0.392840385 0.024533499 0.672547758 -0.009994420 0.998232365 -0.019755503 0.055153981
1756482708441751808.000000 0.393529594 0.025266614 0.667864025 -0.009712545 0.998251081 -0.019174423 0.055070907
1756482708508433664.000000 0.392981529 0.024886247 0.660733104 -0.009862929 0.998248160 -0.019359553 0.055033162
1756482708575117056.000000 0.398967862 0.025111636 0.654048622 0.009889471 -0.998320460 0.021839006 -0.052741341
1756482708608458752.000000 0.397652209 0.025152881 0.652370870 -0.010141094 0.998281360 -0.022263570 0.053253055
1756482708675142400.000000 0.398022115 0.025600448 0.645909667 -0.010865951 0.998398721 -0.021852996 0.051034942
1756482708741825792.000000 0.396194726 0.024816573 0.638985455 -0.010921702 0.998915911 -0.021978958 0.039556924
1756482708775167744.000000 0.395192087 0.024120834 0.635765016 -0.009931867 0.999144733 -0.022854844 0.032999102
1756482708841850880.000000 0.392273843 0.023766084 0.627633154 -0.009838902 0.999477148 -0.022044467 0.021509940
1756482708875192832.000000 0.392074376 0.024131987 0.623520255 -0.010405955 0.999569416 -0.020974370 0.017688589
1756482708941875456.000000 0.391716272 0.024087708 0.616379499 -0.010210774 0.999564290 -0.020692622 0.018407507
1756482708975217408.000000 0.391939700 0.024447937 0.612979949 -0.009854051 0.999528110 -0.021375308 0.019738629
1756482709041900800.000000 0.395769686 0.024280719 0.606208086 0.009964343 -0.999537647 0.021451717 -0.019106014
1756482709108584192.000000 0.394725144 0.021781752 0.600870728 -0.009593575 0.999536157 -0.021474948 0.019347310
1756482709175267840.000000 0.393975019 0.021453738 0.595161498 -0.009950352 0.999499023 -0.022660267 0.019729607
1756482709208609536.000000 0.394041657 0.021438006 0.592150152 -0.009704883 0.999519229 -0.021950252 0.019632045
1756482709275293184.000000 0.393572956 0.021322934 0.584663630 -0.009753755 0.999543071 -0.020464059 0.019992007
1756482709308634880.000000 0.393949449 0.021474874 0.581388474 -0.009858416 0.999535620 -0.020237392 0.020537816
1756482709375318272.000000 0.393639237 0.021969732 0.574411154 -0.009551195 0.999540269 -0.020034345 0.020658124
1756482709442000896.000000 0.394312441 0.021932267 0.567523301 -0.009920697 0.999577224 -0.018661318 0.019970156
1756482709508684032.000000 0.395049244 0.021259680 0.561197698 -0.010047315 0.999585152 -0.019263968 0.018905653
1756482709575366656.000000 0.396086335 0.020407520 0.555816114 0.009615757 -0.999558330 0.021272542 -0.018391933
1756482709642049536.000000 0.395155162 0.020260144 0.547597885 -0.009359202 0.999547064 -0.021032916 0.019384397
1756482709675390976.000000 0.395634860 0.020326059 0.544072568 -0.009033717 0.999547243 -0.020957777 0.019608606
1756482709742073856.000000 0.395609975 0.020131174 0.537924945 -0.008753913 0.999564409 -0.020068930 0.019790085
1756482709775415296.000000 0.395166427 0.019690756 0.534867465 -0.008667091 0.999566734 -0.020278646 0.019497391
1756482709842096896.000000 0.396044940 0.019109052 0.529108882 -0.009296890 0.999551296 -0.020968691 0.019264875
1756482709908779776.000000 0.395699799 0.019404631 0.521574378 -0.008935736 0.999548376 -0.020708548 0.019860903
1756482709942120960.000000 0.396448433 0.019465985 0.518086910 -0.008990836 0.999555826 -0.020260276 0.019921608
1756482710008803840.000000 0.396527082 0.019606836 0.511642754 -0.008828185 0.999555051 -0.020845896 0.019423235
1756482710075486976.000000 0.394845068 0.018635690 0.507123232 0.008656036 -0.999520600 0.021805219 -0.020205062
1756482710142169600.000000 0.393873751 0.017962238 0.498438716 -0.007547257 0.999511123 -0.021434946 0.021474062
1756482710208852480.000000 0.393980831 0.017247953 0.491294980 -0.007135461 0.999535441 -0.020535851 0.021358784
1756482710275534080.000000 0.393706918 0.017331557 0.483707279 -0.007513743 0.999587119 -0.019313015 0.019905131
1756482710308875776.000000 0.394229501 0.017466158 0.480355501 -0.007604178 0.999583721 -0.020279029 0.019060181
1756482710375558656.000000 0.394597530 0.017524196 0.474042147 -0.008525246 0.999593616 -0.020846685 0.017476669
1756482710442241536.000000 0.394707203 0.017340092 0.467473179 -0.008633568 0.999606490 -0.020195851 0.017448744
1756482710508923648.000000 0.394036949 0.017606804 0.461386621 -0.008067973 0.999577463 -0.020650301 0.018798364
1756482710542264832.000000 0.393893749 0.017199947 0.458349079 -0.007799959 0.999572814 -0.020863667 0.018926380
1756482710608946944.000000 0.397249937 0.016048454 0.452666372 0.008182859 -0.999634087 0.019917145 -0.016372435
1756482710675629312.000000 0.395149380 0.016571037 0.444483191 -0.009142415 0.999637604 -0.019161554 0.016553491
1756482710742310400.000000 0.394963145 0.016470943 0.438663453 -0.009183260 0.999607742 -0.020118732 0.017187988
1756482710808992768.000000 0.393761039 0.014930179 0.433143079 -0.008994733 0.999610960 -0.019822545 0.017440882
1756482710842333952.000000 0.393488109 0.014287557 0.429439247 -0.009044002 0.999646842 -0.017992893 0.017341418
1756482710909016064.000000 0.393778563 0.013953273 0.422779441 -0.008850260 0.999645948 -0.018308915 0.017161485
1756482710975698432.000000 0.394804060 0.014173323 0.416351199 -0.008842908 0.999625206 -0.019447109 0.017124316
1756482711009039616.000000 0.394866288 0.014277180 0.413322955 -0.009010408 0.999628484 -0.019293996 0.017015317
1756482711075721728.000000 0.395360738 0.014396507 0.406248689 -0.008811775 0.999646366 -0.018263681 0.017202102
1756482711142403840.000000 0.395369768 0.014473856 0.399716705 -0.008548828 0.999644101 -0.018767843 0.016924433
1756482711209084928.000000 0.394687235 0.014899859 0.391678810 -0.008634487 0.999625087 -0.019367272 0.017327150
1756482711275767296.000000 0.393621713 0.014090477 0.385769159 0.008248124 -0.999629736 0.019053500 -0.017590772
1756482711342449408.000000 0.393993020 0.015268419 0.379121214 -0.008447720 0.999593556 -0.021295473 0.016967360
1756482711375790592.000000 0.394123167 0.015412970 0.375963628 -0.008491227 0.999586165 -0.021622838 0.016966950
1756482711442472704.000000 0.393809289 0.015916187 0.369046152 -0.008527047 0.999585390 -0.020991892 0.017771814
1756482711475813888.000000 0.393840164 0.015218286 0.365822107 -0.008237676 0.999594927 -0.020356126 0.018107498
1756482711542498048.000000 0.394232780 0.015250437 0.359332263 -0.008149133 0.999612868 -0.019789359 0.017779849
1756482711575839744.000000 0.393957317 0.015120417 0.356233954 -0.008187626 0.999615788 -0.019919006 0.017454457
1756482711642522880.000000 0.393951118 0.014422576 0.350147814 -0.007852277 0.999609351 -0.020360991 0.017465577
1756482711709206784.000000 0.393719554 0.014355088 0.343072951 -0.008482441 0.999608397 -0.020608127 0.016927399
1756482711742548480.000000 0.394921750 0.013074421 0.340168655 0.008965567 -0.999636829 0.019793626 -0.015944971
1756482711809232640.000000 0.393763006 0.014294511 0.332845241 -0.008673800 0.999599993 -0.021180496 0.016612422
1756482711875916544.000000 0.394192964 0.013489682 0.326103181 -0.008581107 0.999576807 -0.021868205 0.017156979
1756482711942600192.000000 0.393628955 0.013021264 0.319560051 -0.007679131 0.999588907 -0.021068405 0.017868355
1756482711975942400.000000 0.393171579 0.012535154 0.315689564 -0.007151993 0.999616146 -0.019699208 0.018123118
1756482712042626304.000000 0.392412126 0.012933863 0.308109194 -0.006963062 0.999638617 -0.019302720 0.017367763
1756482712075967232.000000 0.392384201 0.012982087 0.305173486 -0.007423915 0.999644399 -0.019412775 0.016709611
1756482712142651392.000000 0.392524928 0.013018338 0.299204350 -0.007415212 0.999611795 -0.020742463 0.017063990
1756482712209335040.000000 0.393265247 0.012994982 0.294129372 -0.007675848 0.999599934 -0.021595825 0.016574353
1756482712276019456.000000 0.392643929 0.012489289 0.285889626 0.008012841 -0.999624610 0.020052664 -0.016865790
1756482712309361152.000000 0.393455625 0.013988838 0.282305241 -0.007690500 0.999629855 -0.020482959 0.016171632
1756482712376045568.000000 0.393581837 0.013367936 0.276020229 -0.007174044 0.999630809 -0.020575641 0.016231202
1756482712409387264.000000 0.393396139 0.013754974 0.273571640 -0.007063508 0.999601841 -0.022082446 0.016083796
1756482712476071168.000000 0.393596113 0.013383340 0.267146707 -0.007309862 0.999586225 -0.022551144 0.016295148
1756482712542753536.000000 0.393915951 0.013181310 0.259990633 -0.007543871 0.999609888 -0.021468710 0.016198151
1756482712576094976.000000 0.394025832 0.012611180 0.256864458 -0.007660657 0.999632120 -0.020590149 0.015909275
1756482712642778112.000000 0.393322468 0.013035329 0.249582157 -0.007887508 0.999651134 -0.019941034 0.015421264
1756482712676119808.000000 0.392934769 0.013042855 0.247012481 -0.008009156 0.999627471 -0.020992214 0.015498352
1756482712742803200.000000 0.393442661 0.012042092 0.242625698 -0.007849109 0.999586165 -0.022788551 0.015704060
1756482712809486336.000000 0.392657608 0.012963391 0.235844821 0.007344882 -0.999568462 0.022754252 -0.017066509
1756482712842827776.000000 0.394049406 0.012121727 0.232085034 -0.007361665 0.999618828 -0.020891245 0.016483750
1756482712909511168.000000 0.394001484 0.011574914 0.224460587 -0.007263302 0.999647319 -0.020037511 0.015844742
1756482712976193280.000000 0.393970668 0.011498693 0.218435302 -0.007212511 0.999630749 -0.021502566 0.014971351
1756482713009534720.000000 0.393976063 0.011708644 0.215713993 -0.007248577 0.999611914 -0.022333369 0.014989492
1756482713076218112.000000 0.393446654 0.010801186 0.209795281 -0.006825407 0.999607742 -0.022225371 0.015619670
1756482713109559552.000000 0.393183887 0.010582552 0.206792101 -0.006563029 0.999599040 -0.022539994 0.015830953
1756482713176242944.000000 0.392762125 0.010631585 0.199840367 -0.006634298 0.999607205 -0.022207430 0.015758272
1756482713242926080.000000 0.393494219 0.011163558 0.192026407 -0.007661249 0.999643385 -0.021152221 0.014392020
1756482713276267520.000000 0.393262655 0.009913020 0.188992187 0.007741752 -0.999647260 0.020786136 -0.014608677
1756482713342950656.000000 0.393180609 0.010477658 0.183001548 -0.007590402 0.999617755 -0.021549763 0.015573508
1756482713409633280.000000 0.392668635 0.009472341 0.176763698 -0.007106749 0.999631464 -0.020637089 0.016143827
1756482713442974464.000000 0.392637283 0.009179726 0.173083976 -0.007015683 0.999626517 -0.020942876 0.016094908
1756482713509657088.000000 0.393367261 0.009731326 0.166337281 -0.007275577 0.999640882 -0.020403201 0.015779600
1756482713576339456.000000 0.393838406 0.009685849 0.159461945 -0.007708321 0.999628186 -0.020570686 0.016157903
1756482713643022080.000000 0.393657237 0.009989864 0.152937531 -0.007147213 0.999633849 -0.020541020 0.016102660
1756482713676363008.000000 0.392942190 0.009952856 0.149006963 0.007455966 -0.999615788 0.021160940 -0.016279411
1756482713743045376.000000 0.393076777 0.010542898 0.143153906 -0.007058169 0.999580324 -0.022860339 0.016333917
1756482713809727744.000000 0.393148810 0.009850892 0.136686400 -0.006799387 0.999601960 -0.021781888 0.016595168
1756482713843067904.000000 0.392854840 0.009537468 0.133137882 -0.006463553 0.999622703 -0.020835724 0.016691642
1756482713909750272.000000 0.392058730 0.009283178 0.125804499 -0.007211422 0.999643862 -0.019647889 0.016558478
1756482713976432640.000000 0.391706467 0.008848638 0.119642094 -0.007261998 0.999614000 -0.020971216 0.016716581
1756482714009773824.000000 0.391837806 0.008132474 0.116803214 -0.007248320 0.999609053 -0.020963641 0.017019177
1756482714076456192.000000 0.391378373 0.007819287 0.109920427 -0.007289598 0.999596953 -0.020513831 0.018224351
1756482714109797120.000000 0.390907288 0.007558864 0.106854446 -0.007502958 0.999600470 -0.019956443 0.018557111
1756482714176479488.000000 0.390499651 0.007301714 0.100536115 -0.007158171 0.999601841 -0.019725909 0.018864717
1756482714243161600.000000 0.392741621 0.007475441 0.094833180 -0.006855326 0.999595046 -0.021072289 0.017853694
1756482714276502016.000000 0.391389281 0.007463338 0.091149643 0.007098163 -0.999569952 0.021754969 -0.018336127
1756482714343183872.000000 0.391469866 0.006016809 0.085165575 -0.007532649 0.999594212 -0.020078255 0.018749146
1756482714376525056.000000 0.391749471 0.005950125 0.081673138 -0.007876943 0.999606550 -0.019257875 0.018811207
1756482714443207424.000000 0.392150611 0.005896556 0.074512690 -0.007798830 0.999594927 -0.019303340 0.019406812
1756482714476548608.000000 0.392266184 0.005842234 0.071348943 -0.007302720 0.999583840 -0.019259403 0.020199694
1756482714543230976.000000 0.392696977 0.005735115 0.065573290 -0.006939657 0.999566853 -0.019196432 0.021204302
1756482714576572160.000000 0.392118871 0.005111502 0.062726848 -0.006858029 0.999548733 -0.019815819 0.021511210
1756482714643254784.000000 0.393100947 0.005195838 0.055730678 0.006287605 -0.999572575 0.020217298 -0.020159822
1756482714709936896.000000 0.392733008 0.005567409 0.048539031 -0.006622930 0.999600708 -0.018977828 0.019859031
1756482714776618240.000000 0.392738461 0.005233515 0.040959790 -0.006910846 0.999625087 -0.018186910 0.019267481
1756482714843300608.000000 0.392485499 0.005156626 0.035099685 -0.007349663 0.999610662 -0.018803462 0.019261012
1756482714876641536.000000 0.392278403 0.004768471 0.032634031 -0.007061004 0.999594092 -0.019737056 0.019294662
1756482714943324160.000000 0.392589450 0.004481682 0.026756868 -0.007543716 0.999587893 -0.018902140 0.020245379
1756482714976665344.000000 0.392344117 0.004214134 0.023392402 -0.007472893 0.999566555 -0.019275665 0.020959327
1756482715043347456.000000 0.391801178 0.003951983 0.016130045 -0.007279121 0.999566436 -0.018632416 0.021606160
1756482715076688640.000000 0.391778409 0.003827529 0.012692804 -0.007013057 0.999572396 -0.018230047 0.021762237
1756482715143371008.000000 0.391684800 0.003506327 0.006288858 -0.007548677 0.999577641 -0.017914595 0.021604013
1756482715210052352.000000 0.392839640 0.003798433 0.000191364 -0.006971917 0.999551713 -0.020134920 0.021032639
1756482715243393536.000000 0.391672403 0.002678236 -0.002455603 0.006525603 -0.999511540 0.020410586 -0.022748712
1756482715310075648.000000 0.391393334 0.002206111 -0.008741397 0.005885486 -0.999322534 0.019697260 -0.030527741
1756482715343416832.000000 0.393459678 0.003487005 -0.011991486 -0.005976247 0.999114692 -0.019584000 0.036751058
1756482715410098944.000000 0.396251798 0.003514904 -0.018277042 -0.006575763 0.998636782 -0.018352438 0.048420824
1756482715443440384.000000 0.397459507 0.003327692 -0.021428227 -0.006562313 0.998380780 -0.017171908 0.053832214
1756482715476781824.000000 0.398399740 0.003216444 -0.024743982 -0.006443383 0.998088360 -0.016399039 0.059238624
1756482715543465472.000000 0.400686622 0.003269330 -0.030131519 -0.006695661 0.997420371 -0.016649902 0.069502249
1756482715576806656.000000 0.401866227 0.002424908 -0.031655446 0.006773579 -0.997033715 0.016942488 -0.074772932
1756482715610147840.000000 0.403171152 0.002042230 -0.033506885 0.006858361 -0.996611953 0.017155705 -0.080145396
1756482715676830976.000000 0.406336576 0.003027528 -0.039809123 0.006999967 -0.995542943 0.017534284 -0.092400394
1756482715743514624.000000 0.409522563 0.003705209 -0.045635611 0.006655868 -0.994436502 0.016975895 -0.103748053
1756482715776856064.000000 0.410070151 0.003894148 -0.048119247 0.006229750 -0.993794322 0.018108120 -0.109572835
1756482715843539712.000000 0.412973076 0.003599337 -0.051119998 0.006028385 -0.992556393 0.020425513 -0.119909473
1756482715876881408.000000 0.414270014 0.003510655 -0.052688926 0.005904378 -0.991902590 0.020599945 -0.125180230
1756482715943564800.000000 0.416993648 0.002856322 -0.057299256 0.006310660 -0.990521014 0.019105401 -0.135879874
1756482715976906752.000000 0.418766052 0.003117119 -0.060574949 0.006930020 -0.989770234 0.018035347 -0.141356394
1756482716043590144.000000 0.422020346 0.002893258 -0.066138178 0.006858106 -0.988210738 0.017471354 -0.151944861
1756482716076931072.000000 0.422605991 0.002272039 -0.068063349 0.007361513 -0.987306833 0.017879145 -0.157643408
1756482716143614464.000000 0.426445961 0.001850774 -0.072428584 -0.007377605 0.985410273 -0.018046480 0.169075727
1756482716176955904.000000 0.428429127 0.001263252 -0.074703425 -0.007461761 0.984408319 -0.017634014 0.174853176
1756482716210297856.000000 0.430999756 0.001187325 -0.077370346 -0.007831641 0.983472168 -0.016593521 0.180127621
1756482716276981248.000000 0.435125411 0.001236101 -0.082511455 -0.008255242 0.981413722 -0.015664186 0.191085562
1756482716310323200.000000 0.436899960 0.000747652 -0.085015416 -0.008340173 0.980279207 -0.014944274 0.196875438
1756482716377006592.000000 0.440911114 0.000490873 -0.088733196 0.008296623 -0.978176177 0.014660188 -0.207093373
1756482716410348288.000000 0.442728013 0.000322641 -0.090524495 -0.008629338 0.977142274 -0.015329109 0.211857572
1756482716477031936.000000 0.446573615 -0.000488800 -0.094028562 -0.009133014 0.974859416 -0.016420724 0.222027287
1756482716510372608.000000 0.447441071 -0.000415341 -0.095604450 0.009814470 -0.973330379 0.016514024 -0.228602231
1756482716543714304.000000 0.449718952 0.000705315 -0.097561836 0.009412274 -0.971767366 0.016173910 -0.235197783
1756482716610397696.000000 0.453977823 0.001334530 -0.102322161 -0.010923562 0.969290555 -0.011510124 0.245405748
1756482716643739136.000000 0.455594540 0.002440223 -0.102678627 -0.010838618 0.968453467 -0.012187591 0.248660535
1756482716677080832.000000 0.456462383 0.003013675 -0.102645010 -0.011586471 0.967796683 -0.010358476 0.251253098
1756482716743764224.000000 0.454975426 0.003836234 -0.098997086 0.010184177 -0.966288626 0.014806972 -0.256833225
1756482716777105920.000000 0.454124212 0.003367060 -0.096634001 0.008603904 -0.964957833 0.017279139 -0.261694193
1756482716843789312.000000 0.456139565 0.002434733 -0.094319433 0.009049895 -0.962180257 0.016781975 -0.271745622
1756482716910472704.000000 0.457924008 0.002756761 -0.094309628 -0.009932534 0.959546328 -0.013999955 0.281027228
1756482716943813376.000000 0.459418893 0.001197483 -0.094387054 -0.010355823 0.958025098 -0.012662099 0.286217332
1756482717010496512.000000 0.458451092 0.001964316 -0.092423260 0.010194286 -0.954438627 0.014345948 -0.297888011
1756482717043838208.000000 0.458513975 0.002307066 -0.090675414 0.010617757 -0.952699780 0.014749571 -0.303369343
1756482717110521856.000000 0.459355384 0.002257190 -0.087407351 0.010110394 -0.949264765 0.014667616 -0.313973159
1756482717177204992.000000 0.461063683 0.002404073 -0.085593641 0.009985412 -0.945498943 0.014531796 -0.325147629
1756482717210546688.000000 0.461437374 0.002625380 -0.084373295 0.010541570 -0.943552732 0.013915298 -0.330761969
1756482717277230080.000000 0.462758601 0.002673230 -0.082470596 0.010748595 -0.939663291 0.013465820 -0.341666758
1756482717310571776.000000 0.462837160 0.002997478 -0.081823409 0.010957979 -0.937512279 0.013626163 -0.347512782
1756482717377255168.000000 0.464774728 0.002283390 -0.081165552 0.011374200 -0.933630109 0.013370791 -0.357808113
1756482717410595584.000000 0.464192212 0.003090365 -0.080300450 0.010957276 -0.931322217 0.013873735 -0.363767087
1756482717477278720.000000 0.463994592 0.003151840 -0.077950776 0.010841236 -0.927273989 0.014082069 -0.373961389
1756482717510619904.000000 0.464748055 0.003059976 -0.077331066 0.010792692 -0.925276220 0.014148206 -0.378876567
1756482717577301760.000000 0.464666247 0.003203204 -0.075536966 0.010659773 -0.920977056 0.013930986 -0.389221877
1756482717643983616.000000 0.464336306 0.003686430 -0.074299097 0.010710209 -0.916559577 0.013868014 -0.399514139
1756482717677324800.000000 0.464358717 0.004016260 -0.074172139 0.010921314 -0.914106548 0.014292386 -0.405074894
1756482717710665472.000000 0.464293808 0.004027316 -0.073598325 0.010928407 -0.911649287 0.014057703 -0.410583198
1756482717777347328.000000 0.467583776 0.003606356 -0.070686281 0.010619362 -0.907913566 0.013223750 -0.418814272
1756482717810688512.000000 0.467379093 0.003806432 -0.070095658 0.010873289 -0.905660748 0.013250815 -0.423656523
1756482717877369344.000000 0.467200220 0.003209378 -0.069266975 0.010681089 -0.900710464 0.013571509 -0.434076518
1756482717944051200.000000 0.467460722 0.003655151 -0.064148486 0.010422146 -0.896597862 0.013665718 -0.442512125
1756482717977392128.000000 0.467827857 0.004019138 -0.062807262 0.010368183 -0.894166052 0.014268498 -0.447387964
1756482718044073984.000000 0.468514949 0.003590268 -0.060642302 0.010414027 -0.888972044 0.014087894 -0.457626432
1756482718110755840.000000 0.469179004 0.004159713 -0.057994246 0.011034023 -0.883659005 0.013501999 -0.467806369
1756482718144096512.000000 0.470062464 0.004345342 -0.056566000 0.011080849 -0.881197393 0.013321936 -0.472430944
1756482718210778368.000000 0.470369577 0.004629323 -0.054178238 0.011289370 -0.876119435 0.013222238 -0.481780499
1756482718244119296.000000 0.470318377 0.005238880 -0.052541137 0.011264015 -0.873535037 0.013604164 -0.486440748
1756482718310800128.000000 0.468498051 0.004313933 -0.051567137 0.010846938 -0.867683351 0.013703471 -0.496810019
1756482718344140800.000000 0.468384862 0.004228749 -0.050611138 0.010803110 -0.864933491 0.013827327 -0.501579642
1756482718410822912.000000 0.469853252 0.003690424 -0.047435641 0.010654808 -0.859726608 0.013315897 -0.510469794
1756482718444163584.000000 0.470198780 0.003829721 -0.046262205 0.010921464 -0.857131064 0.013207781 -0.514813125
1756482718510846720.000000 0.470068097 0.004410265 -0.043660045 0.010948423 -0.851177275 0.013734758 -0.524584472
1756482718577530624.000000 0.470640123 0.005065301 -0.040619731 0.011122244 -0.844886422 0.013749761 -0.534653425
1756482718610872320.000000 0.470459282 0.005358429 -0.038873911 0.011165985 -0.841755211 0.013553767 -0.539573669
1756482718644214272.000000 0.470323414 0.005246542 -0.037949681 0.011433839 -0.838422298 0.013267882 -0.544739604
1756482718710897920.000000 0.470771879 0.005760469 -0.035982132 0.011979434 -0.832152843 0.012593050 -0.554273963
1756482718777580544.000000 0.470994562 0.005131736 -0.034830630 0.011478328 -0.826045275 0.012440762 -0.563349605
1756482718810922496.000000 0.470186651 0.004356585 -0.034261703 0.010436179 -0.822196007 0.013613783 -0.568946123
1756482718877606144.000000 0.472917557 0.003130433 -0.032063544 0.008267415 -0.813420534 0.015871419 -0.581400752
1756482718944290048.000000 0.478814602 0.002912893 -0.031783581 0.010382863 -0.805626631 0.012658546 -0.592197478
1756482718977631744.000000 0.482643515 0.003491512 -0.032337248 0.011874721 -0.802291334 0.010382908 -0.596724212
1756482719044315648.000000 0.489045620 0.003877759 -0.032849133 0.011554151 -0.795434356 0.009420016 -0.605856419
1756482719077657344.000000 0.491415441 0.004416472 -0.032653213 0.011763429 -0.792060852 0.009449416 -0.610255659
1756482719144341248.000000 0.496273816 0.004282270 -0.031680405 0.011033677 -0.785665810 0.010998853 -0.618454993
1756482719177682432.000000 0.499824822 0.004597358 -0.031291783 0.011448890 -0.782343626 0.011205226 -0.622641027
1756482719244365824.000000 0.508381069 0.005658035 -0.033998847 0.011651269 -0.775197506 0.010187851 -0.631529331
1756482719311049728.000000 0.513943434 0.006179119 -0.032659233 -0.015318647 0.768258214 -0.006559476 0.639923215
1756482719344391936.000000 0.514444292 0.006497713 -0.033011496 -0.014799136 0.764985025 -0.007103708 0.643838882
1756482719411075584.000000 0.513553321 0.007506202 -0.033115864 -0.014443436 0.759819925 -0.007147786 0.649933875
1756482719477759488.000000 0.509464085 0.006385642 -0.031466067 0.011348234 -0.755343735 0.010511475 -0.655146301
1756482719511101440.000000 0.508245170 0.005795211 -0.030543864 0.010165255 -0.751901746 0.011193723 -0.659101725
1756482719577785600.000000 0.508366525 0.005218572 -0.027920067 0.010896976 -0.744479597 0.009926146 -0.667482555
1756482719611126528.000000 0.509903371 0.006412587 -0.027023554 -0.012094489 0.741076887 -0.008636925 0.671255767
1756482719677810176.000000 0.509932518 0.006888159 -0.026310444 0.012162925 -0.733444870 0.008562910 -0.679586232
1756482719711152384.000000 0.510087252 0.005585141 -0.025578916 0.011692376 -0.729509711 0.008298243 -0.683820248
1756482719777836288.000000 0.509127796 0.005508556 -0.025339544 0.010935673 -0.721194863 0.008391579 -0.692595184
1756482719844520448.000000 0.507755160 0.005906140 -0.024246007 0.011113079 -0.712940454 0.008048935 -0.701090455
1756482719877862144.000000 0.506938696 0.006432102 -0.023424238 0.011288945 -0.708907127 0.007844408 -0.705167949
1756482719944546560.000000 0.506465077 0.006201520 -0.021791995 0.011352424 -0.701418340 0.007586212 -0.712619066
1756482719977888256.000000 0.505884349 0.006127509 -0.020452678 0.010989173 -0.697678208 0.007808177 -0.716284454
1756482720044572672.000000 0.498472780 0.008898608 -0.018272072 -0.009715064 0.690153956 -0.007990189 0.723553360
1756482720111255552.000000 0.497932404 0.009207916 -0.019099087 -0.009480665 0.681779265 -0.007824765 0.731454670
1756482720144598016.000000 0.499458164 0.008502526 -0.017008990 -0.009453400 0.677559495 -0.007494588 0.735369086
1756482720211281920.000000 0.503108203 0.007574457 -0.012248605 -0.010489006 0.669570327 -0.008186932 0.742629588
1756482720244624128.000000 0.503020167 0.008045172 -0.010129303 -0.010361865 0.665474176 -0.007994778 0.746306241
1756482720311308032.000000 0.503920674 0.008026097 -0.008404404 -0.010765492 0.656904876 -0.007798378 0.753856361
1756482720344650496.000000 0.503660977 0.008726459 -0.007993072 -0.010457509 0.652816892 -0.008008590 0.757401347
1756482720411334400.000000 0.503573596 0.009693120 -0.006935000 -0.010549213 0.644026935 -0.007927637 0.764889061
1756482720444676864.000000 0.503390610 0.010250878 -0.007202536 -0.010105035 0.639480650 -0.008165365 0.768697500
1756482720511359488.000000 0.503369927 0.010292798 -0.005398840 -0.010756183 0.630319715 -0.007742828 0.776222587
1756482720578042880.000000 0.502536476 0.009832088 -0.004181087 -0.010755728 0.621390581 -0.007696891 0.783389330
1756482720611384832.000000 0.500206709 0.009611081 -0.005155742 -0.010028238 0.616404474 -0.007273295 0.787332237
1756482720678068480.000000 0.499335587 0.010999070 -0.004906595 -0.010034261 0.606968880 -0.007537685 0.794626594
1756482720711409920.000000 0.495395780 0.005594117 -0.008656889 -0.010801250 0.601756394 -0.006275221 0.798582077
1756482720778093824.000000 0.492712408 0.004371820 -0.007851154 -0.010276796 0.592136025 -0.006247498 0.805748284
1756482720811435776.000000 0.492028892 0.004941030 -0.007460177 -0.010150376 0.587829113 -0.006183344 0.808897853
1756482720878119424.000000 0.491615564 0.005328429 -0.006728858 -0.009786502 0.579122782 -0.006554577 0.815155268
1756482720911461120.000000 0.491185665 0.005670696 -0.006938547 -0.010022734 0.574515104 -0.006352678 0.818407953
1756482720978143744.000000 0.489972740 0.006444688 -0.005019039 -0.009808498 0.565163553 -0.006038137 0.824898481
1756482721044827392.000000 0.488162398 0.006969211 -0.004922330 -0.009886665 0.555839956 -0.006042903 0.831208646
1756482721078169088.000000 0.487438321 0.007909158 -0.004795939 -0.009440917 0.551145077 -0.006073726 0.834333956
1756482721144852992.000000 0.485318631 0.004978196 -0.001291394 -0.009949178 0.542176545 -0.004853717 0.840191722
1756482721211536640.000000 0.482351780 0.007071524 0.002219245 -0.009865165 0.533515692 -0.004544028 0.845720470
1756482721278220288.000000 0.483366519 0.004112336 0.000691026 -0.010200180 0.523357868 -0.004035258 0.852042437
1756482721311562240.000000 0.480092436 0.007093112 0.002745360 -0.009633097 0.519129634 -0.004492237 0.854629517
1756482721378245888.000000 0.478659213 0.007164287 0.003794983 -0.009731948 0.509609520 -0.004343531 0.860339820
1756482721444928512.000000 0.475400597 0.006114133 0.004221648 -0.009403532 0.499721229 -0.004303474 0.866124570
1756482721478270464.000000 0.475106686 0.005008036 0.004199237 -0.009562701 0.494651854 -0.004052097 0.869029164
1756482721544954112.000000 0.471205115 0.004038972 0.005150825 -0.009270567 0.484445930 -0.004051781 0.874762774
1756482721611637504.000000 0.468785286 0.004732174 0.005467311 -0.009156571 0.473958224 -0.004096969 0.880490243
1756482721678321408.000000 0.467902422 0.005320896 0.006911665 -0.009364291 0.463848621 -0.004557861 0.885853291
1756482721745004800.000000 0.465217561 0.006835403 0.008656725 -0.008209795 0.454610705 -0.004351121 0.890641809
1756482721811688704.000000 0.463244259 0.005458467 0.009115323 -0.008032145 0.445388556 -0.004244978 0.895291328
1756482721878371328.000000 0.462909490 0.007752134 0.011169434 -0.008393358 0.434876770 -0.003926199 0.900442302
1756482721945054976.000000 0.460442185 0.008100217 0.011644810 -0.008370696 0.424493849 -0.003489760 0.905385435
1756482721978396928.000000 0.458584368 0.007676748 0.011159256 -0.008289001 0.419584721 -0.003144117 0.907672882
1756482722045080576.000000 0.456327438 0.007388849 0.012218930 -0.008246548 0.409632683 -0.002822928 0.912208974
1756482722111764224.000000 0.455133796 0.007251549 0.013011061 -0.008303575 0.399796933 -0.002921285 0.916561544
1756482722178447872.000000 0.452946544 0.007199522 0.013322614 -0.007826758 0.390184492 -0.002565196 0.920699835
1756482722245131520.000000 0.449847728 0.005380658 0.017426953 -0.007484345 0.380666822 -0.002818268 0.924677670
1756482722278472448.000000 0.447544903 0.004768888 0.015336700 -0.007205477 0.375828534 -0.002259892 0.926658511
1756482722345156096.000000 0.446042717 0.006968895 0.018223539 -0.007060700 0.365377486 -0.002501941 0.930829346
1756482722445181952.000000 0.441200554 0.007020525 0.019945383 -0.007382994 0.348721892 -0.002084866 0.937194943
1756482722478523648.000000 0.439915299 0.003605986 0.021456264 -0.007874865 0.343270808 -0.002142416 0.939201057
1756482722578548992.000000 0.436704665 0.002029647 0.021678668 -0.007918646 0.326870620 -0.001474924 0.945034742
1756482722645232128.000000 0.434623659 0.001210318 0.020711992 -0.007786946 0.316898763 -0.001270225 0.948426604
1756482722711915776.000000 0.432795912 0.001441725 0.019748725 -0.007432250 0.306585670 -0.001300236 0.951813221
1756482722778598144.000000 0.432371497 0.005078475 0.022291809 -0.007148233 0.295850188 -0.001494673 0.955206454
1756482722845281792.000000 0.427969187 0.000901236 0.020446982 -0.007312017 0.285678506 -0.000483750 0.958297551
1756482722911965440.000000 0.426197857 0.000758698 0.020201448 -0.006948680 0.275433004 -0.000775782 0.961294889
1756482722945306880.000000 0.422987759 0.000262181 0.021730769 -0.006791735 0.270605415 0.000464238 0.962666333
1756482723011990528.000000 0.424874961 0.002481991 0.017756499 -0.006567529 0.259263515 -0.000674521 0.965784073
1756482723078674176.000000 0.423186779 0.002286455 0.018795645 -0.006682977 0.248076260 -0.000498974 0.968717396
1756482723145357568.000000 0.423421949 0.002531360 0.021738056 -0.006421020 0.236445799 -0.000653284 0.971623242
1756482723212040192.000000 0.423208714 0.002960154 0.022089368 -0.006602309 0.225466371 -0.000191411 0.974228561
1756482723278723840.000000 0.418605804 0.002589113 0.022209002 -0.006342475 0.215546370 0.000525740 0.976472914
1756482723345407232.000000 0.418673217 0.003156870 0.022622747 -0.006068137 0.204950616 0.000510140 0.978753388
1756482723412090880.000000 0.417406559 0.002496035 0.022167269 -0.005709659 0.194197163 0.000451113 0.980945885
1756482723478773760.000000 0.414838672 0.002655157 0.022561040 -0.006093023 0.183213606 0.000712018 0.983054042
1756482723545455104.000000 0.410652101 0.002641928 0.023050509 -0.005636608 0.172923759 0.001303401 0.984918237
1756482723578796032.000000 0.409550250 0.002323645 0.022297230 -0.006117642 0.167540625 0.001026053 0.985845745
1756482723645476352.000000 0.407151341 0.002228481 0.022263281 -0.005464971 0.156425551 0.001244351 0.987673879
1756482723712157440.000000 0.405282915 0.002019687 0.021763965 -0.005269176 0.144553959 0.001302785 0.989482045
1756482723778838784.000000 0.401967496 0.002209275 0.020425208 -0.005935825 0.133320987 0.001407610 0.991054177
1756482723845520128.000000 0.400036424 0.002483887 0.021364884 -0.005526066 0.123300508 0.001530495 0.992352843
1756482723878860800.000000 0.398594737 0.002309638 0.021430366 -0.005266957 0.118461482 0.002033452 0.992942631
1756482723945541888.000000 0.395820975 0.002178346 0.021209372 -0.005951073 0.108128972 0.001831051 0.994117439
1756482724012222976.000000 0.393422395 0.002028682 0.018424699 -0.005666519 0.097110830 0.002428681 0.995254457
1756482724112243456.000000 0.390341192 0.001650632 0.018362764 -0.005542492 0.081875168 0.002786322 0.996623337
1756482724145583872.000000 0.389978796 0.001148984 0.018030031 -0.005695667 0.076506548 0.002564957 0.997049570
1756482724212264704.000000 0.388075709 0.001189011 0.017947335 -0.005815371 0.065473758 0.002604805 0.997833967
1756482724278945792.000000 0.386781871 0.001655545 0.016766861 -0.004403345 0.053911481 0.003317179 0.998530507
1756482724345626624.000000 0.381739765 0.001881839 0.019495927 -0.003344900 0.039986383 0.002983197 0.999190211
1756482724445648128.000000 0.379015297 0.002876068 0.028625280 -0.004152108 0.027745599 0.002282940 0.999603808
1756482724512329728.000000 0.380291998 0.003096880 0.035980765 -0.004636528 0.027788736 0.003198266 0.999597967
1756482724579013632.000000 0.382411361 0.003250679 0.040728718 -0.002632231 0.027439224 0.002770439 0.999616206
1756482724645697280.000000 0.384095281 0.003176667 0.045756117 -0.001104978 0.026803028 0.003262738 0.999634802
1756482724712380928.000000 0.385320187 0.003949000 0.052459270 -0.002757146 0.026858293 0.003208562 0.999630332
1756482724779064320.000000 0.385650426 0.002894261 0.059454508 -0.005350010 0.027518149 0.002731493 0.999603271
1756482724812406272.000000 0.387469828 0.004701398 0.063692011 -0.005081893 0.026960799 0.003349762 0.999617994
1756482724879090176.000000 0.388823241 0.004891141 0.069901876 -0.004219435 0.026982231 0.003384768 0.999621332
1756482724945772544.000000 0.389207572 0.004708349 0.073447831 -0.003971006 0.027015233 0.003753662 0.999620140
1756482725012456448.000000 0.388879597 0.004203064 0.078498162 -0.003041691 0.026475893 0.003629385 0.999638259
1756482725079140096.000000 0.387681484 0.002189155 0.084857449 -0.004172681 0.026509874 0.002951650 0.999635518
1756482725145823744.000000 0.386074036 0.002437564 0.092551135 -0.005478277 0.026692975 0.002538023 0.999625444
1756482725179165952.000000 0.386191517 0.002774544 0.096000306 -0.005648956 0.026447741 0.002129916 0.999632061
1756482725279191552.000000 0.387542069 0.004125590 0.107820816 -0.006529156 0.025916144 0.002008386 0.999640882
1756482725345874944.000000 0.385732383 0.003892286 0.113013417 -0.006526573 0.025720960 0.001885533 0.999646127
1756482725412557824.000000 0.386186600 0.004024329 0.119026005 -0.005069837 0.024884211 0.002027105 0.999675453
1756482725479241472.000000 0.386968225 0.004300443 0.125767440 -0.006034788 0.024269816 0.001374655 0.999686301
1756482725512582656.000000 0.387326568 0.004005003 0.128341973 -0.006798383 0.024175704 0.001390133 0.999683678
1756482725579265280.000000 0.389753312 0.003929504 0.135545418 -0.006375464 0.024277935 0.001026619 0.999684453
1756482725645947904.000000 0.389145494 0.004465405 0.142197356 -0.006851120 0.026304394 0.000293469 0.999630511
1756482725712630528.000000 0.388077080 0.004527159 0.148217395 -0.006168949 0.027420990 -0.000810520 0.999604642
1756482725779313152.000000 0.388656080 0.003776055 0.153304324 -0.005368741 0.026530139 -0.000871642 0.999633253
1756482725845994752.000000 0.388312250 0.004069349 0.160545662 -0.006856298 0.024564790 -0.000355078 0.999674737
1756482725912677376.000000 0.388241082 0.004385480 0.169248521 -0.010534765 0.022758406 0.000154627 0.999685526
1756482725979359744.000000 0.388347924 0.005518024 0.176429749 -0.008526457 0.020765733 0.001002886 0.999747574
1756482726046042112.000000 0.388393998 0.005515866 0.181678578 -0.006937051 0.022012224 0.001236249 0.999732912
1756482726112724736.000000 0.390408695 0.005824165 0.187151551 -0.005798091 0.022668442 0.001348206 0.999725401
1756482726179407360.000000 0.391362697 0.006356855 0.192741767 -0.005705505 0.021216523 0.002241537 0.999756157
1756482726246089984.000000 0.391170412 0.006436347 0.200356603 -0.007056462 0.022584040 0.001725875 0.999718606
1756482726312771584.000000 0.391201317 0.007072429 0.206141010 -0.008080089 0.022751223 0.001686588 0.999707162
1756482726379453952.000000 0.391755819 0.006427260 0.212003991 -0.007075897 0.021431589 0.002369640 0.999742508
1756482726446136576.000000 0.391680717 0.006245520 0.217505097 -0.006021160 0.020751702 0.002065772 0.999764442
1756482726512818688.000000 0.391891241 0.006199277 0.223912165 -0.006191143 0.020878928 0.002471900 0.999759793
1756482726546160128.000000 0.391980708 0.006998520 0.227558434 -0.006517699 0.021344719 0.002188775 0.999748588
1756482726612842496.000000 0.392367661 0.006992879 0.233428955 -0.006753783 0.021594660 0.001978376 0.999742031
1756482726679524864.000000 0.392232746 0.007546458 0.239441723 -0.006939736 0.018598609 0.001924463 0.999801099
1756482726746206208.000000 0.391020656 0.006646798 0.244405329 -0.006804468 0.005015369 0.003206829 0.999959171
1756482726812888576.000000 0.388954967 0.008739176 0.252201438 -0.004864118 -0.001207950 0.003240375 0.999982238
1756482726879570944.000000 0.388757229 0.008230388 0.257899940 -0.006881629 0.001911511 0.002514218 0.999971330
1756482726946253312.000000 0.389235228 0.008358865 0.264345467 -0.006927909 0.001985467 0.002850894 0.999970019
1756482727012935936.000000 0.388150841 0.008539909 0.270664275 -0.006376087 0.002643218 0.002243292 0.999973714
1756482727079618304.000000 0.388885409 0.009449876 0.279500961 -0.006343229 0.002112666 0.002013377 0.999975681
1756482727146300416.000000 0.388975143 0.009032065 0.284584731 -0.004571307 0.001316601 0.002063404 0.999986589
1756482727212981760.000000 0.388765961 0.008955880 0.290845066 -0.005305864 0.000502823 0.002501743 0.999982715
1756482727279664128.000000 0.390064120 0.008957537 0.297804028 -0.007127028 0.000303405 0.002534953 0.999971330
1756482727346346240.000000 0.388270825 0.010015306 0.306015432 -0.007642500 0.001330894 0.003038851 0.999965370
1756482727379687424.000000 0.389515281 0.010734920 0.309260488 -0.007114961 0.001414035 0.003468260 0.999967694
1756482727446369536.000000 0.389750123 0.010902453 0.316464156 -0.006720598 0.002842048 0.002792197 0.999969542
1756482727513053184.000000 0.389397830 0.010594266 0.322704613 -0.005693073 0.003623007 0.001790054 0.999975681
1756482727579737600.000000 0.389173001 0.010794385 0.327635288 -0.005034102 0.002839454 0.001860575 0.999981582
1756482727646420736.000000 0.389023572 0.011192307 0.335134000 -0.006733971 0.002225630 0.001907877 0.999973059
1756482727713104896.000000 0.387229860 0.011619277 0.342819303 -0.008146318 0.002622004 0.001647928 0.999962091
1756482727779789312.000000 0.387343884 0.011879851 0.348911047 -0.006528432 0.002022805 0.001920702 0.999974847
1756482727879815680.000000 0.388532400 0.012737892 0.356990248 -0.006408511 0.001185161 0.002336907 0.999976039
1756482727913157888.000000 0.388102114 0.012532428 0.361802727 -0.006053052 0.001743332 0.002368710 0.999977410
1756482728013184256.000000 0.387857437 0.012139737 0.371426851 -0.005792395 0.002559008 0.002378454 0.999977112
1756482728079867648.000000 0.387102187 0.012744626 0.378727198 -0.007323611 0.002660176 0.001602525 0.999968350
1756482728113209856.000000 0.386617869 0.012853396 0.382616788 -0.008019362 0.002289305 0.001351007 0.999964297
1756482728179894272.000000 0.387281924 0.013296609 0.388710856 -0.008036327 0.001362705 0.001604195 0.999965489
1756482728246578944.000000 0.386922210 0.013247671 0.394042134 -0.006500655 0.001010490 0.001847442 0.999976695
1756482728313263104.000000 0.387766033 0.013632234 0.398735553 -0.006026156 0.000754874 0.001320509 0.999980748
1756482728379947776.000000 0.388607115 0.014409682 0.405672580 -0.006601613 0.001088662 0.001604467 0.999976337
1756482728446632192.000000 0.387726635 0.014109762 0.411813587 -0.007319872 0.002528931 0.001044479 0.999969542
1756482728513315072.000000 0.388015985 0.014173820 0.418845803 -0.008340048 0.001763975 0.001134634 0.999963105
1756482728579998208.000000 0.387801617 0.014222182 0.425576389 -0.007404414 0.000786942 0.001466995 0.999971211
1756482728646681600.000000 0.387803853 0.013949757 0.433116794 -0.006285997 0.000899049 0.002029275 0.999977767
1756482728713364992.000000 0.388870209 0.015117588 0.437138945 -0.005573969 0.000745214 0.002734360 0.999980450
1756482728780048640.000000 0.388889909 0.015439292 0.442875475 -0.005630251 0.000723570 0.002508310 0.999980748
1756482728846731776.000000 0.388006955 0.016288159 0.451229990 -0.006980335 0.001416570 0.002065571 0.999972522
1756482728913415168.000000 0.388777554 0.015916985 0.458704203 -0.006959549 0.001233985 0.001797137 0.999973416
1756482728980098048.000000 0.387829125 0.016533280 0.464029551 -0.005730406 0.001276846 0.001630314 0.999981463
1756482729046781184.000000 0.388492823 0.016137214 0.469712645 -0.006247912 0.000502251 0.001782523 0.999978840
1756482729113464576.000000 0.388388515 0.016309880 0.476406693 -0.006813187 -0.000230075 0.002285569 0.999974191
1756482729213489920.000000 0.389130592 0.016882993 0.486593693 -0.006821010 -0.000612320 0.002393570 0.999973774
1756482729246831616.000000 0.390084684 0.017154008 0.491138786 -0.006644916 -0.000724668 0.002431100 0.999974728
1756482729313515264.000000 0.390040249 0.016880253 0.496751904 -0.005727064 -0.000505811 0.002337472 0.999980748
1756482729380198656.000000 0.389984369 0.017021067 0.502521813 -0.005278902 -0.000375794 0.002078862 0.999983907
1756482729446881024.000000 0.388893396 0.016956691 0.511236072 -0.007113509 0.000842956 0.001936151 0.999972463
1756482729513564160.000000 0.389622778 0.016573410 0.516527176 -0.007126438 0.001095145 0.001095742 0.999973416
1756482729580247296.000000 0.389076293 0.017131876 0.522156179 -0.005852757 0.001309883 0.000782985 0.999981761
1756482729646930176.000000 0.389053792 0.017182587 0.529229283 -0.007307896 -0.000205467 0.001623554 0.999971986
1756482729713613312.000000 0.389076054 0.016327238 0.537046909 -0.008491162 -0.000821390 0.002482979 0.999960542
1756482729746954752.000000 0.389910936 0.015960868 0.539935231 -0.007428647 -0.000263733 0.002687365 0.999968767
1756482729813637632.000000 0.389418453 0.016242756 0.545940578 -0.006306435 0.001313309 0.002251860 0.999976754
1756482729880319488.000000 0.389922172 0.017409457 0.551490486 -0.006630053 0.001378121 0.002188868 0.999974728
1756482729947002624.000000 0.390510112 0.018725995 0.561473429 -0.006833833 0.001292906 0.002440244 0.999972880
1756482730013685504.000000 0.389084905 0.017379966 0.565456748 -0.006103565 0.001976364 0.002339503 0.999976754
1756482730080368640.000000 0.389581382 0.017421726 0.571343780 -0.005438202 0.002084983 0.002739405 0.999979317
1756482730113709824.000000 0.389456242 0.017192153 0.574492753 -0.006797622 0.002176435 0.002754989 0.999970734
1756482730180392960.000000 0.391451150 0.018790526 0.583648205 -0.006886055 0.002156125 0.002451241 0.999971032
1756482730247076096.000000 0.390664011 0.019003231 0.589892447 -0.005400675 0.002200086 0.002205219 0.999980628
1756482730313757952.000000 0.391142577 0.018859291 0.596435130 -0.004728732 0.001462947 0.002232283 0.999985278
1756482730380440832.000000 0.391291738 0.019558977 0.603923738 -0.005235707 0.001388017 0.002097609 0.999983191
1756482730447123712.000000 0.389918864 0.021005820 0.611288965 -0.006646647 0.001978845 0.002129412 0.999973714
1756482730513805824.000000 0.390450776 0.020717740 0.617025137 -0.005554697 0.001383252 0.002387421 0.999980807
1756482730580487680.000000 0.390411943 0.019993996 0.622873902 -0.005570855 0.000767825 0.002261705 0.999981701
1756482730647169280.000000 0.390113145 0.019878667 0.629207850 -0.005191996 0.000447822 0.002093183 0.999984324
1756482730713850880.000000 0.389363438 0.019702189 0.635314167 -0.005895163 0.001689323 0.001959647 0.999979317
1756482730780531968.000000 0.389306694 0.020517269 0.642747879 -0.006442916 0.001771466 0.002302917 0.999975085
1756482730847213568.000000 0.389627069 0.020321267 0.649481237 -0.006568679 0.001069393 0.002866088 0.999973774
1756482730913895424.000000 0.389048189 0.020687815 0.655246913 -0.006280368 0.001152920 0.002631083 0.999976158
1756482730980577024.000000 0.390619069 0.021744039 0.662205696 -0.005188161 0.001726870 0.003058510 0.999980390
1756482731047258624.000000 0.390481681 0.022073785 0.669900179 -0.006377934 0.002005521 0.003277555 0.999972284
1756482731113939968.000000 0.389973968 0.022583472 0.676718473 -0.006775211 0.002595844 0.002486292 0.999970675
1756482731180620544.000000 0.390008122 0.022778532 0.683023632 -0.005161437 0.001899346 0.003121295 0.999980032
1756482731247302144.000000 0.389583230 0.022571696 0.689772725 -0.006889916 0.001566006 0.003004991 0.999970615
1756482731313983744.000000 0.389460117 0.023182439 0.695504367 -0.006786054 0.001930875 0.002556793 0.999971867
1756482731380665088.000000 0.389277041 0.022581808 0.701163650 -0.005500994 0.002739261 0.002525550 0.999977946
1756482731447346432.000000 0.389239252 0.021882514 0.707083166 -0.006233795 0.002568226 0.002402678 0.999974430
1756482731514027264.000000 0.390926182 0.022599127 0.716155946 -0.006929148 0.001212912 0.003492737 0.999969184
1756482731580708096.000000 0.390208930 0.021410976 0.720238090 -0.006681174 0.001630910 0.003801816 0.999969125
1756482731614047232.000000 0.389799118 0.021149069 0.723689795 -0.006963700 0.001507310 0.003920799 0.999966979
1756482731680727808.000000 0.389761358 0.022514055 0.731650054 -0.007580414 0.001828630 0.002912669 0.999965370
1756482731747408128.000000 0.390141964 0.022678791 0.738022268 -0.007286177 0.001209057 0.002626762 0.999969304
1756482731814088704.000000 0.392129600 0.023441473 0.746132612 -0.006316964 0.001324665 0.002914681 0.999974966
1756482731880769280.000000 0.391709507 0.023321176 0.751718581 -0.006625686 0.002018113 0.002259807 0.999973476
1756482731947449600.000000 0.391068578 0.023766838 0.758331597 -0.006261942 0.001511285 0.002216934 0.999976873
1756482731980790016.000000 0.390821546 0.023793364 0.761138856 -0.006373273 0.001212524 0.002233652 0.999976456
1756482732047470336.000000 0.391261220 0.023838617 0.768059850 -0.006188142 0.000418439 0.003364508 0.999975145
1756482732114149632.000000 0.390591949 0.024139617 0.775263429 -0.006682993 0.000525916 0.002711537 0.999973834
1756482732180829696.000000 0.389865071 0.024335064 0.781891406 -0.006137942 0.001579038 0.002402907 0.999977112
1756482732247510272.000000 0.389795661 0.024038784 0.787054539 -0.005886103 0.001902680 0.002464064 0.999977827
1756482732314190336.000000 0.390527517 0.024721472 0.793371439 -0.005971685 0.001709028 0.002544868 0.999977469
1756482732380870656.000000 0.391300440 0.025594231 0.801182449 -0.005738019 0.001741767 0.002702410 0.999978364
1756482732480888064.000000 0.391200393 0.025693577 0.810545146 -0.006964558 0.000796635 0.002890889 0.999971330
1756482732514307328.000000 0.390760362 0.025660247 0.813700199 -0.006545258 0.000571617 0.003266198 0.999973178
1756482732581149440.000000 0.390811771 0.024738023 0.820786238 -0.006264546 0.000409116 0.003317575 0.999974847
1756482732647993344.000000 0.390647680 0.025261464 0.826445997 -0.005639925 0.000556746 0.003704882 0.999977171
1756482732714839552.000000 0.390247792 0.025255885 0.832558632 -0.004699789 0.001305116 0.003597214 0.999981642
1756482732781687296.000000 0.388752043 0.025796946 0.840550423 -0.005920234 0.002814397 0.002431165 0.999975562
1756482732848537344.000000 0.387375832 0.026138155 0.848918319 -0.007935724 0.001150959 0.002015515 0.999965847
1756482732915389184.000000 0.388491511 0.027017482 0.855405569 -0.007695410 -0.000978865 0.003323294 0.999964416
1756482732982242560.000000 0.389786541 0.027047770 0.861274958 -0.007205881 -0.000881044 0.003879456 0.999966145
1756482733049098752.000000 0.390782744 0.027507490 0.866814852 -0.005189934 0.000976887 0.002934732 0.999981761
1756482733115956736.000000 0.389828801 0.025809513 0.872711778 -0.005895698 0.002675992 0.002393105 0.999976218
1756482733182817280.000000 0.389738292 0.026715178 0.879234910 -0.006871236 0.003299169 0.001609893 0.999969661
1756482733249679104.000000 0.389322668 0.026516326 0.886378288 -0.007271635 0.002575203 0.001102174 0.999969661
1756482733316543232.000000 0.389608175 0.027113443 0.894262195 -0.009075444 0.000410477 0.001861766 0.999957025
1756482733349976320.000000 0.389794797 0.028020103 0.898106635 -0.008593868 -0.001232059 0.001896549 0.999960542
1756482733450277120.000000 0.389641345 0.027501572 0.906266868 -0.007425758 -0.002448540 0.003443453 0.999963522
1756482733517063424.000000 0.388960868 0.027521018 0.912143230 -0.006183175 0.000744073 0.002518640 0.999977469
1756482733583761408.000000 0.389606297 0.027586482 0.918733180 -0.006321390 -0.000268422 0.003438067 0.999974132
1756482733650459648.000000 0.390003026 0.028110093 0.926514328 -0.007003494 -0.000302128 0.003219358 0.999970257
1756482733750506752.000000 0.390876740 0.027776401 0.936738849 -0.008307743 0.014464109 0.002830301 0.999856889
1756482733783855616.000000 0.391830057 0.027143678 0.939885139 -0.008288239 0.021132013 0.003108342 0.999737501
1756482733850553344.000000 0.394655138 0.026580997 0.946525693 -0.007874351 0.032650426 0.002591865 0.999432504
1756482733917251840.000000 0.396787673 0.027682161 0.954755366 -0.008900202 0.036358465 0.002778470 0.999295354
1756482733983950080.000000 0.396466374 0.027468586 0.962216198 -0.009124475 0.033741757 0.002357553 0.999386191
1756482734017299712.000000 0.396565646 0.028373128 0.966084778 -0.008792949 0.033587124 0.002220744 0.999394655
1756482734117347840.000000 0.396592468 0.028115373 0.975769758 -0.006835753 0.033458486 0.002385070 0.999413908
1756482734184046336.000000 0.397720456 0.029926788 0.980857730 -0.005698421 0.033336014 0.002079144 0.999425828
1756482734250745600.000000 0.397882223 0.029807970 0.989695609 -0.006313463 0.033233795 0.002297581 0.999425054
1756482734317443584.000000 0.398478180 0.029890981 0.996459424 -0.007939933 0.032901373 0.002121993 0.999424815
1756482734384142848.000000 0.399812251 0.031513397 1.004254222 -0.009342362 0.032216288 0.002384893 0.999434412
1756482734450842368.000000 0.401067078 0.032284249 1.011750698 -0.009214662 0.032947559 0.002422579 0.999411702
1756482734517541376.000000 0.402150840 0.033830456 1.019102931 -0.007078504 0.033594787 0.002307011 0.999407887
1756482734584210944.000000 0.402806789 0.034776196 1.026715517 -0.007552305 0.033324588 0.002072977 0.999413908
1756482734650875648.000000 0.403587818 0.034298085 1.031719208 -0.007676611 0.032469474 0.002757242 0.999439478
1756482734717539840.000000 0.401014805 0.032010742 1.033384681 -0.006292650 0.033109490 0.002547124 0.999428689
1756482734784202752.000000 0.402920872 0.034493614 1.040732980 -0.004950093 0.034066416 0.002072476 0.999405205
1756482734817534720.000000 0.401623696 0.034209240 1.044032335 -0.005132486 0.034586184 0.001732584 0.999387085
1756482734917529856.000000 0.400886595 0.035848003 1.055975676 -0.007629613 0.035516873 0.000437515 0.999339879
1756482734950861312.000000 0.400118858 0.034174636 1.057940841 -0.008791857 0.035043638 0.000132355 0.999347150
1756482735017524480.000000 0.399356961 0.033537854 1.062437415 -0.007359380 0.034155786 0.000632603 0.999389291
1756482735084187136.000000 0.400356770 0.033662640 1.067201138 -0.006625114 0.031466104 0.001036994 0.999482393
1756482735150849024.000000 0.400928169 0.033550043 1.073001027 -0.006674358 0.030314809 0.002114221 0.999515951
1756482735217510144.000000 0.401468486 0.033741660 1.079276323 -0.005505664 0.031241469 0.001954372 0.999494791
1756482735284171776.000000 0.402988315 0.034164041 1.087689400 -0.006070861 0.031632300 0.002049787 0.999479115
1756482735350832896.000000 0.402134806 0.033558257 1.091903329 -0.006428610 0.030987790 0.001663746 0.999497771
1756482735384163584.000000 0.402141988 0.034077648 1.095808506 -0.005608271 0.031399209 0.001424888 0.999490201
1756482735484154624.000000 0.402584732 0.033315934 1.104029775 -0.005772966 0.030900722 0.002043133 0.999503732
1756482735550818560.000000 0.402478367 0.034345277 1.113234401 -0.006392825 0.030991741 0.002129662 0.999496996
1756482735584152064.000000 0.402286112 0.034122024 1.116135240 -0.006706183 0.031183930 0.001715858 0.999489784
1756482735684152064.000000 0.403098613 0.033959862 1.124265552 -0.005293605 0.032438777 0.000991573 0.999459207
1756482735717485824.000000 0.402900010 0.033596359 1.127233863 -0.004462262 0.032573715 0.001177930 0.999458730
1756482735784152576.000000 0.403744787 0.034204461 1.134700537 -0.005386002 0.031835925 0.001581062 0.999477327
1756482735850819328.000000 0.405356795 0.035682373 1.143093824 -0.006235576 0.031576809 0.001750044 0.999480367
1756482735917485824.000000 0.404662102 0.034995340 1.147266030 -0.004872825 0.031250555 0.002472739 0.999496639
1756482735950818560.000000 0.404835105 0.034514971 1.151338816 -0.004255255 0.032022960 0.002300366 0.999475479
1756482736050817536.000000 0.404393464 0.034026746 1.160765767 -0.005127418 0.033330351 0.001338231 0.999430418
1756482736084149248.000000 0.404105753 0.033888273 1.164038181 -0.005538444 0.033878110 0.001144326 0.999410033
1756482736150814464.000000 0.405439794 0.034627691 1.170625448 -0.006307753 0.033778101 0.000986356 0.999409020
1756482736217479680.000000 0.406917840 0.036582451 1.178591132 -0.006052575 0.033538129 0.001051369 0.999418557
1756482736284144384.000000 0.407977253 0.037228744 1.184762120 -0.004470047 0.033075284 0.001267998 0.999442101
1756482736350808832.000000 0.408656389 0.037265942 1.190331578 -0.004676820 0.032025971 0.001662846 0.999474704
1756482736417473024.000000 0.409178257 0.037021678 1.196023226 -0.008268958 0.032996245 0.001911733 0.999419451
1756482736484137216.000000 0.410696685 0.038352173 1.203317285 -0.010459410 0.039702512 0.001497688 0.999155700
1756482736517467904.000000 0.410661489 0.038266491 1.203297138 -0.009879621 0.043793373 0.001615781 0.998990476
1756482736584131072.000000 0.412136316 0.037349392 1.201156259 -0.005406783 0.053949323 0.001532696 0.998527884
1756482736650793728.000000 0.414022148 0.036170367 1.198205590 -0.004161625 0.065634817 0.001816275 0.997833371
1756482736717456128.000000 0.415887564 0.036560290 1.200530529 -0.006809198 0.076880284 0.001133963 0.997016490
1756482736784118016.000000 0.418563575 0.036815509 1.203630567 -0.008720493 0.087970607 0.001293703 0.996084094
1756482736850779648.000000 0.421222031 0.037534278 1.203714252 -0.007419189 0.098041549 0.000945583 0.995154262
1756482736917440768.000000 0.422743678 0.037466165 1.203021169 -0.005091497 0.109234646 0.000652381 0.994002759
1756482736984100864.000000 0.424423307 0.036337763 1.200956941 -0.005498576 0.120692797 0.000238194 0.992674708
1756482737050761216.000000 0.427547902 0.039779514 1.206193328 -0.005944916 0.131002292 0.000184642 0.991364300
1756482737117421312.000000 0.429976016 0.039002359 1.208020329 -0.006989709 0.141640887 0.000523568 0.989893317
1756482737184081408.000000 0.431874305 0.038618907 1.209115148 -0.007167569 0.152509943 0.000267335 0.988275945
1756482737250740992.000000 0.433751196 0.038576227 1.209845304 -0.006480794 0.163968265 -0.000116772 0.986444414
1756482737284070400.000000 0.434437513 0.038048375 1.209174156 -0.006660749 0.170220986 -0.000361029 0.985383332
1756482737350729472.000000 0.436647356 0.038576972 1.208933353 -0.006570841 0.182119131 -0.000411618 0.983254492
1756482737417387264.000000 0.438004971 0.034505539 1.204423547 -0.008013739 0.193429753 -0.001045744 0.981080830
1756482737517374720.000000 0.441023290 0.036240038 1.203346014 -0.007753397 0.209456831 -0.000716336 0.977786958
1756482737584036608.000000 0.443176240 0.033133283 1.203374863 -0.008534068 0.219329298 -0.001167925 0.975612879
1756482737650698496.000000 0.445150495 0.032621458 1.203741908 -0.008366309 0.230256960 -0.000839547 0.973093569
1756482737717360128.000000 0.446805298 0.035127461 1.203769088 -0.008337055 0.241348505 -0.000729343 0.970402479
1756482737784021504.000000 0.449476779 0.035725918 1.203873158 -0.008438918 0.252144128 -0.000785975 0.967652619
1756482737850681344.000000 0.451464236 0.035542585 1.204794526 -0.008858253 0.263054490 -0.000682927 0.964740098
1756482737917341696.000000 0.454228997 0.035209563 1.203881502 -0.009163610 0.273440093 -0.001251413 0.961844563
1756482737984002048.000000 0.455775917 0.034192368 1.201833487 -0.009501043 0.284225494 -0.001156361 0.958709717
1756482738050662144.000000 0.457161635 0.034991477 1.200113177 -0.009433384 0.294225276 -0.001658299 0.955688119
1756482738117321472.000000 0.460802823 0.035230674 1.200997114 -0.010193235 0.304786175 -0.001446977 0.952365220
1756482738183980800.000000 0.462873250 0.034773398 1.200096965 -0.009960175 0.314960659 -0.001904333 0.949050605
1756482738283967744.000000 0.464079946 0.033597365 1.197805405 -0.009619698 0.330257833 -0.002836670 0.943837464
1756482738350626304.000000 0.466642052 0.033747066 1.198785067 -0.009839537 0.340988338 -0.003228062 0.940010488
1756482738417284352.000000 0.468580455 0.034237295 1.197966576 -0.009560116 0.351732522 -0.003668600 0.936044574
1756482738483941632.000000 0.469909132 0.033406049 1.197080612 -0.010255827 0.362686783 -0.003819525 0.931846857
1756482738550601216.000000 0.471554816 0.033891901 1.193321943 -0.009904166 0.372331470 -0.004306667 0.928037047
1756482738617262592.000000 0.473204166 0.033324830 1.193796873 -0.009519445 0.382457674 -0.004521090 0.923913002
1756482738683923712.000000 0.473483384 0.033151843 1.191694975 -0.008169592 0.392465651 -0.004973095 0.919717014
1756482738750583552.000000 0.475178838 0.032568365 1.190541506 -0.007814840 0.402465135 -0.005454205 0.915385723
1756482738817244160.000000 0.475947082 0.032641295 1.189584017 -0.007130350 0.412393570 -0.006278606 0.910956323
1756482738883904000.000000 0.478415757 0.034206297 1.188951015 -0.006029015 0.422007114 -0.006750907 0.906547427
1756482738950563840.000000 0.479980230 0.033119701 1.188510418 -0.005595534 0.431109816 -0.007122383 0.902254045
1756482739017223168.000000 0.481774867 0.032871272 1.187907457 -0.005506563 0.440625876 -0.007434371 0.897643209
1756482739083881984.000000 0.483496249 0.033157010 1.187198877 -0.004109575 0.450541973 -0.008562458 0.892704785
1756482739150540800.000000 0.486123323 0.031152431 1.183749914 -0.002096723 0.460268259 -0.009144451 0.887730300
1756482739217197824.000000 0.495070040 0.033145826 1.188819051 -0.003894580 0.469101161 -0.008480215 0.883095145
1756482739283855872.000000 0.504220307 0.033708096 1.192786813 -0.008338959 0.478403956 -0.007797651 0.878065765
1756482739350513664.000000 0.511487961 0.033167776 1.194107771 -0.007636379 0.488496929 -0.007387357 0.872501016
1756482739417170944.000000 0.515915155 0.030741846 1.193231344 -0.007904707 0.496855110 -0.007655664 0.867763758
1756482739483827712.000000 0.523030877 0.030838206 1.195507884 -0.008556863 0.504861236 -0.007480418 0.863125741
1756482739550486016.000000 0.529460728 0.031124681 1.197084665 -0.008377216 0.514352679 -0.007764040 0.857502699
1756482739617146368.000000 0.537015021 0.031139802 1.198690891 -0.008985115 0.523565829 -0.007408271 0.851905644
1756482739683807232.000000 0.545289993 0.032678127 1.199715853 -0.011013757 0.531788886 -0.006282370 0.846782088
1756482739750467840.000000 0.549740136 0.032016445 1.200695992 -0.014690267 0.538774133 -0.004456485 0.842310429
1756482739783797760.000000 0.552119136 0.033060797 1.201200724 -0.014946116 0.542286456 -0.003943894 0.840051472
1756482739850457600.000000 0.550035477 0.033204313 1.199430585 -0.009456360 0.548154712 -0.007037161 0.836293817
1756482739917117440.000000 0.548882961 0.032894455 1.195108652 -0.008073301 0.557422578 -0.007884053 0.830152333
1756482739983776512.000000 0.551128387 0.032625906 1.193243027 -0.009924346 0.566065311 -0.007079956 0.824270308
1756482740050435584.000000 0.553626537 0.031953704 1.192730188 -0.011456138 0.574723125 -0.006181381 0.818244457
1756482740117093120.000000 0.554403722 0.031627458 1.190638304 -0.010896713 0.583835244 -0.006247751 0.811775029
1756482740150422016.000000 0.555253863 0.031887278 1.190459013 -0.010700130 0.588517129 -0.006159944 0.808390558
1756482740217080064.000000 0.558400095 0.032960787 1.188440800 -0.010621038 0.597484231 -0.006986305 0.801779985
1756482740283737856.000000 0.558832765 0.031089820 1.187063813 -0.011523647 0.606924772 -0.006106205 0.794652343
1756482740350394880.000000 0.560692191 0.031287618 1.185541868 -0.011889656 0.616298616 -0.006423404 0.787396669
1756482740383723520.000000 0.562244415 0.031815361 1.184390664 -0.011865349 0.620783806 -0.006409485 0.783865809
1756482740450380032.000000 0.563962519 0.031972114 1.182853699 -0.011741108 0.629181921 -0.006880607 0.777139008
1756482740517035776.000000 0.563815475 0.032318659 1.180915952 -0.011665625 0.636909723 -0.007074659 0.770817757
1756482740583697408.000000 0.565669298 0.031271853 1.177107930 -0.011794149 0.644786298 -0.007013709 0.764239728
1756482740650359040.000000 0.565370440 0.030330056 1.177068710 -0.012301016 0.653613150 -0.006921119 0.756697237
1756482740683689728.000000 0.566923141 0.031654917 1.175576687 -0.011549453 0.657664299 -0.007616471 0.753184140
1756482740750351360.000000 0.565880001 0.032101251 1.176459074 -0.011252427 0.666371226 -0.007927455 0.745493174
1756482740817012480.000000 0.566532850 0.030371049 1.171490908 -0.011368254 0.674440920 -0.008106649 0.738196909
1756482740883673344.000000 0.566842079 0.031097896 1.172789812 -0.011309616 0.683057070 -0.007900683 0.730234742
1756482740950332928.000000 0.568614602 0.031096468 1.170657873 -0.011691708 0.691025794 -0.007876032 0.722692668
1756482740983662848.000000 0.568168759 0.030459844 1.169532180 -0.011624389 0.694892883 -0.008318185 0.718971252
1756482741050322688.000000 0.568466544 0.030545488 1.167734742 -0.011131223 0.702545702 -0.008351506 0.711502552
1756482741116982272.000000 0.568388700 0.030783331 1.166027784 -0.011262282 0.710125744 -0.008415772 0.703934550
1756482741150311680.000000 0.569417417 0.031605631 1.165908813 -0.011136425 0.713800967 -0.008990535 0.700202465
1756482741216971008.000000 0.570028126 0.031186208 1.164756656 -0.011070096 0.722009718 -0.009042547 0.691735327
1756482741283629568.000000 0.573970258 0.032116044 1.161031485 0.011374081 -0.729540050 0.009283525 -0.683780611
1756482741350287872.000000 0.571494758 0.030001845 1.159346581 -0.012697133 0.737777650 -0.008149511 0.674875259
1756482741383617024.000000 0.571040452 0.028372645 1.157518506 -0.013442194 0.741596162 -0.007711685 0.670667648
1756482741450273792.000000 0.572105587 0.027223617 1.154525280 -0.013985275 0.748601496 -0.007931734 0.662825286
1756482741516931072.000000 0.579469621 0.033288546 1.154566169 0.012622043 -0.755496144 0.009632719 -0.654960632
1756482741550263040.000000 0.579333007 0.033426076 1.153743029 0.012612301 -0.758870482 0.010095280 -0.651041269
1756482741616927744.000000 0.580057621 0.032421246 1.152494311 -0.012175848 0.765569866 -0.010843992 0.643146217
1756482741683592704.000000 0.581565261 0.032489527 1.151890635 -0.012096741 0.773039520 -0.011266677 0.634142458
1756482741750256896.000000 0.581000090 0.030938487 1.149853826 -0.012768895 0.780409753 -0.011400032 0.625034213
1756482741816921600.000000 0.576595485 0.029582256 1.147482991 0.013331308 -0.787945926 0.011160441 -0.615498960
1756482741850252032.000000 0.580692351 0.030699883 1.144911647 -0.013196789 0.791128337 -0.011657563 0.611396670
1756482741916916224.000000 0.578660488 0.027770821 1.143856764 0.013284852 -0.798008561 0.011225075 -0.602395296
1756482741983579392.000000 0.579127789 0.028289948 1.141497970 0.012118133 -0.804428518 0.012885645 -0.593786180
1756482742050242304.000000 0.578737736 0.030104170 1.139288545 0.009083462 -0.813000202 0.016236108 -0.581966162
1756482742116905216.000000 0.584561944 0.027649725 1.133710265 0.008476775 -0.818779051 0.015481715 -0.573837519
1756482742183567616.000000 0.594411373 0.028760439 1.128577471 -0.014815845 0.825319767 -0.010651922 0.564370751
1756482742250229760.000000 0.600757480 0.028966447 1.121285677 -0.014814141 0.832398593 -0.010479463 0.553880274
1756482742283559680.000000 0.603402734 0.029811451 1.119292140 -0.013605957 0.835623920 -0.010882552 0.549025714
1756482742350221312.000000 0.607750297 0.029363494 1.116967201 0.011285119 -0.840944648 0.013733522 -0.540829301
1756482742416882688.000000 0.613342047 0.031894960 1.112316489 0.012012117 -0.845211029 0.013260371 -0.534133196
1756482742450213376.000000 0.616420627 0.031867385 1.109068871 -0.012464404 0.847676277 -0.011625950 0.530240059
1756482742516874240.000000 0.622505307 0.030837856 1.103021026 -0.013942903 0.852506876 -0.009561642 0.522442639
1756482742583538432.000000 0.625288606 0.031694341 1.100840807 -0.014152673 0.856268764 -0.010046019 0.516238928
1756482742616870912.000000 0.625348330 0.032800674 1.103090048 0.012443461 -0.858653605 0.012193158 -0.512260139
1756482742683535104.000000 0.624571562 0.031613227 1.102396488 0.011530830 -0.863260746 0.013208825 -0.504453599
1756482742750198016.000000 0.624907970 0.030692190 1.101181269 0.013203462 -0.868165731 0.012613316 -0.495938331
1756482742783530240.000000 0.624804020 0.030518847 1.099811316 0.013150325 -0.870693922 0.013051356 -0.491476268
1756482742850193664.000000 0.622724295 0.029638726 1.098800302 0.012664959 -0.875772774 0.013155556 -0.482378036
1756482742916857088.000000 0.619928122 0.026701203 1.100652695 0.013225001 -0.881559074 0.012494463 -0.471723050
1756482742983520000.000000 0.621581912 0.028635107 1.094571471 0.012944805 -0.887009621 0.012572445 -0.461398214
1756482743016851456.000000 0.620669365 0.028469350 1.093273878 -0.013196123 0.889621496 -0.012178457 0.456345588
1756482743083513856.000000 0.620582700 0.028361589 1.090023637 -0.013447495 0.894690633 -0.012330502 0.446313769
1756482743150176000.000000 0.617340207 0.027947955 1.087631941 0.013335914 -0.899556756 0.012823245 -0.436411917
1756482743183505664.000000 0.613868952 0.025377681 1.090893388 0.013555577 -0.902219951 0.011952267 -0.430897385
1756482743250167552.000000 0.612476587 0.025246950 1.088923693 0.013227210 -0.906917870 0.012111645 -0.420925736
1756482743316829184.000000 0.611078382 0.025661675 1.086344957 0.013029492 -0.911436796 0.012828794 -0.411033690
1756482743383490304.000000 0.611501098 0.025402119 1.084002972 0.012633016 -0.916103184 0.013073653 -0.400530249
1756482743416820480.000000 0.612371325 0.024733305 1.083559513 0.012575492 -0.918309152 0.013135046 -0.395446330
1756482743483481088.000000 0.614947677 0.026134886 1.083265305 0.012102571 -0.922972202 0.013087340 -0.384453714
1756482743550143744.000000 0.610361099 0.023675125 1.079906583 0.012608059 -0.927088797 0.012425533 -0.374423772
1756482743616808192.000000 0.612935543 0.026777739 1.072269559 0.012391650 -0.931033850 0.013287706 -0.364480376
1756482743683473152.000000 0.610988021 0.027085606 1.071359158 -0.012278320 0.934888065 -0.013027601 0.354491085
1756482743750138368.000000 0.610734344 0.026183983 1.074726820 -0.012130428 0.938899457 -0.012696122 0.343743324
1756482743816802816.000000 0.610684633 0.026663765 1.072573662 -0.012269215 0.942328215 -0.012549627 0.334229857
1756482743850134784.000000 0.610036492 0.027419394 1.072890043 -0.012027556 0.944119275 -0.012703921 0.329139382
1756482743916798720.000000 0.607691050 0.029677417 1.071464300 -0.012111083 0.947678030 -0.013079429 0.318729728
1756482743983462656.000000 0.607130408 0.031061020 1.070346713 -0.012058601 0.951221466 -0.013142320 0.307992995
1756482744050126336.000000 0.607986927 0.030809412 1.067649722 0.012069049 -0.954650402 0.013110174 -0.297195435
1756482744083456768.000000 0.602242231 0.032764889 1.060649276 0.012089307 -0.955660045 0.013696150 -0.293905169
1756482744150119680.000000 0.600456834 0.033568811 1.058868051 0.012156364 -0.958859980 0.014251433 -0.283261061
1756482744216782592.000000 0.602989316 0.032027718 1.063397288 0.012065880 -0.962434232 0.014029520 -0.270883799
1756482744283444992.000000 0.601137638 0.030963380 1.063908458 0.011912156 -0.965326846 0.014159412 -0.260387689
1756482744350107136.000000 0.600452662 0.030739654 1.062280297 0.011508945 -0.968065381 0.014261354 -0.250027150
1756482744416769024.000000 0.599004745 0.029241888 1.060757995 0.011482461 -0.970623791 0.013758638 -0.239934310
1756482744450099968.000000 0.597925425 0.028783387 1.059852481 0.011255354 -0.971844792 0.013837643 -0.234945729
1756482744516760320.000000 0.595140934 0.028877866 1.058475614 0.011205446 -0.974227369 0.013778742 -0.224868000
1756482744583424256.000000 0.596643686 0.033328123 1.055519104 0.010913906 -0.976583898 0.015024927 -0.214334145
1756482744650088192.000000 0.587069511 0.031178953 1.050951362 0.011004743 -0.978513181 0.014278151 -0.205394924
1756482744716752384.000000 0.586236119 0.031126577 1.049345136 -0.010875641 0.980819285 -0.013808534 0.194125563
1756482744750083840.000000 0.593230844 0.032897495 1.051449776 -0.010523195 0.982296526 -0.014462267 0.186476886
1756482744816747776.000000 0.591170430 0.031207966 1.048661947 -0.010386163 0.984401047 -0.014166261 0.175060004
1756482744883410432.000000 0.591239452 0.031967696 1.047147036 -0.010195744 0.986380637 -0.013748262 0.163585946
1756482744950072320.000000 0.589715958 0.031546600 1.046866417 -0.010427665 0.988015532 -0.013852942 0.153378025
1756482744983403776.000000 0.589344859 0.031884123 1.047420740 -0.010304648 0.988830984 -0.014111863 0.148013175
1756482745050065920.000000 0.589065194 0.032688122 1.045655847 -0.009953062 0.990396142 -0.014818720 0.137101814
1756482745116727808.000000 0.586524725 0.034956183 1.041436076 0.010215041 -0.991918206 0.015061126 -0.125567079
1756482745183389440.000000 0.586009979 0.034573615 1.043260813 0.010469322 -0.993393183 0.015574310 -0.113216013
1756482745250050816.000000 0.577450454 0.032607518 1.038492680 0.010414047 -0.994404852 0.015149460 -0.104024313
1756482745316711680.000000 0.575759530 0.032616403 1.036875010 0.010016963 -0.995578229 0.018555932 -0.091538988
1756482745383372288.000000 0.579402030 0.035193212 1.032397389 -0.008352037 0.996602595 -0.023153629 0.078596793
1756482745450031872.000000 0.578457832 0.034190133 1.025074601 -0.008093108 0.996536255 -0.021868218 0.079823494
1756482745483361792.000000 0.579803169 0.033853866 1.020603299 -0.008428500 0.996603608 -0.018943345 0.079695806
1756482745550023680.000000 0.580781758 0.034180433 1.012442470 -0.009997099 0.996883571 -0.016939750 0.076395966
1756482745616687872.000000 0.581788957 0.032757416 1.007399559 -0.008516514 0.996903479 -0.020560691 0.075421035
1756482745683351552.000000 0.583004594 0.032801200 1.002660394 -0.008263818 0.996579647 -0.024275314 0.078559153
1756482745750014976.000000 0.578200579 0.029172206 0.997422934 0.009046311 -0.996505141 0.023397500 -0.079676345
1756482745816678400.000000 0.585661113 0.033485450 0.989331245 0.007895234 -0.996795118 0.020899720 -0.076814897
1756482745883340544.000000 0.587020755 0.032700937 0.980060995 -0.009685531 0.997026145 -0.018572984 0.074162856
1756482745950003200.000000 0.586878896 0.031752966 0.971760929 -0.009892080 0.997854292 -0.017395930 0.062340837
1756482746016665344.000000 0.584117115 0.031429574 0.965240240 -0.008945317 0.998591959 -0.017202811 0.049379043
1756482746049996544.000000 0.582905412 0.031179145 0.962917566 -0.008867099 0.998855472 -0.018812567 0.043073542
1756482746116658432.000000 0.581441879 0.030160580 0.956327736 -0.008848744 0.999276817 -0.020657888 0.030673655
1756482746183319808.000000 0.578728437 0.030570632 0.948762178 -0.008861208 0.999514699 -0.020211058 0.021987520
1756482746249981184.000000 0.578954101 0.031670295 0.941104472 -0.008670818 0.999497592 -0.018982144 0.023856452
1756482746316641024.000000 0.577521622 0.030253666 0.937454700 0.008502143 -0.999413431 0.020766905 -0.025869356
1756482746349971456.000000 0.577471852 0.030059030 0.934476137 0.008550481 -0.999393523 0.021824393 -0.025752157
1756482746416632064.000000 0.579069972 0.031621277 0.926876247 -0.008508032 0.999368429 -0.022681266 0.025999036
1756482746483292160.000000 0.580130696 0.033308372 0.918772817 -0.009100266 0.999427736 -0.020528771 0.025299318
1756482746549953280.000000 0.581081271 0.034153152 0.910467327 -0.009857256 0.999434948 -0.020969169 0.024350241
1756482746583284736.000000 0.581512392 0.034523252 0.907060564 -0.009676402 0.999413073 -0.021448430 0.024896828
1756482746649948416.000000 0.581369817 0.034649178 0.901782632 -0.008789345 0.999336362 -0.023186071 0.026683766
1756482746716611328.000000 0.580972791 0.034711059 0.895769835 -0.008862118 0.999315977 -0.023854079 0.026834933
1756482746783272960.000000 0.579308331 0.030795380 0.888689220 -0.008370570 0.999405146 -0.019173468 0.027418360
1756482746849935360.000000 0.580947697 0.032163966 0.881773770 0.008979851 -0.999438226 0.018424639 -0.026518472
1756482746916597248.000000 0.579840660 0.032737702 0.875068784 -0.008618797 0.999378920 -0.020565793 0.027286708
1756482746983258624.000000 0.579564452 0.032082580 0.870068491 -0.008921923 0.999359071 -0.022033624 0.026766561
1756482747049920000.000000 0.579953194 0.031488433 0.863747001 -0.008748081 0.999368012 -0.022610642 0.025997529
1756482747116580864.000000 0.580020964 0.031263877 0.855291605 -0.009182975 0.999410093 -0.020547906 0.025941705
1756482747183240704.000000 0.580302656 0.032115143 0.847190440 -0.009286306 0.999447703 -0.019412354 0.025323505
1756482747249901056.000000 0.580087960 0.030879481 0.843653381 -0.008508826 0.999330163 -0.024712263 0.025616664
1756482747316560896.000000 0.581399262 0.027467109 0.841642380 -0.008340525 0.999251842 -0.026651446 0.026759427
1756482747349891072.000000 0.580051959 0.027023284 0.838224471 0.008334956 -0.999253929 0.025694780 -0.027602583
1756482747416550656.000000 0.580674291 0.027041864 0.830081761 0.008587468 -0.999360442 0.021646913 -0.027138133
1756482747483209728.000000 0.582588196 0.028638011 0.820633233 -0.009459118 0.999472201 -0.015696615 0.026825316
1756482747549870080.000000 0.582334518 0.029447123 0.812927663 -0.008909685 0.999481380 -0.015978850 0.026501257
1756482747616531968.000000 0.582576931 0.028894313 0.807826936 -0.009289778 0.999458790 -0.017825130 0.026042627
1756482747683194880.000000 0.582710922 0.028601021 0.803247273 -0.009352074 0.999406695 -0.021066068 0.025594151
1756482747749857024.000000 0.582956016 0.027431553 0.798525631 -0.008750903 0.999367237 -0.022889843 0.025779460
1756482747816518912.000000 0.583436847 0.027165191 0.791795254 -0.008254608 0.999352574 -0.022179190 0.027100688
1756482747849849856.000000 0.583402038 0.027781090 0.786380887 -0.008351604 0.999393106 -0.020942399 0.026555186
1756482747916511232.000000 0.582971632 0.027414968 0.779111743 0.007885033 -0.999490142 0.017129656 -0.025767511
1756482747983172352.000000 0.583053768 0.027423663 0.771446049 0.007835771 -0.999515593 0.016730636 -0.025047313
1756482748049832960.000000 0.584112823 0.027369164 0.765034854 -0.008769841 0.999467671 -0.019037273 0.025000133
1756482748116492544.000000 0.584402025 0.026690770 0.760506392 -0.009327302 0.999402583 -0.021697529 0.025234230
1756482748183152384.000000 0.584871471 0.026493739 0.754613042 -0.009056265 0.999376774 -0.021796875 0.026247617
1756482748249812224.000000 0.584916413 0.026865244 0.747274220 -0.009791320 0.999404013 -0.020823566 0.025732649
1756482748316471296.000000 0.584988773 0.027362380 0.739506841 -0.010025362 0.999456227 -0.019086082 0.024950182
1756482748383130368.000000 0.585670292 0.027163625 0.732023001 -0.010105812 0.999466240 -0.018312586 0.025095049
1756482748449788928.000000 0.584931374 0.028457168 0.727039874 0.009318220 -0.999405801 0.020596754 -0.026019409
1756482748483118080.000000 0.585021675 0.027986683 0.724409401 0.008840705 -0.999389589 0.021283949 -0.026254525
1756482748549805824.000000 0.586048961 0.025687708 0.717956066 -0.008475961 0.999430120 -0.021144612 0.024910551
1756482748616559616.000000 0.586511016 0.025699461 0.710874021 -0.009145489 0.999459624 -0.020834973 0.023723431
1756482748683315712.000000 0.586735368 0.025818076 0.703695536 -0.008962407 0.999492586 -0.019800128 0.023285590
1756482748750073600.000000 0.587067842 0.025966486 0.696224213 -0.009517472 0.999541819 -0.017687978 0.022643743
1756482748816833792.000000 0.587326050 0.026143696 0.689635456 -0.009526017 0.999494791 -0.018720664 0.023854572
1756482748883595776.000000 0.586630464 0.026178235 0.684134066 -0.008778700 0.999419689 -0.020623777 0.025651844
1756482748950358528.000000 0.588333189 0.025402393 0.678813696 -0.008586997 0.999402642 -0.021953927 0.025272023
1756482749017124352.000000 0.586754858 0.025291752 0.671499312 0.009322288 -0.999402821 0.022037625 -0.024930447
1756482749083892480.000000 0.586655021 0.025696928 0.662002325 0.009750524 -0.999491453 0.019121986 -0.023583407
1756482749150662656.000000 0.587667525 0.026061606 0.653115451 -0.009694369 0.999535561 -0.017058151 0.023320310
1756482749217434624.000000 0.587808609 0.025457511 0.648376226 -0.009621774 0.999498904 -0.018335218 0.023942787
1756482749284208640.000000 0.587968230 0.025612185 0.643456817 -0.009104813 0.999450624 -0.019577187 0.025145484
1756482749350984448.000000 0.589191616 0.026475990 0.636053562 -0.009451141 0.999427021 -0.020657422 0.025094349
1756482749417761536.000000 0.588379323 0.025415618 0.630859435 -0.009651278 0.999441445 -0.020143762 0.024858057
1756482749484541184.000000 0.588659763 0.026545729 0.623280704 -0.009347168 0.999424934 -0.020215886 0.025568584
1756482749551293440.000000 0.587416828 0.026580404 0.616074324 0.009669985 -0.999381840 0.020403866 -0.026948873
1756482749617989120.000000 0.588034868 0.026680129 0.610159814 0.010006055 -0.999404550 0.019715888 -0.026490360
1756482749684684800.000000 0.590109646 0.024954177 0.604769111 -0.009801139 0.999446750 -0.019583717 0.025031978
1756482749751381248.000000 0.590294957 0.025352661 0.597561598 -0.009122661 0.999445915 -0.020349275 0.024711700
1756482749818077696.000000 0.589986026 0.025192097 0.590534031 -0.009280412 0.999442995 -0.020072881 0.024993232
1756482749884773888.000000 0.589756429 0.025996534 0.582706511 -0.009137948 0.999457955 -0.018625600 0.025561750
1756482749918122496.000000 0.588416934 0.023711644 0.579016328 0.008572559 -0.999471307 0.018080965 -0.025629116
1756482749984820480.000000 0.590273857 0.025191706 0.573334277 -0.008774071 0.999460876 -0.019333536 0.025044585
1756482750051518208.000000 0.590140581 0.024428617 0.567892909 -0.008964859 0.999461055 -0.018792771 0.025381109
1756482750118216704.000000 0.589385748 0.025368880 0.560334682 0.009566319 -0.999423206 0.020725701 -0.025143437
1756482750184915456.000000 0.590032279 0.024904305 0.554719210 0.009502511 -0.999462605 0.022848345 -0.021499418
1756482750251614720.000000 0.587301493 0.021979675 0.545894742 0.009118120 -0.999716878 0.020713588 -0.007349941
1756482750318313472.000000 0.584343433 0.022346634 0.537803650 0.008473439 -0.999760211 0.019653475 0.004631824
1756482750351663360.000000 0.581752777 0.022427764 0.534102023 0.008032915 -0.999747753 0.018313371 0.010227524
1756482750418363648.000000 0.582719982 0.022457696 0.526390612 -0.009055331 0.999653637 -0.019949842 -0.014581766
1756482750518414592.000000 0.583205581 0.021803375 0.518213391 -0.008649609 0.999703407 -0.020469423 -0.009970701
1756482750585099520.000000 0.582946241 0.021118931 0.512177944 -0.008891803 0.999674737 -0.021656333 -0.010115829
1756482750651781376.000000 0.582686841 0.020809826 0.504715919 -0.008597370 0.999712825 -0.019943083 -0.010134447
1756482750718463232.000000 0.582146406 0.021760590 0.497057498 -0.008603935 0.999737024 -0.018382810 -0.010677203
1756482750818484736.000000 0.582885206 0.019811571 0.488271952 -0.008917383 0.999740005 -0.019867225 -0.006767953
1756482750885166592.000000 0.584981561 0.019824967 0.483810782 -0.009649438 0.999725819 -0.020667296 0.005310138
1756482750951848704.000000 0.583459854 0.020112641 0.479875267 -0.008947771 0.999602556 -0.025918990 0.006549661
1756482751018530816.000000 0.583379328 0.019220117 0.474305332 -0.008387161 0.999616385 -0.025644453 0.006254148
1756482751085212672.000000 0.583227038 0.019393053 0.465377808 -0.008825526 0.999724150 -0.021004079 0.005712053
1756482751151894528.000000 0.582221866 0.020685788 0.455952406 -0.008473427 0.999762118 -0.019025156 0.006476602
1756482751218575360.000000 0.581735969 0.020959947 0.448595107 -0.007833485 0.999759614 -0.019445656 0.006419295
1756482751285257216.000000 0.581499815 0.021015579 0.442612022 -0.008185269 0.999737322 -0.020742446 0.005298939
1756482751351939328.000000 0.581194580 0.020167399 0.437347800 -0.008074931 0.999705672 -0.022117136 0.005853502
1756482751418621184.000000 0.581318557 0.019062679 0.430859327 -0.007883425 0.999686897 -0.023018517 0.005850830
1756482751451962112.000000 0.581503212 0.018515704 0.428655297 -0.007720701 0.999710917 -0.022119958 0.005406421
1756482751518643968.000000 0.582072854 0.019121880 0.420378476 -0.008095365 0.999722362 -0.021485060 0.005305561
1756482751585329408.000000 0.580795646 0.018604049 0.414260566 0.007450446 -0.999727607 0.021056356 -0.006775166
1756482751685357568.000000 0.580837369 0.018702373 0.403646976 0.006990191 -0.999725878 0.020975627 -0.007706358
1756482751718700800.000000 0.580773473 0.017938893 0.400411099 -0.006915374 0.999749124 -0.020186404 0.006811286
1756482751785387264.000000 0.579986989 0.016936725 0.393844038 -0.006710189 0.999763966 -0.019822689 0.005842909
1756482751852073472.000000 0.579889894 0.016383901 0.387175202 -0.007108528 0.999769151 -0.019602418 0.005195272
1756482751918759936.000000 0.580641448 0.015995579 0.381049812 -0.007460617 0.999749959 -0.020648763 0.004245583
1756482751985446400.000000 0.579984248 0.016536310 0.374316663 -0.008000973 0.999708712 -0.022346551 0.004375180
1756482752018789888.000000 0.580150306 0.015169261 0.371536523 -0.007879316 0.999738991 -0.020960143 0.004533580
1756482752085475584.000000 0.579959095 0.015307071 0.364661783 -0.008061533 0.999741375 -0.020736137 0.004726687
1756482752152162304.000000 0.580141425 0.015723772 0.357538313 -0.007993410 0.999747694 -0.020380141 0.005038159
1756482752218849280.000000 0.580311060 0.015439045 0.350071311 -0.008206900 0.999756634 -0.020072330 0.004053483
1756482752285536000.000000 0.579206467 0.015055951 0.343683362 0.007604452 -0.999797106 0.017967934 -0.005002179
1756482752352223232.000000 0.579389215 0.014653048 0.336968988 0.007348529 -0.999799848 0.017862381 -0.005216875
1756482752418910208.000000 0.580676377 0.014635114 0.329726070 -0.008619508 0.999787927 -0.018403379 0.003354045
1756482752485597440.000000 0.579901993 0.014415771 0.324802935 -0.008110937 0.999764681 -0.019802332 0.003560636
1756482752518939904.000000 0.580050528 0.014602121 0.320851743 -0.007778054 0.999746323 -0.020802977 0.003743296
1756482752585623296.000000 0.579600036 0.014923666 0.315477937 -0.007471292 0.999724805 -0.021864396 0.004054551
1756482752652305664.000000 0.579099536 0.014614735 0.308122844 -0.007534230 0.999759853 -0.020350235 0.003067784
1756482752718988032.000000 0.579117596 0.015026266 0.300447762 -0.008168723 0.999769390 -0.019695880 0.002554979
1756482752752329472.000000 0.579099536 0.015095949 0.297070980 -0.007910023 0.999765277 -0.019957984 0.002919695
1756482752819011840.000000 0.578726828 0.015153030 0.290460259 -0.008183582 0.999766648 -0.019825706 0.002587451
1756482752852353024.000000 0.578902245 0.015358290 0.287315845 -0.008530613 0.999756396 -0.020165861 0.002782041
1756482752919035648.000000 0.578801572 0.014522638 0.282133371 -0.007849153 0.999737620 -0.020980582 0.004802767
1756482752985716992.000000 0.579187632 0.012858098 0.275562018 -0.006317730 0.999750853 -0.020654809 0.005637859
1756482753052399360.000000 0.578833401 0.012734314 0.268892944 -0.007148151 0.999785244 -0.018941814 0.004418383
1756482753119081984.000000 0.577187419 0.010981895 0.261962086 0.007322937 -0.999816835 0.017177690 -0.004207624
1756482753185764352.000000 0.577153802 0.011189813 0.254509836 0.007286713 -0.999815226 0.017366190 -0.003858093
1756482753252447232.000000 0.578822672 0.012597127 0.247397691 -0.007082700 0.999776542 -0.019582039 0.003658773
1756482753319129344.000000 0.578420937 0.012127964 0.241966441 -0.006774152 0.999735713 -0.021586427 0.004102738
1756482753385811712.000000 0.579216182 0.010958516 0.235628515 -0.007184288 0.999746919 -0.020991141 0.003725116
1756482753419152128.000000 0.578871489 0.010517928 0.231954381 -0.007064031 0.999773324 -0.019760381 0.003605764
1756482753485834240.000000 0.578127801 0.011391098 0.225016043 0.006819873 -0.999814272 0.017355211 -0.004865654
1756482753552516864.000000 0.578375041 0.010050248 0.216076851 -0.005915746 0.999846101 -0.015809158 0.004798891
1756482753619198720.000000 0.577931285 0.009656643 0.209275886 -0.005808113 0.999846518 -0.016197933 0.003291884
1756482753685880576.000000 0.577914953 0.009454430 0.202961311 -0.006241021 0.999841928 -0.016441716 0.002639670
1756482753752562176.000000 0.577836931 0.008977629 0.197383359 -0.006310441 0.999812365 -0.018216256 0.001885920
1756482753785903104.000000 0.575752497 0.009635929 0.196509019 0.006848286 -0.999782443 0.019468836 -0.003019300
1756482753852583936.000000 0.576536477 0.009644980 0.190525606 0.006980281 -0.999734998 0.021715011 -0.003118392
1756482753919266048.000000 0.578415334 0.010253588 0.183212355 0.006945356 -0.999753952 0.020903252 -0.002630973
1756482753985947648.000000 0.576185584 0.010589863 0.175288633 -0.006878471 0.999792695 -0.018788058 0.003789339
1756482754019288320.000000 0.577048719 0.010421554 0.171325803 0.006825643 -0.999820888 0.017422520 -0.002849343
1756482754085970176.000000 0.577045858 0.010456001 0.165982351 0.007095788 -0.999777734 0.019624343 -0.003018931
1756482754119311104.000000 0.575387418 0.010314472 0.163689077 -0.007139151 0.999738216 -0.021321613 0.004249767
1756482754185992704.000000 0.575287580 0.009535055 0.157531634 -0.007124398 0.999747217 -0.020690002 0.005178163
1756482754252674304.000000 0.575486183 0.009790136 0.149037391 -0.007482784 0.999814808 -0.016687535 0.005990961
1756482754286014208.000000 0.575329006 0.010004759 0.145085558 -0.007362782 0.999829292 -0.015803756 0.006126351
1756482754352695808.000000 0.574378133 0.009754553 0.139235735 -0.006572127 0.999801338 -0.017902084 0.005796357
1756482754419377408.000000 0.575069427 0.009868229 0.134764224 -0.007348548 0.999707043 -0.022679605 0.004184754
1756482754452718336.000000 0.574780583 0.009534908 0.132866383 -0.007684462 0.999673903 -0.024009584 0.004075104
1756482754519399936.000000 0.575488150 0.008903274 0.125658154 -0.006945714 0.999659240 -0.024769079 0.004446888
1756482754586081024.000000 0.575842381 0.007217788 0.119882345 -0.006548489 0.999713421 -0.022643853 0.004203168
1756482754652761600.000000 0.573920965 0.007474276 0.114487857 0.007398035 -0.999634147 0.025687400 -0.004137041
1756482754719442688.000000 0.575987518 0.007161320 0.107824266 -0.006576719 0.999612510 -0.026916085 0.002660299
1756482754752781824.000000 0.576223493 0.007307915 0.103546664 -0.006552430 0.999654353 -0.025318323 0.002711305
1756482754819462656.000000 0.576844394 0.008284871 0.094008476 -0.007691619 0.999765098 -0.020203697 0.001606638
1756482754886143488.000000 0.577335835 0.009860318 0.085356191 -0.008379773 0.999803305 -0.017967865 0.000470838
1756482754919483904.000000 0.577358484 0.009762286 0.082167804 -0.008108919 0.999815822 -0.017373314 0.000900852
1756482755019504896.000000 0.574868858 0.008840342 0.072363548 0.006870465 -0.999819040 0.017444864 -0.003230939
1756482755086185472.000000 0.574734807 0.010291485 0.065814026 0.007055273 -0.999770164 0.020204639 -0.001264610
1756482755119525888.000000 0.574409604 0.008715605 0.062522426 0.007086054 -0.999788702 0.019297127 -0.000080596
1756482755186205696.000000 0.574523747 0.009683380 0.054405067 0.008272033 -0.999838650 0.015937019 -0.000617473
1756482755286226176.000000 0.574966311 0.009843395 0.045692407 0.007986075 -0.999812961 0.017509485 -0.001958837
1756482755319566848.000000 0.574844658 0.009961355 0.043119650 0.007891981 -0.999789119 0.018831860 -0.002210946
1756482755419587328.000000 0.575017095 0.009534381 0.033977099 0.007977714 -0.999772668 0.019687138 -0.001855407
1756482755486267904.000000 0.575167954 0.009278222 0.026551457 0.008253261 -0.999797821 0.018254012 -0.001749711
1756482755552948992.000000 0.574024498 0.008302772 0.019138133 0.007972350 -0.999817193 0.017041307 -0.003396830
1756482755586290432.000000 0.574267447 0.008995035 0.016052105 0.007793445 -0.999813259 0.017434612 -0.002963183
1756482755652972032.000000 0.573890805 0.008960185 0.009420970 0.007627754 -0.999812782 0.017598741 -0.002548621
1756482755719654656.000000 0.573849797 0.009699903 0.002323986 0.008112631 -0.999801278 0.018086586 -0.002129067
1756482755819678208.000000 0.573351443 0.007444513 -0.007795810 0.007982843 -0.999844491 0.015619466 -0.001861796
1756482755886360832.000000 0.572812498 0.006835790 -0.014961557 0.008202012 -0.999850333 0.015201632 -0.001024018
1756482755953043200.000000 0.572286725 0.006566565 -0.021380844 0.007892573 -0.999851406 0.015133793 -0.002436562
1756482755986384640.000000 0.571981907 0.005997231 -0.023924932 0.007494743 -0.999835372 0.015230236 -0.006419040
1756482756053067008.000000 0.574048221 0.006440295 -0.028803930 0.007888422 -0.999607146 0.016713385 -0.021069609
1756482756119748608.000000 0.575993419 0.005414388 -0.034184389 0.007601506 -0.999279737 0.015929570 -0.033595052
1756482756153089536.000000 0.577180266 0.005408488 -0.037120536 0.007666214 -0.999088049 0.015096724 -0.039199062
1756482756219772160.000000 0.579215169 0.005452796 -0.044525087 -0.007706631 0.998667240 -0.013080258 0.049328268
1756482756253113344.000000 0.580240726 0.005546555 -0.047523424 -0.008117554 0.998411119 -0.013150944 0.054189887
1756482756319795968.000000 0.583627880 0.004906467 -0.052733466 -0.009238166 0.997890830 -0.013578972 0.062803477
1756482756386478080.000000 0.586207747 0.004678234 -0.057198450 -0.009333818 0.997108340 -0.013299255 0.074236736
1756482756419819264.000000 0.587272644 0.004684697 -0.059412852 -0.008694655 0.996578872 -0.013518676 0.081069328
1756482756486501632.000000 0.590221107 0.004980949 -0.063360751 -0.009085476 0.995467961 -0.013246548 0.093730897
1756482756519842048.000000 0.592031419 0.004761546 -0.065964371 -0.009607418 0.995002747 -0.012029901 0.098653972
1756482756586524416.000000 0.594056726 0.005328331 -0.071179867 0.009522571 -0.993746161 0.011789638 -0.110630125
1756482756619865600.000000 0.595821083 0.004711606 -0.073364884 -0.009312092 0.993176639 -0.011493879 0.115678340
1756482756653207040.000000 0.596855402 0.004313045 -0.075649977 -0.009043124 0.992524683 -0.011835518 0.121131904
1756482756719889664.000000 0.599755049 0.004301399 -0.079347849 -0.010439818 0.991316855 -0.010068517 0.130692765
1756482756753231104.000000 0.600962579 0.003814148 -0.079915732 -0.010399869 0.990862906 -0.009518856 0.134134188
1756482756819913472.000000 0.601071119 0.004526110 -0.077931851 -0.009912186 0.989927351 -0.011932587 0.140723884
1756482756853254656.000000 0.601975560 0.003816691 -0.075629056 -0.009045705 0.989497840 -0.013484846 0.143633053
1756482756919936768.000000 0.601674855 0.004684817 -0.074784458 0.009864408 -0.987581253 0.014314963 -0.156144783
1756482756953277440.000000 0.601970792 0.006014553 -0.074059576 0.009727972 -0.986738920 0.013857267 -0.161430314
1756482757019959808.000000 0.603362441 0.005313880 -0.073482156 0.009434137 -0.984943986 0.013940167 -0.172052562
1756482757053300992.000000 0.604191780 0.004968212 -0.073203474 0.009646313 -0.983923495 0.014275051 -0.177757755
1756482757119983616.000000 0.605210781 0.005767491 -0.071965843 0.009589397 -0.981749892 0.014447699 -0.189384729
1756482757153324544.000000 0.605445981 0.005774967 -0.071559131 0.009731978 -0.980591834 0.013923739 -0.195323095
1756482757220007168.000000 0.606727004 0.005790035 -0.070341527 0.010353048 -0.978421271 0.013066432 -0.205946282
1756482757253348352.000000 0.607269406 0.005854635 -0.069881201 0.010476437 -0.977317631 0.012648892 -0.211141080
1756482757320030720.000000 0.608006001 0.005942256 -0.068258643 0.010293079 -0.975220025 0.013106503 -0.220608935
1756482757353372160.000000 0.608155310 0.006033453 -0.067350566 0.010566038 -0.974093854 0.013443979 -0.225496903
1756482757420053504.000000 0.611488223 0.004259484 -0.065030158 0.009417130 -0.971567869 0.016110545 -0.236025080
1756482757486735872.000000 0.614725590 0.005195755 -0.066897035 0.008544077 -0.967442393 0.019543447 -0.252190888
1756482757553418752.000000 0.621462166 0.006107346 -0.073161840 -0.011782527 0.964536846 -0.013228434 0.263353169
1756482757620102656.000000 0.626553297 0.005553795 -0.077233374 -0.011465844 0.961379647 -0.012959116 0.274681300
1756482757653444352.000000 0.628287196 0.005118085 -0.078672886 -0.011236480 0.959748447 -0.014069422 0.280283511
1756482757720128000.000000 0.631032705 0.003995845 -0.080658317 0.009411347 -0.956490159 0.017460074 -0.291089803
1756482757753469952.000000 0.632929564 0.003806929 -0.081944168 0.009312093 -0.954692006 0.018580552 -0.296869099
1756482757820153600.000000 0.637215555 0.004332061 -0.085403204 0.008378457 -0.951169372 0.018358877 -0.308009237
1756482757853494784.000000 0.639957726 0.004494686 -0.087792993 0.009397166 -0.949669123 0.017306125 -0.312635332
1756482757920178688.000000 0.645825803 0.004636334 -0.091283143 0.011995789 -0.947008789 0.011529502 -0.320776463
1756482757986862592.000000 0.646986544 0.005927693 -0.091090798 0.012215701 -0.943841875 0.010188499 -0.330014557
1756482758053546752.000000 0.645565033 0.005663714 -0.086811364 0.010066041 -0.941445649 0.016496969 -0.336610466
1756482758086888192.000000 0.644235790 0.006184589 -0.084254265 -0.009237982 0.939426601 -0.019749971 0.342055976
1756482758153572608.000000 0.644112647 0.006208883 -0.080457747 -0.007412080 0.935252905 -0.021605086 0.353242695
1756482758186914560.000000 0.644805670 0.006327302 -0.080349326 -0.008783821 0.933092415 -0.019985095 0.358973593
1756482758253598464.000000 0.646442890 0.006499193 -0.080805302 -0.009536091 0.929269671 -0.016702851 0.368901104
1756482758320281600.000000 0.647443593 0.006064887 -0.078694999 -0.009731056 0.925075471 -0.016644159 0.379293770
1756482758353623552.000000 0.647561848 0.006017013 -0.076959848 -0.009388537 0.922946572 -0.017223753 0.384427905
1756482758420307712.000000 0.648457706 0.005100000 -0.074654698 -0.009208426 0.919113934 -0.016880650 0.393522441
1756482758486991616.000000 0.648193955 0.007129254 -0.072829485 0.009058482 -0.914441943 0.018382441 -0.404197961
1756482758520333824.000000 0.648894727 0.006530810 -0.072174013 -0.009619000 0.912261665 -0.017678604 0.409113318
1756482758587016960.000000 0.650114894 0.006623724 -0.070649028 -0.009680195 0.907647312 -0.017021539 0.419276685
1756482758653700352.000000 0.650682807 0.006448630 -0.068413913 -0.009857257 0.903194427 -0.016631881 0.428795993
1756482758687042304.000000 0.651027441 0.006955900 -0.067059875 -0.009891199 0.900987506 -0.016976042 0.433400065
1756482758753724672.000000 0.651542544 0.007279363 -0.064695299 -0.009661300 0.896317840 -0.017355978 0.442967117
1756482758820407808.000000 0.652147591 0.006890949 -0.062748194 -0.009831298 0.891448557 -0.016661204 0.452708840
1756482758853749760.000000 0.652827740 0.006928283 -0.061534822 -0.009895337 0.889037967 -0.016205985 0.457439572
1756482758920433152.000000 0.652001739 0.005630233 -0.060129583 0.009990035 -0.883472860 0.015076073 -0.468133181
1756482758987116288.000000 0.652552903 0.004893101 -0.057947040 0.009290986 -0.878434598 0.015359755 -0.477525473
1756482759053800192.000000 0.652241230 0.005240444 -0.055402517 0.009063823 -0.873248041 0.015443322 -0.486946791
1756482759087141632.000000 0.651945531 0.005342607 -0.054717839 0.008977141 -0.870566368 0.015441936 -0.491726875
1756482759153825280.000000 0.651859283 0.005083709 -0.052355468 0.009459770 -0.864857674 0.015071391 -0.501701832
1756482759187165952.000000 0.652031779 0.005145510 -0.051413417 0.009399953 -0.861995041 0.014821777 -0.506612897
1756482759253849344.000000 0.652517557 0.005202158 -0.048760772 0.009536468 -0.856351674 0.014389091 -0.516104579
1756482759287191040.000000 0.652071595 0.004995412 -0.047541559 0.010029760 -0.853436291 0.013769705 -0.520918846
1756482759353874688.000000 0.651242852 0.004338423 -0.044638455 0.010171708 -0.847724438 0.013209846 -0.530174911
1756482759387216640.000000 0.650768161 0.004741159 -0.044011414 0.010043080 -0.844824672 0.013274189 -0.534784257
1756482759453900032.000000 0.651364207 0.006484387 -0.041715860 0.009860300 -0.838323832 0.013650484 -0.544912577
1756482759520583680.000000 0.650415838 0.004815594 -0.039939761 -0.009382954 0.832091868 -0.013128122 0.554403245
1756482759587267072.000000 0.651273072 0.006599789 -0.036943018 0.009548524 -0.826334298 0.013671619 -0.562933028
1756482759653949696.000000 0.651618719 0.006795383 -0.035742581 0.009104551 -0.820283949 0.013527184 -0.571724117
1756482759687291648.000000 0.650793731 0.006420191 -0.035023749 0.008665589 -0.817140698 0.013443791 -0.576216280
1756482759753975040.000000 0.651005208 0.006292364 -0.034125686 0.008992440 -0.810663164 0.012704129 -0.585305989
1756482759787316736.000000 0.651427865 0.006611326 -0.033405960 0.008661870 -0.807342529 0.012273763 -0.589891851
1756482759854000640.000000 0.651390791 0.006983968 -0.032112539 0.008636384 -0.800929904 0.012223599 -0.598571122
1756482759920684032.000000 0.651566267 0.007645295 -0.029390693 0.008207818 -0.794190526 0.012142197 -0.607492149
1756482759954025984.000000 0.649165273 0.007089640 -0.027612448 0.008577273 -0.790886641 0.012447766 -0.611776054
1756482760020709632.000000 0.650783718 0.005296853 -0.025320470 -0.009490612 0.784107745 -0.011344741 0.620448470
1756482760054051328.000000 0.648339987 0.006786941 -0.025538146 0.008555588 -0.780548811 0.011680953 -0.624927223
1756482760120734208.000000 0.648428917 0.007290027 -0.024902880 0.008596145 -0.773914933 0.011132868 -0.633133471
1756482760187418112.000000 0.647918224 0.007381950 -0.023051322 0.008824714 -0.766917646 0.010524902 -0.641598582
1756482760220759808.000000 0.647794306 0.007323336 -0.022335589 0.008863592 -0.763272047 0.010081830 -0.645937800
1756482760287443456.000000 0.647016227 0.007256268 -0.020420134 0.008859457 -0.756194651 0.009680426 -0.654215157
1756482760354127104.000000 0.646758437 0.007613527 -0.018666804 0.008755172 -0.749130964 0.009764204 -0.662292123
1756482760420811008.000000 0.646347165 0.007126048 -0.016822755 0.008906605 -0.742039323 0.009374327 -0.670231640
1756482760454152704.000000 0.646872818 0.009987727 -0.015774250 0.008820041 -0.738484681 0.010552830 -0.674129963
1756482760520835584.000000 0.647308648 0.010928675 -0.013621092 0.007900150 -0.731006622 0.011268236 -0.682231605
1756482760554177792.000000 0.645106435 0.010064339 -0.013258100 0.007861314 -0.726671994 0.011518770 -0.686843157
1756482760620861440.000000 0.643914223 0.010079124 -0.011053443 0.007046593 -0.718331397 0.011828505 -0.695564866
1756482760654203648.000000 0.643432736 0.010316701 -0.010113299 0.007184447 -0.714354575 0.011360460 -0.699654937
1756482760720887552.000000 0.642567337 0.010087638 -0.008098483 -0.007766097 0.706792951 -0.010939465 0.707293332
1756482760787571712.000000 0.642336309 0.010218720 -0.006324172 -0.008235948 0.699001968 -0.010243431 0.714999080
1756482760854255872.000000 0.641843438 0.010462153 -0.005268633 -0.007961648 0.690583766 -0.009600747 0.723144948
1756482760887598080.000000 0.640845597 0.010206848 -0.004422307 -0.008300582 0.686440647 -0.009353620 0.727078319
1756482760954281216.000000 0.641565740 0.011490517 -0.003082871 -0.008402205 0.678785264 -0.009160818 0.734231710
1756482761020965376.000000 0.639868379 0.010508845 -0.002366960 -0.008563598 0.670834899 -0.008515866 0.741508424
1756482761087649280.000000 0.637878895 0.009853157 0.001964092 -0.008766580 0.663646340 -0.008635307 0.747945309
1756482761154333952.000000 0.636912704 0.010044903 0.004164934 -0.008771893 0.654920876 -0.008993213 0.755593121
1756482761187675648.000000 0.636378229 0.010279019 0.005259633 -0.008748122 0.650396645 -0.008955606 0.759491682
1756482761254360320.000000 0.636001527 0.011162486 0.006525874 -0.008887742 0.641696692 -0.008505783 0.766859770
1756482761321044224.000000 0.636115611 0.012337382 0.008497238 -0.009338034 0.633141756 -0.008346700 0.773934543
1756482761387728384.000000 0.635092556 0.012601665 0.010172784 -0.009429778 0.624306381 -0.008614788 0.781075239
1756482761421069568.000000 0.633962870 0.012861227 0.010487050 -0.009233230 0.619980872 -0.008259362 0.784519136
1756482761487753984.000000 0.633405328 0.011894079 0.009092689 -0.008738498 0.610209286 -0.007520256 0.792156398
1756482761554437888.000000 0.631850719 0.011379182 0.010564208 -0.008624549 0.601293206 -0.007011719 0.798951209
1756482761621121536.000000 0.629910350 0.011850231 0.011038810 -0.007981374 0.592359960 -0.007108791 0.805602551
1756482761687805184.000000 0.627892077 0.011625325 0.012473673 -0.007684879 0.583105266 -0.006746217 0.812332273
1756482761754488832.000000 0.626572132 0.011587167 0.014117926 -0.007657401 0.573716223 -0.006754514 0.818990529
1756482761787830528.000000 0.626079500 0.011550528 0.014574409 -0.008031636 0.568948925 -0.006659727 0.822306752
1756482761854513152.000000 0.624436498 0.011339411 0.015632302 -0.008153963 0.559788227 -0.006578085 0.828569531
1756482761921196800.000000 0.622377932 0.010968957 0.016886026 -0.007576237 0.550663233 -0.006717705 0.834666133
1756482761954538496.000000 0.620152235 0.011746684 0.017870724 -0.007111688 0.546181798 -0.007200736 0.837605536
1756482762054564096.000000 0.618479013 0.010742610 0.018937886 -0.007220199 0.531849742 -0.007108530 0.846778214
1756482762121247744.000000 0.615926147 0.011574212 0.019688576 -0.006534839 0.522759318 -0.007463695 0.852422655
1756482762187931392.000000 0.615203619 0.011071496 0.019914210 -0.006714374 0.513465583 -0.007134764 0.858054340
1756482762254615040.000000 0.614125848 0.011529475 0.020934075 -0.006707149 0.504373848 -0.006953095 0.863431394
1756482762321297920.000000 0.612291276 0.011477849 0.021473855 -0.006980377 0.494660914 -0.006811231 0.869031370
1756482762387981312.000000 0.609942079 0.010405030 0.021798044 -0.007401591 0.485366344 -0.006186243 0.874257743
1756482762454664960.000000 0.607203007 0.010395680 0.023736507 -0.007948439 0.475891113 -0.006147942 0.879446864
1756482762521348864.000000 0.605588555 0.010680079 0.024452433 -0.008384712 0.465880007 -0.005832625 0.884789050
1756482762588032768.000000 0.603638947 0.011056978 0.023883745 -0.008049519 0.455793202 -0.006198355 0.890027761
1756482762654716160.000000 0.604887724 0.012222819 0.027115136 -0.007006480 0.446034253 -0.006303593 0.894966364
1756482762721400320.000000 0.601617932 0.011691485 0.025992915 -0.006533968 0.435902894 -0.006262240 0.899948239
1756482762788083200.000000 0.600788713 0.012130849 0.026815936 -0.006743408 0.425521463 -0.006147918 0.904902339
1756482762854766592.000000 0.595885873 0.010884443 0.027071536 -0.006872957 0.415259749 -0.005627243 0.909659624
1756482762921450496.000000 0.594407320 0.011183187 0.028437480 -0.006495011 0.404830843 -0.005547076 0.914351702
1756482762988134400.000000 0.591205657 0.010311747 0.029272914 -0.006382772 0.394483626 -0.005313246 0.918865502
1756482763054818048.000000 0.589266181 0.010164502 0.029550776 -0.006460961 0.384542435 -0.004890601 0.923071742
1756482763121501952.000000 0.585675716 0.008743923 0.031807482 -0.002174375 0.374257505 -0.005985138 0.927302957
1756482763188184832.000000 0.585107327 0.007161387 0.032458454 0.001221041 0.358966887 -0.007246338 0.933321357
1756482763254868736.000000 0.587291121 0.007180608 0.040009163 -0.002155744 0.346538544 -0.005945901 0.938014448
1756482763354894592.000000 0.594364822 0.008311074 0.051741533 -0.006563125 0.330899209 -0.003538843 0.943636656
1756482763421578496.000000 0.596406698 0.007812321 0.057310969 -0.005239730 0.319850296 -0.003247370 0.947448075
1756482763488262144.000000 0.599334300 0.008202799 0.062009476 -0.005295484 0.309842497 -0.002790732 0.950769067
1756482763554946304.000000 0.601596355 0.008752181 0.066877194 -0.005685004 0.299517810 -0.002764674 0.954069793
1756482763654972160.000000 0.603803456 0.009256906 0.074737072 -0.005093546 0.282564342 -0.001957807 0.959232867
1756482763754999040.000000 0.603896558 0.007978169 0.081556439 -0.002598344 0.265994251 -0.002869763 0.963966906
1756482763821684224.000000 0.603249907 0.008347977 0.085655347 -0.000897527 0.252783269 -0.002133844 0.967520177
1756482763888368640.000000 0.603890061 0.008332242 0.091466457 -0.001160276 0.241566986 -0.001146847 0.970382750
1756482763955053568.000000 0.604342401 0.008676209 0.097975738 -0.001177783 0.230726033 -0.000562877 0.973017931
1756482764021738240.000000 0.606356919 0.008755582 0.104228519 -0.002582333 0.221232623 0.001509565 0.975216508
1756482764088422144.000000 0.609512866 0.008923640 0.112934418 -0.006162326 0.211504728 0.001848786 0.977355838
1756482764155107072.000000 0.611452222 0.010983005 0.122493066 -0.008327876 0.202280417 0.001936493 0.979290307
1756482764221791744.000000 0.612156093 0.010208295 0.128032088 -0.004835057 0.194369733 0.000335909 0.980916381
1756482764288476416.000000 0.610783279 0.009299343 0.133004367 -0.002936795 0.184713125 -0.000333150 0.982788086
1756482764355161600.000000 0.611352444 0.010110782 0.138086781 -0.004838844 0.173017368 -0.000221454 0.984906912
1756482764421846272.000000 0.609909713 0.010146733 0.144518733 -0.005793581 0.160641119 -0.000620247 0.986995757
1756482764521872896.000000 0.611011624 0.010061855 0.150597781 -0.006528355 0.143173486 0.000080475 0.989676118
1756482764588647936.000000 0.610148609 0.010421045 0.155807033 -0.006263169 0.133400857 -0.000590059 0.991042197
1756482764655488768.000000 0.610009074 0.010825459 0.160404727 -0.003854850 0.122722462 -0.000843961 0.992433190
1756482764722331648.000000 0.609318972 0.010525407 0.165181085 -0.001642945 0.110164650 -0.001074769 0.993911505
1756482764789176576.000000 0.608340681 0.010776521 0.172345847 -0.003514800 0.096638836 -0.000265039 0.995313287
1756482764856024064.000000 0.608623147 0.010984413 0.179581061 -0.006202038 0.086498827 0.000696136 0.996232450
1756482764956297216.000000 0.610753834 0.010295393 0.188702360 -0.003183664 0.086234957 0.000360583 0.996269703
1756482765023149312.000000 0.612694979 0.010589824 0.194406062 -0.004749973 0.087163731 0.001377058 0.996181726
1756482765090003456.000000 0.612920344 0.011809723 0.201408163 -0.007209523 0.086754970 0.000628117 0.996203423
1756482765190288384.000000 0.612783194 0.011335047 0.208927363 -0.004496495 0.084956490 0.000520289 0.996374369
1756482765257147648.000000 0.614205122 0.011614837 0.216002569 -0.004165027 0.084732324 0.000516626 0.996394992
1756482765324008448.000000 0.616041899 0.012979725 0.223866791 -0.006714682 0.085344292 0.000981981 0.996328413
1756482765390871552.000000 0.617551804 0.012939679 0.230368525 -0.005399144 0.085962318 0.000682906 0.996283591
1756482765457735680.000000 0.617206573 0.012701939 0.235859051 -0.004223470 0.086670488 0.000213796 0.996228099
1756482765524603136.000000 0.618271649 0.012278596 0.241375566 -0.004107449 0.086836949 0.000015686 0.996214092
1756482765624685312.000000 0.621099591 0.013079179 0.252308518 -0.005950609 0.087108262 0.000379931 0.996181011
1756482765691351040.000000 0.622286975 0.013565637 0.258481026 -0.006796989 0.087272406 0.000667986 0.996161163
1756482765758016000.000000 0.623243451 0.013769615 0.264360934 -0.006454752 0.087315962 0.001006469 0.996159315
1756482765824680960.000000 0.623091638 0.014246237 0.268900424 -0.006185029 0.078687944 0.000760727 0.996879876
1756482765891344896.000000 0.621572375 0.013658622 0.274247408 -0.006693082 0.065746643 0.000157261 0.997813880
1756482765991341312.000000 0.619547367 0.013322096 0.282158136 -0.005336282 0.051824965 0.000658605 0.998641729
1756482766091336960.000000 0.621418417 0.012713221 0.291642427 -0.004881255 0.055384751 0.000197320 0.998453200
1756482766158000384.000000 0.621783555 0.013817765 0.299763680 -0.007027879 0.055309687 0.000322025 0.998444498
1756482766291325440.000000 0.622678459 0.013792193 0.312482923 -0.005490547 0.055268344 0.000314126 0.998456419
1756482766391319040.000000 0.623883009 0.014720691 0.323929012 -0.006129355 0.055538610 -0.000080376 0.998437762
1756482766457981184.000000 0.623939157 0.014693841 0.329009175 -0.004225919 0.055078957 -0.000058207 0.998473048
1756482766524643072.000000 0.624621332 0.014789470 0.333599538 -0.003841170 0.054787662 -0.000153615 0.998490632
1756482766591308288.000000 0.625107944 0.015279278 0.340175062 -0.004854295 0.054471549 -0.000549468 0.998503387
1756482766657975552.000000 0.626512229 0.015395523 0.348738611 -0.007121178 0.054700065 -0.000410062 0.998477340
1756482766757974528.000000 0.627573848 0.016524127 0.360635012 -0.008878116 0.055513859 -0.000419907 0.998418391
1756482766824641280.000000 0.628695726 0.016728826 0.365954936 -0.008231401 0.054765761 0.000186607 0.998465300
1756482766891307264.000000 0.629725218 0.016252898 0.371068567 -0.006842217 0.055411760 0.000088270 0.998440206
1756482766957973248.000000 0.630284190 0.016177090 0.376940787 -0.005504284 0.056184392 -0.000508107 0.998405099
1756482767057971456.000000 0.631457984 0.017501732 0.388384819 -0.007363212 0.055018954 -0.000061808 0.998458207
1756482767124636672.000000 0.632780194 0.018299639 0.396627724 -0.010855313 0.054518975 0.000069901 0.998453736
1756482767224632832.000000 0.633507907 0.018320234 0.404791713 -0.008434641 0.055547882 -0.000393247 0.998420358
1756482767291297536.000000 0.634213686 0.017481660 0.409246325 -0.005708488 0.056700848 -0.001065170 0.998374403
1756482767357961728.000000 0.634810746 0.017985782 0.416099906 -0.005781127 0.057310432 -0.001378442 0.998338699
1756482767424625408.000000 0.634321868 0.019276917 0.426018864 -0.009319417 0.055463828 -0.001591298 0.998416007
1756482767491289088.000000 0.635042250 0.019763883 0.433869988 -0.010316695 0.053225044 -0.000783022 0.998528957
1756482767591287296.000000 0.635323763 0.020336119 0.443660408 -0.010822396 0.052937701 -0.000613823 0.998539031
1756482767657954304.000000 0.636242509 0.019855741 0.446900219 -0.007404405 0.053013526 -0.000868544 0.998565972
1756482767724621824.000000 0.636534929 0.019554444 0.452071369 -0.006168500 0.053455897 -0.000877616 0.998550832
1756482767791289344.000000 0.638505161 0.020318026 0.460317612 -0.007226755 0.054105707 -0.000502979 0.998508990
1756482767924623616.000000 0.640065789 0.020682024 0.475687444 -0.009074218 0.054987475 -0.000199464 0.998445809
1756482767991290368.000000 0.640787363 0.021371672 0.478105903 -0.006221021 0.054689549 -0.000472901 0.998483896
1756482768057956608.000000 0.640573502 0.019858561 0.485969841 -0.006569149 0.053248122 -0.000239699 0.998559713
1756482768157954816.000000 0.642180502 0.020415373 0.497829229 -0.010287652 0.054399766 0.000475895 0.998466194
1756482768224620800.000000 0.641770601 0.020854725 0.504767478 -0.009650507 0.046031341 -0.000034468 0.998893380
1756482768291286528.000000 0.640201747 0.021537624 0.510180950 -0.009467700 0.030922387 0.000663867 0.999476790
1756482768357951744.000000 0.637163579 0.021494908 0.515087843 -0.007950787 0.019187586 0.000439255 0.999784231
1756482768424616704.000000 0.637852728 0.022000523 0.521357179 -0.007752676 0.018501233 0.001525452 0.999797642
1756482768491281408.000000 0.638606906 0.022234609 0.529221296 -0.009112245 0.021303659 0.001302572 0.999730766
1756482768591282688.000000 0.638713598 0.021914763 0.537336707 -0.008452203 0.019711599 0.001539475 0.999768853
1756482768624619520.000000 0.639508188 0.023186019 0.539284170 -0.007453148 0.019353421 0.002618025 0.999781489
1756482768691292416.000000 0.640051067 0.023741746 0.545419455 -0.006786601 0.020060716 0.002210074 0.999773324
1756482768791301888.000000 0.641244531 0.024745200 0.554099441 -0.006647359 0.019882767 0.002057888 0.999778152
1756482768857974528.000000 0.639020622 0.022920158 0.561108887 -0.006713090 0.021046659 0.001225484 0.999755263
1756482768924647424.000000 0.638936639 0.023086431 0.568407178 -0.006355918 0.022531804 0.000958696 0.999725521
1756482768991318528.000000 0.639960647 0.023775375 0.576242566 -0.007898960 0.022860846 0.000103611 0.999707460
1756482769057990656.000000 0.640340328 0.024032747 0.583081603 -0.007418094 0.020928981 0.000278481 0.999753475
1756482769124662528.000000 0.639709353 0.023350243 0.587001741 -0.006660272 0.019401819 0.000693578 0.999789417
1756482769191334144.000000 0.640243590 0.023914535 0.596157610 -0.006251098 0.020176616 0.000837994 0.999776542
1756482769258005504.000000 0.640519619 0.023796413 0.603327572 -0.006163725 0.020812763 0.000870254 0.999764025
1756482769358012672.000000 0.641053438 0.023711920 0.612559915 -0.006062707 0.019864289 0.001990216 0.999782383
1756482769424682496.000000 0.640730977 0.023425445 0.618487120 -0.006800987 0.020497002 0.001956816 0.999764860
1756482769491353600.000000 0.640999317 0.024533257 0.626694143 -0.009411875 0.021546707 0.000639407 0.999723375
1756482769558023936.000000 0.640878558 0.023744587 0.630495608 -0.009815000 0.019796116 0.000243611 0.999755859
1756482769658021376.000000 0.642189085 0.025698740 0.637463510 -0.007083091 0.017955255 0.001113940 0.999813080
1756482769724686336.000000 0.641775191 0.024404628 0.644822955 -0.006677122 0.018897541 0.000801087 0.999798894
1756482769791350784.000000 0.641467214 0.024174375 0.650775433 -0.005145227 0.019031744 0.000871876 0.999805272
1756482769858013952.000000 0.642088115 0.024333535 0.657203496 -0.005583504 0.018098259 0.001183655 0.999819934
1756482769924677888.000000 0.641882062 0.024329610 0.663388073 -0.005471861 0.017697729 0.001261874 0.999827623
1756482769991341312.000000 0.642346323 0.025597654 0.668999672 -0.004441283 0.017665204 0.001604622 0.999832869
1756482770091335936.000000 0.642967224 0.026369765 0.680296600 -0.007485168 0.019545564 0.000984189 0.999780476
1756482770157998848.000000 0.643370986 0.026652090 0.686483085 -0.006602630 0.019422239 0.001154482 0.999788940
1756482770224660992.000000 0.644331813 0.025225248 0.693236411 -0.005998179 0.018380603 0.001358958 0.999812186
1756482770291322368.000000 0.644241333 0.026227277 0.697726190 -0.004665926 0.019602727 0.001389754 0.999795973
1756482770357984000.000000 0.644742548 0.027097384 0.705398202 -0.006269886 0.020439824 0.001432081 0.999770403
1756482770391314944.000000 0.644304454 0.027493026 0.709849715 -0.007363189 0.020706218 0.001126760 0.999757886
1756482770457976320.000000 0.644525409 0.028650185 0.717167079 -0.008298384 0.020908790 0.000884396 0.999746561
1756482770524637440.000000 0.644712925 0.027544085 0.721558988 -0.006292467 0.020860190 0.000979851 0.999762177
1756482770591302656.000000 0.644618630 0.026824292 0.726829231 -0.004332347 0.020762231 0.000794216 0.999774754
1756482770657970944.000000 0.644253254 0.026626149 0.732861817 -0.005034077 0.020166025 0.000636055 0.999783814
1756482770757971968.000000 0.646265149 0.026649589 0.746068597 -0.007637871 0.019338636 0.000709118 0.999783576
1756482770824639232.000000 0.645186782 0.026325265 0.752203226 -0.006917013 0.019496238 0.001201530 0.999785304
1756482770891306752.000000 0.645942748 0.027175868 0.759530962 -0.007939734 0.020174926 0.001504542 0.999763787
1756482770957973760.000000 0.645889282 0.026893647 0.765252113 -0.007330831 0.021202417 0.000250743 0.999748290
1756482771024640256.000000 0.648179889 0.026928324 0.772728622 -0.005703896 0.020256896 0.000470179 0.999778450
1756482771091306752.000000 0.646329165 0.027300054 0.778422534 -0.006027360 0.019435959 0.000642642 0.999792755
1756482771157972736.000000 0.646188378 0.027449235 0.785628200 -0.006830631 0.017779710 0.001118254 0.999817967
1756482771224637696.000000 0.648331821 0.027176702 0.791930020 -0.006814872 0.017568715 0.002121510 0.999820173
1756482771291303424.000000 0.648671687 0.027756365 0.798570216 -0.006546321 0.019506108 0.001557218 0.999787092
1756482771324635904.000000 0.648804963 0.027852900 0.802219272 -0.006692747 0.020471411 0.001212899 0.999767363
1756482771424633856.000000 0.648899555 0.028376278 0.813280940 -0.007734521 0.022075295 -0.000118266 0.999726415
1756482771491298560.000000 0.649299145 0.028794181 0.819195867 -0.006646533 0.021569150 0.000127994 0.999745309
1756482771557963264.000000 0.649783552 0.029207425 0.824421108 -0.005358969 0.019540988 0.000574236 0.999794602
1756482771624628480.000000 0.649399221 0.028807290 0.831222594 -0.005369083 0.017756926 0.001002177 0.999827504
1756482771691294720.000000 0.651374519 0.030073920 0.837912619 -0.006428093 0.018227516 0.000724730 0.999812961
1756482771757960448.000000 0.651674092 0.030166123 0.846278846 -0.008247796 0.019073086 0.000338989 0.999784052
1756482771824625920.000000 0.650137365 0.030468902 0.853171825 -0.008624539 0.019829499 -0.000187801 0.999766171
1756482771891290880.000000 0.650805652 0.030059714 0.857827365 -0.006681444 0.018259877 0.000409605 0.999810934
1756482771957955840.000000 0.650763273 0.029168976 0.863725305 -0.004556133 0.018250879 0.001241901 0.999822319
1756482772024620288.000000 0.651410222 0.029991597 0.869711161 -0.005790435 0.018168690 0.001794365 0.999816537
1756482772091283712.000000 0.652759194 0.031420477 0.876492143 -0.007516119 0.018974235 0.001412596 0.999790788
1756482772157947904.000000 0.651656687 0.030897908 0.884220004 -0.007228667 0.019978855 0.000851803 0.999773920
1756482772224611584.000000 0.651535690 0.031375255 0.891929448 -0.006495185 0.020135904 0.000470096 0.999776125
1756482772291274752.000000 0.651980340 0.031904694 0.898390710 -0.006998285 0.019548126 0.001040852 0.999783874
1756482772357938176.000000 0.651337504 0.030639688 0.903500736 -0.008534967 0.018981149 0.000800048 0.999783158
1756482772424600832.000000 0.650763988 0.031578135 0.910806417 -0.007550444 0.019212971 0.000543954 0.999786794
1756482772491263488.000000 0.650662959 0.031832457 0.917421877 -0.007127894 0.019008495 0.000399870 0.999793887
1756482772557925120.000000 0.651887417 0.031071851 0.923345089 -0.006149953 0.018694775 0.000668334 0.999806106
1756482772624591872.000000 0.653049886 0.031587519 0.929203570 -0.005359627 0.019721517 0.000864462 0.999790788
1756482772691258112.000000 0.653156757 0.032609936 0.935745776 -0.004882292 0.019898199 0.000989009 0.999789596
1756482772791257600.000000 0.654731870 0.032139558 0.944062233 -0.004693335 0.020648409 0.000642626 0.999775589
1756482772857923328.000000 0.655350983 0.033382438 0.952275157 -0.007877254 0.020517496 0.000115118 0.999758482
1756482772924588800.000000 0.652089357 0.031592287 0.958616614 -0.008807025 0.021265950 0.000012547 0.999735117
1756482772991252992.000000 0.654603064 0.032713249 0.964912176 -0.004891000 0.021619843 -0.000425202 0.999754250
1756482773057917952.000000 0.654791653 0.031960450 0.970100343 -0.003659101 0.020267606 0.000774830 0.999787569
1756482773124582656.000000 0.654954076 0.032672197 0.977579176 -0.006988165 0.020045377 0.000959251 0.999774218
1756482773191246848.000000 0.655370593 0.033117492 0.986167669 -0.009245226 0.021523181 0.000335914 0.999725640
1756482773257911040.000000 0.653469801 0.031673878 0.991134703 -0.008544106 0.023083564 0.000045804 0.999697030
1756482773324574720.000000 0.653190613 0.031437539 0.994962573 -0.006643755 0.023434980 -0.000222197 0.999703288
1756482773391237888.000000 0.653467715 0.031406824 1.001352429 -0.007655106 0.022857090 -0.000069041 0.999709487
1756482773457900288.000000 0.653881907 0.033975180 1.011473536 -0.010694392 0.021777553 -0.000530833 0.999705553
1756482773524563200.000000 0.653407156 0.032201324 1.017139554 -0.010212449 0.021131990 0.000117874 0.999724567
1756482773557895168.000000 0.652827382 0.032322112 1.020313144 -0.008972821 0.020540457 0.000191100 0.999748766
1756482773624564480.000000 0.652607262 0.031996395 1.025624156 -0.005987949 0.019980788 0.000709274 0.999782264
1756482773691233536.000000 0.653586447 0.032924898 1.030853510 -0.004097643 0.020110365 0.000876596 0.999789059
1756482773757902592.000000 0.654403865 0.032820165 1.037099838 -0.002770896 0.020300273 0.000784597 0.999789774
1756482773824571136.000000 0.654943764 0.032443997 1.044149756 -0.004256335 0.021127619 0.001658790 0.999766350
1756482773924572416.000000 0.655304193 0.033324111 1.056999803 -0.010122824 0.023466330 0.000242164 0.999673367
1756482773991240448.000000 0.655300260 0.034904096 1.063760281 -0.007853589 0.023962105 -0.000500441 0.999681890
1756482774057908224.000000 0.655712783 0.035351563 1.069092870 -0.006755678 0.021366669 -0.000012081 0.999748945
1756482774124575488.000000 0.655102253 0.034831911 1.073398948 -0.003850420 0.020049617 0.000172502 0.999791563
1756482774191242752.000000 0.655644536 0.035235103 1.079715133 -0.003667818 0.020733669 0.000497651 0.999778271
1756482774257909760.000000 0.657310367 0.036348056 1.087660551 -0.005144844 0.021230631 0.000567067 0.999761283
1756482774324575488.000000 0.657643378 0.037806246 1.096300602 -0.007644734 0.020790912 0.000447313 0.999754548
1756482774391241984.000000 0.657794714 0.037775401 1.102511406 -0.007159650 0.020770224 0.000375961 0.999758601
1756482774457908224.000000 0.657372117 0.036863800 1.106644034 -0.006262918 0.020818578 0.000359232 0.999763608
1756482774524574208.000000 0.657659173 0.036002092 1.113547206 -0.006453913 0.020651406 0.000880201 0.999765515
1756482774591241472.000000 0.657354414 0.036460400 1.120213389 -0.007795786 0.020834493 0.000306994 0.999752522
1756482774657910528.000000 0.656966686 0.036892083 1.127155542 -0.006566452 0.020466296 0.000126566 0.999768972
1756482774757912064.000000 0.656794488 0.035228416 1.132713079 -0.001598434 0.018326193 0.000505667 0.999830723
1756482774824580352.000000 0.657306671 0.035492636 1.138147354 0.000255724 0.016777560 0.001182565 0.999858499
1756482774891247872.000000 0.658154309 0.035987929 1.146055222 -0.001489746 0.016504703 0.001572276 0.999861479
1756482774957915648.000000 0.658458233 0.036815558 1.155186653 -0.003784073 0.018581543 0.001447162 0.999819160
1756482775024583168.000000 0.659285784 0.038214304 1.163195491 -0.007324082 0.020718167 0.000442784 0.999758482
1756482775091249920.000000 0.657338440 0.037555814 1.169776082 -0.007953108 0.020706760 -0.000331521 0.999753892
1756482775157916672.000000 0.657074034 0.037725881 1.175533891 -0.006538506 0.018577876 0.000746441 0.999805808
1756482775257915392.000000 0.658029199 0.037713759 1.184120655 -0.006753448 0.018229840 0.000981049 0.999810576
1756482775324581888.000000 0.658874810 0.037871402 1.190586925 -0.005169536 0.018567704 0.001025256 0.999813735
1756482775391247616.000000 0.659892321 0.038514137 1.197167993 -0.005239110 0.019706629 0.001022957 0.999791622
1756482775457913344.000000 0.659058988 0.038771134 1.203865409 -0.006109833 0.019996835 0.000396033 0.999781370
1756482775557911808.000000 0.661445200 0.039460827 1.214274168 -0.005588359 0.019533452 0.000324968 0.999793530
1756482775624579840.000000 0.660099626 0.039061762 1.219376564 -0.006036769 0.019182038 0.000266792 0.999797761
1756482775691248128.000000 0.660844862 0.039483387 1.226081967 -0.005973599 0.019015878 0.000412674 0.999801219
1756482775757916672.000000 0.660322607 0.040042799 1.232766867 -0.004599701 0.019044500 0.000582658 0.999807954
1756482775824584704.000000 0.660726845 0.040036730 1.239055753 -0.003683407 0.018010300 0.000718248 0.999830842
1756482775891252736.000000 0.660654128 0.040784705 1.244927406 -0.005465376 0.017173611 0.000385155 0.999837518
1756482775957920000.000000 0.662089109 0.041859988 1.253959894 -0.007084827 0.016343735 0.000519083 0.999841213
1756482776057921280.000000 0.661972165 0.040378764 1.261462569 -0.005693940 0.014590941 0.000935624 0.999876916
1756482776124586752.000000 0.662230313 0.041500598 1.268469453 -0.005127094 0.013374470 0.001824491 0.999895751
1756482776191253760.000000 0.662654638 0.041788884 1.274358273 -0.004165152 0.014210404 0.001224167 0.999889612
1756482776257920256.000000 0.663026452 0.041134313 1.280103445 -0.003187806 0.015389442 0.000635624 0.999876320
1756482776291252992.000000 0.663115680 0.040878929 1.283924222 -0.003709360 0.016196087 0.000892770 0.999861598
1756482776357919232.000000 0.662945747 0.040294215 1.289612055 -0.004684314 0.016870385 -0.000584919 0.999846637
1756482776457917696.000000 0.663604796 0.041631065 1.299756646 -0.004324094 0.015662882 0.000205578 0.999867976
1756482776524582144.000000 0.663941383 0.040828574 1.304546833 -0.004240182 0.014069745 0.000204723 0.999892056
1756482776591248640.000000 0.662823260 0.041495319 1.311113000 -0.005188885 0.014254799 -0.000239635 0.999884963
1756482776657915904.000000 0.662811935 0.041448459 1.319932222 -0.005935462 0.014376836 -0.000423453 0.999879003
1756482776724582656.000000 0.662891507 0.042003911 1.326819181 -0.005966494 0.014354284 -0.000130258 0.999879181
1756482776791249152.000000 0.663639605 0.041597437 1.332539558 -0.005535765 0.014590808 -0.000034051 0.999878287
1756482776891248640.000000 0.664002001 0.043064516 1.344320059 -0.005477559 0.015781861 -0.000520873 0.999860346
1756482776924581888.000000 0.663790643 0.043056335 1.347549081 -0.006043191 0.015214209 -0.000809910 0.999865711
1756482776991246848.000000 0.663967311 0.043024279 1.353802800 -0.005059391 0.014314903 -0.000147407 0.999884725
1756482777057912320.000000 0.663557410 0.043271761 1.357849956 -0.003910161 0.013905796 0.000232691 0.999895692
1756482777124577536.000000 0.664482057 0.043551613 1.361927867 -0.006139039 0.017205790 -0.000211539 0.999833107
1756482777191242752.000000 0.665334284 0.044573311 1.366384387 -0.007187675 0.024351658 -0.000148826 0.999677598
1756482777257907456.000000 0.667306244 0.043291904 1.365565300 -0.003790630 0.033742439 -0.000166331 0.999423325
1756482777324571904.000000 0.668993950 0.042383261 1.363322377 -0.002487597 0.044692803 0.000115072 0.998997688
1756482777391236096.000000 0.672114253 0.042423826 1.363395691 -0.004126554 0.055390023 -0.000235537 0.998456240
1756482777457898752.000000 0.672709227 0.042987533 1.367163777 -0.005742354 0.066104718 -0.000756603 0.997795939
1756482777524562688.000000 0.674889863 0.043102283 1.368362784 -0.005637131 0.076385424 -0.000750768 0.997062147
1756482777591228672.000000 0.677085936 0.042520806 1.365586519 -0.004811351 0.087247998 -0.001181977 0.996174276
1756482777657896960.000000 0.678618014 0.042182080 1.365511537 -0.004735587 0.099053957 -0.001269912 0.995069981
1756482777724564736.000000 0.679824889 0.041870426 1.366888046 -0.004455578 0.110487707 -0.001863598 0.993865788
1756482777791232256.000000 0.683343709 0.041802309 1.365984797 -0.005054304 0.121996485 -0.001713768 0.992516160
1756482777857898752.000000 0.686255515 0.041518118 1.366412401 -0.005718435 0.133710280 -0.001930883 0.991002142
1756482777924565760.000000 0.687653303 0.041617393 1.368426204 -0.005827125 0.144915000 -0.002364713 0.989424169
1756482777991232512.000000 0.690354168 0.040648844 1.366326213 -0.005333358 0.155160040 -0.002580278 0.987871587
1756482778057899264.000000 0.690368116 0.041761927 1.373898268 -0.004899657 0.167727426 -0.003002940 0.985816717
1756482778124565248.000000 0.693843186 0.042400450 1.374671102 -0.005090497 0.179271907 -0.002933160 0.983782053
1756482778224564224.000000 0.696024537 0.042243276 1.369079947 -0.006185657 0.195742041 -0.003129618 0.980630994
1756482778291228672.000000 0.700256288 0.041306593 1.369450092 -0.005782605 0.206354871 -0.003730001 0.978453040
1756482778357894144.000000 0.702588558 0.040575981 1.368319750 -0.005181460 0.217411086 -0.003942643 0.976058483
1756482778424559360.000000 0.705352664 0.039886169 1.368148208 -0.000903403 0.230680197 -0.005131921 0.973015726
1756482778491224064.000000 0.707597792 0.040182341 1.371129036 0.003511594 0.242299646 -0.005148651 0.970181465
1756482778524556288.000000 0.710152447 0.040422622 1.374171138 0.001017503 0.246949896 -0.004538946 0.969017088
1756482778624556800.000000 0.720770180 0.041889310 1.387079358 -0.010163791 0.263982356 -0.003722250 0.964466810
1756482778657890816.000000 0.724260867 0.041552655 1.390037537 -0.008403600 0.270718664 -0.003304545 0.962616146
1756482778724558336.000000 0.729624987 0.040232562 1.394357085 -0.006850648 0.281621635 -0.003866988 0.959493339
1756482778791224832.000000 0.733170629 0.042134732 1.399656177 -0.003654551 0.290491402 -0.005224002 0.956856370
1756482778857891840.000000 0.738623559 0.041067682 1.402087450 -0.005637676 0.299468964 -0.004970284 0.954076469
1756482778924558848.000000 0.744329989 0.041422602 1.406923532 -0.005892929 0.309790254 -0.005269150 0.950772107
1756482778991225344.000000 0.750483751 0.040750470 1.411542177 -0.007768060 0.319829404 -0.004528344 0.947432518
1756482779057891584.000000 0.753825545 0.040913958 1.413162231 -0.009606558 0.327549636 -0.004175109 0.944775999
1756482779124557824.000000 0.754740775 0.040590264 1.411735654 -0.007685680 0.334663868 -0.004370619 0.942296088
1756482779191222528.000000 0.752738714 0.041592598 1.410520315 -0.003704875 0.343117744 -0.006650178 0.939261556
1756482779257887744.000000 0.754961431 0.041159101 1.410098553 -0.003776126 0.354090661 -0.006384552 0.935181737
1756482779324553216.000000 0.759495795 0.043299004 1.413281441 -0.006108394 0.364672303 -0.005751998 0.931098163
1756482779391218176.000000 0.759789228 0.040939394 1.410164237 -0.006365564 0.373735577 -0.005727346 0.927495778
1756482779457882880.000000 0.761506319 0.042604178 1.409419537 -0.004842443 0.383751333 -0.006818451 0.923398614
1756482779491215104.000000 0.762478352 0.042676844 1.408585548 -0.004683676 0.388701737 -0.006898580 0.921325922
1756482779557879808.000000 0.764149904 0.042905666 1.408434153 -0.004957490 0.398839682 -0.007046045 0.916980207
1756482779624546816.000000 0.768407345 0.045098849 1.409843683 -0.005348197 0.408714205 -0.006747103 0.912621796
1756482779724548352.000000 0.771779358 0.045202654 1.407858253 -0.005689936 0.423464209 -0.006684917 0.905870378
1756482779791215872.000000 0.771863341 0.043492876 1.404884815 -0.006296866 0.433921248 -0.006389436 0.900906146
1756482779857882624.000000 0.776071787 0.042049244 1.405136824 -0.006672298 0.444306552 -0.006559536 0.895825982
1756482779891216384.000000 0.774399042 0.042569324 1.402880907 -0.006820951 0.449784249 -0.006558709 0.893087149
1756482779957883136.000000 0.775777519 0.041491255 1.400807619 -0.007008242 0.460301310 -0.006226797 0.887713313
1756482780024549376.000000 0.778019547 0.041393228 1.399918795 -0.002755358 0.472884834 -0.008421204 0.881079733
1756482780091214848.000000 0.783002734 0.040586367 1.399537206 0.001833659 0.484451979 -0.011032762 0.874746382
1756482780191213568.000000 0.797246635 0.041747391 1.404023170 -0.006855811 0.497628152 -0.007378479 0.867332041
1756482780257879296.000000 0.805515468 0.040438268 1.410958171 -0.010512201 0.508298397 -0.005803050 0.861097336
1756482780291211776.000000 0.809818506 0.040427022 1.411141515 -0.010924928 0.513448536 -0.004166444 0.858040810
1756482780357876992.000000 0.818050385 0.045040481 1.410449028 -0.011812623 0.520615280 -0.004203069 0.853699327
1756482780391209472.000000 0.816578627 0.042691424 1.409949541 -0.011021618 0.523272872 -0.006568849 0.852068603
1756482780457874176.000000 0.813900828 0.043885566 1.407449722 -0.005126239 0.528791666 -0.007568677 0.848702490
1756482780524537856.000000 0.813565254 0.042669311 1.405465722 -0.004575151 0.538157344 -0.008946065 0.842784524
1756482780591247872.000000 0.816815495 0.043412622 1.404717326 -0.007324120 0.547110319 -0.007876991 0.836991429
1756482780624624640.000000 0.814866185 0.039727893 1.405139565 -0.008123179 0.551533937 -0.006794620 0.834085286
1756482780691380224.000000 0.819521010 0.040074002 1.402713776 -0.008356285 0.560910702 -0.007758429 0.827797830
1756482780758137856.000000 0.820574760 0.041809440 1.401853085 -0.007956886 0.570420563 -0.008460482 0.821270585
1756482780824897536.000000 0.822682440 0.041439123 1.399702549 -0.007668335 0.579274178 -0.008550741 0.815051794
1756482780891659008.000000 0.822114289 0.041813519 1.397954702 -0.007536264 0.588503182 -0.008292203 0.808417261
1756482780925040128.000000 0.825892627 0.040680651 1.397905827 -0.007527721 0.592750847 -0.007898898 0.805312037
1756482780991803648.000000 0.827037215 0.040550187 1.397726536 -0.007822039 0.601629436 -0.007912063 0.798697889
1756482781025186816.000000 0.823531568 0.041314945 1.395856857 -0.007842274 0.606063843 -0.008353911 0.795333564
1756482781125338624.000000 0.824189603 0.039718978 1.391796231 -0.007817045 0.619512379 -0.008506964 0.784901798
1756482781192109056.000000 0.825699031 0.039599646 1.390243530 -0.007912350 0.628441095 -0.008678230 0.777768493
1756482781258881536.000000 0.826579630 0.039593816 1.388463616 -0.008164100 0.637582481 -0.008829871 0.770288289
1756482781325655808.000000 0.829963326 0.040471867 1.386257172 -0.008787758 0.645759702 -0.008871226 0.763438642
1756482781359043584.000000 0.831636488 0.041438684 1.385606647 -0.008684985 0.649741828 -0.009152049 0.760050237
1756482781425820416.000000 0.833827376 0.043351661 1.385455132 -0.007945616 0.658033490 -0.009448989 0.752887547
1756482781492599808.000000 0.834147811 0.039376784 1.380667448 -0.008498184 0.665588439 -0.009391079 0.746211529
1756482781525989888.000000 0.833764553 0.039972093 1.380432844 -0.008621091 0.669949353 -0.009179466 0.742300034
1756482781592716544.000000 0.832460761 0.040032871 1.379176259 -0.008880787 0.677914560 -0.009055901 0.735031247
1756482781659397120.000000 0.832933307 0.038756438 1.376655698 -0.009449581 0.685756922 -0.009070309 0.727712810
1756482781692737536.000000 0.834437311 0.038158588 1.375449181 -0.009335834 0.689823866 -0.009327078 0.723856986
1756482781759418368.000000 0.835911453 0.038403414 1.374202013 -0.009078826 0.697597325 -0.009768543 0.716365993
1756482781826098944.000000 0.836902201 0.036562443 1.372060537 -0.008423310 0.705759883 -0.009467437 0.708337843
1756482781859438080.000000 0.836782098 0.036116399 1.368744612 0.008328960 -0.709097981 0.009450884 -0.704997480
1756482781926118912.000000 0.840618432 0.040501237 1.369184971 0.007713222 -0.718163431 0.010597484 -0.695751131
1756482781992799232.000000 0.837562740 0.034326080 1.364455581 -0.008627482 0.725049913 -0.008853827 0.688585460
1756482782059480064.000000 0.838270485 0.040621731 1.363872170 -0.007954512 0.732874393 -0.010734717 0.680232763
1756482782126160384.000000 0.839703560 0.040000536 1.361199856 0.007817139 -0.740112722 0.010957367 -0.672348201
1756482782192840704.000000 0.841271460 0.040352911 1.361293435 -0.008329837 0.748090744 -0.011329563 0.663447559
1756482782259521280.000000 0.841820538 0.039135061 1.359308958 -0.008709291 0.755650580 -0.011464909 0.654816687
1756482782292860160.000000 0.843234181 0.040243175 1.358468413 -0.008857891 0.759605229 -0.011577177 0.650221109
1756482782359540480.000000 0.845357776 0.042954337 1.357254624 -0.008899127 0.767010152 -0.011791807 0.641464949
1756482782392880896.000000 0.846755207 0.043545291 1.357141018 -0.009036932 0.770685911 -0.011799661 0.637041926
1756482782459561216.000000 0.844803214 0.041976549 1.355466127 0.008719165 -0.777511954 0.011219335 -0.628707647
1756482782526241280.000000 0.847648144 0.044073176 1.354712725 -0.008458622 0.784829676 -0.012166047 0.619534492
1756482782559581440.000000 0.845794320 0.044165958 1.353001595 -0.008552728 0.788192272 -0.012155798 0.615249634
1756482782626263808.000000 0.852179646 0.041321564 1.352678657 0.009216251 -0.795707464 0.012195724 -0.605488300
1756482782692946432.000000 0.851430178 0.042455241 1.350953937 0.008578577 -0.802461267 0.012272564 -0.596516371
1756482782759628032.000000 0.844303489 0.044417612 1.346807718 0.007871273 -0.808716118 0.011945865 -0.588025272
1756482782826310656.000000 0.842219353 0.044583041 1.344062805 0.007502590 -0.815077245 0.012145143 -0.579176426
1756482782892993280.000000 0.842525125 0.043711282 1.342541337 0.007343875 -0.821599185 0.012494621 -0.569881320
1756482782926334464.000000 0.842425346 0.043897405 1.341173172 0.007147186 -0.824817598 0.012780483 -0.565209329
1756482782993016832.000000 0.843540430 0.040926833 1.339940786 0.007510086 -0.831245244 0.012223948 -0.555720806
1756482783059699456.000000 0.840691566 0.042393647 1.336787462 0.007993393 -0.837324619 0.012542355 -0.546503723
1756482783126381824.000000 0.841196895 0.041157231 1.334939599 0.008806353 -0.843557835 0.012516818 -0.536820352
1756482783193063424.000000 0.841359973 0.040939488 1.328245282 0.009309552 -0.848916769 0.013618618 -0.528269112
1756482783259745792.000000 0.843024135 0.037023481 1.330011845 0.009202782 -0.855082870 0.012083809 -0.518269002
1756482783326428160.000000 0.843348980 0.041622527 1.333490610 0.007810864 -0.861449599 0.013171911 -0.507612169
1756482783359769600.000000 0.844030261 0.041323550 1.334772706 0.007875890 -0.864462912 0.013302404 -0.502458870
1756482783426451968.000000 0.844703197 0.041155927 1.333559275 0.007952156 -0.869812787 0.013683330 -0.493128121
1756482783493134592.000000 0.840674996 0.039813310 1.327322841 0.007842567 -0.874401867 0.013562487 -0.484949499
1756482783526475776.000000 0.847361684 0.041478343 1.331058502 0.007501711 -0.878109455 0.013579261 -0.478208333
1756482783593158144.000000 0.848078609 0.041838292 1.328454256 0.007530753 -0.883557618 0.013648045 -0.468063056
1756482783659839744.000000 0.847229481 0.039565608 1.324982762 0.007936276 -0.888391912 0.013327202 -0.458823740
1756482783726522368.000000 0.848244786 0.039637670 1.324313879 0.007753923 -0.893389761 0.013325545 -0.449017912
1756482783793204992.000000 0.845659375 0.039485671 1.316781402 0.007698739 -0.897909462 0.013290110 -0.439912349
1756482783826546432.000000 0.845625281 0.039105948 1.315785289 0.007899343 -0.900205791 0.013306774 -0.435189754
1756482783893229056.000000 0.839814901 0.040774427 1.313120008 0.007708634 -0.904174268 0.013662008 -0.426875770
1756482783959911680.000000 0.839041710 0.039925024 1.311943769 0.008351691 -0.908815742 0.013948346 -0.416880906
1756482784026594048.000000 0.837472677 0.039496303 1.310643911 0.009078966 -0.913515091 0.014093596 -0.406459391
1756482784093275904.000000 0.835884094 0.040396351 1.308827162 0.008693451 -0.918149352 0.014212171 -0.395884305
1756482784159958528.000000 0.835009217 0.040989958 1.307389021 0.008973594 -0.922777057 0.014516852 -0.384956270
1756482784193299712.000000 0.834794283 0.040240429 1.307467937 0.008836864 -0.925093532 0.014287021 -0.379367650
1756482784259982336.000000 0.837803841 0.037957311 1.306274891 0.009655710 -0.929439247 0.014471993 -0.368564874
1756482784326664960.000000 0.836507082 0.036019631 1.303327322 0.009846935 -0.933222890 0.013769524 -0.358899087
1756482784426688768.000000 0.835750699 0.037420891 1.301367998 0.009897513 -0.939191163 0.013413916 -0.342990100
1756482784493371136.000000 0.830441952 0.037480999 1.299872875 -0.009704992 0.942721844 -0.013447007 0.333167672
1756482784560052992.000000 0.831532478 0.038173035 1.295527577 0.009086768 -0.946393728 0.013237759 -0.322616011
1756482784593395456.000000 0.828345418 0.039488912 1.294910669 0.008619938 -0.947999477 0.014051855 -0.317844719
1756482784660081152.000000 0.827525377 0.039539918 1.291337013 -0.008646801 0.951467216 -0.014784286 0.307273269
1756482784726766592.000000 0.825210094 0.039105549 1.288282752 -0.006985070 0.955319047 -0.018777672 0.294897050
1756482784760109312.000000 0.823984742 0.038815588 1.287553787 -0.005963136 0.957154810 -0.021383304 0.288724810
1756482784826794752.000000 0.827226281 0.037035443 1.281837821 -0.006144934 0.960410178 -0.019375980 0.277847469
1756482784926823424.000000 0.833843112 0.039158657 1.266309857 0.010224509 -0.965716541 0.011860537 -0.259126514
1756482784960165376.000000 0.834152341 0.039378416 1.261306763 0.009373246 -0.967526853 0.012019305 -0.252308309
1756482785026851072.000000 0.834692597 0.039717276 1.253806949 -0.008166642 0.970794439 -0.014612025 0.239328250
1756482785093537024.000000 0.837425828 0.039222579 1.250402451 0.008407347 -0.972936034 0.015939509 -0.230371058
1756482785193565952.000000 0.837913752 0.037361700 1.241842508 0.006322581 -0.976245403 0.016271990 -0.215963781
1756482785260251904.000000 0.843235373 0.035759516 1.233005166 -0.007481569 0.978802025 -0.014020089 0.204191476
1756482785293595136.000000 0.844265699 0.037410762 1.228956819 -0.007720554 0.979975760 -0.014226154 0.198457986
1756482785393624320.000000 0.841988564 0.035620857 1.217175722 0.008007680 -0.983212292 0.016132537 -0.181574494
1756482785460309504.000000 0.841850877 0.034531478 1.209395289 0.007844710 -0.984969437 0.015821574 -0.171823695
1756482785493652480.000000 0.841597199 0.033833317 1.205245495 0.007808259 -0.985280335 0.015310868 -0.170080349
1756482785560338944.000000 0.844026685 0.034213126 1.198815346 -0.007792333 0.984740734 -0.014425688 0.173254102
1756482785627019776.000000 0.847981691 0.036970533 1.194691777 0.007680028 -0.984611928 0.016935978 -0.173763067
1756482785693700608.000000 0.849721432 0.036271129 1.191799164 0.008306545 -0.984808087 0.017298730 -0.172582835
1756482785793721600.000000 0.853689075 0.037402995 1.180482507 0.008533666 -0.984770834 0.015545256 -0.172950923
1756482785860401408.000000 0.855263591 0.038651828 1.169899225 0.008488670 -0.984622240 0.015719526 -0.173781723
1756482785927081984.000000 0.858336568 0.037836246 1.165482759 0.009139773 -0.984964430 0.015221096 -0.171842605
1756482785960422400.000000 0.858579516 0.037564479 1.163014293 0.008937822 -0.985100210 0.016247218 -0.170978695
1756482786060443136.000000 0.858721495 0.036909990 1.153688073 0.008720561 -0.987871706 0.018734897 -0.153891370
1756482786093783296.000000 0.858135104 0.036254529 1.149617910 0.008578611 -0.988730371 0.018162368 -0.148353487
1756482786160463872.000000 0.859854460 0.033082053 1.140592933 0.009163738 -0.990332007 0.015518093 -0.137542248
1756482786227144192.000000 0.858356953 0.034475848 1.132968187 -0.009101301 0.991584361 -0.014413211 0.128335640
1756482786293823744.000000 0.858240128 0.035811245 1.125584602 0.008784974 -0.992676914 0.017263643 -0.119236939
1756482786360504064.000000 0.860680699 0.031572614 1.117279768 0.007907465 -0.993850648 0.015987426 -0.109283186
1756482786427184384.000000 0.859829545 0.033431090 1.109685659 0.008137633 -0.994198740 0.015912777 -0.106063500
1756482786493864704.000000 0.859000921 0.034782872 1.102736950 0.007421141 -0.993946493 0.016205681 -0.108409747
1756482786527204864.000000 0.860253930 0.034992974 1.099202991 0.007592983 -0.993989766 0.016772198 -0.107914306
1756482786593885952.000000 0.861977100 0.034408692 1.092540264 0.007465664 -0.994069219 0.016720247 -0.107197046
1756482786660568576.000000 0.863817453 0.034553707 1.087231636 0.007354912 -0.994053662 0.017077314 -0.107292429
1756482786727250688.000000 0.864875436 0.034793571 1.080351830 0.008026659 -0.994105995 0.017753247 -0.106647201
1756482786760590848.000000 0.865826488 0.034941219 1.077878475 0.008298914 -0.994121909 0.018641897 -0.106326863
1756482786827272960.000000 0.866672993 0.033691783 1.073295951 0.007932325 -0.994060636 0.019886239 -0.106701203
1756482786927296512.000000 0.869253993 0.032523759 1.061112761 0.008598625 -0.994854689 0.017816696 -0.099361859
1756482786960637696.000000 0.868265510 0.033148818 1.053620338 0.007898387 -0.995504498 0.015335255 -0.093130253
1756482787027319808.000000 0.867127895 0.032395914 1.044971585 0.007806019 -0.996666551 0.014593006 -0.079886958
1756482787094002176.000000 0.866084456 0.032587484 1.041162014 0.007896747 -0.997478783 0.018692799 -0.068002202
1756482787160684544.000000 0.865107179 0.034109704 1.033910513 -0.007487185 0.998163760 -0.020853933 0.056376319
1756482787227365632.000000 0.863013148 0.033352755 1.027132750 0.008160581 -0.998730958 0.018316466 -0.046200790
1756482787294048000.000000 0.861660480 0.033808004 1.016880155 -0.007233590 0.999151111 -0.016839134 0.036894776
1756482787360730368.000000 0.862206161 0.033598781 1.010497570 -0.007721528 0.999177396 -0.017838880 0.035590764
1756482787427412480.000000 0.862990737 0.033727191 1.005460382 -0.007957657 0.999092698 -0.019299012 0.037121654
1756482787494095104.000000 0.864417553 0.033267755 1.000633478 -0.007775151 0.998987913 -0.021449836 0.038763568
1756482787560777472.000000 0.865556121 0.032609127 0.993784428 -0.007933921 0.998986661 -0.019388923 0.039835293
1756482787594117888.000000 0.865719199 0.032555491 0.989658594 -0.008319909 0.998996437 -0.017976269 0.040172257
1756482787694139392.000000 0.865221262 0.034293834 0.977524996 -0.008081366 0.998938620 -0.019863710 0.040765669
1756482787760820992.000000 0.865907073 0.032529809 0.972507656 -0.007898079 0.998963177 -0.019697754 0.040276468
1756482787827502336.000000 0.866298676 0.032326609 0.966977477 -0.007930038 0.998973787 -0.020213915 0.039748441
1756482787894183936.000000 0.865974307 0.035038531 0.958034337 0.007799948 -0.998958051 0.020746417 -0.039895330
1756482787960865280.000000 0.866745114 0.033683363 0.951690555 0.008213234 -0.998965621 0.020268561 -0.039867435
1756482788027546624.000000 0.866744161 0.032848008 0.946486115 -0.008182183 0.998934805 -0.020746494 0.040397607
1756482788094226944.000000 0.866850019 0.032941900 0.939820468 -0.008309148 0.998970628 -0.020565748 0.039570522
1756482788160908288.000000 0.867342591 0.032922886 0.932855070 -0.008716273 0.999018550 -0.019836003 0.038635481
1756482788260930048.000000 0.868812680 0.032691531 0.922886670 -0.008567428 0.998961806 -0.019933835 0.040058337
1756482788327611392.000000 0.868210316 0.032044530 0.916422665 -0.007742683 0.998939753 -0.020008173 0.040732630
1756482788394292480.000000 0.868105292 0.031688616 0.910705805 -0.008310314 0.998977780 -0.019793129 0.039782062
1756482788460973824.000000 0.869498730 0.032208875 0.903789699 0.008993024 -0.999019802 0.020281252 -0.038305126
1756482788560994304.000000 0.870113969 0.031879518 0.892057300 0.008499259 -0.998981178 0.019234963 -0.039931562
1756482788627675136.000000 0.870862842 0.031779349 0.885259151 -0.008439593 0.998934031 -0.018519714 0.041433375
1756482788727695872.000000 0.870959401 0.031246457 0.875902176 -0.007868021 0.998918414 -0.019044681 0.041683264
1756482788794376448.000000 0.870319605 0.031398796 0.870530128 -0.007781770 0.998884797 -0.020236919 0.041940946
1756482788861057024.000000 0.870695829 0.030373424 0.864241958 -0.007438315 0.998918295 -0.020472821 0.041083448
1756482788927737600.000000 0.870892286 0.030318951 0.858776391 -0.008021913 0.998915374 -0.021210903 0.040667735
1756482788994416896.000000 0.871081233 0.030186050 0.852009058 -0.008041334 0.998943150 -0.020530369 0.040330134
1756482789061097472.000000 0.872447133 0.030263279 0.844495773 -0.008124882 0.998948157 -0.018866085 0.040994931
1756482789127777536.000000 0.872700691 0.029280338 0.837898016 -0.008004547 0.998936057 -0.019236334 0.041142974
1756482789194458112.000000 0.871780574 0.029793954 0.831285655 0.008024175 -0.998929203 0.020220421 -0.040831815
1756482789261138176.000000 0.871365845 0.029308319 0.823839068 0.007916692 -0.998950601 0.018559640 -0.041119024
1756482789327818496.000000 0.872625649 0.030268904 0.816537440 0.007660775 -0.998984456 0.018053807 -0.040566653
1756482789394498816.000000 0.872869015 0.029796574 0.810923278 -0.006965214 0.998952270 -0.019352904 0.040882096
1756482789461177856.000000 0.873620570 0.029926531 0.805333078 0.007619203 -0.998937368 0.021575108 -0.040007226
1756482789527857920.000000 0.873996973 0.029877726 0.798179865 0.008254366 -0.999002516 0.020805612 -0.038638230
1756482789627879424.000000 0.874689639 0.030328743 0.785224378 0.008481724 -0.999047101 0.017625384 -0.039017886
1756482789694561024.000000 0.875174642 0.030307099 0.778908908 0.007934524 -0.999049902 0.018383900 -0.038710281
1756482789761242368.000000 0.876056194 0.030035375 0.773486316 0.008573938 -0.999047995 0.020459322 -0.037563577
1756482789827923968.000000 0.874902844 0.029436823 0.769280851 -0.008167927 0.998980641 -0.020930856 0.039153051
1756482789894604544.000000 0.875922561 0.030099856 0.760246933 0.008159747 -0.999000013 0.019486334 -0.039404079
1756482789961286144.000000 0.876200914 0.029702194 0.752221644 0.007909676 -0.999027371 0.018752463 -0.039117470
1756482790027967488.000000 0.875324190 0.029135255 0.746189952 0.007545580 -0.999015749 0.018460482 -0.039621472
1756482790094649088.000000 0.875040352 0.028624102 0.740343750 0.007523816 -0.999029219 0.018316923 -0.039352920
1756482790161330432.000000 0.874280035 0.027892925 0.735509455 -0.008109351 0.999053419 -0.018455232 0.038547568
1756482790228011776.000000 0.874823093 0.026929615 0.729692101 -0.008593023 0.999043167 -0.019265506 0.038313385
1756482790261352704.000000 0.875551641 0.026944896 0.726665497 -0.008745530 0.999020636 -0.019337287 0.038825970
1756482790328033280.000000 0.878634214 0.027772851 0.718905091 -0.008515417 0.999024987 -0.019330423 0.038769025
1756482790394714624.000000 0.875659049 0.027035221 0.712938488 -0.008302274 0.999033928 -0.017794717 0.039315097
1756482790461396224.000000 0.875232577 0.026871955 0.706356108 -0.007828807 0.999016464 -0.017806076 0.039846290
1756482790528077568.000000 0.875515997 0.026639931 0.700410128 -0.007946584 0.999017477 -0.018528160 0.039467555
1756482790594759424.000000 0.876234055 0.026821807 0.693395674 -0.008759494 0.999049067 -0.017861191 0.038797680
1756482790628101120.000000 0.879311621 0.027319331 0.687862635 0.008862461 -0.999085605 0.017079353 -0.038180832
1756482790694784000.000000 0.879793286 0.026815375 0.682713985 0.007944722 -0.999048293 0.017536303 -0.039140232
1756482790761465856.000000 0.879432142 0.026366871 0.674832940 0.007660177 -0.999066353 0.017316533 -0.038831875
1756482790828148480.000000 0.879811823 0.027282845 0.669109702 -0.008388598 0.999080062 -0.018791348 0.037625164
1756482790894831104.000000 0.880874336 0.025235504 0.664718509 0.008271037 -0.999075115 0.018967314 -0.037695415
1756482790994855680.000000 0.881376624 0.024533594 0.655678093 0.008182918 -0.999059975 0.019130690 -0.038028840
1756482791028197120.000000 0.881121755 0.025174052 0.651871622 0.008655502 -0.999064505 0.018628245 -0.038054660
1756482791094880000.000000 0.882008135 0.025573619 0.643768132 0.009240279 -0.999093235 0.017458089 -0.037717640
1756482791161562880.000000 0.882159472 0.025950881 0.636188388 0.009780312 -0.999126792 0.016600622 -0.037074380
1756482791228244736.000000 0.882981777 0.026143596 0.629552126 0.009972034 -0.999109089 0.017153030 -0.037248597
1756482791294927872.000000 0.883937538 0.025223915 0.623898745 0.009295350 -0.999047518 0.017727580 -0.038775593
1756482791361610752.000000 0.884503663 0.024870634 0.618364751 0.009239056 -0.999035358 0.019107439 -0.038443949
1756482791428293376.000000 0.884077787 0.024930190 0.610908985 0.009533155 -0.999042332 0.018780822 -0.038352862
1756482791494976256.000000 0.883866072 0.024383251 0.604971766 0.009971272 -0.999059558 0.018143715 -0.038098160
1756482791595001088.000000 0.885291040 0.025215011 0.594915807 0.009629402 -0.999092102 0.018171022 -0.037312072
1756482791661683200.000000 0.885312796 0.025851946 0.588171780 0.009163378 -0.999069691 0.018281024 -0.037967224
1756482791695024640.000000 0.885095954 0.024779264 0.584607005 0.009110969 -0.999063015 0.018520253 -0.038041621
1756482791761707776.000000 0.884469628 0.024538714 0.577029586 -0.009222476 0.999054968 -0.018955989 0.038010102
1756482791828391168.000000 0.884732127 0.024164401 0.570979655 0.009004169 -0.999072850 0.018226728 -0.037949216
1756482791895074048.000000 0.885156214 0.023873463 0.563795865 0.008818877 -0.999097109 0.019081604 -0.036921673
1756482791961757696.000000 0.884777606 0.023569798 0.558796048 0.008560766 -0.999076724 0.021403084 -0.036254339
1756482792028440832.000000 0.885294318 0.022913542 0.552936971 0.008730222 -0.999076784 0.021511348 -0.036148731
1756482792095122944.000000 0.885527611 0.023779023 0.542845607 0.008741367 -0.999123216 0.018504282 -0.036524020
1756482792161806336.000000 0.885249019 0.025210313 0.535168648 0.008650128 -0.999079883 0.018511739 -0.037709579
1756482792228489472.000000 0.884185195 0.023477521 0.530164659 -0.008412998 0.999031007 -0.019678768 0.038458742
1756482792295172864.000000 0.885278881 0.023964968 0.524482489 -0.008090176 0.999055862 -0.020211782 0.037595421
1756482792361856256.000000 0.885271192 0.023837611 0.517289877 -0.007630534 0.999065936 -0.019506110 0.037797008
1756482792428539392.000000 0.885071874 0.024070239 0.511310279 -0.008092112 0.999085188 -0.019106669 0.037395194
1756482792495222784.000000 0.885832906 0.024396747 0.505502760 -0.008467484 0.999081433 -0.020458993 0.036690004
1756482792561905664.000000 0.886158884 0.023158077 0.498424381 -0.008042751 0.999076188 -0.019827906 0.037269339
1756482792628586240.000000 0.886699557 0.024017219 0.492613643 -0.007873853 0.999044001 -0.020727038 0.037676238
1756482792661926400.000000 0.886884212 0.023819078 0.489213228 -0.007431475 0.999045789 -0.021206509 0.037452038
1756482792728607232.000000 0.887201726 0.022951892 0.482637912 -0.007501622 0.999096751 -0.020601507 0.036399938
1756482792795287808.000000 0.886195719 0.022738039 0.474923372 -0.007504703 0.999090195 -0.019913826 0.036958873
1756482792861968384.000000 0.887292147 0.022959804 0.469690263 -0.007492051 0.999064982 -0.021732345 0.036615677
1756482792928648960.000000 0.887461782 0.022189356 0.463513792 -0.007771805 0.999067664 -0.023451265 0.035404861
1756482792995328512.000000 0.887437701 0.022922009 0.456288934 -0.007448829 0.999061942 -0.022862501 0.036014259
1756482793028668672.000000 0.885387123 0.020957232 0.452443004 0.006780955 -0.999072373 0.020733207 -0.037129961
1756482793095348992.000000 0.885385454 0.021296406 0.445001364 0.006526546 -0.999121845 0.020085506 -0.036187172
1756482793162029568.000000 0.886617124 0.022658339 0.438926935 -0.007415009 0.999137580 -0.021483297 0.034751162
1756482793228710144.000000 0.886514843 0.021934297 0.432510018 -0.007169360 0.999110103 -0.022855761 0.034717437
1756482793295390464.000000 0.888258159 0.022567995 0.427062213 -0.007414518 0.999111354 -0.024006484 0.033841964
1756482793362070784.000000 0.886845529 0.021739138 0.420995355 -0.007237822 0.999115825 -0.023444038 0.034142002
1756482793428750336.000000 0.887470424 0.021237582 0.414610326 -0.007345641 0.999123931 -0.022434721 0.034554791
1756482793495430656.000000 0.888214231 0.020578805 0.407012582 -0.006980863 0.999102771 -0.021717951 0.035682488
1756482793562110720.000000 0.888462782 0.020224307 0.400155783 -0.006653602 0.999094248 -0.021982288 0.035822105
1756482793595452672.000000 0.888187170 0.020707142 0.397264272 -0.006535605 0.999099493 -0.022378659 0.035451882
1756482793662137088.000000 0.888621151 0.020359293 0.390091509 0.007277496 -0.999099135 0.022648837 -0.035144288
1756482793728821248.000000 0.888006270 0.020637034 0.383386791 0.006831799 -0.999062181 0.022575513 -0.036309425
1756482793795505408.000000 0.890002906 0.021140853 0.374763340 -0.005961222 0.999098778 -0.023252055 0.035008200
1756482793862188800.000000 0.890268326 0.022231113 0.371540785 -0.007067943 0.999029398 -0.026403710 0.034543876
1756482793895531008.000000 0.889942229 0.021468479 0.369803607 -0.006786548 0.998974204 -0.027793508 0.035101462
1756482793962215168.000000 0.891367137 0.020393843 0.364220679 -0.006851650 0.998960137 -0.027623771 0.035620175
1756482794028899584.000000 0.892037451 0.021245528 0.356053203 -0.007912559 0.999069929 -0.024582351 0.034532528
1756482794095584000.000000 0.891918898 0.021993719 0.344671130 -0.008034971 0.999167502 -0.020765929 0.034183912
1756482794162268416.000000 0.892175138 0.021154685 0.336457074 -0.007532305 0.999149323 -0.020190526 0.035162318
1756482794228952576.000000 0.892374098 0.020994211 0.330188334 -0.007616663 0.999143124 -0.020897428 0.034907330
1756482794262295040.000000 0.891830981 0.021431686 0.327158213 -0.007664063 0.999127209 -0.021748738 0.034829725
1756482794328978432.000000 0.894122839 0.018742183 0.321158886 -0.007066903 0.999157608 -0.021035589 0.034522027
1756482794395662848.000000 0.892225742 0.020347878 0.314430118 -0.006991663 0.999111056 -0.022720926 0.034814749
1756482794462347520.000000 0.893088341 0.016535029 0.309454560 0.007947776 -0.999189019 0.021115111 -0.033353072
1756482794529031936.000000 0.893231034 0.016078493 0.302765965 0.007773981 -0.999164939 0.021542436 -0.033838417
1756482794629056512.000000 0.895514429 0.017859358 0.290180594 -0.007012644 0.999164701 -0.020345613 0.034738548
1756482794695738368.000000 0.895444036 0.019531460 0.283381790 -0.007885994 0.999208093 -0.019247770 0.033920825
1756482794762419200.000000 0.895698547 0.018443493 0.277717173 -0.007550816 0.999187052 -0.020707889 0.033755660
1756482794795759872.000000 0.896005511 0.017477730 0.274906814 -0.007595929 0.999153733 -0.021281648 0.034369342
1756482794862442240.000000 0.895415664 0.016612690 0.268564165 -0.007724889 0.999131560 -0.021700203 0.034720719
1756482794929124096.000000 0.896399796 0.016111702 0.261635542 -0.007104026 0.999153912 -0.020538250 0.034916770
1756482794995805952.000000 0.896945953 0.016455354 0.253956258 -0.007191954 0.999193132 -0.019355200 0.034451749
1756482795062487808.000000 0.897349536 0.017228166 0.247373730 -0.007602369 0.999214768 -0.019167325 0.033834383
1756482795095828480.000000 0.897500575 0.017467856 0.244883344 -0.008213694 0.999208033 -0.019338755 0.033792112
1756482795162510592.000000 0.896634579 0.013244187 0.240331665 0.008580238 -0.999205589 0.018003510 -0.034503516
1756482795229191424.000000 0.897242308 0.011909164 0.232863232 0.008434507 -0.999216020 0.017146161 -0.034673177
1756482795262532352.000000 0.897206664 0.014137333 0.226894766 -0.007442291 0.999206424 -0.017870372 0.034810852
1756482795329214208.000000 0.897134125 0.015720438 0.219026178 -0.006991264 0.999208808 -0.016828775 0.035351180
1756482795395896320.000000 0.895725667 0.014841406 0.214178756 -0.007005115 0.999181509 -0.018748024 0.035153940
1756482795462578176.000000 0.897735894 0.014445253 0.208435297 -0.007260034 0.999216497 -0.020935737 0.032793261
1756482795529260032.000000 0.897662163 0.014654791 0.202105924 -0.007491378 0.999220371 -0.020513996 0.032889996
1756482795595941376.000000 0.895985186 0.014107984 0.194554716 -0.007730095 0.999253631 -0.016501900 0.034061950
1756482795629280768.000000 0.895556271 0.014357833 0.190612987 -0.007514731 0.999238610 -0.017327575 0.034139786
1756482795695961600.000000 0.895407319 0.013989089 0.185449451 -0.007191711 0.999191225 -0.020518493 0.033826828
1756482795762641920.000000 0.895663917 0.014513790 0.179734334 -0.006525264 0.999156594 -0.021189896 0.034563314
1756482795829322496.000000 0.895743310 0.015468070 0.171671748 -0.006447914 0.999217391 -0.018176934 0.034535404
1756482795896003328.000000 0.896245599 0.014340600 0.163010448 0.007157163 -0.999293387 0.015472719 -0.033497944
1756482795962683904.000000 0.895983636 0.014423256 0.156647116 -0.006942396 0.999299467 -0.015573337 0.033314504
1756482796029364224.000000 0.896046758 0.014073809 0.150740042 -0.006543001 0.999287128 -0.016010221 0.033558685
1756482796062704640.000000 0.895806611 0.013267536 0.147594765 0.006991027 -0.999274194 0.016488843 -0.033622131
1756482796129383936.000000 0.896090448 0.012317680 0.141269654 0.006964114 -0.999247134 0.017809805 -0.033757228
1756482796196064512.000000 0.896842182 0.012954282 0.134889513 0.007166198 -0.999212503 0.017719099 -0.034771409
1756482796262745088.000000 0.896701932 0.013042506 0.126654729 0.007459444 -0.999224246 0.015705014 -0.035335910
1756482796329425664.000000 0.897965848 0.013606193 0.119984537 0.007342472 -0.999293208 0.015860122 -0.033281580
1756482796362765568.000000 0.897560298 0.012847970 0.117039889 0.007137645 -0.999294281 0.015987376 -0.033232465
1756482796429445888.000000 0.897854328 0.013092732 0.110833779 0.007161680 -0.999263406 0.017980399 -0.033138856
1756482796462786560.000000 0.897324622 0.012353880 0.109515056 0.006389514 -0.999266446 0.017540120 -0.033437353
1756482796529465600.000000 0.897933006 0.012068757 0.101898029 0.006754944 -0.999290884 0.016834298 -0.032997217
1756482796596148224.000000 0.898596048 0.012376929 0.093697958 0.007845324 -0.999371827 0.014553184 -0.031346675
1756482796662833152.000000 0.899088860 0.011419082 0.087418988 0.008000077 -0.999381244 0.014644486 -0.030962218
1756482796696175872.000000 0.898507714 0.010905577 0.084175214 0.008042783 -0.999358237 0.015258346 -0.031395506
1756482796762860800.000000 0.896557033 0.010102089 0.076872125 0.009135001 -0.999306142 0.016173901 -0.032284226
1756482796796203264.000000 0.896604121 0.010297675 0.073913351 0.008912719 -0.999310136 0.016742494 -0.031929098
1756482796862888448.000000 0.899622858 0.012373965 0.065516405 0.009230968 -0.999320388 0.017606569 -0.031042390
1756482796929573888.000000 0.899123430 0.012485227 0.060338315 0.008191498 -0.999276698 0.016984241 -0.033023681
1756482796996258048.000000 0.899505019 0.012532786 0.054044992 0.008303757 -0.999294758 0.016025057 -0.032928195
1756482797029600512.000000 0.899955869 0.012240130 0.050320186 0.008623699 -0.999317586 0.015648367 -0.032329880
1756482797096285696.000000 0.900556087 0.011609217 0.044462055 0.008026377 -0.999302983 0.015898889 -0.032807395
1756482797129628672.000000 0.900793076 0.011061257 0.041317873 0.007748709 -0.999291062 0.016242517 -0.033068787
1756482797196313856.000000 0.900505066 0.010152907 0.034442063 0.007741488 -0.999308288 0.016930185 -0.032192890
1756482797229656576.000000 0.901112914 0.010073684 0.031458478 0.008526007 -0.999318361 0.017262673 -0.031498462
1756482797262999296.000000 0.901843846 0.010075411 0.027793325 0.008612799 -0.999337614 0.016589774 -0.031224770
1756482797329684736.000000 0.902261734 0.009909561 0.020525165 0.009065527 -0.999332428 0.015173079 -0.031974830
1756482797396370432.000000 0.902533114 0.009262234 0.014611371 0.008502924 -0.999269307 0.017398447 -0.032954380
1756482797429711872.000000 0.900574803 0.010740643 0.012493275 -0.008494979 0.999156594 -0.020544007 0.034524858
1756482797496397568.000000 0.902926147 0.008349668 0.007488862 0.008920655 -0.999203861 0.020878080 -0.032805625
1756482797529740288.000000 0.901853561 0.010006077 0.003471807 0.008766159 -0.999159753 0.021125885 -0.034009788
1756482797596423936.000000 0.902091503 0.010577000 -0.003995821 0.009065284 -0.999198020 0.018522102 -0.034324456
1756482797629764608.000000 0.901982427 0.011317928 -0.006844014 -0.008724410 0.999207556 -0.017801765 0.034513500
1756482797696445696.000000 0.900922537 0.010278416 -0.013602734 -0.008347032 0.999226391 -0.017626695 0.034151256
1756482797729786368.000000 0.900862336 0.009934186 -0.016813740 -0.008967286 0.999248147 -0.017394735 0.033469968
1756482797796467456.000000 0.900521994 0.008770186 -0.022914544 -0.009084318 0.999212086 -0.018198175 0.034082253
1756482797829808128.000000 0.899736583 0.007887312 -0.026326790 -0.008610352 0.999187887 -0.018907979 0.034524292
1756482797896488448.000000 0.899949133 0.007342905 -0.031972572 -0.008724550 0.999141276 -0.020120133 0.035154320
1756482797929829120.000000 0.901556849 0.008821700 -0.035793394 -0.008278198 0.999161720 -0.020870786 0.034230031
1756482797996510208.000000 0.899841070 0.007569584 -0.044130236 -0.008344047 0.999229014 -0.016036605 0.034852147
1756482798029850624.000000 0.899965465 0.007511579 -0.047934785 -0.008550314 0.999245286 -0.014611444 0.034961917
1756482798096531712.000000 0.900350809 0.007365922 -0.055248410 0.008405256 -0.999216497 0.017069463 -0.034704052
1756482798129872384.000000 0.900403023 0.007264767 -0.057748497 0.008299498 -0.999205828 0.018550815 -0.034275282
1756482798196553472.000000 0.902250350 0.008192020 -0.061797485 -0.008820596 0.999247134 -0.020651476 0.031637747
1756482798229894144.000000 0.902970672 0.007962216 -0.065368578 -0.009238152 0.999281108 -0.018899532 0.031540025
1756482798296573952.000000 0.903125763 0.007783066 -0.073609129 -0.008903759 0.999285460 -0.017091244 0.032516513
1756482798329914624.000000 0.903274298 0.007694370 -0.077070579 -0.008411670 0.999273419 -0.017330527 0.032887686
1756482798363255040.000000 0.903711796 0.007498039 -0.080291942 -0.008058095 0.999284506 -0.017303003 0.032652076
1756482798429935872.000000 0.902776897 0.008251637 -0.087034851 -0.008033926 0.999235868 -0.018409740 0.033531491
1756482798463276544.000000 0.904250264 0.006225965 -0.090646401 -0.008562804 0.999308825 -0.016413983 0.032235399
1756482798496616960.000000 0.904426217 0.005995512 -0.094134033 -0.008660387 0.999300718 -0.016651340 0.032339063
1756482798563297792.000000 0.904442489 0.005225118 -0.099506497 -0.008786410 0.999263108 -0.017918887 0.032787256
1756482798596639744.000000 0.904415190 0.004989684 -0.101728693 -0.009621756 0.999248505 -0.018059397 0.032920022
1756482798629981952.000000 0.904629827 0.004967788 -0.104106978 -0.009374272 0.999258220 -0.017877303 0.032797530
1756482798663323904.000000 0.906178772 0.006074725 -0.107683748 0.007675269 -0.999284446 0.018314086 -0.032192070
1756482798696666112.000000 0.906337619 0.006045989 -0.111347556 -0.007575871 0.999314785 -0.014796310 0.033071440
1756482798763348992.000000 0.908037245 0.005697893 -0.116072476 -0.008411624 0.999266565 -0.010993106 0.035705354
1756482798830033664.000000 0.906773388 0.006504439 -0.113838941 0.008474018 -0.998830080 0.015392208 -0.045054324
1756482798863375360.000000 0.907867014 0.005826994 -0.112106830 -0.008521772 0.998569548 -0.016716149 0.050069172
1756482798896717568.000000 0.908813894 0.005730674 -0.109794050 -0.008912089 0.998224080 -0.019124439 0.055709079
1756482798963401728.000000 0.909219861 0.007365533 -0.109188259 -0.009148114 0.997377515 -0.020241899 0.068882115
1756482798996743936.000000 0.911471784 0.006125733 -0.108839303 -0.009428853 0.997171879 -0.017407177 0.072501242
1756482799030086400.000000 0.912104309 0.006438268 -0.108887643 -0.009197078 0.996783376 -0.017525662 0.077661313
1756482799096770304.000000 0.913713872 0.006625080 -0.107784241 -0.010196571 0.995914698 -0.017881585 0.087921984
1756482799130112768.000000 0.914382577 0.006562677 -0.107251287 -0.010036048 0.995396733 -0.018124493 0.093574435
1756482799196795904.000000 0.915908575 0.007143082 -0.105893940 -0.009713441 0.994328618 -0.019201072 0.104151957
1756482799230137856.000000 0.917245328 0.006365343 -0.105161995 -0.009232439 0.993850470 -0.018242117 0.108827159
1756482799296822272.000000 0.918462515 0.006757537 -0.103375077 -0.009349739 0.992516339 -0.019191498 0.120231792
1756482799363506432.000000 0.919595420 0.006885834 -0.101989448 -0.009368533 0.991110682 -0.019489892 0.131271258
1756482799396848896.000000 0.918468416 0.008477994 -0.101894259 -0.009649738 0.990109444 -0.021851400 0.138248771
1756482799463533056.000000 0.921019495 0.007772786 -0.099421918 -0.010204302 0.988724649 -0.021031002 0.147909150
1756482799496875520.000000 0.920421302 0.009341953 -0.099249125 -0.010053256 0.987561405 -0.022784023 0.155249223
1756482799563559936.000000 0.922071040 0.009379543 -0.097997606 -0.010215586 0.985686958 -0.022812255 0.166723281
1756482799596900864.000000 0.922706127 0.009729633 -0.097161829 -0.010230855 0.984780610 -0.023104137 0.171955526
1756482799663581952.000000 0.924003839 0.009569770 -0.095661819 -0.010216628 0.982690573 -0.023084579 0.183526710
1756482799696922880.000000 0.924576223 0.009720295 -0.094488621 -0.010208732 0.981608629 -0.023461396 0.189182371
1756482799730263808.000000 0.928618252 0.007502384 -0.092444599 0.009330307 -0.981115758 0.021179894 -0.192031965
1756482799796945664.000000 0.930182993 0.006790571 -0.090318859 -0.008369281 0.978741527 -0.023876449 0.203531131
1756482799830286336.000000 0.929291606 0.007032270 -0.090589821 -0.008417531 0.976877928 -0.025261851 0.212133273
1756482799896968448.000000 0.932814360 0.007262773 -0.093577027 -0.009318941 0.974104464 -0.025834188 0.224424303
1756482799930309120.000000 0.935586512 0.007531978 -0.096808910 -0.010162811 0.972877681 -0.022578858 0.229991093
1756482799963650304.000000 0.939338148 0.008018486 -0.099708021 -0.010191377 0.971874356 -0.020019354 0.234426096
1756482800030332160.000000 0.943578124 0.007759229 -0.106988251 -0.011974601 0.968703687 -0.018199759 0.247262031
1756482800063672832.000000 0.947244287 0.006428333 -0.109060466 0.011650962 -0.967585266 0.017555531 -0.251664162
1756482800130353664.000000 0.949294329 0.007896891 -0.109593034 -0.009715331 0.964616597 -0.020476520 0.262680888
1756482800163694592.000000 0.950821519 0.007801071 -0.110658169 -0.009270931 0.962988019 -0.020851947 0.268576592
1756482800197035520.000000 0.952332258 0.007383975 -0.112341344 -0.009311584 0.961361825 -0.020464370 0.274368405
1756482800263717120.000000 0.955761671 0.007025926 -0.115937233 -0.009609591 0.958488226 -0.018634602 0.284360349
1756482800297058304.000000 0.961407065 0.009456976 -0.120246530 -0.010851219 0.957327485 -0.018634032 0.288199931
1756482800363740160.000000 0.965072870 0.008778878 -0.122716546 -0.010878253 0.953934908 -0.017285252 0.299317926
1756482800397081088.000000 0.966067255 0.008579354 -0.124181271 0.011161333 -0.951987803 0.014962190 -0.305566519
1756482800463762944.000000 0.968131900 0.008897787 -0.125713468 0.011064070 -0.948749542 0.012158046 -0.315601140
1756482800497103616.000000 0.968134522 0.008726752 -0.124244213 0.011050750 -0.947517157 0.013365679 -0.319234431
1756482800530443776.000000 0.970605969 0.009679122 -0.124459743 -0.010460077 0.946492136 -0.017751021 0.322068572
1756482800563784448.000000 0.968839407 0.009969722 -0.121745586 -0.010362812 0.945424497 -0.017993340 0.325178981
1756482800630467840.000000 0.969083130 0.009803479 -0.118363261 -0.009076572 0.942038178 -0.020266194 0.334770143
1756482800663809536.000000 0.969299436 0.010308952 -0.116925478 -0.009450670 0.940322280 -0.019160936 0.339613885
1756482800697151232.000000 0.970295012 0.010610685 -0.117011070 -0.009643275 0.938590169 -0.018497216 0.344402969
1756482800730492928.000000 0.970486462 0.010401056 -0.116146684 -0.009209936 0.936842561 -0.018029807 0.349164963
1756482800763834368.000000 0.970722497 0.010136626 -0.115148425 -0.009066154 0.935026228 -0.018312044 0.353989393
1756482800830517760.000000 0.971818149 0.009655388 -0.113341212 -0.009509536 0.930920243 -0.018246854 0.364642560
1756482800897201152.000000 0.972447276 0.009467242 -0.111091375 -0.009337679 0.926918507 -0.018120481 0.374708682
1756482800930542848.000000 0.973003864 0.009172610 -0.111006737 0.009114328 -0.924920678 0.017897621 -0.379629314
1756482800963883776.000000 0.972821414 0.008894587 -0.110139251 0.008943430 -0.922719538 0.017973501 -0.384948969
1756482800997225216.000000 0.973882735 0.009449756 -0.109042287 -0.009050999 0.920288384 -0.018011643 0.390721172
1756482801063908608.000000 0.973425806 0.009302935 -0.106680632 -0.009150865 0.915948272 -0.017308176 0.400818646
1756482801097250560.000000 0.974339306 0.009253970 -0.106466532 -0.009210092 0.913835406 -0.017180394 0.405616760
1756482801130592256.000000 0.974654377 0.008757650 -0.104708433 -0.009217542 0.911811411 -0.016469590 0.410175472
1756482801197275648.000000 0.974754155 0.007741950 -0.102262378 -0.009117778 0.907412469 -0.016296519 0.419826180
1756482801230617600.000000 0.975162327 0.007908302 -0.103142858 0.009477794 -0.904578149 0.016259314 -0.425892323
1756482801263959296.000000 0.974956572 0.008481963 -0.103616595 0.008898913 -0.901885688 0.015934790 -0.431589127
1756482801330642432.000000 0.976080060 0.007431048 -0.098536849 0.009073987 -0.897400320 0.015269288 -0.440859705
1756482801363984384.000000 0.976913810 0.007558970 -0.097921610 0.009015331 -0.895067155 0.014481153 -0.445605099
1756482801397326336.000000 0.977480888 0.007373926 -0.096226931 0.009555547 -0.892495990 0.013943224 -0.450738490
1756482801464008704.000000 0.978346884 0.007239771 -0.094469666 0.009406148 -0.887324750 0.013665958 -0.460846692
1756482801497350656.000000 0.978266776 0.006603159 -0.093689680 -0.009764502 0.884640038 -0.013010456 0.465990871
1756482801564034048.000000 0.978556275 0.006544284 -0.091933846 -0.010177854 0.879932761 -0.013542572 0.474796087
1756482801597376000.000000 0.978123903 0.006767811 -0.090023160 -0.009730823 0.877532244 -0.013863657 0.479218513
1756482801664060672.000000 0.977513611 0.006452468 -0.086855531 0.009636957 -0.872096419 0.014146984 -0.489034623
1756482801697402368.000000 0.977412522 0.006276490 -0.084864378 0.009005071 -0.869222641 0.014406397 -0.494128913
1756482801764087040.000000 0.978239894 0.006247458 -0.084100366 0.009857406 -0.862822354 0.014315038 -0.505208492
1756482801797428992.000000 0.978490472 0.006267163 -0.082989335 0.009904562 -0.859807372 0.014209915 -0.510324717
1756482801830771200.000000 0.978325725 0.006043260 -0.082418919 -0.009898443 0.856682479 -0.013552200 0.515571058
1756482801897454848.000000 0.978551507 0.006878534 -0.081329584 -0.010112317 0.850726664 -0.013430405 0.525339365
1756482801930796800.000000 0.978270650 0.006791436 -0.079556465 -0.010214622 0.847951472 -0.013479507 0.529804170
1756482801997481472.000000 0.977995872 0.006272971 -0.077419043 0.010318103 -0.842386782 0.013677387 -0.538600981
1756482802064165888.000000 0.978306413 0.005204050 -0.076366782 -0.010147375 0.836443067 -0.012629936 0.547814369
1756482802097507840.000000 0.977729559 0.005060011 -0.074920535 -0.010354377 0.833636761 -0.012875252 0.552065909
1756482802164192768.000000 0.977748871 0.004684312 -0.074014425 0.010455213 -0.827622294 0.013776759 -0.561019003
1756482802230877184.000000 0.977042437 0.005995184 -0.069773316 -0.008871615 0.822342873 -0.014611572 0.568735480
1756482802264219648.000000 0.977289438 0.006491015 -0.069552302 -0.008854560 0.819484830 -0.014725769 0.572843313
1756482802330903040.000000 0.978069365 0.005786778 -0.067762852 -0.008722823 0.813279092 -0.014786769 0.581620455
1756482802364245504.000000 0.978027344 0.005992683 -0.067669272 -0.008638143 0.810112596 -0.015058008 0.586017251
1756482802430929920.000000 0.977507591 0.006152593 -0.066925764 -0.008004280 0.803239584 -0.015215650 0.595408022
1756482802464272384.000000 0.974691868 0.006789111 -0.064289212 -0.007836048 0.799913228 -0.015468780 0.599865258
1756482802530956800.000000 0.973857880 0.006183112 -0.061909676 -0.007871116 0.793154240 -0.015630608 0.608769417
1756482802597641216.000000 0.972106278 0.007333294 -0.057763934 -0.007847706 0.786322832 -0.015855048 0.617562592
1756482802630983168.000000 0.970998883 0.007225979 -0.055311799 -0.007949135 0.782995582 -0.015863627 0.621774197
1756482802697666816.000000 0.969301105 0.006048689 -0.054589629 -0.008138958 0.775866926 -0.015511896 0.630653501
1756482802731009024.000000 0.970181346 0.004809892 -0.055513263 -0.008075112 0.771861494 -0.014688330 0.635569811
1756482802797691904.000000 0.969310582 0.005270123 -0.053414106 -0.008164061 0.764936924 -0.014427557 0.643891931
1756482802864376064.000000 0.969538212 0.005323034 -0.050518632 -0.008562643 0.757683814 -0.014028703 0.652414858
1756482802897718016.000000 0.969899654 0.006120961 -0.049028993 -0.008331739 0.754277110 -0.013955645 0.656355023
1756482802964402176.000000 0.970703900 0.005755574 -0.046583414 -0.008616061 0.746985316 -0.013869182 0.664640009
1756482803031086080.000000 0.971700251 0.005419567 -0.045239210 -0.009157160 0.739781559 -0.013770852 0.672643900
1756482803064428032.000000 0.972134709 0.005111624 -0.044269562 -0.009169879 0.736331522 -0.013562093 0.676422954
1756482803131112192.000000 0.972126305 0.004856106 -0.042263746 -0.009445103 0.728794277 -0.012907721 0.684545875
1756482803197795072.000000 0.966337085 0.006938964 -0.039822638 0.008815705 -0.721190691 0.012438659 -0.692568779
1756482803231137280.000000 0.967367113 0.007590020 -0.041962683 -0.008773166 0.716851890 -0.012500341 0.697058260
1756482803297821184.000000 0.966739655 0.008704729 -0.038246989 -0.008938740 0.709425271 -0.012419390 0.704614639
1756482803364505344.000000 0.964626729 0.008369606 -0.036185861 0.008849396 -0.701587856 0.011907002 -0.712428629
1756482803397847296.000000 0.964057803 0.008731991 -0.035564959 0.008748841 -0.697650731 0.011783273 -0.716287732
1756482803464531456.000000 0.963291228 0.009186583 -0.034786999 0.008294778 -0.689521730 0.011895404 -0.724119902
1756482803531215872.000000 0.961714983 0.008407909 -0.033269644 0.008193176 -0.681136131 0.011561437 -0.732019722
1756482803564557824.000000 0.961005867 0.008588688 -0.032716215 0.007970900 -0.677004337 0.011420549 -0.735847354
1756482803631240192.000000 0.959678888 0.008958451 -0.031399012 0.008431177 -0.668969512 0.010958813 -0.743161321
1756482803697923584.000000 0.960330069 0.010008682 -0.027825475 -0.009069011 0.661436975 -0.011370611 0.749859750
1756482803731265024.000000 0.959841609 0.010900492 -0.029674888 -0.008960694 0.656706214 -0.011002804 0.754013002
1756482803797948672.000000 0.958134651 0.011255382 -0.027088046 -0.008536904 0.648193300 -0.010575858 0.761354566
1756482803864631808.000000 0.956559479 0.011773880 -0.025529146 -0.007825652 0.639588177 -0.010893333 0.768600762
1756482803931315456.000000 0.955503583 0.011840153 -0.024433076 -0.007404298 0.630965889 -0.011125027 0.775695503
1756482803964657152.000000 0.954678416 0.011652525 -0.023391128 -0.007801651 0.626908183 -0.011022948 0.778976142
1756482804031340288.000000 0.953947365 0.012087720 -0.021981359 -0.008018274 0.618216336 -0.010756541 0.785893500
1756482804064682240.000000 0.952854156 0.012326631 -0.021329463 -0.007987206 0.613932848 -0.010500860 0.789248049
1756482804131364608.000000 0.951141298 0.012901120 -0.019412041 -0.007772528 0.605498552 -0.010638913 0.795737386
1756482804198048000.000000 0.950078011 0.013269219 -0.017705262 -0.007708614 0.596924067 -0.010591058 0.802190840
1756482804231389696.000000 0.951041698 0.014269460 -0.016738713 -0.008044533 0.592465878 -0.010793122 0.805483162
1756482804298073344.000000 0.950309098 0.014853849 -0.015622020 -0.007972716 0.582973301 -0.010499454 0.812384367
1756482804364756480.000000 0.948527217 0.015136096 -0.014615834 -0.007658485 0.574071884 -0.010767264 0.818698347
1756482804431440128.000000 0.946490765 0.014444239 -0.013821065 -0.007070464 0.565239608 -0.011191299 0.824820518
1756482804498123520.000000 0.944076180 0.014201283 -0.013518929 -0.007148570 0.556221485 -0.010878441 0.830932260
1756482804531464448.000000 0.942937374 0.014124198 -0.013147354 -0.007015631 0.551767468 -0.010845646 0.833897948
1756482804598148352.000000 0.940726161 0.014140421 -0.011630625 -0.007404592 0.542629182 -0.010612642 0.839872718
1756482804664833024.000000 0.938941121 0.013254993 -0.010521412 -0.007664713 0.533235431 -0.010079102 0.845872223
1756482804698175232.000000 0.938925743 0.012871307 -0.009370863 -0.008067055 0.528779149 -0.010263299 0.848659098
1756482804798202112.000000 0.937066019 0.015998906 -0.005415529 -0.008493061 0.514331818 -0.009732406 0.857494056
1756482804864886784.000000 0.934797049 0.016097676 -0.004167587 -0.009149338 0.504333794 -0.009417845 0.863408983
1756482804898229248.000000 0.933362484 0.015731115 -0.003681600 -0.008987259 0.499523222 -0.009060101 0.866206527
1756482804964912640.000000 0.930617809 0.015862597 -0.002931237 -0.008779828 0.490423530 -0.008970909 0.871393859
1756482805031597056.000000 0.927827954 0.015928663 -0.001736790 -0.008486177 0.481690854 -0.008858209 0.876255333
1756482805098281728.000000 0.924740672 0.016055394 -0.000862896 -0.008709935 0.472153723 -0.008745892 0.881429851
1756482805164966656.000000 0.923599541 0.017813556 -0.000137180 -0.007848883 0.462148517 -0.008830033 0.886723816
1756482805231651072.000000 0.922233284 0.018232128 0.001304954 -0.007606424 0.451729596 -0.009116926 0.892075956
1756482805264993792.000000 0.921564162 0.018306881 0.001683325 -0.007202679 0.446407169 -0.008798634 0.894757748
1756482805331678208.000000 0.917318046 0.018754635 -0.004978657 -0.006591899 0.435592026 -0.009022345 0.900074899
1756482805398363136.000000 0.915294051 0.015380304 0.001710176 -0.007121185 0.426320076 -0.007705222 0.904511571
1756482805465046784.000000 0.912005126 0.018127706 -0.002855703 -0.007493769 0.415558249 -0.008029270 0.909500301
1756482805565073920.000000 0.910215974 0.018242968 -0.001405060 -0.006893406 0.400304377 -0.008086892 0.916320622
1756482805631755520.000000 0.907308161 0.018141678 -0.000573277 -0.006650349 0.390077263 -0.008102908 0.920722544
1756482805665096448.000000 0.907715261 0.019381300 -0.000336632 -0.006380506 0.385060757 -0.008023766 0.922834337
1756482805731778304.000000 0.906175137 0.019141313 0.000073761 -0.006636724 0.374182433 -0.007745383 0.927299082
1756482805831800576.000000 0.905333102 0.015657866 0.006344602 -0.008521537 0.358778000 -0.006497832 0.933361411
1756482805898481152.000000 0.900695443 0.018369410 0.002040148 -0.008000889 0.348162264 -0.006515063 0.937377512
1756482805965162752.000000 0.899811387 0.019858452 0.003816828 -0.007063445 0.338024169 -0.006828315 0.941086173
1756482806031844352.000000 0.897815585 0.015023919 0.008144848 -0.007551567 0.328664899 -0.005710440 0.944399178
1756482806098526208.000000 0.894862771 0.014015718 0.007266134 -0.004718347 0.318156511 -0.006418388 0.948004782
1756482806165207552.000000 0.890850246 0.011671574 0.008393817 -0.000962829 0.303856730 -0.007229875 0.952689826
1756482806265229824.000000 0.889693975 0.011277890 0.019043736 -0.005485004 0.285255969 -0.005825548 0.958418012
1756482806331910400.000000 0.893221676 0.013645453 0.026793405 -0.009979498 0.274436921 -0.004936827 0.961540639
1756482806398591744.000000 0.893509686 0.013419231 0.031180270 -0.007812303 0.263154715 -0.005053245 0.964708865
1756482806465273088.000000 0.893506467 0.012382844 0.034497827 -0.006910072 0.252442747 -0.003652307 0.967580378
1756482806531954432.000000 0.894326031 0.012129825 0.039552718 -0.007212847 0.242863551 -0.003394069 0.970027685
1756482806565295360.000000 0.896268904 0.012808368 0.043228902 -0.006604122 0.237735122 -0.004247153 0.971298277
1756482806631976704.000000 0.897545576 0.013317380 0.049421418 -0.005803875 0.226481095 -0.004058773 0.973989904
1756482806698657536.000000 0.899016500 0.012969574 0.055173762 -0.006809367 0.214727163 -0.003496496 0.976644099
1756482806798678016.000000 0.900809705 0.012813495 0.064426303 -0.008051244 0.198021591 -0.002580710 0.980161250
1756482806865359104.000000 0.902143598 0.012287673 0.068905562 -0.007690472 0.187364742 -0.002338653 0.982257545
1756482806932039936.000000 0.903410077 0.012101019 0.073442653 -0.007177501 0.176547721 -0.002336311 0.984263182
1756482806965380608.000000 0.903842211 0.011566867 0.076100275 -0.006552305 0.171125144 -0.002234546 0.985225022
1756482807065402112.000000 0.903219163 0.012080357 0.084081128 -0.006609705 0.154220968 -0.001375848 0.988013387
1756482807132082944.000000 0.902026057 0.011562834 0.089164339 -0.006941825 0.143942729 -0.001209143 0.989560962
1756482807165423360.000000 0.901517391 0.011678401 0.091159694 -0.006755188 0.138835922 -0.001656221 0.990290999
1756482807232103424.000000 0.900483131 0.011112421 0.095614538 -0.007188038 0.127958775 -0.001556446 0.991752267
1756482807298784256.000000 0.899531424 0.010434531 0.101197980 -0.007533761 0.115463987 -0.001085064 0.993282497
1756482807365465088.000000 0.899871945 0.010944535 0.106697962 -0.007760176 0.104005679 -0.000748953 0.994546175
1756482807432146176.000000 0.900456548 0.011610618 0.111222379 -0.005175962 0.093977697 -0.000966057 0.995560408
1756482807532167168.000000 0.900581717 0.010492637 0.119848534 -0.003777093 0.089065224 -0.001086741 0.996018112
1756482807598848256.000000 0.903123140 0.011462892 0.128478169 -0.005796191 0.091649316 -0.000706937 0.995774209
1756482807665529088.000000 0.905376673 0.012205432 0.134609669 -0.006356553 0.091249175 -0.001021508 0.995807290
1756482807732210688.000000 0.905763030 0.012650387 0.139877856 -0.004679516 0.089940555 -0.001300541 0.995935380
1756482807798892288.000000 0.906814456 0.012298569 0.143706575 -0.003008717 0.090232246 -0.001184597 0.995915532
1756482807865574144.000000 0.906740189 0.012610770 0.149866089 -0.004343658 0.089986585 -0.001771767 0.995931983
1756482807932255744.000000 0.906542599 0.013641418 0.156741381 -0.006061471 0.077683523 -0.000883731 0.996959269
1756482807998937600.000000 0.903674185 0.013649625 0.161102653 -0.004505250 0.064268813 -0.000609744 0.997922301
1756482808065619200.000000 0.900912702 0.013179357 0.165402815 -0.003047003 0.052467644 -0.001333809 0.998617172
1756482808132299776.000000 0.900809228 0.013141913 0.169647098 -0.003654888 0.040210929 -0.000509459 0.999184430
1756482808198981376.000000 0.902004898 0.012097452 0.175286040 -0.002041433 0.030558784 -0.000627334 0.999530673
1756482808265662976.000000 0.901873469 0.011449602 0.179842219 -0.001429191 0.020282594 -0.000479689 0.999793172
1756482808332344576.000000 0.902151585 0.011780770 0.187253624 -0.003377797 0.021377662 -0.000534131 0.999765635
1756482808399026176.000000 0.902699649 0.011723922 0.193890080 -0.001884430 0.023662733 -0.001344687 0.999717355
1756482808432366592.000000 0.903409421 0.012923428 0.198229238 -0.001571214 0.023472384 -0.001169809 0.999722600
1756482808532388096.000000 0.903778315 0.013865838 0.210204646 -0.004687141 0.021348057 -0.000354721 0.999761045
1756482808599069952.000000 0.904200196 0.013984837 0.216166764 -0.004574285 0.021033358 0.000607563 0.999768198
1756482808665752064.000000 0.904736757 0.013438854 0.220405549 -0.001151625 0.021757526 0.000730873 0.999762356
1756482808799116288.000000 0.904567480 0.013671302 0.234069735 -0.002451044 0.021081187 0.000082900 0.999774754
1756482808865798400.000000 0.904794037 0.014937875 0.243318051 -0.007306638 0.019800697 0.000944503 0.999776781
1756482808932480768.000000 0.904637039 0.015068368 0.248725742 -0.006748245 0.020781351 0.000762801 0.999761045
1756482808999161600.000000 0.905374467 0.014747567 0.252552003 -0.004742865 0.021439588 0.000171405 0.999758899
1756482809065843712.000000 0.906425655 0.014570947 0.259047091 -0.002250250 0.020531779 0.000557356 0.999786496
1756482809132525824.000000 0.905280113 0.015107008 0.266700625 -0.002558974 0.020357532 -0.000289996 0.999789476
1756482809199207680.000000 0.905552030 0.014838489 0.274669796 -0.005092763 0.020942239 -0.000523577 0.999767661
1756482809232548608.000000 0.906165838 0.014778173 0.278112948 -0.006572786 0.021134999 -0.000938754 0.999754667
1756482809299230976.000000 0.905875862 0.014740334 0.285148114 -0.007318357 0.019515730 -0.000408147 0.999782741
1756482809365912832.000000 0.904872596 0.015615916 0.291729927 -0.006084559 0.019752402 0.000201015 0.999786377
1756482809432593920.000000 0.904521167 0.015011240 0.295577317 -0.004527248 0.021082524 -0.000223038 0.999767482
1756482809499276032.000000 0.903290153 0.014784629 0.300084829 -0.004502349 0.021604279 -0.000529596 0.999756336
1756482809565957888.000000 0.904211462 0.015788030 0.307050884 -0.006531024 0.020937800 -0.000714936 0.999759197
1756482809632639744.000000 0.906149209 0.015587696 0.314158976 -0.007172063 0.020768937 -0.000948411 0.999758124
1756482809699321600.000000 0.907944202 0.016244570 0.320973933 -0.006151316 0.020609990 -0.000523273 0.999768615
1756482809766003456.000000 0.908519149 0.016124979 0.327018321 -0.006438268 0.020673336 -0.000450575 0.999765456
1756482809832685312.000000 0.908529937 0.015781792 0.333689213 -0.006304304 0.020492228 -0.000611669 0.999769986
1756482809899366144.000000 0.907658756 0.014956421 0.339223415 -0.005022042 0.020059736 -0.000799049 0.999785900
1756482809966048000.000000 0.908154309 0.015711315 0.346415907 -0.005599747 0.019285442 -0.000600635 0.999798179
1756482810032729856.000000 0.908200622 0.016885962 0.355198830 -0.008420922 0.019071722 -0.000349730 0.999782622
1756482810099411968.000000 0.907497287 0.017684039 0.362640887 -0.008325796 0.018920938 -0.000596847 0.999786198
1756482810166094080.000000 0.906445086 0.017762426 0.368185848 -0.006784405 0.018358788 -0.000342165 0.999808431
1756482810232775936.000000 0.905676246 0.017618587 0.375018656 -0.007501508 0.017325843 0.000080959 0.999821782
1756482810299456768.000000 0.906221747 0.018447494 0.380987704 -0.006703117 0.017760605 0.000162342 0.999819815
1756482810399479296.000000 0.907373130 0.019046817 0.391055018 -0.006870523 0.016385105 0.000780306 0.999841869
1756482810466161408.000000 0.907363176 0.019741910 0.399378687 -0.008922235 0.016875260 0.001135922 0.999817133
1756482810532843264.000000 0.907325327 0.019916922 0.407421201 -0.010303089 0.019421790 0.000636973 0.999758124
1756482810599524864.000000 0.907144547 0.021147426 0.415584296 -0.009285569 0.021755537 -0.000704933 0.999719977
1756482810666205952.000000 0.908872306 0.020029310 0.419943750 -0.009975599 0.018667158 -0.000411644 0.999775946
1756482810732886784.000000 0.909417689 0.020022148 0.424167305 -0.006422727 0.017495306 -0.000003693 0.999826372
1756482810799566848.000000 0.909006596 0.019328237 0.428450733 -0.005770595 0.017966866 0.000076408 0.999821961
1756482810866247680.000000 0.910630584 0.019731704 0.436406732 -0.006976326 0.019014668 0.000469471 0.999794781
1756482810966268672.000000 0.909520686 0.020813335 0.448416740 -0.009031574 0.018912276 -0.000332226 0.999780297
1756482811032949760.000000 0.909313321 0.021158630 0.453625232 -0.007369819 0.018419243 0.000253745 0.999803185
1756482811099630336.000000 0.909389615 0.021368410 0.460674584 -0.008817044 0.018516472 0.000234860 0.999789655
1756482811166311168.000000 0.908233404 0.022201957 0.469113827 -0.009758787 0.018607529 -0.000494572 0.999779105
1756482811266331136.000000 0.908663929 0.022041395 0.477504343 -0.006424931 0.018277543 0.000671288 0.999812067
1756482811333011968.000000 0.909087479 0.021452617 0.484142274 -0.007581434 0.018631505 0.000168776 0.999797702
1756482811399692544.000000 0.909853220 0.022521190 0.491783977 -0.008624829 0.017811621 -0.000215111 0.999804199
1756482811466373120.000000 0.911560595 0.022690266 0.498639107 -0.008753603 0.016503459 0.000712342 0.999825239
1756482811533053952.000000 0.909926474 0.022802692 0.504483938 -0.008604489 0.007508968 0.000764876 0.999934494
1756482811599735040.000000 0.907626390 0.022907274 0.509207010 -0.007630813 -0.003503528 0.000061044 0.999964774
1756482811666415360.000000 0.906503320 0.022720722 0.514479041 -0.008574495 -0.001751372 -0.000028300 0.999961734
1756482811733096960.000000 0.907204628 0.023179851 0.521622181 -0.008035655 0.000426442 0.000103214 0.999967635
1756482811799778560.000000 0.907771468 0.022985438 0.527877390 -0.008318909 -0.000884622 0.000241642 0.999965012
1756482811866460416.000000 0.908320367 0.022906289 0.533574939 -0.008245032 -0.002386746 0.000452783 0.999963105
1756482811933141760.000000 0.909325540 0.022281280 0.539058805 -0.008973249 -0.002609557 0.000738155 0.999956131
1756482811999823104.000000 0.909794092 0.021079276 0.542542160 -0.008386548 -0.002848493 0.000335351 0.999960721
1756482812066504448.000000 0.909779370 0.020736787 0.548368812 -0.007491117 -0.002374558 -0.000214291 0.999969125
1756482812133184768.000000 0.909009397 0.021780835 0.557698667 -0.008978112 -0.001727011 -0.000291261 0.999958217
1756482812199866112.000000 0.909144223 0.022324333 0.565360665 -0.009677183 -0.001951987 -0.000405286 0.999951184
1756482812299887872.000000 0.908232808 0.022521973 0.574141145 -0.007388596 -0.003152687 -0.000325820 0.999967694
1756482812333228544.000000 0.908028662 0.022912491 0.577630818 -0.007779189 -0.003369594 0.000022144 0.999964118
1756482812433250304.000000 0.907231390 0.023303207 0.585013747 -0.009366932 -0.003494628 0.000120746 0.999950051
1756482812533271296.000000 0.906387031 0.024634460 0.597772598 -0.006894561 -0.002139312 -0.000482092 0.999973893
1756482812599954688.000000 0.907361269 0.025673050 0.604917765 -0.007748159 -0.002139940 -0.000709698 0.999967515
1756482812666640384.000000 0.907168925 0.025616914 0.610745490 -0.006821445 -0.003167370 -0.000504087 0.999971688
1756482812733326080.000000 0.906342983 0.025362086 0.616165400 -0.006583486 -0.005027444 -0.000019402 0.999965727
1756482812833354752.000000 0.905921698 0.025680358 0.626011848 -0.007617631 -0.004036791 -0.000335969 0.999962807
1756482812966725632.000000 0.904124916 0.026021186 0.640130997 -0.007739624 -0.004857853 -0.000329886 0.999958277
1756482813033411584.000000 0.906460285 0.024791554 0.644186556 -0.007845714 -0.004484564 -0.000023453 0.999959171
1756482813100097536.000000 0.906726062 0.025327373 0.650476992 -0.008334717 -0.004139735 -0.000117376 0.999956727
1756482813166783744.000000 0.905215859 0.026025848 0.659308195 -0.007277582 -0.004453924 0.000096368 0.999963641
1756482813233469952.000000 0.907252491 0.025019858 0.663016379 -0.005960873 -0.004118392 0.000035398 0.999973774
1756482813333499136.000000 0.906407356 0.025374532 0.673543572 -0.008036445 -0.004926141 0.000275825 0.999955595
1756482813433527552.000000 0.906353474 0.025668053 0.683485150 -0.007856834 -0.005179975 0.001068840 0.999955237
1756482813500214016.000000 0.906702697 0.025668042 0.689491153 -0.006758329 -0.005450998 0.001756487 0.999960780
1756482813566900480.000000 0.906521082 0.026066976 0.695669889 -0.006142855 -0.004379936 0.000543106 0.999971390
1756482813633582592.000000 0.906263649 0.026640993 0.702277422 -0.005845481 -0.003836415 0.000002481 0.999975562
1756482813700264960.000000 0.905506253 0.026781186 0.709502816 -0.006689794 -0.004096705 -0.000076973 0.999969304
1756482813800288256.000000 0.905109584 0.026443522 0.719194055 -0.007242213 -0.005880379 0.000440828 0.999956429
1756482813866969344.000000 0.904820919 0.026863722 0.725272775 -0.006740375 -0.005892192 0.000402451 0.999959946
1756482813966992384.000000 0.904355764 0.027215600 0.735143483 -0.007525048 -0.006390397 -0.000143940 0.999951303
1756482814033674496.000000 0.904849350 0.027432408 0.740473688 -0.004655523 -0.006422626 -0.000386861 0.999968529
1756482814100356608.000000 0.905700147 0.027369076 0.747906208 -0.004398242 -0.007806801 0.000666768 0.999959648
1756482814167038976.000000 0.905839920 0.027657749 0.755454600 -0.006032666 -0.008313107 0.001252335 0.999946535
1756482814267062016.000000 0.905135155 0.028261593 0.763918579 -0.006397241 -0.007079414 0.000272353 0.999954522
1756482814333742848.000000 0.905180514 0.027788695 0.769125879 -0.004742123 -0.007165658 0.000552557 0.999962986
1756482814400424960.000000 0.906231523 0.028004942 0.776835501 -0.004875121 -0.007487847 0.001198758 0.999959409
1756482814467107328.000000 0.905355453 0.028599123 0.783637762 -0.005291318 -0.008133289 0.000716005 0.999952734
1756482814567130112.000000 0.902340412 0.028452683 0.792287350 -0.007525823 -0.025967795 0.001492603 0.999633372
1756482814633812480.000000 0.899066091 0.028970752 0.796365082 -0.006328283 -0.038177524 0.001314601 0.999250114
1756482814733835776.000000 0.897297084 0.029383270 0.807943404 -0.004945268 -0.041384581 0.001058494 0.999130547
1756482814800517120.000000 0.897373438 0.029020816 0.813874066 -0.006422091 -0.039402459 0.001589879 0.999201536
1756482814900540416.000000 0.896340489 0.029401941 0.822847128 -0.007313072 -0.038698904 0.000987010 0.999223650
1756482814967222784.000000 0.895266414 0.030271882 0.833256364 -0.008001400 -0.038537718 0.000479487 0.999225080
1756482815033905152.000000 0.894401014 0.031309057 0.839471281 -0.006393746 -0.040017683 0.000641558 0.999178350
1756482815133928192.000000 0.893960476 0.030988745 0.847544491 -0.003631051 -0.039313082 0.000925806 0.999220014
1756482815200609792.000000 0.893226206 0.031439628 0.854467332 -0.005446170 -0.038878512 0.000671110 0.999228954
1756482815267291904.000000 0.893598855 0.031267118 0.861695528 -0.007778585 -0.039327614 0.000818122 0.999195755
1756482815367315200.000000 0.892734408 0.031163141 0.871042430 -0.007710247 -0.039703518 0.001100542 0.999181151
1756482815433997568.000000 0.892071128 0.030974146 0.877494752 -0.006823489 -0.039902151 0.001269252 0.999179542
1756482815500679680.000000 0.891098261 0.030926915 0.883204401 -0.005778696 -0.039365452 0.001454186 0.999207139
1756482815567362048.000000 0.890226543 0.031639889 0.889885008 -0.005874468 -0.039100844 0.001184599 0.999217331
1756482815667383552.000000 0.889812171 0.032159276 0.901615322 -0.008141810 -0.039637838 0.001489287 0.999179840
1756482815767406080.000000 0.889474154 0.031675126 0.910080791 -0.005447437 -0.037959527 0.000991891 0.999264002
1756482815867428352.000000 0.888500094 0.031536531 0.917849660 -0.003862673 -0.038231313 0.001419878 0.999260485
1756482815934109952.000000 0.887691021 0.032212727 0.925330758 -0.005771958 -0.039058980 0.001479774 0.999219179
1756482816000791296.000000 0.886821091 0.032520197 0.933393657 -0.007654643 -0.039111257 0.001176180 0.999204874
1756482816067472640.000000 0.886418939 0.033112127 0.940890133 -0.008679254 -0.039229285 0.001076013 0.999191999
1756482816200834816.000000 0.885755062 0.032871369 0.951628685 -0.005984115 -0.041269913 0.001602520 0.999128878
1756482816267515904.000000 0.884874701 0.033681575 0.959366322 -0.006540232 -0.042063016 0.001929745 0.999091744
1756482816334197248.000000 0.883853257 0.033305936 0.966332138 -0.007516768 -0.041441333 0.001230684 0.999111950
1756482816467559936.000000 0.883267045 0.033624582 0.979448080 -0.008683029 -0.041414913 0.001119142 0.999103725
1756482816567580928.000000 0.884936512 0.034566905 0.990802288 -0.007794951 -0.025253026 0.001134079 0.999650121
1756482816634263552.000000 0.884990215 0.035317395 0.997837961 -0.008009765 -0.025234723 0.001624409 0.999648213
1756482816767628288.000000 0.883835733 0.034750346 1.009220004 -0.005550893 -0.025862599 0.001223310 0.999649405
1756482816867651840.000000 0.883441567 0.035627265 1.018297195 -0.006326646 -0.026292680 0.000735185 0.999634087
1756482816934334208.000000 0.882710457 0.035866879 1.025668502 -0.006644554 -0.026163293 0.000763913 0.999635398
1756482817001015552.000000 0.882446408 0.035510376 1.033513427 -0.007975971 -0.026824970 0.001098091 0.999607742
1756482817067697920.000000 0.881645501 0.035848506 1.040409446 -0.008447062 -0.026905548 0.000599587 0.999602139
1756482817167721728.000000 0.880994856 0.036155816 1.049857378 -0.007066590 -0.026884047 0.000425866 0.999613523
1756482817267745024.000000 0.880386651 0.035131115 1.057022214 -0.004595855 -0.026572155 0.000184065 0.999636412
1756482817334427648.000000 0.880242348 0.035699584 1.063139439 -0.004029611 -0.027315788 0.000757638 0.999618471
1756482817401110016.000000 0.880115032 0.036698125 1.071303606 -0.007269172 -0.028533995 0.000764396 0.999566138
1756482817467791360.000000 0.878863454 0.036207624 1.079165339 -0.008764973 -0.028015632 0.000507868 0.999568939
1756482817567814656.000000 0.878824353 0.035536252 1.087531805 -0.007274909 -0.026705751 0.000486621 0.999616802
1756482817667840512.000000 0.877448499 0.036069661 1.096663117 -0.006687964 -0.028267600 0.000113307 0.999577999
1756482817734524416.000000 0.877043724 0.036897771 1.104047179 -0.006790491 -0.029096974 0.000139637 0.999553621
1756482817801208576.000000 0.876408041 0.036879737 1.111898065 -0.007600993 -0.028581731 0.000361633 0.999562562
1756482817867891200.000000 0.876120746 0.037114829 1.118054986 -0.006672717 -0.028173758 0.000609315 0.999580622
1756482817967917568.000000 0.875518441 0.037457459 1.127050400 -0.005815993 -0.027129093 0.000384996 0.999615014
1756482818034601216.000000 0.875151873 0.037268169 1.133304596 -0.005558120 -0.026773302 0.000307265 0.999626040
1756482818134627328.000000 0.874459982 0.036975566 1.142996430 -0.006249818 -0.026652729 0.000313689 0.999625206
1756482818201311488.000000 0.874473155 0.037194207 1.149967194 -0.005295306 -0.026228877 0.000138684 0.999641955
1756482818267995648.000000 0.873611510 0.037798632 1.157182455 -0.006026214 -0.026774153 0.000482111 0.999623299
1756482818434704896.000000 0.873333693 0.039015025 1.175294042 -0.007330435 -0.027575089 0.000271492 0.999592841
1756482818534731264.000000 0.871886253 0.038361501 1.183390498 -0.005575542 -0.026706187 0.000563366 0.999627650
1756482818601415936.000000 0.871623039 0.038409855 1.189332366 -0.005158750 -0.026040941 0.000439626 0.999647558
1756482818701442816.000000 0.871150911 0.039303709 1.200554252 -0.005926479 -0.026800003 0.000177626 0.999623299
1756482818768126208.000000 0.870971441 0.039598700 1.208168507 -0.007417831 -0.027210038 -0.000250706 0.999602199
1756482818834810624.000000 0.870488942 0.039361753 1.213970423 -0.006064907 -0.026869720 -0.000646058 0.999620378
1756482818934837504.000000 0.869685531 0.040189330 1.224477410 -0.004528638 -0.027892638 -0.000119366 0.999600708
1756482819034864640.000000 0.869934261 0.040098172 1.233707786 -0.006525339 -0.027905503 0.000182088 0.999589324
1756482819101549312.000000 0.869801998 0.039795194 1.239096642 -0.004912473 -0.027870974 -0.000228181 0.999599457
1756482819168233984.000000 0.868939400 0.039915908 1.246277213 -0.004016427 -0.027493618 -0.000148059 0.999613881
1756482819268260352.000000 0.868511677 0.039882414 1.256083608 -0.003265372 -0.027778421 0.000145892 0.999608815
1756482819334945280.000000 0.867678165 0.040830106 1.263680220 -0.004912928 -0.027712446 -0.000022228 0.999603927
1756482819434972672.000000 0.867027044 0.041273285 1.273784161 -0.006169545 -0.027383322 0.000016059 0.999606013
1756482819535000064.000000 0.866811335 0.040648732 1.282044291 -0.003049959 -0.028124416 0.000329528 0.999599814
1756482819601709056.000000 0.866328418 0.040648457 1.287949920 -0.001925322 -0.027340103 0.000675644 0.999624133
1756482819668547328.000000 0.866132140 0.041034274 1.294540286 -0.002491195 -0.026667537 0.000382257 0.999641180
1756482819735388672.000000 0.865671694 0.041510098 1.302242756 -0.004858530 -0.026638560 0.000420116 0.999633312
1756482819802232064.000000 0.864686012 0.041656811 1.309381962 -0.005668418 -0.026919262 0.000095174 0.999621570
1756482819902500352.000000 0.863997161 0.042455357 1.319736600 -0.005517935 -0.027198385 0.000258281 0.999614835
1756482820002773760.000000 0.864792645 0.042350791 1.328522563 -0.004344922 -0.027377332 0.000687656 0.999615490
1756482820069624832.000000 0.864436865 0.042920038 1.334651947 -0.004925041 -0.027740324 0.000381035 0.999602973
1756482820169904384.000000 0.864265203 0.043367926 1.344124436 -0.003762908 -0.028023424 0.000423331 0.999600112
1756482820236760832.000000 0.863502860 0.043196544 1.350693703 -0.004330139 -0.028414791 0.000765429 0.999586582
1756482820303619072.000000 0.862775326 0.043590102 1.357886791 -0.006203153 -0.029162383 0.000687229 0.999555230
1756482820403910144.000000 0.862302303 0.043454938 1.367285371 -0.003358936 -0.028569724 0.001064660 0.999585629
1756482820470773504.000000 0.861283422 0.043471869 1.372876763 -0.002839052 -0.028226890 0.000618600 0.999597371
1756482820571071232.000000 0.861829281 0.043522421 1.382263064 -0.002524962 -0.027825903 0.000772470 0.999609292
1756482820637805824.000000 0.861664593 0.043846548 1.389116764 -0.003256314 -0.027497871 0.000943909 0.999616146
1756482820704474112.000000 0.860392332 0.044426546 1.397059202 -0.004579600 -0.027017353 0.001162135 0.999623835
1756482820771141888.000000 0.860160768 0.044545833 1.404120684 -0.005751566 -0.027342323 0.000986516 0.999609113
1756482820837809920.000000 0.860281348 0.045104273 1.410073757 -0.008754452 -0.024872636 0.000956668 0.999651909
1756482820971143424.000000 0.863401413 0.044394724 1.409815192 -0.003611207 -0.010515952 0.000743122 0.999937952
1756482821037810688.000000 0.866021454 0.044151872 1.408960342 -0.001609059 0.001467294 0.000848172 0.999997258
1756482821104477696.000000 0.867839277 0.043679353 1.410045743 -0.002756500 0.012601152 0.000142520 0.999916792
1756482821204477184.000000 0.871131182 0.045453992 1.413817406 -0.005104646 0.029243615 0.000171445 0.999559283
1756482821271143424.000000 0.872556567 0.045881536 1.415535331 -0.004957742 0.040595710 -0.000188661 0.999163389
1756482821337809664.000000 0.874121010 0.045058183 1.415795565 -0.004420224 0.051894695 -0.000377317 0.998642743
1756482821404475392.000000 0.875379443 0.045774583 1.416474462 -0.004047884 0.063674331 -0.000785358 0.997962236
1756482821471139584.000000 0.877627254 0.045782920 1.417698860 -0.004494843 0.074685544 -0.000997976 0.997196496
1756482821571137536.000000 0.881926894 0.045383669 1.418607235 -0.005945017 0.090851709 -0.000909782 0.995846272
1756482821637806080.000000 0.882848144 0.044461358 1.418244362 -0.005882752 0.102056913 -0.002039683 0.994759083
1756482821704476160.000000 0.884961367 0.043455716 1.418603897 -0.006216379 0.112352766 -0.001942128 0.993647039
1756482821771145728.000000 0.888459027 0.044969756 1.418867826 -0.005720794 0.122331247 -0.001851214 0.992471099
1756482821837815296.000000 0.890381753 0.045014411 1.419865131 -0.006157892 0.132988274 -0.002006760 0.991096497
1756482821904483328.000000 0.891283035 0.043938395 1.419657826 -0.006250150 0.143747061 -0.003380002 0.989588976
1756482822004486912.000000 0.894107938 0.043708764 1.420216322 -0.006071550 0.159851089 -0.003999300 0.987114429
1756482822071155456.000000 0.896139801 0.044284903 1.421412587 -0.006608050 0.171471119 -0.004043878 0.985158741
1756482822137823744.000000 0.898752749 0.044412740 1.420637488 -0.006324888 0.183372736 -0.003231594 0.983017862
1756482822204491776.000000 0.901307523 0.044128720 1.420293689 -0.006726398 0.193015590 -0.003829066 0.981165171
1756482822271159808.000000 0.903410614 0.043955274 1.420425296 -0.006637781 0.203823552 -0.003865474 0.978977501
1756482822337826816.000000 0.905515194 0.044102076 1.421104312 -0.006637369 0.213907555 -0.004000923 0.976823211
1756482822404494080.000000 0.907604277 0.043322705 1.419573188 -0.006670512 0.224743769 -0.003136881 0.974390030
1756482822471161344.000000 0.909781873 0.043389440 1.419820547 -0.006676330 0.234443858 -0.003331810 0.972101033
1756482822537828352.000000 0.911478937 0.043950062 1.420330644 -0.006854370 0.245074689 -0.003882615 0.969472229
1756482822604495616.000000 0.913163543 0.044718225 1.421086788 -0.007259085 0.256613344 -0.004131684 0.966478050
1756482822671162880.000000 0.916036427 0.044590347 1.422443628 -0.007267562 0.268512249 -0.004971351 0.963236034
1756482822737829888.000000 0.917271554 0.044259138 1.421297789 -0.007113428 0.279558361 -0.004766302 0.960090578
1756482822804495360.000000 0.919883192 0.045124907 1.421349049 -0.006566968 0.290849030 -0.004851057 0.956734180
1756482822871161856.000000 0.922551334 0.045293581 1.421788692 -0.006878948 0.301226407 -0.004904917 0.953515232
1756482822937827840.000000 0.924705505 0.044705521 1.421419382 -0.006585278 0.310984880 -0.004889969 0.950379491
1756482823071159040.000000 0.927274525 0.044640537 1.421195626 -0.006367616 0.331600100 -0.005232335 0.943384111
1756482823137824512.000000 0.928320110 0.043678954 1.419098973 -0.006682203 0.341899514 -0.005463151 0.939696968
1756482823204488448.000000 0.931631505 0.045038275 1.419430852 -0.005987915 0.352790803 -0.006190650 0.935662627
1756482823237820928.000000 0.933397233 0.044217449 1.419250011 -0.006308006 0.357633263 -0.006100947 0.933820903
1756482823371149568.000000 0.937478185 0.043746233 1.418140650 -0.006504210 0.378757417 -0.006274365 0.925451875
1756482823437813760.000000 0.936430931 0.042621795 1.411884785 -0.006203000 0.388785899 -0.006622498 0.921283484
1756482823504477440.000000 0.941382170 0.044912502 1.417779446 -0.005957845 0.399446845 -0.006848014 0.916711450
1756482823571140864.000000 0.944287717 0.045052558 1.417242765 -0.006396478 0.409883618 -0.006743298 0.912090540
1756482823637805824.000000 0.945764899 0.045594934 1.415645838 -0.006711800 0.420480907 -0.007219482 0.907247901
1756482823704472576.000000 0.947794318 0.045857348 1.413282871 -0.006700748 0.430320978 -0.007116590 0.902623057
1756482823804472320.000000 0.947278738 0.043927025 1.412413001 -0.007468269 0.445680946 -0.007147559 0.895132244
1756482823871138560.000000 0.950226009 0.044731185 1.409603357 -0.007744331 0.454255491 -0.007147111 0.890809119
1756482823937804800.000000 0.952504635 0.044841371 1.409867048 -0.008150481 0.463711619 -0.007097601 0.885920286
1756482824004470272.000000 0.955382228 0.045910113 1.410379052 -0.007676909 0.473259091 -0.007198127 0.880860448
1756482824071135744.000000 0.954881787 0.044053525 1.409892321 -0.008078505 0.483769745 -0.006806355 0.875131547
1756482824137799680.000000 0.956688404 0.044117369 1.408932686 -0.007520197 0.494054228 -0.006999644 0.869370520
1756482824237796864.000000 0.959022164 0.044394642 1.406158328 -0.007083507 0.507817030 -0.007770138 0.861400783
1756482824304461568.000000 0.959919393 0.044029161 1.403997779 -0.006701650 0.517443597 -0.008273916 0.855651140
1756482824337793280.000000 0.959450722 0.043516740 1.403301001 -0.006780269 0.522386134 -0.008583831 0.852638960
1756482824404457472.000000 0.961398721 0.043113008 1.401961088 -0.007004889 0.531705856 -0.008738921 0.846855104
1756482824471121152.000000 0.963015199 0.043343149 1.400862932 -0.006990768 0.541288137 -0.008465200 0.840765536
1756482824537783552.000000 0.964836717 0.043041416 1.398697615 -0.007151712 0.550214171 -0.007989406 0.834954739
1756482824604447744.000000 0.966288507 0.041923475 1.397695899 -0.007976456 0.559610367 -0.007974046 0.828679144
1756482824671115264.000000 0.968380451 0.042668540 1.396705627 -0.007890206 0.568901122 -0.007868757 0.822330534
1756482824737782784.000000 0.969205618 0.042142641 1.396540523 -0.008250266 0.578110158 -0.008282525 0.815874994
1756482824804449792.000000 0.971281171 0.043057859 1.395393968 -0.007339659 0.587095737 -0.008109294 0.809443653
1756482824904449792.000000 0.973970592 0.042181928 1.388870597 -0.008054204 0.598950863 -0.008358838 0.800701737
1756482824937783040.000000 0.975279629 0.042255722 1.390991926 -0.008123176 0.604077339 -0.007973647 0.796844423
1756482825004448256.000000 0.976470053 0.042370226 1.388172984 -0.007987894 0.612617075 -0.008012396 0.790298879
1756482825071114240.000000 0.978217065 0.042731758 1.386403799 -0.007730393 0.621145070 -0.008118167 0.783615530
1756482825137779968.000000 0.978812158 0.043366436 1.382956862 -0.008043782 0.629059017 -0.009010140 0.777263820
1756482825204445696.000000 0.979437888 0.043293722 1.381159186 -0.005324923 0.637834251 -0.011595017 0.770067990
1756482825271110656.000000 0.983317912 0.042244699 1.378672838 -0.001109878 0.648506403 -0.015369723 0.761053205
1756482825371107840.000000 0.995579362 0.042096063 1.377298594 -0.005121975 0.661008060 -0.011791522 0.750268757
1756482825471103744.000000 1.009910345 0.042870410 1.375868082 -0.009205188 0.675433576 -0.008292558 0.737316787
1756482825537767936.000000 1.017021656 0.044037744 1.373474598 -0.006881201 0.683800101 -0.010579944 0.729560316
1756482825637765376.000000 1.026151776 0.042740475 1.371638894 -0.005907795 0.695131838 -0.011447167 0.718766928
1756482825704431616.000000 1.035846353 0.042930163 1.370091796 -0.007618152 0.702819765 -0.009884277 0.711258531
1756482825771097344.000000 1.044919014 0.043118730 1.367314816 0.007726343 -0.710747600 0.009822908 -0.703336120
1756482825871094528.000000 1.054213762 0.043291748 1.364148974 0.006327420 -0.722221375 0.012704668 -0.691516340
1756482825937759744.000000 1.060410976 0.042985413 1.359943628 0.006433320 -0.729337752 0.012753027 -0.684004664
1756482826004424448.000000 1.064933777 0.041138370 1.359189630 0.007292840 -0.736506522 0.011842672 -0.676287472
1756482826037756672.000000 1.073093057 0.043181360 1.354772210 0.007828603 -0.740041852 0.011250783 -0.672421217
1756482826104420864.000000 1.078980923 0.044131961 1.351616621 0.006922151 -0.747064471 0.011661795 -0.664613307
1756482826171084800.000000 1.084374666 0.044387568 1.349505782 0.006177366 -0.754091620 0.012196609 -0.656626880
1756482826237748736.000000 1.091679335 0.043888848 1.346293092 -0.009888893 0.760791302 -0.009540239 0.648851216
1756482826337742592.000000 1.090312243 0.044857580 1.341203690 0.007810758 -0.768934011 0.011438129 -0.639178097
1756482826371074304.000000 1.088312626 0.043381214 1.341324329 0.007692097 -0.771242440 0.011530385 -0.636390626
1756482826437737216.000000 1.085623622 0.043777358 1.340672851 0.005034375 -0.776974082 0.014682430 -0.629341364
1756482826504399872.000000 1.082462430 0.041244332 1.340586901 0.006735572 -0.784080684 0.012798403 -0.620490432
1756482826604393984.000000 1.086837292 0.040004794 1.340058804 0.008826343 -0.795150340 0.011238208 -0.606244087
1756482826637727488.000000 1.087377548 0.040823661 1.337287188 0.007984928 -0.798506677 0.011759921 -0.601818144
1756482826704394496.000000 1.088978767 0.040716276 1.339236736 0.008430276 -0.806129515 0.012064114 -0.591556132
1756482826804393216.000000 1.090100765 0.040690012 1.336051464 0.008349501 -0.815935075 0.012206188 -0.577954412
1756482826871059712.000000 1.089419365 0.040732194 1.334119797 0.008565273 -0.822128296 0.012430235 -0.569102108
1756482826937725440.000000 1.089296818 0.040110182 1.332948208 0.008362254 -0.828329980 0.012800361 -0.560031950
1756482827004391168.000000 1.089366198 0.039696276 1.330451846 0.008220056 -0.834409058 0.013240319 -0.550925314
1756482827071056640.000000 1.089726210 0.040356860 1.328750372 0.008208544 -0.840602100 0.013505397 -0.541422665
1756482827171053824.000000 1.087208748 0.039268125 1.322897553 0.007953271 -0.849394321 0.013643958 -0.527522504
1756482827237717760.000000 1.089115381 0.039741553 1.324301481 0.008111283 -0.855796754 0.013816566 -0.517064154
1756482827304382208.000000 1.090265512 0.039510000 1.322445273 0.008164816 -0.861668527 0.014072114 -0.507210791
1756482827371046144.000000 1.089403749 0.039109454 1.321191430 0.007925188 -0.867069304 0.014193392 -0.497922361
1756482827437710080.000000 1.089919448 0.041053228 1.313016891 0.006917751 -0.872190595 0.014992869 -0.488887548
1756482827471041792.000000 1.087395787 0.040248618 1.310323954 0.006029763 -0.874654770 0.014720606 -0.484485239
1756482827571036928.000000 1.085097790 0.040098373 1.307650328 0.006309792 -0.882880628 0.014975451 -0.469316423
1756482827637703680.000000 1.081491232 0.036335528 1.307416320 0.007632556 -0.887973547 0.014555692 -0.459600836
1756482827737707776.000000 1.085889816 0.038568296 1.307698965 0.007274867 -0.896263540 0.013588429 -0.443254054
1756482827804377088.000000 1.079346180 0.035815198 1.302733541 0.007894677 -0.900216222 0.013238914 -0.435170323
1756482827904380416.000000 1.082370281 0.035738636 1.301438689 0.008247943 -0.907629848 0.012947461 -0.419490755
1756482827971048960.000000 1.082278967 0.035003614 1.299338579 0.008798869 -0.912083507 0.013015289 -0.409703493
1756482828037717504.000000 1.082891703 0.035586201 1.297982812 0.008474573 -0.916763425 0.013143258 -0.399124444
1756482828104384512.000000 1.081869841 0.036012907 1.296379447 0.008417176 -0.921307564 0.013378645 -0.388513327
1756482828204386560.000000 1.079976678 0.035706807 1.294622540 0.008390120 -0.927897751 0.013593812 -0.372492582
1756482828271054080.000000 1.083583117 0.038071513 1.293179512 0.007606322 -0.932273686 0.014234683 -0.361393660
1756482828337721088.000000 1.079164386 0.036096476 1.293416262 0.008632488 -0.936188817 0.013868875 -0.351117700
1756482828404388096.000000 1.077707529 0.037467327 1.291345835 0.008480852 -0.940142810 0.014233240 -0.340377927
1756482828471055360.000000 1.078224421 0.037143495 1.290342093 0.008464033 -0.943926692 0.014819115 -0.329714000
1756482828571054080.000000 1.072800875 0.037677053 1.281320333 0.007917708 -0.948521614 0.014608302 -0.316276431
1756482828637721344.000000 1.073350549 0.041294549 1.279623985 0.006962350 -0.952101767 0.015309849 -0.305318654
1756482828704389120.000000 1.079226613 0.041768782 1.283268452 0.006743132 -0.956179798 0.016126722 -0.292257965
1756482828837724160.000000 1.070962787 0.036639418 1.280680895 0.007037184 -0.962164640 0.014356033 -0.271999538
1756482828937724672.000000 1.073789954 0.043404285 1.276394367 0.007108775 -0.966700077 0.015688205 -0.255331904
1756482829004390400.000000 1.066218972 0.037855759 1.274827003 0.007056731 -0.969031692 0.015042880 -0.246376678
1756482829104389888.000000 1.065403223 0.038451247 1.272637367 0.007059659 -0.973054409 0.015186468 -0.229966849
1756482829171055872.000000 1.063494682 0.039018076 1.270864367 0.006879657 -0.975602984 0.014934658 -0.218925685
1756482829237721856.000000 1.060618997 0.041366059 1.265956283 0.007046028 -0.977810562 0.015197163 -0.208820313
1756482829304387584.000000 1.059379458 0.040433533 1.264555573 0.007001587 -0.980124712 0.014646385 -0.197717220
1756482829404385280.000000 1.054238200 0.036903355 1.264824390 0.006396084 -0.983158410 0.014021902 -0.182104617
1756482829471049216.000000 1.057240963 0.041991036 1.261976242 0.006180445 -0.985301435 0.015521871 -0.170006096
1756482829537713664.000000 1.055838823 0.039736088 1.261114717 0.006648473 -0.987241983 0.014899958 -0.158389285
1756482829637712384.000000 1.051637530 0.040930681 1.258547544 -0.006335648 0.989844620 -0.014074250 0.141313717
1756482829704379136.000000 1.049240470 0.040274046 1.258122921 -0.006700393 0.991355538 -0.014494691 0.130227432
1756482829804378880.000000 1.044078827 0.036015913 1.259691238 0.006836320 -0.993326664 0.014015589 -0.114276111
1756482829937709824.000000 1.042613506 0.037050843 1.254381895 0.007108249 -0.995571434 0.015316711 -0.092479713
1756482830004375552.000000 1.039360166 0.034444608 1.255800009 0.006704825 -0.996548235 0.014594038 -0.081447177
1756482830071040768.000000 1.038435698 0.034538638 1.253774881 0.006409740 -0.997354448 0.015553078 -0.070719056
1756482830137705472.000000 1.037555099 0.035579216 1.248387814 0.006075740 -0.998097658 0.021088315 -0.057615638
1756482830237702656.000000 1.033943415 0.034128889 1.238378406 0.004817012 -0.998469353 0.023748489 -0.049718410
1756482830304365824.000000 1.034941196 0.034696553 1.229305029 0.006995284 -0.998517156 0.017191086 -0.051176760
1756482830371030016.000000 1.035698891 0.037124116 1.218500853 -0.007759557 0.998697460 -0.012046150 0.048970789
1756482830471025408.000000 1.039106727 0.037504360 1.209775209 0.006774483 -0.998804152 0.015517652 -0.045865886
1756482830571020544.000000 1.037000418 0.034177288 1.201876760 0.006612908 -0.998572350 0.015762651 -0.050608311
1756482830637686272.000000 1.038829088 0.033925571 1.194825172 0.006661291 -0.998600006 0.014831216 -0.050337136
1756482830737686528.000000 1.040293932 0.034114443 1.184595585 0.006282534 -0.998632669 0.015392954 -0.049563196
1756482830837685248.000000 1.042073727 0.035087936 1.175873280 -0.005696885 0.998575509 -0.014730526 0.050967246
1756482830904351488.000000 1.041570663 0.034574982 1.168578148 -0.005969783 0.998595715 -0.013994246 0.050746012
1756482830971017472.000000 1.042375803 0.034072924 1.161714792 -0.006173853 0.998664558 -0.014396174 0.049231946
1756482831071015936.000000 1.042466879 0.036107514 1.152888298 -0.005693636 0.998614252 -0.018111130 0.049084295
1756482831137680896.000000 1.043756843 0.034256808 1.147274494 0.005522545 -0.998585165 0.017897738 -0.049768869
1756482831237677312.000000 1.044746995 0.036789615 1.134227991 0.005371270 -0.998600602 0.015301014 -0.050339438
1756482831337673984.000000 1.045539141 0.034144301 1.126608491 0.005208936 -0.998681426 0.015606984 -0.048629314
1756482831437669632.000000 1.045695424 0.036103472 1.114943981 -0.005686946 0.998715699 -0.016833894 0.047447883
1756482831504333568.000000 1.046102524 0.036108457 1.108785629 -0.005858389 0.998730958 -0.017461613 0.046876006
1756482831604328960.000000 1.045985222 0.035401974 1.098990679 0.005357661 -0.998670459 0.015320661 -0.048927717
1756482831670992896.000000 1.047406197 0.035798211 1.093065262 -0.005001346 0.998666704 -0.017535822 0.048295606
1756482831770990080.000000 1.047775745 0.035488080 1.083627462 -0.004988744 0.998695195 -0.016967254 0.047908455
1756482831837654528.000000 1.048354268 0.035738178 1.076490402 -0.004944322 0.998690963 -0.016183963 0.048271529
1756482831937650944.000000 1.048039317 0.035045333 1.068689585 -0.004571753 0.998651862 -0.015495489 0.049330954
1756482832037646336.000000 1.048291683 0.035281632 1.059087515 -0.004799772 0.998628259 -0.017503360 0.049114868
1756482832137639936.000000 1.048637271 0.034377400 1.047636271 0.004324431 -0.998583734 0.017402882 -0.050090190
1756482832204302848.000000 1.049703240 0.035806127 1.039210796 -0.004082900 0.998375714 -0.016675809 0.054325029
1756482832270965248.000000 1.051892877 0.035226379 1.034562111 0.004718811 -0.997758925 0.016278965 -0.064730600
1756482832404289280.000000 1.054893494 0.034380134 1.024019837 0.005222802 -0.997744799 0.018687842 -0.064255908
1756482832470950912.000000 1.054454327 0.033610791 1.018022299 0.005063060 -0.997666657 0.018733418 -0.065458901
1756482832570941696.000000 1.055137396 0.034381341 1.006517768 0.004324208 -0.997610509 0.015437984 -0.067202896
1756482832637607424.000000 1.055700660 0.034186985 0.998905182 0.004287641 -0.997617364 0.015399521 -0.067112841
1756482832704275456.000000 1.056560040 0.033835903 0.993932247 0.004222634 -0.997612059 0.017461017 -0.066689663
1756482832804276992.000000 1.057199359 0.034844838 0.981845081 0.004804602 -0.998039603 0.017718807 -0.059833683
1756482832904277504.000000 1.054317832 0.034251548 0.968367040 0.005333056 -0.998991430 0.015715124 -0.041722126
1756482832970943744.000000 1.054469585 0.034067642 0.961904347 -0.004678319 0.998911202 -0.014799529 0.043995276
1756482833070943232.000000 1.056376696 0.032186467 0.956583083 0.004899756 -0.998666942 0.019359766 -0.047597885
1756482833137609728.000000 1.056602597 0.031191967 0.951072931 0.004231458 -0.998549759 0.020194873 -0.049725469
1756482833204275712.000000 1.056967258 0.032306761 0.943510115 0.004492575 -0.998588681 0.018031126 -0.049753938
1756482833304274176.000000 1.057276011 0.031687673 0.930515587 -0.005685332 0.998743176 -0.013540295 0.047921874
1756482833370939392.000000 1.060266733 0.033749424 0.923873723 0.005428257 -0.998743713 0.016254924 -0.047089163
1756482833470936064.000000 1.061421871 0.033409052 0.915946960 0.005209833 -0.998573422 0.018988604 -0.049633626
1756482833537600512.000000 1.062503338 0.033541061 0.908942163 0.005382689 -0.998583138 0.018461108 -0.049618285
1756482833604265472.000000 1.062280774 0.033385962 0.902121544 0.004989318 -0.998586893 0.018004427 -0.049751367
1756482833704265472.000000 1.061977744 0.034609057 0.890433252 -0.005757879 0.998675585 -0.015755400 0.048639763
1756482833770931968.000000 1.060927033 0.032775942 0.886185944 0.006174181 -0.998683572 0.016793964 -0.048073445
1756482833870929920.000000 1.062813759 0.033958025 0.876409411 0.006305907 -0.998623371 0.018438868 -0.048699968
1756482833937595392.000000 1.063477635 0.034024104 0.869054198 0.005859830 -0.998610675 0.017746693 -0.049270250
1756482834004261120.000000 1.063360333 0.033965286 0.861025393 0.006555787 -0.998663485 0.015893789 -0.048741098
1756482834104258560.000000 1.062669754 0.031913627 0.854003787 -0.006202783 0.998588264 -0.016233256 0.050195299
1756482834237587712.000000 1.063753843 0.030013949 0.842304945 -0.006529792 0.998507857 -0.017658945 0.051260743
1756482834304250624.000000 1.064608216 0.030839188 0.833468735 0.006052377 -0.998543739 0.017975420 -0.050504200
1756482834404246528.000000 1.064512134 0.030211652 0.822217822 -0.006372928 0.998693049 -0.013970721 0.048749764
1756482834504241664.000000 1.066509247 0.029432468 0.812954187 -0.006802760 0.998703003 -0.013655793 0.048576228
1756482834570904832.000000 1.066357255 0.029203679 0.808322728 -0.006421158 0.998507857 -0.014757681 0.052184332
1756482834670904064.000000 1.067943454 0.031276956 0.797882795 0.006270318 -0.998477519 0.019082345 -0.051374104
1756482834737571072.000000 1.068096757 0.031334359 0.790545404 0.006747749 -0.998603046 0.017817946 -0.049284741
1756482834837570048.000000 1.068558335 0.030911563 0.779036343 0.007436117 -0.998688757 0.015556548 -0.048203401
1756482834904236288.000000 1.068363667 0.031219719 0.773235083 0.006470720 -0.998539090 0.016803207 -0.050946526
1756482834970902528.000000 1.068573952 0.030630212 0.768530846 0.006214470 -0.998456299 0.019033691 -0.051808815
1756482835070901248.000000 1.069265008 0.029854808 0.758959889 0.006076318 -0.998527229 0.018730955 -0.050552782
1756482835170899200.000000 1.070732117 0.030537294 0.746091962 -0.005871007 0.998618841 -0.014405580 0.050184302
1756482835237562880.000000 1.069198012 0.029465456 0.737910569 0.006151041 -0.998651028 0.015853772 -0.049060028
1756482835337560064.000000 1.070749998 0.028541049 0.730655551 0.006045475 -0.998560488 0.017933192 -0.050189435
1756482835437556480.000000 1.073598623 0.028995700 0.722736895 -0.006797008 0.998576462 -0.020027693 0.048968233
1756482835570884096.000000 1.072989106 0.029678866 0.706871152 0.006272588 -0.998542607 0.015995746 -0.051161192
1756482835637603328.000000 1.073527455 0.030055538 0.700528502 0.006067671 -0.998544037 0.016001966 -0.051156260
1756482835737736448.000000 1.074467182 0.029480401 0.690800786 0.006428520 -0.998507202 0.016678685 -0.051614001
1756482835837874176.000000 1.076198339 0.029239237 0.680114865 -0.006820195 0.998567104 -0.015467799 0.050774667
1756482835904635392.000000 1.077420473 0.029221762 0.674247861 -0.007352768 0.998617768 -0.016010296 0.049519826
1756482836004780800.000000 1.078389049 0.029885393 0.664506674 0.007301531 -0.998542964 0.016503349 -0.050856132
1756482836071546880.000000 1.078674197 0.030206259 0.658456147 0.007175075 -0.998473167 0.016710550 -0.052161142
1756482836171698688.000000 1.079939961 0.029171512 0.650244713 -0.006507189 0.998469591 -0.019960558 0.051163662
1756482836238469888.000000 1.080113173 0.028760493 0.643567443 -0.006688742 0.998524129 -0.019396687 0.050286297
1756482836305242880.000000 1.080425978 0.028435767 0.635907710 -0.006738972 0.998616517 -0.016897453 0.049338028
1756482836405405952.000000 1.083102107 0.027937884 0.624543428 0.007777866 -0.998694897 0.015275783 -0.048111435
1756482836538963200.000000 1.081071138 0.027891351 0.612192214 -0.006861777 0.998524845 -0.018389981 0.050624419
1756482836605731584.000000 1.081683397 0.028292967 0.606141090 0.007181440 -0.998513818 0.018860251 -0.050625864
1756482836705752064.000000 1.082778335 0.028573912 0.594836771 0.007665272 -0.998583972 0.017805543 -0.049542136
1756482836805772800.000000 1.083655000 0.028415155 0.587171078 0.007965159 -0.998570919 0.020907408 -0.048534162
1756482836872453120.000000 1.084126234 0.028439719 0.581083596 0.007561431 -0.998488724 0.021458603 -0.050026238
1756482836939133440.000000 1.086445689 0.027628709 0.573179245 -0.007167493 0.998488963 -0.018547017 0.051229306
1756482837039152896.000000 1.085978150 0.028239032 0.562751055 -0.007181920 0.998472154 -0.020230494 0.050916925
1756482837105832960.000000 1.086566329 0.028421897 0.556569517 -0.007446771 0.998483360 -0.020006424 0.050747588
1756482837205853184.000000 1.087143779 0.027575003 0.546585083 -0.007934500 0.998442292 -0.021566058 0.050842173
1756482837272533248.000000 1.087152600 0.027717212 0.539753139 -0.007840123 0.998396158 -0.021504555 0.051782046
1756482837372553472.000000 1.087203264 0.027607366 0.529452085 -0.007321363 0.998448431 -0.020554295 0.051232234
1756482837439232256.000000 1.087983370 0.027003108 0.523190498 -0.007356089 0.998482585 -0.020332735 0.050646238
1756482837505912320.000000 1.088299155 0.023920974 0.516918302 0.007050454 -0.998482645 0.018420922 -0.051413294
1756482837605933056.000000 1.090439677 0.026173539 0.507256746 -0.007754669 0.998544693 -0.019732900 0.049587559
1756482837672617216.000000 1.088977456 0.028457144 0.498652011 -0.007094624 0.998444676 -0.021331528 0.051017512
1756482837739301376.000000 1.090043902 0.027459538 0.491329014 -0.007252643 0.998485804 -0.020852454 0.050385565
1756482837805986048.000000 1.091910839 0.024763143 0.486975670 -0.007562077 0.998793185 -0.020701703 0.043892469
1756482837906011392.000000 1.087844491 0.024362013 0.477423668 -0.006736069 0.999307215 -0.022642229 0.028760856
1756482837972695808.000000 1.088476658 0.023609880 0.470855176 -0.006880850 0.999260306 -0.021485860 0.031143747
1756482838039379968.000000 1.089457035 0.023972917 0.463518858 -0.007788425 0.999258816 -0.021244077 0.031144597
1756482838106064896.000000 1.088759661 0.024304993 0.456045538 -0.007745218 0.999181747 -0.023972714 0.031642489
1756482838172749312.000000 1.090413928 0.024214573 0.450725138 -0.007732470 0.999134600 -0.022707488 0.033981860
1756482838239433728.000000 1.090828419 0.024093049 0.443535775 -0.007802874 0.999145269 -0.021036658 0.034718595
1756482838306117632.000000 1.090943694 0.024116587 0.436584353 -0.007649708 0.999103308 -0.021037174 0.035937373
1756482838406144512.000000 1.090626717 0.023976220 0.427115858 -0.007403515 0.999107659 -0.022202741 0.035159301
1756482838472829184.000000 1.090195298 0.023645299 0.418559104 -0.007782356 0.999174356 -0.020762989 0.034043655
1756482838572856064.000000 1.090736151 0.022900084 0.408971339 -0.007953675 0.999162495 -0.021283772 0.034030497
1756482838639538944.000000 1.092067957 0.022795884 0.402438134 -0.008943873 0.999170780 -0.021277511 0.033542722
1756482838739560960.000000 1.092078924 0.022150729 0.394051015 -0.008256365 0.999055505 -0.023564951 0.035562787
1756482838806241792.000000 1.092416525 0.020765714 0.387203276 -0.007558105 0.999054253 -0.022697385 0.036309127
1756482838872923136.000000 1.092290998 0.020723529 0.379754871 -0.007711077 0.999131203 -0.020855291 0.035247929
1756482838939604480.000000 1.092451096 0.020067733 0.373253107 -0.007893827 0.999132752 -0.022405140 0.034196842
1756482839006285824.000000 1.093428969 0.020354081 0.366887003 -0.007745430 0.999107242 -0.023028452 0.034560718
1756482839072967168.000000 1.093314409 0.019239999 0.359708190 0.008056190 -0.999139071 0.020410391 -0.035208620
1756482839139648768.000000 1.093760133 0.021332411 0.353025615 -0.007709520 0.999077737 -0.021341568 0.036453594
1756482839206329088.000000 1.094223022 0.021188052 0.347143233 0.006978273 -0.999044120 0.022425400 -0.036868934
1756482839306351104.000000 1.096404552 0.021889368 0.336076945 -0.006922551 0.999126434 -0.022617711 0.034453467
1756482839373032448.000000 1.096213818 0.021271478 0.328827500 -0.007749242 0.999174774 -0.020897344 0.033957109
1756482839439713792.000000 1.096363306 0.020382037 0.322055131 -0.007886772 0.999088168 -0.021487834 0.036041334
1756482839539735552.000000 1.096101642 0.018295161 0.314407945 -0.007483573 0.999041438 -0.022102527 0.037035845
1756482839606416896.000000 1.095752358 0.018565945 0.307701111 -0.007708367 0.999013424 -0.021611340 0.038024697
1756482839673097472.000000 1.096282959 0.019073021 0.300183684 -0.007819223 0.999035537 -0.020559929 0.038003094
1756482839739779072.000000 1.096299887 0.019267242 0.292924762 -0.007728732 0.999058962 -0.021337656 0.036962193
1756482839806460416.000000 1.096677661 0.018928066 0.287015527 -0.007428470 0.999054670 -0.021716338 0.036921237
1756482839873142016.000000 1.097115040 0.018803237 0.279972196 -0.007232959 0.999050200 -0.021493832 0.037207104
1756482839939823360.000000 1.097568512 0.019779276 0.272755772 -0.007447367 0.999123156 -0.020039102 0.036000896
1756482840006504960.000000 1.098299742 0.019435504 0.265931845 -0.007664920 0.999144614 -0.020005686 0.035370845
1756482840106526464.000000 1.097830057 0.018875131 0.256486595 -0.007649330 0.999099791 -0.020513654 0.036334857
1756482840139866880.000000 1.097872257 0.018616267 0.253080308 -0.007684569 0.999120653 -0.019642079 0.036235660
1756482840206548480.000000 1.098167181 0.017638419 0.246172875 0.007705841 -0.999153554 0.017785851 -0.036283888
1756482840273230080.000000 1.099300265 0.018164137 0.238622159 -0.007328457 0.999184430 -0.016920650 0.035924867
1756482840339911424.000000 1.099570870 0.017857362 0.231972903 -0.007826090 0.999169409 -0.018190989 0.035613660
1756482840406592768.000000 1.100347996 0.017728562 0.226468533 -0.006907448 0.999110579 -0.020459004 0.036218446
1756482840473274112.000000 1.100547910 0.017317841 0.219546363 -0.006600345 0.999054432 -0.021579506 0.037162796
1756482840539954432.000000 1.100853205 0.017541660 0.213289425 -0.006696776 0.999072313 -0.020718642 0.037155688
1756482840606636032.000000 1.101409078 0.017310955 0.206260771 -0.006653561 0.999113262 -0.019564550 0.036683261
1756482840673318656.000000 1.100641608 0.012443722 0.200288057 0.007817312 -0.999150991 0.014991623 -0.037570074
1756482840773342720.000000 1.100919843 0.016639544 0.188370153 0.007512415 -0.999155462 0.015155064 -0.037447978
1756482840840025344.000000 1.100596786 0.012903841 0.182466358 0.007775438 -0.999135911 0.014661394 -0.038105763
1756482840906708224.000000 1.100152135 0.015212356 0.177126706 0.007281896 -0.999019682 0.017393904 -0.040051933
1756482841006731264.000000 1.100052476 0.014859585 0.166755095 0.007109711 -0.999097049 0.015463637 -0.038928583
1756482841040072704.000000 1.099311948 0.015448153 0.163144067 0.006900422 -0.999101758 0.015202375 -0.038947847
1756482841106755328.000000 1.099284053 0.015558551 0.157159120 0.006909146 -0.999071002 0.017218562 -0.038897254
1756482841173437952.000000 1.099698544 0.015461054 0.151894420 0.006538115 -0.999060571 0.018944412 -0.038424172
1756482841240120832.000000 1.099652171 0.015517886 0.145328492 0.007365659 -0.999103487 0.018735982 -0.037243485
1756482841306803456.000000 1.102088451 0.014704307 0.136312976 0.006439914 -0.999175847 0.015819559 -0.036823120
1756482841406827776.000000 1.100028038 0.016129198 0.125480682 0.006431189 -0.999107361 0.015065906 -0.038939852
1756482841473509376.000000 1.099959254 0.016511571 0.118603207 0.006308337 -0.999092817 0.015406945 -0.039197408
1756482841540192000.000000 1.099940300 0.015875585 0.113934219 0.005648610 -0.999028802 0.017346075 -0.040109757
1756482841606874624.000000 1.099506974 0.014215987 0.108190991 0.005439356 -0.998993814 0.018811045 -0.040348448
1756482841673556992.000000 1.099387646 0.014111433 0.101239428 0.005973591 -0.999016285 0.017814398 -0.040168703
1756482841740239872.000000 1.099246144 0.014502145 0.094487764 0.005834580 -0.998976529 0.016103365 -0.041864056
1756482841773581056.000000 1.101025820 0.012294820 0.091060348 0.005109610 -0.999021649 0.014216232 -0.041565917
1756482841840263424.000000 1.103617907 0.013119102 0.084438987 0.005082604 -0.999083400 0.016607706 -0.039126478
1756482841906944768.000000 1.103832841 0.012751234 0.078929253 -0.005488424 0.999089181 -0.018068384 0.038267203
1756482842006968576.000000 1.102845073 0.009437591 0.069595352 0.004963539 -0.999033511 0.017293107 -0.040104374
1756482842040310016.000000 1.103011370 0.010028092 0.065969601 0.005037519 -0.999015272 0.017010467 -0.040667217
1756482842140333312.000000 1.103639722 0.008895377 0.055427622 0.005353575 -0.999124646 0.013744178 -0.039146543
1756482842173674752.000000 1.104139447 0.008802844 0.051400803 -0.005390974 0.999158561 -0.013222865 0.038448583
1756482842240357120.000000 1.105103493 0.011471785 0.044988714 -0.005620164 0.999110878 -0.015050899 0.038979348
1756482842307038464.000000 1.104921699 0.008258993 0.040666670 0.005360558 -0.998871803 0.013955354 -0.045074344
1756482842373720832.000000 1.108279943 0.010720984 0.032868654 0.005829459 -0.998250723 0.015516073 -0.056752246
1756482842407062272.000000 1.110872626 0.011282828 0.029746190 0.004959309 -0.997898817 0.015684504 -0.062670052
1756482842473744640.000000 1.111998081 0.010523523 0.024796635 0.006002605 -0.996955574 0.015085544 -0.076262631
1756482842540427008.000000 1.114059567 0.010475255 0.019735485 -0.006350725 0.996045113 -0.015827360 0.087197199
1756482842607109632.000000 1.116889238 0.010597941 0.014145404 -0.006186213 0.994873226 -0.017100655 0.099482246
1756482842640451584.000000 1.119203210 0.010389732 0.011599839 -0.006064797 0.994315982 -0.016938688 0.104939073
1756482842707135488.000000 1.122677922 0.010765827 0.006026298 -0.007063922 0.993247807 -0.015849501 0.114707053
1756482842740477440.000000 1.124347806 0.010423269 0.003500044 0.007529321 -0.992611587 0.015120628 -0.120154336
1756482842807160064.000000 1.127786517 0.009844495 -0.001752496 0.006779728 -0.991041601 0.014022815 -0.132642761
1756482842873843968.000000 1.126944542 0.007038014 -0.005490124 -0.006917907 0.989170730 -0.014246739 0.145912871
1756482842907185920.000000 1.132388353 0.010154035 -0.006407261 0.006011777 -0.988635540 0.017395513 -0.149201632
1756482842940527872.000000 1.131337523 0.007181162 -0.009011269 0.006399607 -0.987435520 0.014863871 -0.157191575
1756482843007212032.000000 1.135484219 0.006940021 -0.014211476 -0.007810577 0.985849321 -0.009392075 0.167188570
1756482843073895680.000000 1.140166759 0.011154966 -0.015193045 -0.007582462 0.984952867 -0.010390388 0.172343940
1756482843107237888.000000 1.140021801 0.011758567 -0.013378322 -0.006684121 0.984357476 -0.013323057 0.175551459
1756482843173921536.000000 1.139658451 0.010302064 -0.009376764 0.005623630 -0.982549369 0.018289167 -0.185015395
1756482843207262720.000000 1.140245914 0.009878545 -0.007349312 0.005599560 -0.981443405 0.018960854 -0.190730557
1756482843273946624.000000 1.141857624 0.009613217 -0.005307198 0.005460658 -0.979158223 0.017482044 -0.202271774
1756482843340630528.000000 1.143479586 0.010145950 -0.005576074 -0.006077519 0.976964116 -0.014863359 0.212798804
1756482843373972736.000000 1.144680262 0.010663978 -0.004715204 0.006375707 -0.975935459 0.015475183 -0.217416570
1756482843440656384.000000 1.144177198 0.010259034 -0.003190458 0.005615752 -0.973333418 0.016198970 -0.228753358
1756482843473998592.000000 1.146312237 0.010713348 -0.001429677 0.005781441 -0.972459376 0.017644564 -0.232331753
1756482843540682496.000000 1.147201180 0.011431667 0.001491785 0.005880953 -0.969923019 0.017742688 -0.242693424
1756482843607366912.000000 1.148327708 0.012559012 0.000043869 0.005801418 -0.966839373 0.018743720 -0.254630625
1756482843674050560.000000 1.149669170 0.012563362 0.002096772 0.006006618 -0.963990331 0.018305838 -0.265238494
1756482843740734976.000000 1.149240375 0.011272327 0.006283760 0.005439062 -0.961193085 0.016457567 -0.275331527
1756482843807419904.000000 1.151053309 0.011564303 0.008393049 0.005039374 -0.957916260 0.016814057 -0.286510646
1756482843840762112.000000 1.152108192 0.011183429 0.009199858 0.004959750 -0.956263185 0.016907183 -0.291976601
1756482843907447296.000000 1.153351307 0.011162997 0.011128187 0.004454379 -0.953156590 0.018565856 -0.301874280
1756482843974131968.000000 1.153643370 0.009935802 0.010347128 -0.004173878 0.950776219 -0.022320738 0.309045434
1756482844007474432.000000 1.156568527 0.009225961 0.009412766 0.003557809 -0.950955689 0.023423590 -0.308418632
1756482844074159360.000000 1.160438299 0.009053579 0.002676368 0.004472733 -0.951656699 0.020454412 -0.306449324
1756482844107501056.000000 1.164127946 0.008209789 -0.005212188 0.005288760 -0.953320563 0.016212218 -0.301478297
1756482844174185984.000000 1.168259621 0.009096348 -0.015357733 -0.006566312 0.957435489 -0.012238045 0.288313091
1756482844207528704.000000 1.166825533 0.010927757 -0.016573668 -0.006589452 0.958889842 -0.015079595 0.283301234
1756482844274213632.000000 1.167977691 0.010148049 -0.022579312 -0.005261641 0.961733043 -0.017334305 0.273388803
1756482844307556096.000000 1.168757081 0.009905351 -0.025600076 -0.005374637 0.963647902 -0.017726991 0.266532689
1756482844374241024.000000 1.170303583 0.009845836 -0.031746268 -0.004365346 0.966955364 -0.020939818 0.254046947
1756482844407583744.000000 1.170136452 0.009321682 -0.035029054 -0.003624382 0.968303561 -0.021771528 0.248799279
1756482844440926464.000000 1.170867443 0.009158295 -0.038256884 -0.003483797 0.969736934 -0.021918459 0.243141785
1756482844507611392.000000 1.174190879 0.009279588 -0.047393322 -0.004362568 0.970712066 -0.019555150 0.239409193
1756482844540953344.000000 1.176692963 0.008053104 -0.051170945 0.003906037 -0.970323145 0.016768433 -0.241198406
1756482844640980480.000000 1.182326078 0.007942691 -0.059953809 0.004264750 -0.967409611 0.016121257 -0.252666891
1756482844674322688.000000 1.183942795 0.010190793 -0.062119722 0.003669419 -0.965857565 0.016580934 -0.258516759
1756482844741006592.000000 1.187962294 0.010565663 -0.061931849 0.006645992 -0.963145971 0.014249333 -0.268519342
1756482844807690496.000000 1.188051581 0.010355128 -0.060264349 -0.006407310 0.961091220 -0.014746233 0.275762826
1756482844874374656.000000 1.187270164 0.008640412 -0.056505561 -0.005340820 0.958062708 -0.018811902 0.285890579
1756482844907716608.000000 1.187585592 0.008489996 -0.054498911 -0.005183750 0.955968559 -0.020461863 0.292709172
1756482844974399488.000000 1.189473629 0.009087203 -0.053107977 -0.005161143 0.952593863 -0.018711207 0.303625196
1756482845007741696.000000 1.189310431 0.010587096 -0.052216291 -0.004800010 0.950913608 -0.018564355 0.308862060
1756482845074425600.000000 1.191494226 0.009100612 -0.051175594 -0.005811857 0.947882652 -0.017646471 0.318077654
1756482845141110272.000000 1.191073418 0.009374781 -0.048475146 -0.005400003 0.944534302 -0.018338874 0.327856123
1756482845174451968.000000 1.191484213 0.009256354 -0.049761176 0.005596365 -0.942288220 0.018349132 -0.334252924
1756482845241136384.000000 1.192195892 0.009309405 -0.046652555 0.005446809 -0.938590884 0.018926501 -0.344469815
1756482845274478080.000000 1.192816019 0.009552658 -0.045874953 0.005253499 -0.936528146 0.018973960 -0.350039274
1756482845341162752.000000 1.193213105 0.010446530 -0.042304993 -0.005058087 0.932855546 -0.019463828 0.359688967
1756482845374504448.000000 1.193340302 0.010115122 -0.041610956 -0.005303523 0.931029975 -0.020195644 0.364344954
1756482845474530048.000000 1.195760489 0.010128744 -0.039753795 -0.002063953 0.923214555 -0.026638011 0.383355141
1756482845507872000.000000 1.198864222 0.010036118 -0.041449070 -0.002932247 0.920658648 -0.025673401 0.389512509
1756482845574556416.000000 1.205756783 0.010855308 -0.045781851 -0.005929227 0.916689277 -0.018556435 0.399125874
1756482845607898112.000000 1.209634423 0.011584247 -0.048091888 -0.007545562 0.914572656 -0.017673794 0.403964818
1756482845674580736.000000 1.214508533 0.011239663 -0.050258875 -0.007517388 0.910015464 -0.019010222 0.414070010
1756482845741263360.000000 1.217197299 0.009922741 -0.051086307 0.007584323 -0.905970216 0.017675621 -0.422904432
1756482845807945728.000000 1.217396259 0.010154884 -0.048545718 0.007200304 -0.903981090 0.018428296 -0.427114516
1756482845841287168.000000 1.216677904 0.009434767 -0.047856331 0.005674809 -0.902145147 0.019874526 -0.430937350
1756482845907968768.000000 1.216715574 0.009529194 -0.045203328 0.005360807 -0.897676766 0.019660378 -0.440183133
1756482845974651136.000000 1.218798161 0.011454547 -0.045180202 -0.006153336 0.892559469 -0.020861935 0.450404942
1756482846007992576.000000 1.217990160 0.010197073 -0.042547703 -0.006677400 0.890287280 -0.019481359 0.454933614
1756482846074674944.000000 1.218361974 0.011841990 -0.041576982 -0.005946093 0.885040700 -0.021147430 0.464995116
1756482846108016128.000000 1.218205929 0.011986334 -0.040280104 -0.006275628 0.882557750 -0.021087142 0.469689131
1756482846174698752.000000 1.218781948 0.011770161 -0.038387537 -0.006618654 0.877449632 -0.020368941 0.479190499
1756482846241381120.000000 1.218876958 0.011936907 -0.035967350 -0.006787798 0.872340143 -0.019822303 0.488450348
1756482846274722304.000000 1.219761133 0.011986839 -0.035329938 -0.006591482 0.869758785 -0.020037342 0.493026167
1756482846341403648.000000 1.219807863 0.011855477 -0.032878876 -0.006745975 0.864405990 -0.020050669 0.502349436
1756482846408086528.000000 1.221680284 0.009438980 -0.031469703 0.005804571 -0.858921409 0.017623778 -0.511771262
1756482846474768896.000000 1.220526218 0.010178782 -0.026698470 -0.007765580 0.853305578 -0.017572196 0.521057248
1756482846574792704.000000 1.220392942 0.010313684 -0.024284005 -0.007379338 0.844800711 -0.017690478 0.534737706
1756482846608133888.000000 1.219627500 0.011171304 -0.021459699 -0.007932880 0.842170954 -0.018056393 0.538849890
1756482846674816512.000000 1.220298052 0.011067756 -0.019153833 -0.007934346 0.835986912 -0.017914074 0.548399508
1756482846741499392.000000 1.220453501 0.010107065 -0.018338799 -0.007783972 0.829328716 -0.017116928 0.558444560
1756482846808181248.000000 1.221336126 0.009921087 -0.016890526 -0.007942951 0.822684348 -0.017200688 0.568182766
1756482846874864384.000000 1.221089602 0.009697611 -0.014580607 -0.007931707 0.816315830 -0.016893798 0.577304304
1756482846941547008.000000 1.220685959 0.009164101 -0.012623191 -0.007685563 0.809982181 -0.016846523 0.586162210
1756482847008229632.000000 1.219336987 0.009011656 -0.009896755 -0.005370684 0.803602636 -0.019292735 0.594829202
1756482847074912512.000000 1.220250249 0.009315830 -0.008319020 -0.002992311 0.794284403 -0.023077948 0.607100427
1756482847141595392.000000 1.227409959 0.007677425 -0.006744623 -0.004567190 0.785870552 -0.018673791 0.618092239
1756482847208277248.000000 1.237416029 0.009232024 -0.007979274 -0.008613892 0.779259503 -0.013146352 0.626504362
1756482847274960384.000000 1.241049290 0.010211961 -0.006768584 0.008204520 -0.772190034 0.014291842 -0.635177970
1756482847341643008.000000 1.245625019 0.009498639 -0.006877422 0.006094554 -0.764968336 0.015594805 -0.643850327
1756482847408325888.000000 1.250734329 0.010050315 -0.007164955 -0.005191979 0.757951260 -0.016102048 0.652091861
1756482847475008768.000000 1.257339358 0.009974226 -0.008146167 -0.007836048 0.750807047 -0.013671363 0.660333574
1756482847508350464.000000 1.261233330 0.010688270 -0.008386612 -0.011160514 0.747465432 -0.011429618 0.664108694
1756482847575033088.000000 1.261984229 0.011188364 -0.005614042 0.012889187 -0.741454124 0.010786456 -0.670793056
1756482847641785600.000000 1.260536432 0.011948265 -0.003891230 0.007927218 -0.736940444 0.014333426 -0.675759196
1756482847708626432.000000 1.258407950 0.010427695 -0.008184910 -0.005328670 0.729087055 -0.017533407 0.684175670
1756482847775469312.000000 1.257316828 0.009567577 -0.003524303 0.005952796 -0.721772552 0.015906593 -0.691921949
1756482847842313984.000000 1.257812858 0.010457940 -0.001168966 0.008367615 -0.714234412 0.013341212 -0.699729443
1756482847875737088.000000 1.258243442 0.010412183 -0.000225067 0.008412311 -0.710022211 0.013238490 -0.704004586
1756482847942585088.000000 1.254509807 0.012058862 0.001664639 -0.007798189 0.702234864 -0.014203127 0.711760998
1756482848009434624.000000 1.253103971 0.012585733 0.002483487 -0.006523030 0.694283724 -0.014728023 0.719521165
1756482848076286464.000000 1.252205253 0.012515662 0.004318237 -0.007000995 0.686221421 -0.014801242 0.727208436
1756482848143139328.000000 1.250944257 0.012027888 0.006147623 -0.007553883 0.678209245 -0.014307407 0.734690785
1756482848243424000.000000 1.247171164 0.012631524 0.008053899 -0.007278222 0.665657282 -0.014718436 0.746076941
1756482848276852992.000000 1.248001695 0.012769243 0.008855939 -0.007000907 0.661343455 -0.014646454 0.749907553
1756482848343712768.000000 1.246519089 0.012539802 0.010513186 -0.007158999 0.652197123 -0.014408808 0.757878721
1756482848410574592.000000 1.245371699 0.012948848 0.010860562 -0.007708274 0.643249273 -0.013783791 0.765493989
1756482848477438464.000000 1.245831490 0.012621690 0.012181103 -0.008393737 0.634776890 -0.013601147 0.772530258
1756482848544303360.000000 1.245883822 0.013403825 0.013963223 -0.008069703 0.626115263 -0.013410250 0.779573500
1756482848611171328.000000 1.241171360 0.014321636 0.015833080 -0.007635480 0.617094994 -0.013647630 0.786733270
1756482848677899008.000000 1.244012594 0.014886426 0.015289843 -0.006558969 0.607130945 -0.013078880 0.794467151
1756482848744678912.000000 1.242621422 0.015167454 0.016789079 -0.006218288 0.597984016 -0.013454658 0.801371038
1756482848778069504.000000 1.237540007 0.014578743 0.019953549 -0.006567169 0.593996465 -0.014509645 0.804309964
1756482848878242816.000000 1.234831452 0.015195569 0.022541821 -0.005886724 0.580222666 -0.014643737 0.814305007
1756482848945026304.000000 1.232654691 0.015420144 0.023747563 -0.005548231 0.571237564 -0.014534600 0.820637405
1756482848978417408.000000 1.231775880 0.015984692 0.024754345 -0.005677512 0.566921294 -0.014663522 0.823621929
1756482849078596096.000000 1.229047298 0.015278542 0.027401090 -0.005753738 0.553007185 -0.013959158 0.833039761
1756482849145383424.000000 1.225061893 0.014310658 0.028195739 -0.006392281 0.544240296 -0.013447799 0.838797271
1756482849212171520.000000 1.224150658 0.015445577 0.029813588 -0.006207581 0.535233974 -0.013648575 0.844570816
1756482849278961152.000000 1.224638104 0.016339518 0.032727957 -0.006252594 0.526193798 -0.013281318 0.850238025
1756482849379147520.000000 1.222068191 0.015656808 0.034969270 -0.007030187 0.512508273 -0.012495424 0.858562589
1756482849445938944.000000 1.214787006 0.014410939 0.034706116 -0.007459132 0.502899230 -0.011750613 0.864233017
1756482849512732672.000000 1.211547375 0.014634455 0.035998106 -0.007306280 0.493160814 -0.011603852 0.869830072
1756482849579527424.000000 1.208771825 0.014529265 0.038838744 -0.007720218 0.484280765 -0.010828612 0.874811590
1756482849679683072.000000 1.206676006 0.015197756 0.035447061 -0.008461589 0.469437689 -0.011230184 0.882853687
1756482849746339072.000000 1.202874184 0.014685529 0.041376412 -0.007958863 0.460501283 -0.010835253 0.887557328
1756482849812995072.000000 1.199826479 0.016080782 0.042111933 -0.007374692 0.450370669 -0.012186901 0.892728031
1756482849879649280.000000 1.197952986 0.014687446 0.043405235 -0.006384138 0.440483600 -0.011878013 0.897659421
1756482849946304000.000000 1.196063042 0.014031031 0.043816268 -0.005552213 0.430147737 -0.012646065 0.902652919
1756482850012958720.000000 1.192052841 0.013385047 0.036970526 -0.005388955 0.417767733 -0.012648152 0.908449888
1756482850079612416.000000 1.192368388 0.012306316 0.037137419 -0.006408517 0.406889915 -0.011683892 0.913380027
1756482850146266112.000000 1.191266537 0.013310278 0.040971726 -0.007987609 0.397795677 -0.011032460 0.917372942
1756482850212919296.000000 1.192280412 0.016260486 0.045820475 -0.007708510 0.388253957 -0.010746871 0.921457529
1756482850279571712.000000 1.185606480 0.013996591 0.043197215 -0.007696236 0.378066808 -0.009949161 0.925692916
1756482850346222848.000000 1.187914491 0.016417738 0.045457840 -0.007027459 0.367324769 -0.010963810 0.930001616
1756482850412874496.000000 1.185881853 0.016821746 0.045534045 -0.007480466 0.356682211 -0.010947549 0.934131742
1756482850512850944.000000 1.181503534 0.016826127 0.045934841 -0.007427536 0.340985596 -0.011030886 0.939974487
1756482850579501568.000000 1.180700898 0.017550301 0.046528399 -0.007206106 0.330281794 -0.011024580 0.943790495
1756482850646151424.000000 1.178799152 0.017140893 0.046916530 -0.007502714 0.319195330 -0.010587306 0.947600186
1756482850712805632.000000 1.178164840 0.016508907 0.047447562 -0.007297108 0.308694363 -0.010369621 0.951076806
1756482850779458560.000000 1.176241040 0.015437151 0.052136377 -0.006314651 0.298359841 -0.010558079 0.954374194
1756482850879438592.000000 1.173256874 0.015926195 0.050957203 0.004897273 0.276203960 -0.013235832 0.960995495
1756482850946091776.000000 1.173475504 0.018134624 0.056015059 0.001878271 0.264708608 -0.012226129 0.964249134
1756482851012743936.000000 1.177319288 0.018516136 0.062776074 -0.005233316 0.254533947 -0.009288383 0.967005074
1756482851079395840.000000 1.176734209 0.016328428 0.072421141 -0.010067753 0.244873539 -0.007512000 0.969473660
1756482851146047232.000000 1.175034523 0.015239032 0.075664051 -0.006351223 0.232772693 -0.007681175 0.972480178
1756482851212697088.000000 1.174662828 0.013939619 0.077188134 -0.002752174 0.221506760 -0.008033501 0.975121915
1756482851279347456.000000 1.176894188 0.012831829 0.084571674 -0.003812893 0.211874917 -0.007343126 0.977261841
1756482851345997312.000000 1.178235412 0.012415503 0.089748114 -0.005216498 0.201271012 -0.006885982 0.979497552
1756482851445971200.000000 1.179240942 0.012239846 0.097758979 -0.006300880 0.185219467 -0.005998664 0.982658684
1756482851512620288.000000 1.179018855 0.011919569 0.103645287 -0.004998538 0.174496025 -0.005856282 0.984627783
1756482851579268096.000000 1.178907156 0.011796308 0.108959869 -0.003951535 0.163952813 -0.005348646 0.986445844
1756482851645915136.000000 1.177585959 0.012424599 0.115900040 -0.004641551 0.154028162 -0.005738446 0.988038957
1756482851745900032.000000 1.178426743 0.013085892 0.125309572 -0.005448752 0.136411294 -0.005290299 0.990623236
1756482851812558080.000000 1.178725123 0.013915651 0.130746946 -0.005516309 0.124903128 -0.004898296 0.992141545
1756482851879215360.000000 1.178135991 0.013372446 0.136239633 -0.005051100 0.114296354 -0.004841326 0.993422091
1756482851945872384.000000 1.176658750 0.013693286 0.140311524 -0.003704393 0.103271931 -0.004682925 0.994635284
1756482852012528896.000000 1.177892685 0.013382309 0.145170674 -0.002171888 0.093219191 -0.005331822 0.995629013
1756482852079184896.000000 1.174695015 0.012513522 0.150100842 -0.002386583 0.081785239 -0.005251643 0.996633291
1756482852145839616.000000 1.172946692 0.013126833 0.155324563 -0.002627542 0.069994867 -0.004516578 0.997533739
1756482852212494848.000000 1.171981931 0.013761193 0.161105171 -0.002708257 0.066146880 -0.004320466 0.997796893
1756482852345804032.000000 1.174643517 0.014258754 0.175869718 -0.005364440 0.068770513 -0.004098475 0.997609675
1756482852412457728.000000 1.175517321 0.013740421 0.181816742 -0.005270224 0.068936951 -0.003597420 0.997600615
1756482852445784576.000000 1.176407695 0.014323915 0.185268611 -0.005824198 0.069227271 -0.003556882 0.997577667
1756482852512438016.000000 1.177769780 0.014369734 0.190103099 -0.004078701 0.061930571 -0.002946548 0.998067796
1756482852579089920.000000 1.176231623 0.014542815 0.194070324 -0.002475746 0.047584467 -0.002744675 0.998860419
1756482852645742080.000000 1.175598383 0.015322045 0.199651554 -0.002503109 0.036428787 -0.002693290 0.999329507
1756482852712396032.000000 1.174140215 0.015500595 0.206365079 -0.004616997 0.025620405 -0.002201987 0.999658644
1756482852845703680.000000 1.171494961 0.016759077 0.218391314 -0.003406838 0.003440724 -0.001832391 0.999986589
1756482852912356608.000000 1.169882298 0.016258994 0.223137572 -0.003287759 -0.001148357 -0.001754122 0.999992430
1756482852979008000.000000 1.169494033 0.016033936 0.230232909 -0.004576855 0.002703692 -0.001361753 0.999984920
1756482853045659904.000000 1.171593189 0.016411278 0.238619357 -0.005446568 0.004321715 -0.001935963 0.999973953
1756482853112311552.000000 1.172251344 0.017041637 0.243962377 -0.006522452 0.003372355 -0.001968624 0.999971092
1756482853145637120.000000 1.172679305 0.017185031 0.247027621 -0.006624013 0.002317222 -0.001449417 0.999974370
1756482853245612800.000000 1.170758009 0.015728939 0.254630595 -0.004362584 0.002938903 -0.001202720 0.999985456
1756482853378912256.000000 1.169579744 0.015724923 0.266534328 -0.005103498 0.005137430 -0.001425389 0.999972761
1756482853445560064.000000 1.169393539 0.017188223 0.274709672 -0.006269492 0.004965177 -0.001229790 0.999967277
1756482853512208384.000000 1.170933127 0.017631013 0.282882512 -0.008196875 0.005516648 -0.001408047 0.999950171
1756482853678830592.000000 1.172647238 0.017816348 0.299643457 -0.006884130 0.004491606 -0.000489038 0.999966145
1756482853745488128.000000 1.172414422 0.017844873 0.305667728 -0.006338425 0.005163508 -0.000184744 0.999966562
1756482853812145152.000000 1.171571255 0.018692672 0.312300354 -0.007145853 0.004527503 -0.000094880 0.999964237
1756482853878801152.000000 1.170780778 0.018382395 0.319104582 -0.007555167 0.004321580 0.000067032 0.999962151
1756482853945457152.000000 1.171821237 0.019089928 0.325883806 -0.008182381 0.005624858 -0.000264560 0.999950707
1756482854045441024.000000 1.173076391 0.020567067 0.336135238 -0.009054643 0.004012079 -0.000394369 0.999950886
1756482854145423360.000000 1.174929738 0.021379679 0.344301224 -0.006453139 0.004233696 0.000341142 0.999970198
1756482854212077824.000000 1.175379515 0.021636184 0.351621449 -0.008569745 0.003956162 0.000000412 0.999955475
1756482854278731776.000000 1.174887657 0.021956187 0.359365940 -0.009459881 0.003924980 -0.000206814 0.999947548
1756482854345384704.000000 1.174629092 0.022207448 0.365649134 -0.008029710 0.004293706 -0.000246898 0.999958575
1756482854445364224.000000 1.175219417 0.022298541 0.373630971 -0.009386337 0.002084038 0.000592574 0.999953628
1756482854545342720.000000 1.174328923 0.021965688 0.385368377 -0.009272898 0.004417629 0.000552112 0.999947131
1756482854611994624.000000 1.173039675 0.022410931 0.393369704 -0.008576338 0.006083818 0.000486796 0.999944627
1756482854678647552.000000 1.174283624 0.021228755 0.398673296 -0.009594344 0.005659910 0.000467478 0.999937892
1756482854745302016.000000 1.174696684 0.021599568 0.405194312 -0.009920705 0.006903868 -0.000249180 0.999926925
1756482854811955200.000000 1.174817562 0.022018742 0.412434191 -0.009401410 0.007991015 -0.001133982 0.999923289
1756482854878609152.000000 1.175008535 0.022449533 0.418019980 -0.010167777 0.006064471 -0.000368946 0.999929905
1756482854945262336.000000 1.175508618 0.022046812 0.422977060 -0.007669772 0.004912123 0.000270428 0.999958515
1756482855011915264.000000 1.173511386 0.022521172 0.431303859 -0.007059798 0.006231293 0.000113117 0.999955714
1756482855078567680.000000 1.173311114 0.023418142 0.438965440 -0.007836002 0.006652001 -0.000590778 0.999947011
1756482855145219584.000000 1.172725916 0.023429291 0.445175141 -0.008474560 0.006888694 -0.000897692 0.999939978
1756482855211869952.000000 1.173881292 0.024435440 0.452284068 -0.007673838 0.005861196 -0.000419733 0.999953330
1756482855278520576.000000 1.173829198 0.024838088 0.459770888 -0.008416890 0.003840372 0.000337612 0.999957204
1756482855345170944.000000 1.173942089 0.024340604 0.466594696 -0.009549521 0.003927645 0.000535429 0.999946594
1756482855411820800.000000 1.173355699 0.023859223 0.472758949 -0.009692096 0.005708023 0.000391085 0.999936640
1756482855545118976.000000 1.173574805 0.025769886 0.485760897 -0.008471645 0.004777339 -0.000716999 0.999952435
1756482855611767552.000000 1.173204780 0.025042361 0.490395278 -0.007551759 0.004089123 -0.000720192 0.999962926
1756482855678416896.000000 1.173778296 0.024424642 0.495902210 -0.007774347 0.004085336 -0.001440803 0.999960482
1756482855745073152.000000 1.172406554 0.025033820 0.502938032 -0.007604108 0.004424336 -0.000742668 0.999961078
1756482855811728128.000000 1.173622370 0.024628332 0.509561360 -0.007407459 0.004275823 -0.000562767 0.999963284
1756482855878383360.000000 1.173016906 0.025567533 0.516303599 -0.006951194 0.004876890 -0.001256113 0.999963164
1756482855945037824.000000 1.173464298 0.025254274 0.522983372 -0.008579183 0.003883356 -0.001210529 0.999954939
1756482856078345472.000000 1.174439192 0.024504365 0.534922957 -0.005864557 0.003195228 -0.000507114 0.999977648
1756482856144997632.000000 1.174011707 0.024933171 0.541041553 -0.006052753 0.003054071 0.000191149 0.999977052
1756482856211650048.000000 1.174758315 0.025245953 0.547948420 -0.008188973 0.003829910 -0.000454274 0.999959111
1756482856278302208.000000 1.176082969 0.025572434 0.556998849 -0.009479440 0.005652886 -0.001673297 0.999937773
1756482856378279680.000000 1.175014853 0.026127046 0.566317976 -0.008235109 0.004167748 -0.001316972 0.999956548
1756482856444930560.000000 1.173942924 0.026939096 0.572204351 -0.005580035 0.002921541 -0.000375467 0.999980092
1756482856544905216.000000 1.175586581 0.026117876 0.580300987 -0.007297853 0.001623846 -0.000626012 0.999971926
1756482856611554816.000000 1.175528526 0.027017258 0.585419655 -0.004524910 0.001892687 -0.000507124 0.999987900
1756482856744863232.000000 1.174933434 0.027104855 0.600936294 -0.006218011 0.003577356 -0.001048277 0.999973714
1756482856811519744.000000 1.175441265 0.027824501 0.606402695 -0.007499953 0.002654889 -0.000960431 0.999967933
1756482856878175232.000000 1.175970674 0.027538197 0.612398624 -0.006117536 0.001045547 -0.000337359 0.999980748
1756482856944830720.000000 1.175562382 0.028079895 0.619336367 -0.005571783 0.001844407 -0.000288572 0.999982774
1756482857011484672.000000 1.176251173 0.028091151 0.625917614 -0.005340324 0.002934348 -0.001008456 0.999980986
1756482857111466240.000000 1.175785899 0.028400799 0.634497285 -0.004819775 0.003076916 -0.000885552 0.999983251
1756482857178119936.000000 1.176347256 0.028480550 0.639319658 -0.002887576 0.003038587 -0.000410418 0.999991119
1756482857278099456.000000 1.175393701 0.027073324 0.651974559 -0.004601499 0.003432316 -0.001125876 0.999982953
1756482857344752384.000000 1.175899744 0.027850928 0.658640146 -0.006381327 0.003906127 -0.000930001 0.999971628
1756482857411404288.000000 1.176552057 0.028926469 0.662790954 -0.005532127 0.003091975 -0.001353848 0.999979019
1756482857478054912.000000 1.176392317 0.028840555 0.669477284 -0.005105346 0.002064358 -0.001508966 0.999983728
1756482857544706304.000000 1.177459598 0.029205978 0.676693320 -0.005176257 0.001357335 -0.000803343 0.999985397
1756482857611356928.000000 1.177739620 0.029226162 0.686883628 -0.004506011 0.002714693 -0.001032520 0.999985695
1756482857711338496.000000 1.177408934 0.029771596 0.695687890 -0.004012297 0.002822084 -0.000970190 0.999987483
1756482857777996288.000000 1.175768495 0.028962933 0.702231050 -0.004144302 0.001549267 -0.001615917 0.999988914
1756482857844653568.000000 1.175188541 0.029529465 0.706798494 -0.004157126 0.000377038 -0.001077254 0.999990761
1756482857911309312.000000 1.175268769 0.029304452 0.714566827 -0.005372167 0.001586669 -0.001735088 0.999982834
1756482857977965568.000000 1.175172210 0.029479891 0.722418725 -0.005631901 0.002042801 -0.002596248 0.999978721
1756482858044621568.000000 1.174533963 0.029604519 0.728418171 -0.004792950 0.000615560 -0.002175822 0.999985993
1756482858111277056.000000 1.174638510 0.029628774 0.734516919 -0.003206207 -0.000553414 -0.001936190 0.999992907
1756482858211259648.000000 1.174647212 0.030391453 0.743865907 -0.002816751 -0.000677603 -0.002263569 0.999993265
1756482858311239936.000000 1.175367832 0.030557448 0.755536616 -0.004803717 0.000158601 -0.002135413 0.999986231
1756482858377893376.000000 1.175752759 0.032194518 0.760365784 -0.004611620 0.000740379 -0.001603345 0.999987900
1756482858444546816.000000 1.176242948 0.030546427 0.767454982 -0.003317688 0.000970471 -0.001840089 0.999992371
1756482858644504064.000000 1.173645020 0.031668868 0.786484122 -0.004748525 0.000866123 -0.002456587 0.999985337
1756482858711160320.000000 1.173278809 0.030444341 0.792586088 -0.003557053 0.001130541 -0.002616334 0.999989629
1756482858777816576.000000 1.173852444 0.030937806 0.798662782 -0.002453539 0.000328404 -0.002025745 0.999994874
1756482858844473344.000000 1.172945857 0.031374246 0.801990867 -0.000168785 -0.000224715 -0.002062529 0.999997914
1756482858977785344.000000 1.174657345 0.033301588 0.817145050 -0.003620555 -0.001928526 -0.001968851 0.999989688
1756482859044441088.000000 1.171917439 0.032644030 0.824507713 -0.004488654 -0.001745485 -0.001617092 0.999987125
1756482859111095552.000000 1.173902273 0.032606989 0.830745101 -0.004327086 -0.000611035 -0.001135442 0.999989808
1756482859177750272.000000 1.174020052 0.033083636 0.837889969 -0.005811161 -0.000578965 -0.001257910 0.999982178
1756482859244403456.000000 1.177409410 0.034651607 0.846176624 -0.006420515 -0.002075212 -0.002404228 0.999974370
1756482859311057152.000000 1.177505136 0.034241673 0.851234674 -0.004484248 -0.002220343 -0.001702697 0.999986053
1756482859411036672.000000 1.176578403 0.034742855 0.860243618 -0.004441101 -0.001755921 -0.002276117 0.999986053
1756482859477689344.000000 1.177127123 0.034080759 0.865561783 -0.002629521 -0.002506724 -0.001163527 0.999992728
1756482859544341248.000000 1.174800158 0.033979751 0.874124467 -0.002512151 -0.001792599 -0.000929741 0.999994874
1756482859610992896.000000 1.176863313 0.033395473 0.877646327 -0.002917110 -0.001309408 -0.001629433 0.999993563
1756482859677645056.000000 1.177262306 0.033273295 0.883877039 -0.004451679 -0.001756686 -0.001453173 0.999987483
1756482859744303104.000000 1.177189946 0.033314712 0.890982926 -0.006938435 -0.000987243 -0.001350655 0.999974608
1756482859910945792.000000 1.177466989 0.033662170 0.909519672 -0.004438841 -0.001054918 -0.001902147 0.999987841
1756482859977602048.000000 1.176527739 0.034959055 0.916476071 -0.003902750 -0.001291922 -0.001869885 0.999989808
1756482860077585664.000000 1.173521519 0.035748005 0.926946580 -0.004447988 -0.002684626 -0.002149381 0.999984205
1756482860144239872.000000 1.174148321 0.036540326 0.937066913 -0.005732541 -0.002640908 -0.001431625 0.999979138
1756482860244221952.000000 1.174160957 0.036939692 0.947288215 -0.004439611 -0.000782433 -0.002544543 0.999986649
1756482860310876160.000000 1.174735904 0.037056018 0.952854335 -0.004160739 -0.002361353 -0.002327588 0.999985874
1756482860410856448.000000 1.173641086 0.036358904 0.960324228 -0.005037779 -0.003004154 -0.002044802 0.999980748
1756482860477509376.000000 1.174422979 0.037703581 0.964470208 -0.005444178 -0.002685820 -0.002027426 0.999979556
1756482860577487104.000000 1.173048973 0.036455210 0.977800608 -0.005252599 -0.001039023 -0.001979958 0.999983788
1756482860644139264.000000 1.173893690 0.036753483 0.983997762 -0.006463795 -0.002060904 -0.002160303 0.999974668
1756482860744123648.000000 1.174107671 0.038621418 0.991714299 -0.005142535 -0.002993889 -0.002218039 0.999979854
1756482860810780416.000000 1.173517466 0.038482372 0.999186575 -0.004606776 -0.003049875 -0.002074715 0.999982595
1756482860877436928.000000 1.174939275 0.038539283 1.005315542 -0.004100078 -0.003587125 -0.002091294 0.999983013
1756482860944092416.000000 1.173408628 0.038777851 1.011683345 -0.003958128 -0.002343047 -0.002018720 0.999987423
1756482861077401856.000000 1.172228336 0.037701886 1.021267056 -0.003413797 -0.002099102 -0.001963452 0.999990046
1756482861144056320.000000 1.172513127 0.037794095 1.029166222 -0.002491243 -0.002220116 -0.002574733 0.999991119
1756482861210710528.000000 1.172484636 0.037090272 1.038497925 -0.004580240 -0.002758927 -0.002301634 0.999983132
1756482861344017152.000000 1.172332525 0.040312052 1.052188277 -0.004718344 -0.002564652 -0.002979512 0.999981165
1756482861410669568.000000 1.173180699 0.039261904 1.060140610 -0.005631316 -0.003650668 -0.002080619 0.999975383
1756482861477321216.000000 1.172915697 0.038457502 1.065296769 -0.004330600 -0.003676436 -0.002192177 0.999981523
1756482861577298688.000000 1.172672510 0.039078943 1.075499296 -0.005121337 -0.003201488 -0.002584543 0.999978483
1756482861677276160.000000 1.171885252 0.038846873 1.083635211 -0.003263244 -0.003784589 -0.002750922 0.999983788
1756482861743931136.000000 1.171275735 0.038395472 1.089805007 -0.002847294 -0.004246825 -0.001850853 0.999985278
1756482861810585856.000000 1.170780420 0.039081857 1.097315192 -0.004084374 -0.003675419 -0.002006702 0.999982953
1756482861877238784.000000 1.170820713 0.039088145 1.104165912 -0.005113835 -0.003312099 -0.002050446 0.999979377
1756482861943892224.000000 1.171805382 0.039362665 1.110019922 -0.004661176 -0.002879850 -0.002629643 0.999981523
1756482862143849984.000000 1.170669556 0.039493538 1.128872156 -0.004083146 -0.002497095 -0.002185285 0.999986231
1756482862210501632.000000 1.170260549 0.039737992 1.135960340 -0.004166499 -0.002255432 -0.002359333 0.999985993
1756482862277152768.000000 1.171308398 0.040391613 1.143329263 -0.005052173 -0.003447110 -0.002070432 0.999979198
1756482862443777536.000000 1.171343088 0.039636023 1.157883167 -0.003226709 -0.003635363 -0.002026125 0.999986112
1756482862510426880.000000 1.171221614 0.040014733 1.164140701 -0.002618271 -0.003944300 -0.002075589 0.999986649
1756482862610400256.000000 1.170983672 0.040705793 1.175927043 -0.004637390 -0.004307016 -0.002349369 0.999977231
1756482862677051136.000000 1.170766592 0.041147053 1.183834553 -0.005956503 -0.004288466 -0.002183984 0.999970734
1756482862743709184.000000 1.170792103 0.040840317 1.189091563 -0.004620036 -0.003916638 -0.002477548 0.999978602
1756482862810365440.000000 1.170533657 0.040925618 1.195512414 -0.003901179 -0.004135046 -0.002294217 0.999981225
1756482862943678976.000000 1.169858217 0.041630365 1.209608436 -0.005565909 -0.004651413 -0.002418519 0.999970794
1756482863043663104.000000 1.169573307 0.042370483 1.219245791 -0.005589467 -0.003703285 -0.002610040 0.999974191
1756482863110318592.000000 1.169586778 0.042009048 1.225021482 -0.005042004 -0.004162712 -0.002414489 0.999975741
1756482863210299904.000000 1.169490218 0.042119991 1.234718204 -0.005385084 -0.004622730 -0.002360947 0.999972045
1756482863276954368.000000 1.169145226 0.042399101 1.242017150 -0.005898518 -0.004324832 -0.002503564 0.999970198
1756482863343608320.000000 1.169345737 0.042321518 1.249365687 -0.006511089 -0.003512187 -0.002923969 0.999968410
1756482863410261504.000000 1.169218063 0.042071424 1.256146550 -0.006638279 -0.002692980 -0.003121017 0.999969482
1756482863510241280.000000 1.169164062 0.043034855 1.266217232 -0.006688076 -0.003202176 -0.002997544 0.999968052
1756482863576893696.000000 1.168955326 0.043189701 1.272217870 -0.004794605 -0.002936708 -0.003058177 0.999979496
1756482863643544320.000000 1.168796897 0.043081529 1.277299643 -0.003441431 -0.004094318 -0.002774072 0.999981880
1756482863777007360.000000 1.169345021 0.043546397 1.292502522 -0.007727135 -0.003844091 -0.002917747 0.999958515
1756482863843752960.000000 1.168958426 0.043934807 1.298734426 -0.006322372 -0.004468856 -0.003022652 0.999965549
1756482863910500608.000000 1.169585347 0.043292467 1.303560257 -0.004645635 -0.005073594 -0.002236847 0.999973893
1756482863977249792.000000 1.169453859 0.043578781 1.309861779 -0.004299248 -0.004683386 -0.002111628 0.999977648
1756482864044000768.000000 1.169264078 0.044181526 1.317806602 -0.006130416 -0.004436005 -0.002431526 0.999968410
1756482864144130304.000000 1.168605208 0.044380233 1.327733636 -0.005808029 -0.004038809 -0.003070073 0.999970257
1756482864210885888.000000 1.168213129 0.044583477 1.333423138 -0.004351490 -0.004805850 -0.003158587 0.999974072
1756482864311023104.000000 1.167859316 0.044811465 1.343252182 -0.004116030 -0.004862730 -0.003061837 0.999975085
1756482864411164160.000000 1.168673635 0.045014530 1.352537632 -0.003629950 -0.004460539 -0.002742370 0.999979734
1756482864477926912.000000 1.168380141 0.045570303 1.359332204 -0.005462200 -0.003290471 -0.003401309 0.999973953
1756482864544690688.000000 1.169144154 0.046040531 1.364947796 -0.008093884 0.000000329 -0.003235912 0.999962032
1756482864644841216.000000 1.169702053 0.045673102 1.365587115 -0.006249900 0.009785910 -0.003319769 0.999927104
1756482864711583232.000000 1.172001839 0.045013972 1.364203453 -0.002699459 0.021202136 -0.002938408 0.999767303
1756482864811685632.000000 1.174474359 0.044843599 1.365184069 -0.003852789 0.038095877 -0.003462771 0.999260724
1756482864878422016.000000 1.176170588 0.044455204 1.366267562 -0.004127003 0.048035309 -0.003559240 0.998830795
1756482864978528768.000000 1.181332588 0.044871673 1.366103649 -0.003036533 0.064098075 -0.003460190 0.997932971
1756482865045268992.000000 1.181448579 0.044435762 1.367969275 -0.003947658 0.077108808 -0.003929687 0.997007191
1756482865112010496.000000 1.183983564 0.044934496 1.370490909 -0.005306212 0.088492967 -0.004544784 0.996052384
1756482865178753536.000000 1.186275601 0.044682056 1.371061683 -0.005804506 0.098832197 -0.004571621 0.995076716
1756482865212125696.000000 1.187611103 0.044992208 1.372083187 -0.005478156 0.103363305 -0.004767393 0.994617164
1756482865278870784.000000 1.189557314 0.044798728 1.371637464 -0.004621429 0.114078693 -0.005158741 0.993447602
1756482865345617408.000000 1.193936586 0.045080118 1.370904684 -0.004535130 0.124406442 -0.004789564 0.992209435
1756482865479113984.000000 1.197505355 0.045137398 1.372761846 -0.006701132 0.147284523 -0.005415413 0.989056706
1756482865545864960.000000 1.200658917 0.045636632 1.374591112 -0.006529513 0.158057317 -0.005626921 0.987392366
1756482865612617216.000000 1.201500893 0.044630688 1.373288631 -0.005476806 0.169870362 -0.005784799 0.985434294
1756482865679353856.000000 1.203722477 0.043967742 1.373056650 -0.004840266 0.180485174 -0.005910199 0.983548105
1756482865746039040.000000 1.206081986 0.043795113 1.372945189 -0.005407051 0.191525608 -0.005879621 0.981455147
1756482865779381504.000000 1.205611587 0.042852104 1.371052146 -0.005640719 0.197280198 -0.006103978 0.980311990
1756482865879408128.000000 1.208775520 0.042394917 1.370477796 -0.006426546 0.213596910 -0.005990291 0.976882458
1756482865979435776.000000 1.212196946 0.043041971 1.371026993 -0.006387978 0.229505196 -0.006178177 0.973266959
1756482866012778240.000000 1.213975072 0.041888345 1.369936585 -0.006456792 0.234436929 -0.006248790 0.972089887
1756482866112806144.000000 1.217291951 0.040905684 1.370127678 -0.007041756 0.250985414 -0.006325871 0.967944622
1756482866146148608.000000 1.218533635 0.041725352 1.371293545 -0.007129102 0.256897569 -0.006575433 0.966390014
1756482866212833792.000000 1.220599651 0.044923961 1.375429749 -0.006917589 0.268450350 -0.006926893 0.963243842
1756482866379546112.000000 1.225875974 0.046853859 1.377266169 -0.005910687 0.294326812 -0.007445661 0.955657601
1756482866446231552.000000 1.227839589 0.048597414 1.378313541 -0.006037004 0.305172026 -0.007731566 0.952246785
1756482866512916992.000000 1.230546713 0.043025117 1.371011734 -0.007248848 0.313746452 -0.007744461 0.949447632
1756482866579602176.000000 1.231177092 0.048469502 1.376906157 -0.005074829 0.324397415 -0.008597561 0.945868254
1756482866646287872.000000 1.233026624 0.048788548 1.376500249 -0.005068333 0.335008055 -0.008968615 0.942158937
1756482866679629568.000000 1.234181762 0.048989818 1.376693845 -0.005130146 0.340505511 -0.008957532 0.940185845
1756482866812992256.000000 1.239431262 0.049034610 1.376852751 -0.005833111 0.362771004 -0.009042207 0.931816220
1756482866879674368.000000 1.241280556 0.049342051 1.376994967 -0.006696463 0.373684824 -0.009286477 0.927485168
1756482866946356224.000000 1.243430138 0.044029124 1.368964314 -0.008254423 0.382138282 -0.008752085 0.924026847
1756482866979697152.000000 1.244358659 0.044289712 1.368062854 -0.007661197 0.386550277 -0.008996092 0.922192693
1756482867146401536.000000 1.248876810 0.043673001 1.366241693 -0.007235995 0.411441207 -0.010441536 0.911347806
1756482867213082624.000000 1.247370839 0.043094944 1.365658283 -0.003368351 0.422070771 -0.012285572 0.906473398
1756482867246423296.000000 1.249085546 0.041859306 1.365473270 -0.000945356 0.428251237 -0.013054753 0.903564930
1756482867313104896.000000 1.254816294 0.040556159 1.366586924 0.002074443 0.438840151 -0.013109066 0.898467183
1756482867379787008.000000 1.264086723 0.045907721 1.376844049 -0.001910027 0.450230211 -0.012169994 0.892827570
1756482867446468608.000000 1.276367426 0.043248076 1.377654314 -0.011180895 0.460194528 -0.007977425 0.887711942
1756482867546490880.000000 1.288654089 0.042958070 1.379884243 -0.008340630 0.476808965 -0.008745444 0.878923953
1756482867613172480.000000 1.293355465 0.043238200 1.382088900 -0.006013083 0.485419303 -0.010313524 0.874199986
1756482867679853312.000000 1.303549290 0.044977084 1.383082867 -0.004919558 0.492990255 -0.011355505 0.869946837
1756482867746536960.000000 1.303983212 0.043750025 1.386221886 -0.007081401 0.504095674 -0.009734920 0.863563955
1756482867779878400.000000 1.314271331 0.045503534 1.387129188 -0.007634528 0.507775605 -0.010629484 0.861390054
1756482867846561536.000000 1.322466373 0.045757778 1.388897061 -0.008982331 0.517109513 -0.010428819 0.855808556
1756482867946586368.000000 1.330665469 0.045242764 1.390140057 -0.006424666 0.530656993 -0.011076679 0.847490013
1756482868013269760.000000 1.337759972 0.045014985 1.391659498 -0.005975606 0.540039897 -0.011931397 0.841533661
1756482868046611456.000000 1.341944456 0.044686019 1.392728209 -0.005962813 0.545054257 -0.011782390 0.838296831
1756482868113293568.000000 1.349707007 0.044282027 1.393481493 -0.006631359 0.555158138 -0.011139555 0.831643760
1756482868213318912.000000 1.364995480 0.046745304 1.395661831 -0.010258955 0.570539832 -0.009813961 0.821147323
1756482868246660352.000000 1.365504265 0.045266863 1.395719409 -0.011630629 0.574320257 -0.009084924 0.818497717
1756482868313343744.000000 1.366044164 0.045206781 1.393444061 -0.009678181 0.579845786 -0.010019999 0.814607203
1756482868380027136.000000 1.363000035 0.044228233 1.391510606 -0.005331377 0.585914314 -0.012203383 0.810263634
1756482868413368832.000000 1.362090111 0.042640459 1.390168428 -0.004258164 0.590483725 -0.013632125 0.806923270
1756482868480052224.000000 1.362163663 0.042070754 1.387725115 -0.004596360 0.598967612 -0.013551166 0.800645471
1756482868513393920.000000 1.362772465 0.041444845 1.388060093 -0.006580483 0.603393316 -0.012392582 0.797320306
1756482868580076544.000000 1.367229700 0.041601956 1.387324095 -0.009380542 0.612274349 -0.011019663 0.790512979
1756482868646759680.000000 1.366433740 0.042273633 1.386228681 -0.008915833 0.621144950 -0.011238702 0.783564448
1756482868713442304.000000 1.370339632 0.046065837 1.384657383 -0.006896321 0.629832327 -0.013256818 0.776587427
1756482868780124416.000000 1.365017891 0.045711339 1.387462854 -0.005893571 0.640704751 -0.012641288 0.767660737
1756482868846806528.000000 1.366972446 0.045048196 1.385554433 -0.006542782 0.648982167 -0.012622095 0.760670841
1756482868913489152.000000 1.370466471 0.044719730 1.383510828 -0.007020495 0.656863630 -0.012039478 0.753880680
1756482868980170240.000000 1.380194664 0.041462954 1.377261758 -0.008091898 0.663433075 -0.011904262 0.748097241
1756482869046852352.000000 1.384561419 0.042275693 1.374706030 -0.007914450 0.671208799 -0.012006446 0.741128862
1756482869080193280.000000 1.388990760 0.045618176 1.372902036 -0.006662757 0.674955070 -0.013492197 0.737705529
1756482869146875392.000000 1.390427113 0.046219032 1.371058702 -0.006466726 0.683274746 -0.013574511 0.730006576
1756482869180216576.000000 1.390294433 0.048049856 1.369798064 -0.005757953 0.687295079 -0.013842580 0.726223648
1756482869280239616.000000 1.381012678 0.045808244 1.369151831 -0.006813691 0.699837804 -0.013203598 0.714147270
1756482869313580544.000000 1.394768476 0.049134083 1.365378499 -0.005175260 0.702465236 -0.014109507 0.711559415
1756482869380262656.000000 1.395518661 0.049908742 1.362579107 0.005187525 -0.709858894 0.013940744 -0.704186857
1756482869446943488.000000 1.396321297 0.050063889 1.360827327 0.005122360 -0.717696846 0.013780902 -0.696200490
1756482869480284672.000000 1.396790743 0.050220605 1.359297752 0.005629135 -0.721618235 0.013858977 -0.692129612
1756482869546966784.000000 1.396469593 0.050189421 1.356003046 0.005948700 -0.728963375 0.013756199 -0.684388697
1756482869613648640.000000 1.385401607 0.048687652 1.362373590 0.006128010 -0.739666581 0.013203683 -0.672816217
1756482869680330752.000000 1.386120081 0.049425900 1.359363079 0.005827436 -0.746545494 0.013522265 -0.665171444
1756482869747013120.000000 1.386634469 0.049074799 1.354187369 0.006515773 -0.752196491 0.013825273 -0.658761680
1756482869780354304.000000 1.387844086 0.046548884 1.354659915 -0.007457016 0.756480575 -0.013641884 0.653831422
1756482869847036672.000000 1.386320829 0.048546657 1.350345850 0.005896986 -0.762707710 0.014785565 -0.646547496
1756482869913718016.000000 1.386705875 0.048674405 1.347952247 0.005560336 -0.769727826 0.015132612 -0.638168633
1756482869980400384.000000 1.388382435 0.048248343 1.346348047 0.005779231 -0.777183175 0.015215162 -0.629063904
1756482870047082752.000000 1.390181780 0.046173677 1.346341848 -0.006642742 0.785169363 -0.014692581 0.619071186
1756482870113765120.000000 1.390677452 0.046924643 1.345413446 -0.004112181 0.792709649 -0.017621124 0.609330893
1756482870180447488.000000 1.394263029 0.046802394 1.341282368 0.000031471 0.799904346 -0.023283148 0.599675775
1756482870213788416.000000 1.397233963 0.045051586 1.338706851 -0.000152668 0.802525580 -0.022337211 0.596199512
1756482870280470784.000000 1.403360605 0.045149870 1.333433747 -0.003738445 0.808394492 -0.018058650 0.588352323
1756482870347152128.000000 1.417759538 0.045677841 1.327417493 -0.010033683 0.817019463 -0.012378713 0.576389849
1756482870413834752.000000 1.427011371 0.046080250 1.322660923 0.008457824 -0.824713588 0.013086048 -0.565335989
1756482870480517120.000000 1.429800510 0.046533529 1.317063689 0.007090669 -0.831092238 0.015258565 -0.555880129
1756482870513858048.000000 1.426587582 0.045578174 1.313899398 -0.006764494 0.833040535 -0.015360232 0.552957416
1756482870580540416.000000 1.432063937 0.045776870 1.310191631 -0.006248428 0.837536395 -0.016110471 0.546108246
1756482870647223040.000000 1.437632799 0.045774106 1.306532860 -0.005615798 0.843045294 -0.016393710 0.537563443
1756482870713906176.000000 1.443294764 0.045498177 1.302612066 -0.005776947 0.849095404 -0.015498584 0.527980626
1756482870747248128.000000 1.446133494 0.046079069 1.299543262 -0.005459432 0.852126360 -0.015419468 0.523080468
1756482870813931264.000000 1.456795216 0.046989966 1.298430920 -0.005431740 0.858828306 -0.016638361 0.511964381
1756482870847272960.000000 1.453977227 0.045581594 1.293165565 -0.004615642 0.860550344 -0.016376378 0.509081364
1756482870913956864.000000 1.459864974 0.047088481 1.287647724 -0.003903515 0.866245389 -0.017635258 0.499292284
1756482870980640768.000000 1.469775319 0.045444749 1.287180066 0.005106504 -0.872570515 0.017123679 -0.488161445
1756482871047324416.000000 1.475176811 0.044725645 1.279752493 0.005818520 -0.878120363 0.016246028 -0.478128612
1756482871114008064.000000 1.479277849 0.045468714 1.271583319 -0.006753250 0.883308113 -0.016202992 0.468464106
1756482871180691968.000000 1.484686494 0.045829047 1.269151092 -0.006419774 0.888514638 -0.017128397 0.458483547
1756482871247374848.000000 1.489901543 0.045557283 1.263605237 -0.005317051 0.893314064 -0.018329496 0.449027568
1756482871347400704.000000 1.496215463 0.046866857 1.253983259 -0.005348871 0.900648594 -0.018422104 0.434124589
1756482871380742656.000000 1.500668883 0.047243714 1.252255201 -0.006224809 0.903600752 -0.018603016 0.427926362
1756482871447426304.000000 1.506369829 0.048517410 1.246988535 -0.006893944 0.908794045 -0.018848242 0.416762084
1756482871514110208.000000 1.511953473 0.049613778 1.240538120 -0.006806223 0.912955940 -0.019515717 0.407534570
1756482871580793856.000000 1.513968468 0.045218464 1.236420512 0.008794237 -0.917622924 0.020827463 -0.396808684
1756482871647476992.000000 1.518229127 0.044735067 1.231259108 0.009466859 -0.921669245 0.020408034 -0.387323797
1756482871714159360.000000 1.521090865 0.048271965 1.221377015 -0.006912946 0.924999774 -0.019813882 0.379387826
1756482871747500032.000000 1.523141503 0.048919618 1.218202114 -0.007138709 0.927043557 -0.019911673 0.374356568
1756482871814181632.000000 1.525575995 0.048425056 1.212931991 -0.006828095 0.930717349 -0.019942533 0.365131438
1756482871880863232.000000 1.527205706 0.045891441 1.208331704 -0.005917381 0.934523702 -0.021118579 0.355224490
1756482871947545088.000000 1.531729579 0.047312681 1.201917291 -0.005921466 0.938799083 -0.021192437 0.343761832
1756482871980886016.000000 1.533450842 0.047344964 1.198196530 -0.006406544 0.940896451 -0.019747617 0.338057548
1756482872047567616.000000 1.536864758 0.048632309 1.192113042 -0.008569476 0.945031583 -0.015706496 0.326489121
1756482872114248192.000000 1.536601067 0.048101567 1.190290093 0.007947076 -0.947806001 0.018705126 -0.318199247
1756482872180929792.000000 1.533309460 0.046404634 1.187633634 0.003770165 -0.951596797 0.027599823 -0.306084305
1756482872247611648.000000 1.533803344 0.044422776 1.183159113 -0.003536543 0.954101682 -0.027563078 0.298190773
1756482872347633920.000000 1.539969444 0.047474846 1.167747021 -0.010207773 0.960058987 -0.014241207 0.279248685
1756482872414315520.000000 1.536096811 0.044045139 1.169119954 0.009115831 -0.963077605 0.013406542 -0.268735498
1756482872480997120.000000 1.534294128 0.046426617 1.169410110 0.006242250 -0.964698672 0.021259347 -0.262422711
1756482872547677440.000000 1.529631376 0.039553486 1.173987865 0.005562369 -0.967214286 0.023594450 -0.252802253
1756482872647699712.000000 1.529185534 0.038623810 1.170242786 0.007355382 -0.971411526 0.017961107 -0.236607298
1756482872714383360.000000 1.527966499 0.039772265 1.166998148 0.007527718 -0.974067032 0.016765511 -0.225512221
1756482872781067520.000000 1.527083635 0.039597958 1.165126443 0.006895835 -0.976663888 0.016792748 -0.214004919
1756482872847751936.000000 1.525292397 0.039328720 1.163749933 0.007094835 -0.978864729 0.017204741 -0.203660384
1756482872914436352.000000 1.521856070 0.043187886 1.159085512 -0.006283332 0.980788827 -0.019001702 0.194043458
1756482872981119744.000000 1.522489309 0.039642479 1.161368132 0.006806581 -0.983040631 0.016838929 -0.182486355
1756482873047804160.000000 1.521197081 0.038829915 1.160017490 0.006793887 -0.984943628 0.016436335 -0.171958759
1756482873114488576.000000 1.521292448 0.044086069 1.154847741 0.005071920 -0.986762583 0.018192036 -0.161068127
1756482873181172736.000000 1.519154787 0.043313488 1.152527094 0.005011227 -0.988495171 0.017682428 -0.150131956
1756482873247857408.000000 1.514519453 0.041555859 1.150517344 -0.005423902 0.990024030 -0.017637227 0.139685318
1756482873347884032.000000 1.510489345 0.042283569 1.147934914 -0.004929172 0.992247343 -0.017757569 0.122904941
1756482873414568704.000000 1.509286880 0.040279914 1.146302938 -0.004711517 0.993581116 -0.020191809 0.111205593
1756482873481252096.000000 1.506586909 0.041160509 1.141863108 -0.004018356 0.994680762 -0.028354105 0.098945267
1756482873547936768.000000 1.505789161 0.040055607 1.133143187 -0.003959670 0.995756388 -0.025918489 0.088215016
1756482873614621184.000000 1.506503582 0.037893150 1.122250915 -0.004996429 0.996926308 -0.017589958 0.076181859
1756482873681305088.000000 1.505752802 0.039356045 1.111186266 -0.004986076 0.997940660 -0.014228429 0.062347256
1756482873747986432.000000 1.502407789 0.039160989 1.103409052 -0.004608303 0.998590052 -0.015247277 0.050639234
1756482873814667776.000000 1.502133369 0.038467072 1.099128366 -0.004823691 0.999007404 -0.018242253 0.040352196
1756482873881348096.000000 1.500345349 0.037995636 1.093155980 -0.005003902 0.999350786 -0.018150460 0.030718498
1756482873981370112.000000 1.501278639 0.036320478 1.080609918 0.004264228 -0.999269605 0.014912221 -0.034924831
1756482874048051456.000000 1.500302792 0.035855439 1.074905515 -0.004987709 0.999262333 -0.014780669 0.035092525
1756482874114732800.000000 1.500453234 0.033041008 1.068851471 -0.005006167 0.999283135 -0.015283361 0.034271706
1756482874181413888.000000 1.499437094 0.031994700 1.062089205 -0.004625239 0.999265909 -0.014350388 0.035220038
1756482874248095232.000000 1.497815132 0.033609014 1.055830240 0.004271664 -0.999231160 0.015022750 -0.035962213
1756482874314775552.000000 1.497567296 0.033043906 1.050924182 0.004387833 -0.999029458 0.015889142 -0.040846813
1756482874381456640.000000 1.503791451 0.033090502 1.043460369 -0.004760170 0.998444796 -0.014129701 0.053719658
1756482874448137984.000000 1.506966114 0.032708813 1.037711382 0.005530158 -0.997698843 0.014821582 -0.065930866
1756482874548159488.000000 1.510229945 0.036781743 1.029417992 0.005159494 -0.996088922 0.017078502 -0.086536579
1756482874614840832.000000 1.517277241 0.032829031 1.024369240 0.004957565 -0.995759785 0.016401554 -0.090382181
1756482874681522688.000000 1.517570615 0.033305459 1.016776323 0.004743214 -0.996055603 0.015893525 -0.087167576
1756482874748206848.000000 1.514131904 0.037541222 1.010205150 0.004457868 -0.996028244 0.016917216 -0.087303080
1756482874848231680.000000 1.515558243 0.038031090 1.000211000 0.005112390 -0.996072114 0.017060298 -0.086736508
1756482874914915840.000000 1.514711380 0.037393793 0.993082821 0.004525402 -0.995962858 0.017819339 -0.087864675
1756482874981599744.000000 1.515555143 0.037413929 0.986656904 0.004273891 -0.995904267 0.018112972 -0.088478774
1756482875048284160.000000 1.517332315 0.035186101 0.980610609 0.004782540 -0.996004045 0.016892258 -0.087565921
1756482875114968064.000000 1.517165303 0.036331557 0.973400116 0.005507391 -0.996139586 0.016341882 -0.086072877
1756482875181651968.000000 1.518627405 0.036772534 0.967168570 0.005667124 -0.996263027 0.016428620 -0.084605336
1756482875281677312.000000 1.517387986 0.035976890 0.955888510 0.005257734 -0.997479975 0.018281005 -0.068350837
1756482875348361216.000000 1.516091228 0.032859653 0.948748589 0.004369772 -0.997511387 0.016489293 -0.068411119
1756482875415045632.000000 1.517477989 0.034604073 0.941178620 0.005200278 -0.997412622 0.015914768 -0.069913037
1756482875481729792.000000 1.518261790 0.035397779 0.933728516 0.005214013 -0.997447610 0.016059035 -0.069377229
1756482875548413696.000000 1.520092845 0.035298921 0.928213239 0.005027770 -0.997441173 0.016178582 -0.069455959
1756482875648439296.000000 1.521482706 0.036076847 0.919131339 0.004888228 -0.997332990 0.017627360 -0.070656888
1756482875715122944.000000 1.521990418 0.034749307 0.913120508 0.005055080 -0.997340024 0.016945438 -0.070712373
1756482875781806848.000000 1.521727085 0.035156243 0.906549215 0.005098454 -0.997282922 0.018057687 -0.071237437
1756482875848490752.000000 1.522979379 0.032964986 0.900209427 0.005159562 -0.997319460 0.016249076 -0.071157165
1756482875915174400.000000 1.524394155 0.033302475 0.893201590 0.005095746 -0.997346461 0.014362649 -0.071188375
1756482875981858560.000000 1.525475264 0.033142582 0.887171268 0.005000528 -0.997343719 0.016446812 -0.070782810
1756482876048542208.000000 1.525407910 0.033773851 0.881199121 -0.004821272 0.997278988 -0.018390641 0.071226738
1756482876115225088.000000 1.526949167 0.032686997 0.874495447 0.004634254 -0.997321486 0.017318539 -0.070912309
1756482876181908736.000000 1.527922273 0.032725811 0.866704226 0.004871251 -0.997321546 0.014713219 -0.071481615
1756482876248592896.000000 1.528470039 0.033136703 0.861017585 0.004419232 -0.997322857 0.015720118 -0.071277760
1756482876315276800.000000 1.529735565 0.032401241 0.854383349 0.003902738 -0.997344971 0.016833277 -0.070743091
1756482876381960704.000000 1.528559566 0.033485278 0.845444322 0.003779520 -0.997293890 0.015883958 -0.071682297
1756482876481986560.000000 1.528792620 0.033057202 0.836100101 0.004003791 -0.997349441 0.015243213 -0.071033806
1756482876548669696.000000 1.530527234 0.033239413 0.830585122 0.004200247 -0.997366369 0.016690312 -0.070457444
1756482876615353600.000000 1.528965116 0.032672320 0.827391028 -0.004285745 0.997303724 -0.018535826 0.070875973
1756482876682037504.000000 1.530494452 0.032313503 0.819134712 -0.004484200 0.997361958 -0.017696738 0.070256233
1756482876748721920.000000 1.532975316 0.032691471 0.809942245 0.004621581 -0.997419715 0.015599404 -0.069923058
1756482876815406080.000000 1.533710599 0.032084506 0.803848863 0.004721259 -0.997380078 0.016596042 -0.070252128
1756482876882090240.000000 1.534309626 0.031500049 0.798490524 0.004205300 -0.997309208 0.018850651 -0.070720412
1756482876948774656.000000 1.536372066 0.031416044 0.791238308 0.004989114 -0.997342050 0.018208889 -0.070373304
1756482877015457792.000000 1.536801457 0.032173045 0.782768011 0.005239663 -0.997389078 0.016029008 -0.070219114
1756482877082142208.000000 1.536664844 0.033513989 0.777031660 0.005265461 -0.997325301 0.017325396 -0.070813000
1756482877148826368.000000 1.537763000 0.032014392 0.771999836 0.004665577 -0.997215986 0.018242054 -0.072151199
1756482877215510784.000000 1.538534760 0.031545062 0.765885592 0.004645927 -0.997194290 0.017958816 -0.072522223
1756482877282195200.000000 1.540646434 0.031450681 0.758309245 0.004892339 -0.997258127 0.017239206 -0.071798988
1756482877382221824.000000 1.539303780 0.032249577 0.749288678 0.004861552 -0.997214556 0.019711539 -0.071771234
1756482877448904960.000000 1.540127754 0.030214295 0.743247569 0.004723496 -0.997201443 0.019201927 -0.072099961
1756482877515589120.000000 1.540677786 0.029968534 0.735455275 0.004729336 -0.997215509 0.016522732 -0.072566785
1756482877582274048.000000 1.542712450 0.033356898 0.727499604 0.004077484 -0.997307122 0.016832445 -0.071264289
1756482877648958208.000000 1.540979147 0.029726660 0.721723795 0.004067662 -0.997230470 0.019131223 -0.071755268
1756482877715641344.000000 1.545658946 0.032223579 0.717065811 0.002525662 -0.997254252 0.021726346 -0.070750117
1756482877815664896.000000 1.546220064 0.032096680 0.705682635 0.004265448 -0.997491241 0.020135488 -0.067732245
1756482877882346496.000000 1.546306491 0.033244688 0.697347760 0.003554791 -0.997472465 0.017427716 -0.068792477
1756482877949028608.000000 1.546554804 0.034129679 0.691102266 0.002934982 -0.997354269 0.018780099 -0.070166215
1756482878015710976.000000 1.547855616 0.034224443 0.685669243 0.003406559 -0.997360408 0.021572268 -0.069248408
1756482878082393600.000000 1.548064590 0.030917270 0.679564238 -0.003421315 0.997424364 -0.020822685 0.068552405
1756482878149075968.000000 1.548883796 0.033609655 0.672073603 0.003457601 -0.997342944 0.021042358 -0.069659673
1756482878215758336.000000 1.550317526 0.034118153 0.663686574 0.003478497 -0.997321188 0.019157942 -0.070507795
1756482878282440704.000000 1.550360680 0.034402106 0.656735778 0.002992445 -0.997352302 0.018561905 -0.070249073
1756482878382463232.000000 1.550695539 0.032168649 0.645777822 0.003670974 -0.997335553 0.017475260 -0.070732318
1756482878449145344.000000 1.551005721 0.031572122 0.640601397 0.003633835 -0.997364581 0.018089138 -0.070167579
1756482878515827712.000000 1.551149368 0.031086838 0.634325087 0.004032441 -0.997364759 0.017519003 -0.070288554
1756482878582510080.000000 1.554561973 0.031316087 0.627789438 -0.003617835 0.997397602 -0.018192561 0.069671430
1756482878649192192.000000 1.555353284 0.029339319 0.621794343 -0.004058309 0.997436881 -0.017484892 0.069264598
1756482878715875328.000000 1.556913733 0.029665731 0.614391148 -0.004096157 0.997529566 -0.016197488 0.068232924
1756482878782558208.000000 1.557126403 0.028888095 0.608234525 -0.004311330 0.997582972 -0.016575871 0.067341790
1756482878849241856.000000 1.557458401 0.030113101 0.602297485 -0.003986578 0.997586071 -0.018597858 0.066785075
1756482878915925504.000000 1.558068871 0.029939821 0.595385790 -0.004113750 0.997554302 -0.019010801 0.067135468
1756482878982609152.000000 1.559367895 0.029552994 0.589346945 -0.003794283 0.997521281 -0.020008892 0.067354821
1756482879049293312.000000 1.559148908 0.029180130 0.583938599 -0.003820668 0.997471035 -0.020613749 0.067912370
1756482879115976704.000000 1.558393240 0.030455403 0.577998698 -0.004166766 0.997383654 -0.021614023 0.068858124
1756482879182660608.000000 1.560261250 0.029600032 0.571498632 -0.003969366 0.997509837 -0.020648446 0.067321055
1756482879249343488.000000 1.561262727 0.029877722 0.564174771 -0.003584457 0.997546017 -0.020506840 0.066848114
1756482879282685440.000000 1.559393883 0.027225675 0.560114205 0.003976001 -0.997510612 0.018427584 -0.067950614
1756482879382711296.000000 1.560567021 0.028023886 0.550723374 0.004166526 -0.997419417 0.020321216 -0.068733141
1756482879449395200.000000 1.563102961 0.031886302 0.545311689 -0.003909110 0.997366667 -0.023484437 0.068505272
1756482879549421056.000000 1.564204574 0.031664833 0.535420179 -0.003957327 0.997361958 -0.021213099 0.069307208
1756482879582763264.000000 1.564830899 0.031403806 0.532186329 -0.003608144 0.997469366 -0.021847287 0.067561515
1756482879649445888.000000 1.563652873 0.028812721 0.524644434 -0.004465000 0.998248696 -0.022429142 0.054558337
1756482879716129536.000000 1.562793255 0.029800670 0.518411815 -0.003777640 0.998453140 -0.024224311 0.049903858
1756482879782813184.000000 1.563143969 0.030119274 0.511006117 -0.004091725 0.998351336 -0.023276078 0.052309077
1756482879849496832.000000 1.563093901 0.031086367 0.503901124 -0.003674651 0.998296499 -0.022994157 0.053497303
1756482879949521920.000000 1.563573122 0.031868875 0.493176520 -0.003843568 0.998339772 -0.022741547 0.052781552
1756482879982863616.000000 1.563884377 0.026986554 0.490934491 0.005022654 -0.998419821 0.019864377 -0.052326590
1756482880049547264.000000 1.563960314 0.027536204 0.483606189 0.005107733 -0.998422205 0.020582628 -0.051994905
1756482880116229888.000000 1.564839840 0.030721452 0.477245569 -0.004231774 0.998308778 -0.023903545 0.052822925
1756482880182913024.000000 1.565280199 0.030414518 0.470917881 -0.004438966 0.998361647 -0.024249559 0.051636834
1756482880216254976.000000 1.564723134 0.031013684 0.468039930 -0.004037926 0.998561680 -0.024442131 0.047549482
1756482880282938368.000000 1.562268615 0.030613787 0.458247423 -0.003480819 0.999193251 -0.021503221 0.033740342
1756482880349621760.000000 1.559764028 0.030010596 0.450787365 -0.003602678 0.999522507 -0.022397488 0.020980801
1756482880416305408.000000 1.557287574 0.030100321 0.445137113 -0.002327902 0.999516845 -0.025560338 0.017535817
1756482880449646848.000000 1.557850957 0.029284947 0.441898167 -0.002452254 0.999492764 -0.025611410 0.018768074
1756482880516330496.000000 1.559132099 0.029685065 0.436114937 -0.003419926 0.999436677 -0.026741339 0.019988788
1756482880583013120.000000 1.559549332 0.029618330 0.430136681 -0.002311865 0.999358833 -0.028859535 0.021066125
1756482880649696512.000000 1.559599280 0.028931974 0.424189806 -0.001858655 0.999349117 -0.028470060 0.022079783
1756482880716379904.000000 1.559810638 0.026820777 0.415080130 -0.002244321 0.999507546 -0.023384636 0.020808201
1756482880749721856.000000 1.558868527 0.028710039 0.409996480 -0.002750982 0.999561369 -0.020874780 0.020831060
1756482880816405504.000000 1.559968710 0.027489860 0.401991397 0.003138763 -0.999639511 0.018264655 -0.019430108
1756482880883089152.000000 1.560097218 0.028168278 0.394887656 0.002631575 -0.999568582 0.021094711 -0.020268533
1756482880949772544.000000 1.559884667 0.025655335 0.393272310 0.002694774 -0.999487221 0.024355972 -0.020614976
1756482881016455424.000000 1.560843349 0.024554640 0.384934813 -0.002362355 0.999483407 -0.024703629 0.020425243
1756482881083138816.000000 1.561935186 0.025177427 0.376515955 -0.003460359 0.999595344 -0.020428639 0.019489398
1756482881149822464.000000 1.562324643 0.026046414 0.368629128 -0.004051828 0.999606669 -0.020956175 0.018192476
1756482881216506368.000000 1.561961174 0.025565222 0.365346730 -0.003538178 0.999559581 -0.022116052 0.019470353
1756482881316531712.000000 1.561509252 0.025435710 0.355914176 -0.002746320 0.999482095 -0.023267904 0.022062203
1756482881383215360.000000 1.561779857 0.025982454 0.349161386 -0.002934953 0.999479592 -0.025290359 0.019807106
1756482881416557056.000000 1.561851382 0.025279479 0.345707297 -0.003201270 0.999498725 -0.025337745 0.018713612
1756482881483239936.000000 1.562009931 0.024172246 0.341034114 -0.003589153 0.999547184 -0.023504043 0.018442340
1756482881549923584.000000 1.561775923 0.025346126 0.333561957 -0.003687184 0.999560654 -0.022481086 0.018963598
1756482881583265280.000000 1.562394977 0.025718471 0.329499424 -0.003958850 0.999578536 -0.021909064 0.018629499
1756482881649949184.000000 1.562842846 0.027235027 0.323053390 -0.003897428 0.999514997 -0.024396060 0.018959306
1756482881716633088.000000 1.562785149 0.023749948 0.316353381 -0.003145309 0.999532998 -0.022116708 0.020853542
1756482881783316736.000000 1.562792659 0.026280373 0.310322523 -0.003701317 0.999499261 -0.023663528 0.020678805
1756482881850000896.000000 1.563128591 0.027121564 0.303878397 -0.004010564 0.999522686 -0.024347167 0.018591965
1756482881916684032.000000 1.563555241 0.026556093 0.295850694 -0.004503244 0.999578476 -0.022050811 0.018339993
1756482881950025728.000000 1.563510299 0.025261492 0.292621195 0.004060717 -0.999613345 0.019842276 -0.019051684
1756482882016710144.000000 1.564213634 0.025301918 0.286538750 0.004493668 -0.999568522 0.021929193 -0.019022942
1756482882083394048.000000 1.564319253 0.022974364 0.281086922 -0.003962351 0.999543667 -0.022617580 0.019630697
1756482882150077952.000000 1.564225316 0.023207586 0.274633348 -0.004126331 0.999565125 -0.021175848 0.020102927
1756482882216762368.000000 1.564718246 0.022601973 0.263504863 0.004332641 -0.999642670 0.017077658 -0.020103866
1756482882250104064.000000 1.564945340 0.024006628 0.261618137 -0.004580553 0.999643147 -0.017765552 0.019419616
1756482882316787200.000000 1.564506769 0.022500185 0.252387404 0.003968794 -0.999683022 0.016344026 -0.018734073
1756482882383471616.000000 1.563886523 0.021798432 0.245315611 0.004330301 -0.999690533 0.015749792 -0.018764945
1756482882450155776.000000 1.564045787 0.022109751 0.240280300 0.004270087 -0.999667823 0.017725270 -0.018217854
1756482882483497984.000000 1.563685656 0.021968083 0.237662211 0.004268622 -0.999644935 0.018894373 -0.018298466
1756482882550182144.000000 1.564141154 0.021283036 0.232138842 0.004066551 -0.999632359 0.019266967 -0.018643430
1756482882616866048.000000 1.564705491 0.021136008 0.224559098 0.003942009 -0.999647856 0.017783707 -0.019298013
1756482882716892160.000000 1.565422416 0.021291286 0.212407202 0.005125104 -0.999712288 0.015796240 -0.017309865
1756482882750234368.000000 1.564246655 0.021357547 0.209402233 0.004730315 -0.999698341 0.016605811 -0.017465994
1756482882816917248.000000 1.564174533 0.020753764 0.203895301 0.004065496 -0.999538779 0.018040299 -0.024089612
1756482882850259200.000000 1.566606402 0.022075441 0.200603142 -0.004703797 0.999358058 -0.018009292 0.030613465
1756482882916943104.000000 1.569646478 0.022180950 0.196664110 -0.006207572 0.998836160 -0.018202554 0.044233486
1756482882950285312.000000 1.571425080 0.022382604 0.194703519 -0.005631953 0.998541534 -0.019291151 0.050109182
1756482883050311168.000000 1.575034618 0.019376827 0.185171992 0.006846868 -0.998358428 0.016173135 -0.054515999
1756482883083652864.000000 1.575080872 0.019731887 0.180459663 0.006844946 -0.998446524 0.014086674 -0.053473100
1756482883150337024.000000 1.574749947 0.020096395 0.173251525 0.006041874 -0.998419940 0.015320380 -0.053725846
1756482883217020160.000000 1.575772047 0.019508967 0.167903826 0.005202017 -0.998365700 0.017676216 -0.054097317
1756482883283703808.000000 1.575311899 0.017492095 0.163131535 0.005942980 -0.998373449 0.018358126 -0.053647999
1756482883317046016.000000 1.575583816 0.017510798 0.160879403 0.005675877 -0.998363078 0.018479012 -0.053829782
1756482883383729920.000000 1.576545238 0.016881280 0.153881103 0.006277817 -0.998404741 0.017156821 -0.053424165
1756482883450413824.000000 1.578779340 0.020305116 0.147332206 0.005920812 -0.998416424 0.019816842 -0.052315690
1756482883483755776.000000 1.578409672 0.019211948 0.144656733 0.005675102 -0.998403907 0.020258237 -0.052412152
1756482883550439936.000000 1.577286959 0.017161945 0.138837561 0.005153449 -0.998408437 0.018711699 -0.052951861
1756482883617124096.000000 1.578381419 0.016781064 0.131414905 0.005388433 -0.998416185 0.019972440 -0.052318368
1756482883683806720.000000 1.578856111 0.015977083 0.124719001 0.004913152 -0.998383164 0.019515170 -0.053161364
1756482883717147392.000000 1.579028130 0.017071078 0.120236866 -0.005199796 0.998324513 -0.020679789 0.053792454
1756482883783829760.000000 1.579386353 0.015227502 0.114369951 0.003912659 -0.998342514 0.020146823 -0.053768530
1756482883817170688.000000 1.579161048 0.014960652 0.111964621 0.003796436 -0.998348355 0.020869736 -0.053391453
1756482883883852544.000000 1.579685450 0.014526641 0.106652521 0.003774012 -0.998546898 0.020606980 -0.049651027
1756482883917193728.000000 1.579268456 0.014369011 0.103626855 0.003955759 -0.998857796 0.020600099 -0.042930972
1756482883983875584.000000 1.577067733 0.014050474 0.095259108 0.003529030 -0.999378443 0.020433094 -0.028509246
1756482884050557440.000000 1.575084329 0.015220635 0.086163610 -0.004353753 0.999591231 -0.022326810 0.017319804
1756482884117238272.000000 1.573676825 0.014528953 0.078011394 -0.003851048 0.999632239 -0.021569265 0.015981823
1756482884150579456.000000 1.573800445 0.014892601 0.075009070 -0.003543570 0.999611199 -0.021420596 0.017497767
1756482884217261312.000000 1.574658990 0.015212832 0.068365440 -0.004240879 0.999578238 -0.021793000 0.018724920
1756482884250602240.000000 1.575639725 0.014041517 0.065401748 -0.004490568 0.999614418 -0.020707056 0.017948480
1756482884317283840.000000 1.577347159 0.013873965 0.061035797 -0.002970126 0.999615729 -0.021585288 0.017140409
1756482884383965696.000000 1.575998425 0.013492789 0.055290170 -0.003045795 0.999549210 -0.023313282 0.018673779
1756482884417306880.000000 1.575963974 0.013148853 0.051966995 -0.003478815 0.999564648 -0.023274779 0.017799322
1756482884483988736.000000 1.576058388 0.012924755 0.044641823 -0.004447062 0.999625385 -0.021602852 0.016209815
1756482884517329664.000000 1.576103330 0.013174602 0.040215045 -0.004542920 0.999653757 -0.019883709 0.016624451
1756482884584010240.000000 1.576454401 0.013752348 0.032865763 -0.003583449 0.999660432 -0.018296963 0.018204063
1756482884617351168.000000 1.576205611 0.013245798 0.029836696 -0.003237602 0.999645412 -0.018688977 0.018689604
1756482884684033280.000000 1.576572299 0.012085097 0.024761476 -0.002961603 0.999605179 -0.021293148 0.018096643
1756482884750716672.000000 1.574949026 0.013091960 0.017958224 -0.003576960 0.999501228 -0.025072945 0.018864742
1756482884784058624.000000 1.575718760 0.011341158 0.016135730 0.002772584 -0.999534249 0.023841038 -0.018847605
1756482884850741760.000000 1.575730681 0.011920566 0.009102061 -0.003027463 0.999535978 -0.024243899 0.018189253
1756482884884083712.000000 1.574565411 0.012222795 0.004163302 -0.003031193 0.999543726 -0.022955038 0.019401044
1756482884917425408.000000 1.574931741 0.012034696 -0.000715151 -0.003385831 0.999612212 -0.019965569 0.019115074
1756482884984108032.000000 1.574828386 0.012251908 -0.009422123 -0.003471010 0.999681056 -0.016130375 0.019120157
1756482885017449472.000000 1.575185061 0.012077587 -0.012632594 -0.003380851 0.999680221 -0.016635796 0.018744202
1756482885084133120.000000 1.575550437 0.011675509 -0.017528772 -0.002730769 0.999629498 -0.019752566 0.018528881
1756482885117474560.000000 1.575773954 0.011193600 -0.020441368 -0.002954744 0.999599040 -0.021300396 0.018420611
1756482885184158208.000000 1.575931191 0.010395939 -0.025723964 -0.002646042 0.999605298 -0.021506283 0.017884364
1756482885217499904.000000 1.576201081 0.009836610 -0.029183045 -0.002463694 0.999634743 -0.020309282 0.017661002
1756482885250841600.000000 1.575407267 0.011189170 -0.034242243 -0.002679953 0.999605298 -0.020815486 0.018675271
1756482885317525248.000000 1.575929761 0.010205952 -0.041683227 0.002918125 -0.999671400 0.017323086 -0.018671213
1756482885350866944.000000 1.577020526 0.010166365 -0.044504121 0.002931377 -0.999721467 0.016184151 -0.016925568
1756482885417550336.000000 1.576926112 0.009866737 -0.052653283 -0.003066868 0.999707341 -0.016741622 0.017193291
1756482885450891008.000000 1.576794028 0.009889828 -0.055639639 -0.002799981 0.999686778 -0.017683957 0.017488550
1756482885484232704.000000 1.577209830 0.009528754 -0.058222637 -0.002567150 0.999679685 -0.018266888 0.017328164
1756482885550916096.000000 1.577244878 0.009025119 -0.063182399 0.002760865 -0.999676228 0.018007385 -0.017765105
1756482885584258048.000000 1.577734828 0.009673569 -0.067193091 -0.003146824 0.999676049 -0.018390046 0.017313207
1756482885617599744.000000 1.577669621 0.009568427 -0.070185840 0.003348529 -0.999687076 0.017475292 -0.017586244
1756482885684283136.000000 1.577785373 0.009552846 -0.077238709 0.002952342 -0.999681652 0.017246610 -0.018179627
1756482885717624064.000000 1.577517867 0.009588949 -0.080939829 0.002857655 -0.999660850 0.017717496 -0.018870505
1756482885784306176.000000 1.576956034 0.009729149 -0.087945372 -0.002651912 0.999606252 -0.019329352 0.020165963
1756482885817647360.000000 1.576429248 0.009955686 -0.088304460 0.002418585 -0.999608934 0.019391896 -0.020005267
1756482885850988544.000000 1.576029539 0.009159181 -0.090850160 0.002022173 -0.999610603 0.019082414 -0.020262802
1756482885917669888.000000 1.576864719 0.008545356 -0.098986819 0.001321986 -0.999605060 0.020215886 -0.019474151
1756482885951010816.000000 1.576985717 0.008523447 -0.102942482 -0.001575824 0.999612927 -0.020053513 0.019220257
1756482886017692928.000000 1.576711655 0.008755212 -0.110984355 -0.001590599 0.999664545 -0.017177753 0.019320423
1756482886051034112.000000 1.576860070 0.008757774 -0.115790397 -0.001693276 0.999698102 -0.015170006 0.019254504
1756482886084375040.000000 1.576809764 0.008611072 -0.119301483 0.002002840 -0.999711275 0.014285621 -0.019217499
1756482886117716224.000000 1.576891541 0.008514392 -0.122308508 0.001959129 -0.999696970 0.015476150 -0.019040892
1756482886184398336.000000 1.577540994 0.008216798 -0.127905577 -0.001423286 0.999668360 -0.018025497 0.018338645
1756482886217739264.000000 1.578056574 0.007876131 -0.130444437 -0.001613209 0.999664128 -0.018723622 0.017846979
1756482886251080192.000000 1.577787876 0.007493829 -0.133158714 0.001725479 -0.999675214 0.017682109 -0.018272875
1756482886317761536.000000 1.577721238 0.008615209 -0.141557992 0.002271659 -0.999674797 0.017740568 -0.018180994
1756482886351102464.000000 1.577751160 0.008179884 -0.144574821 0.002184507 -0.999681056 0.017175088 -0.018387018
1756482886384443648.000000 1.578676581 0.009360140 -0.147321790 0.002036521 -0.999691486 0.018269131 -0.016704656
1756482886451125504.000000 1.579233527 0.009761706 -0.153125346 -0.003302374 0.999724507 -0.014452576 0.018199071
1756482886484466432.000000 1.579261184 0.009946000 -0.153515637 0.002563290 -0.999659181 0.016293546 -0.020238275
1756482886517807616.000000 1.579296112 0.009143969 -0.153107256 0.002717223 -0.999620259 0.015502808 -0.022621665
1756482886551148544.000000 1.579792023 0.009266485 -0.152231544 0.002641000 -0.999518216 0.016588656 -0.026099807
1756482886617830400.000000 1.580967903 0.009040928 -0.150647610 0.003096674 -0.999085188 0.018698158 -0.038335055
1756482886651171584.000000 1.582165956 0.008891666 -0.150023043 0.003038641 -0.998800516 0.018765887 -0.045125283
1756482886684512768.000000 1.582886934 0.008330366 -0.149278879 0.003043493 -0.998512983 0.018212989 -0.051291514
1756482886717854464.000000 1.583822489 0.008344717 -0.148802102 0.002958131 -0.998212218 0.017715972 -0.057007216
1756482886751196160.000000 1.584518552 0.008496350 -0.148594439 -0.002977395 0.997875988 -0.018094866 0.062508747
1756482886817878528.000000 1.586365104 0.008384567 -0.147315860 -0.002889161 0.997128725 -0.019143986 0.073209718
1756482886851220224.000000 1.587239027 0.008517712 -0.146510780 -0.003059018 0.996673822 -0.019404473 0.079091251
1756482886884561664.000000 1.586892247 0.007752023 -0.145509899 -0.003075377 0.996105313 -0.018411193 0.086173855
1756482886917903616.000000 1.587960958 0.007324192 -0.145512581 0.003440496 -0.995592356 0.018139075 -0.091950886
1756482886984587008.000000 1.589878321 0.007476778 -0.144370556 0.003654981 -0.994546354 0.017749764 -0.102709569
1756482887017928448.000000 1.590678453 0.007525288 -0.143879950 0.003823717 -0.993979275 0.017227869 -0.108137757
1756482887051270144.000000 1.592917323 0.008632030 -0.143146813 -0.002992624 0.993552983 -0.018031562 0.111886084
1756482887084611840.000000 1.592662096 0.007695264 -0.142807066 0.003600223 -0.992723167 0.016755266 -0.119193614
1756482887151295488.000000 1.595589399 0.007060433 -0.140692651 0.002916584 -0.991481006 0.016461603 -0.129174307
1756482887184637184.000000 1.595821619 0.007143529 -0.139678478 0.002748796 -0.990684330 0.016865160 -0.135102108
1756482887217977856.000000 1.596402884 0.007146622 -0.138613582 0.002827345 -0.989849925 0.017219534 -0.141041160
1756482887251319296.000000 1.595837235 0.007714854 -0.138873339 0.003731558 -0.988632202 0.018908354 -0.149113849
1756482887318002944.000000 1.597394466 0.008189449 -0.137203097 0.003551965 -0.986817777 0.019321200 -0.160638690
1756482887351344640.000000 1.599473953 0.008718213 -0.134910703 -0.002790699 0.986272454 -0.019222720 0.163979903
1756482887384686336.000000 1.600512385 0.008787502 -0.133996487 -0.002446167 0.985401571 -0.018918209 0.169174194
1756482887418028032.000000 1.601491570 0.009038856 -0.133163810 -0.002138706 0.984509706 -0.019184208 0.174264401
1756482887484711424.000000 1.603067636 0.009209219 -0.131508231 -0.002322563 0.982620835 -0.018945852 0.184640437
1756482887518053376.000000 1.603631735 0.009120788 -0.130463123 -0.002219424 0.981576920 -0.019163955 0.190091416
1756482887551394816.000000 1.604078531 0.009289708 -0.129485846 -0.002115986 0.980489314 -0.019473873 0.195593998
1756482887618078464.000000 1.605659604 0.009056626 -0.127907991 -0.002050336 0.978212178 -0.019426491 0.206686959
1756482887651419136.000000 1.606198311 0.009047493 -0.127111197 -0.002184387 0.977016449 -0.019346435 0.212273315
1756482887718102528.000000 1.607646108 0.009000473 -0.125509143 -0.002498201 0.974520683 -0.019019235 0.223475829
1756482887751444224.000000 1.608109713 0.008927122 -0.125235081 0.003333861 -0.973217785 0.019142378 -0.229062513
1756482887818127616.000000 1.609160423 0.009109640 -0.122854352 0.002993494 -0.970759273 0.020081801 -0.239194974
1756482887884811008.000000 1.609521508 0.008872909 -0.119602203 -0.002755894 0.967744410 -0.020698119 0.251067638
1756482887918152704.000000 1.610023260 0.008882925 -0.118213058 -0.002671833 0.966195762 -0.020658426 0.256966740
1756482887951494656.000000 1.610816717 0.008954396 -0.116939425 -0.002807138 0.964608431 -0.020467423 0.262875944
1756482888018178048.000000 1.612097025 0.008707628 -0.115401626 -0.001697701 0.960728705 -0.024183581 0.276428372
1756482888051519744.000000 1.613077879 0.008210480 -0.114273787 -0.000398344 0.958795130 -0.028987233 0.282615423
1756482888118202112.000000 1.615701199 0.006342381 -0.114493728 0.000905071 0.955236435 -0.032360334 0.294066846
1756482888151543552.000000 1.617998600 0.006653182 -0.116648912 -0.000034990 0.953572094 -0.030808212 0.299585044
1756482888184885504.000000 1.621012688 0.006768696 -0.119942904 -0.000652366 0.952203095 -0.027452851 0.304228991
1756482888251568896.000000 1.629087210 0.007600844 -0.127889276 -0.003752191 0.949539065 -0.017494308 0.313138306
1756482888284910592.000000 1.633173466 0.009400282 -0.131364226 0.006024430 -0.948181093 0.015598300 -0.317290425
1756482888318252032.000000 1.635260820 0.009089669 -0.133776426 -0.005607303 0.946265876 -0.018063499 0.322836339
1756482888384935680.000000 1.639147043 0.008693911 -0.134793520 -0.004728670 0.942084491 -0.019544691 0.334772527
1756482888418277376.000000 1.640056372 0.008104458 -0.135583520 -0.002988082 0.939769924 -0.021850618 0.341095597
1756482888451619072.000000 1.641601682 0.007397931 -0.136351347 -0.002285950 0.937704504 -0.022911385 0.346670091
1756482888518302464.000000 1.647158027 0.007235229 -0.139308214 -0.002927798 0.934047461 -0.022235608 0.356444359
1756482888551643136.000000 1.650279641 0.007219259 -0.141523123 -0.003713107 0.932459235 -0.021073231 0.360640913
1756482888618326528.000000 1.655412436 0.007602099 -0.145478249 -0.005052508 0.929009855 -0.017521791 0.369605511
1756482888651668224.000000 1.657688975 0.008202083 -0.146038055 -0.006202173 0.926864982 -0.016389621 0.374985695
1756482888685009664.000000 1.657329321 0.009128757 -0.143711805 0.006467471 -0.925151169 0.015391701 -0.379231602
1756482888751692032.000000 1.656397343 0.008273732 -0.141502380 -0.004485625 0.922488153 -0.019670641 0.385497957
1756482888818374400.000000 1.655023098 0.008724060 -0.137918472 -0.003403939 0.918970704 -0.023918102 0.393585086
1756482888851715584.000000 1.654642224 0.008711420 -0.137305975 -0.003151739 0.916333258 -0.025439706 0.399595261
1756482888918397952.000000 1.654761076 0.009423658 -0.134315729 0.004562511 -0.912001073 0.022565817 -0.409541279
1756482888951739392.000000 1.656712770 0.009023789 -0.135715723 -0.004790223 0.909609318 -0.021614006 0.414874554
1756482888985079296.000000 1.657094955 0.009356737 -0.135412216 -0.005089164 0.907409847 -0.021383671 0.419671595
1756482889018420480.000000 1.657337904 0.009341162 -0.134828806 -0.005106498 0.905141652 -0.021569196 0.424532056
1756482889085102848.000000 1.656698108 0.009131160 -0.132641554 -0.004387860 0.900064468 -0.022271957 0.435165197
1756482889118444288.000000 1.656710744 0.008761510 -0.130927801 -0.004211114 0.897378743 -0.022257462 0.440679431
1756482889185126656.000000 1.657998800 0.008122500 -0.127738476 0.004051650 -0.892655671 0.020646250 -0.450248063
1756482889218467584.000000 1.657406092 0.007763039 -0.126645803 -0.003832116 0.890072882 -0.019944705 0.455365658
1756482889285149696.000000 1.656464100 0.007548802 -0.124854088 -0.003793458 0.884640992 -0.019890688 0.465833068
1756482889318490880.000000 1.656532407 0.006949466 -0.124271393 -0.003782835 0.881921113 -0.019545106 0.470976621
1756482889385173248.000000 1.656445265 0.006523833 -0.122305393 -0.003901486 0.876228452 -0.018827712 0.481512338
1756482889418514688.000000 1.656259775 0.006063279 -0.121995449 -0.004002274 0.873495698 -0.018114569 0.486478359
1756482889485195776.000000 1.656201601 0.006290834 -0.120765686 -0.004366023 0.867885530 -0.017471422 0.496437728
1756482889518536960.000000 1.656181097 0.006433848 -0.120443583 -0.004653553 0.864912927 -0.017300546 0.501602232
1756482889551878144.000000 1.656061649 0.006332342 -0.119399786 -0.004453057 0.862070978 -0.017397664 0.506469309
1756482889618560512.000000 1.658031702 0.007404920 -0.114092588 0.004380764 -0.857525945 0.018282862 -0.514097154
1756482889685242624.000000 1.657752156 0.007311087 -0.112922668 0.004472131 -0.851434052 0.018106636 -0.524130106
1756482889718583296.000000 1.659174800 0.008225553 -0.112497091 -0.004759928 0.848168612 -0.018905930 0.529367507
1756482889785264128.000000 1.659494042 0.007997684 -0.109452009 -0.004724718 0.841918409 -0.019083153 0.539246738
1756482889818604288.000000 1.658583641 0.007876158 -0.109992743 -0.004229572 0.838139892 -0.019162335 0.545102239
1756482889885283840.000000 1.658871770 0.008080095 -0.108256817 -0.003954876 0.831826270 -0.019434558 0.554681718
1756482889951964672.000000 1.658325434 0.008676037 -0.106571436 -0.003934052 0.825812757 -0.019867545 0.563580632
1756482889985304832.000000 1.658273458 0.008832995 -0.105882883 -0.003715613 0.822556615 -0.019810589 0.568325996
1756482890051985152.000000 1.657802463 0.008292608 -0.104410648 -0.004118892 0.815875471 -0.019226128 0.577893257
1756482890085325824.000000 1.657360792 0.008440465 -0.102895975 -0.003813330 0.812333763 -0.019215066 0.582863867
1756482890152006144.000000 1.656572580 0.008367389 -0.100735426 -0.004221979 0.805602193 -0.018934974 0.592139244
1756482890185346304.000000 1.656456351 0.007599398 -0.097960234 0.004636434 -0.802779377 0.019061916 -0.595953405
1756482890252026880.000000 1.654981494 0.008808546 -0.094432354 -0.004104328 0.796569884 -0.019852374 0.604206562
1756482890285367040.000000 1.654253244 0.008998461 -0.093654037 -0.004274396 0.793083906 -0.020044396 0.608767569
1756482890352046592.000000 1.653540254 0.009138338 -0.093001485 -0.004185380 0.785598218 -0.019294344 0.618421972
1756482890418726400.000000 1.654240847 0.009362657 -0.091216922 -0.005065515 0.778902352 -0.018806610 0.626842737
1756482890452066816.000000 1.654154301 0.009144049 -0.090515018 -0.005270334 0.775385201 -0.018428840 0.631197572
1756482890518747136.000000 1.653683543 0.009897783 -0.088572145 -0.005239977 0.768535435 -0.018547425 0.639516890
1756482890552087040.000000 1.652918816 0.009647597 -0.088171005 -0.004977044 0.764878273 -0.018328166 0.643894851
1756482890618767360.000000 1.651501060 0.009670045 -0.086551666 -0.004422429 0.757507384 -0.019245926 0.652527928
1756482890685447424.000000 1.650129199 0.009423520 -0.084740043 -0.004435653 0.750338793 -0.019209653 0.660759509
1756482890718788608.000000 1.651629567 0.009179913 -0.081506610 0.004869182 -0.747524977 0.019087110 -0.663941622
1756482890785469440.000000 1.649825931 0.009556390 -0.078998804 -0.004252508 0.740428984 -0.019152172 0.671848297
1756482890852151296.000000 1.648326278 0.009835243 -0.077596068 -0.003491026 0.733017921 -0.019697372 0.679915249
1756482890885492224.000000 1.648777843 0.009084687 -0.076612473 0.003958482 -0.729096293 0.019838326 -0.684112132
1756482890952174336.000000 1.647904396 0.009884972 -0.073984265 -0.003768929 0.722076178 -0.019745857 0.691521525
1756482891018856192.000000 1.648129225 0.009939849 -0.072553158 -0.001363344 0.713554084 -0.022543196 0.700236082
1756482891052196864.000000 1.648053765 0.009744871 -0.072258353 0.000226199 0.708214700 -0.024401771 0.705575347
1756482891118878720.000000 1.650119781 0.008038942 -0.069471598 -0.002062859 -0.697847724 0.026203386 -0.715763807
1756482891152219904.000000 1.654356122 0.006042443 -0.067871571 -0.001310380 0.693221033 -0.021954717 0.720389366
1756482891218900992.000000 1.664202094 0.008126140 -0.065937281 -0.005578639 0.685801923 -0.017230557 0.727562845
1756482891285582848.000000 1.673782587 0.012022521 -0.064253211 -0.009133731 0.677065790 -0.014942427 0.735714078
1756482891352264448.000000 1.677968383 0.012749866 -0.062544942 -0.006724600 0.667189658 -0.016591122 0.744672775
1756482891418946304.000000 1.679912090 0.013430431 -0.061223745 -0.004544039 0.659874737 -0.018551094 0.751132846
1756482891452287232.000000 1.682210684 0.013235569 -0.060110688 -0.003830680 0.655775726 -0.019052466 0.754705667
1756482891518969088.000000 1.687501550 0.012748424 -0.057184577 -0.004611314 0.646861792 -0.017902702 0.762383163
1756482891552309760.000000 1.690463781 0.013205778 -0.055236578 -0.005881810 0.642559469 -0.017304361 0.766017854
1756482891618991616.000000 1.696343064 0.014357701 -0.050138593 -0.009771607 0.634984076 -0.014752237 0.772322595
1756482891652331520.000000 1.700495720 0.010844860 -0.049900055 -0.011900337 0.631108165 -0.012777465 0.775498331
1756482891719013376.000000 1.695590258 0.014158513 -0.050435066 -0.008692303 0.624882281 -0.014665043 0.780532837
1756482891785695488.000000 1.689652681 0.013499718 -0.049896479 -0.005118947 0.618358195 -0.017356722 0.785688102
1756482891819036672.000000 1.687614083 0.012366675 -0.049879670 -0.003700653 0.613808513 -0.018154278 0.789237559
1756482891885718784.000000 1.686205745 0.011771116 -0.047322512 -0.005391867 0.605043828 -0.017154068 0.795989215
1756482891952400640.000000 1.688211322 0.012665540 -0.046097159 -0.007353818 0.596785903 -0.015301008 0.802221000
1756482891985741568.000000 1.688237786 0.012798782 -0.045553088 -0.007589094 0.592486560 -0.015450378 0.805396438
1756482892052423680.000000 1.687391043 0.012957141 -0.044594049 -0.007112888 0.583624661 -0.015949873 0.811835825
1756482892119104512.000000 1.683184385 0.013013422 -0.046067417 -0.005452682 0.572953999 -0.015904998 0.819415152
1756482892152445696.000000 1.682804823 0.012915395 -0.045718729 -0.005551214 0.567588985 -0.015707325 0.823143482
1756482892219127552.000000 1.683154941 0.011326866 -0.042423248 -0.007070233 0.559040844 -0.014655731 0.828980505
1756482892252468736.000000 1.683591485 0.012111848 -0.042301953 -0.007305889 0.554021835 -0.014691886 0.832340539
1756482892352491520.000000 1.680170774 0.011722665 -0.040775299 -0.006882411 0.540547848 -0.014266892 0.841164172
1756482892419173376.000000 1.678959846 0.011219960 -0.039435983 -0.006821567 0.531601548 -0.014357121 0.846845448
1756482892452514304.000000 1.678430319 0.010718396 -0.039462805 -0.006653510 0.527028680 -0.014297078 0.849701226
1756482892519196160.000000 1.676910996 0.011608483 -0.038020492 -0.006300624 0.517659545 -0.014340989 0.855443358
1756482892585877248.000000 1.674782634 0.011278499 -0.036294103 -0.006581772 0.507591009 -0.014093764 0.861457825
1756482892619218432.000000 1.674042940 0.011053199 -0.035035551 -0.006924975 0.502718151 -0.013611758 0.864315510
1756482892685900544.000000 1.669748783 0.009714413 -0.033233464 -0.008103724 0.493574381 -0.012112139 0.869581461
1756482892752583936.000000 1.666538835 0.010081951 -0.034538090 -0.008608199 0.482940465 -0.011032328 0.875541389
1756482892819267584.000000 1.665118575 0.009271467 -0.034137547 -0.008500065 0.472944230 -0.010664479 0.880986869
1756482892885951488.000000 1.662245631 0.009419391 -0.034388602 -0.008085262 0.462489814 -0.010505204 0.886525571
1756482892952635136.000000 1.661553860 0.009582961 -0.034117699 -0.007907997 0.451992095 -0.010780881 0.891921759
1756482893019317760.000000 1.660201430 0.009353824 -0.033257604 -0.007441716 0.442047536 -0.010266973 0.896902025
1756482893086001408.000000 1.658647776 0.008916602 -0.032571137 -0.008221612 0.432095855 -0.010156579 0.901733041
1756482893119343616.000000 1.657407999 0.008395253 -0.032169342 -0.008140937 0.427122056 -0.009930367 0.904102802
1756482893186027008.000000 1.653579712 0.007433536 -0.029650390 -0.007463788 0.417560756 -0.009801624 0.908565521
1756482893252710912.000000 1.648471594 0.010671193 -0.029504210 -0.006428380 0.408403724 -0.010705064 0.912716031
1756482893352736512.000000 1.650867701 0.003829597 -0.027175188 -0.007407906 0.391505867 -0.008228804 0.920109034
1756482893386078720.000000 1.645120859 0.008638740 -0.028170764 -0.006276976 0.387165785 -0.009538052 0.921939492
1756482893452761344.000000 1.644793510 0.009624287 -0.028890103 -0.005621797 0.375962555 -0.009072944 0.926573455
1756482893519445504.000000 1.643656969 0.009067509 -0.027064711 -0.006134287 0.364337027 -0.008047892 0.931212246
1756482893586129152.000000 1.642640829 0.009134318 -0.025491834 -0.007340290 0.353284925 -0.007839595 0.935454190
1756482893652813056.000000 1.639837265 0.008530415 -0.024015218 -0.008393827 0.342955917 -0.007266238 0.939285934
1756482893686154752.000000 1.639813662 0.008504504 -0.023733184 -0.008852211 0.337278128 -0.007517622 0.941333413
1756482893752838144.000000 1.643344402 0.005706492 -0.021353975 -0.009073670 0.325499147 -0.006989139 0.945472956
1756482893819521280.000000 1.642214298 0.005098960 -0.020859763 -0.008780724 0.314884126 -0.006999709 0.949063718
1756482893886203648.000000 1.640971780 0.004745565 -0.020124704 -0.008622670 0.304367274 -0.007319029 0.952487648
1756482893952886784.000000 1.638088822 0.004034587 -0.019946486 -0.008512843 0.293822646 -0.007471445 0.955792904
1756482894019570176.000000 1.634490252 0.003556286 -0.019637816 -0.008232305 0.283895522 -0.007558749 0.958790123
1756482894086253056.000000 1.631443620 0.003404099 -0.019405462 -0.007980512 0.273132116 -0.007184982 0.961916625
1756482894152936448.000000 1.626722932 0.002853728 -0.019498266 -0.008312767 0.262708187 -0.006802811 0.964815557
1756482894219620096.000000 1.624158740 0.003467202 -0.018827535 -0.008240961 0.252326369 -0.006669689 0.967584193
1756482894286302976.000000 1.619770050 0.005214621 -0.019461691 -0.007554978 0.242056221 -0.006869426 0.970208526
1756482894352985344.000000 1.614353299 0.006721168 -0.021028005 -0.007452061 0.231535897 -0.006975453 0.972772837
1756482894419668480.000000 1.611269236 0.007821789 -0.019627146 -0.007776933 0.221544310 -0.007437734 0.975090921
1756482894519693312.000000 1.606295705 0.008974317 -0.019782551 -0.007743381 0.205320895 -0.007334352 0.978636622
1756482894586376704.000000 1.602510095 0.008673051 -0.019766765 -0.007021355 0.194206819 -0.007146599 0.980909467
1756482894653059840.000000 1.598341823 0.009400530 -0.020104229 -0.006115644 0.183055207 -0.007163663 0.983057559
1756482894719742208.000000 1.594797492 0.010160640 -0.020645712 -0.005887656 0.171531111 -0.006766421 0.985137939
1756482894819763712.000000 1.589151978 0.009635890 -0.021291150 -0.006152589 0.155641019 -0.007125188 0.987768829
1756482894886445312.000000 1.585567832 0.009537608 -0.021159282 -0.005734433 0.145614102 -0.007067586 0.989299655
1756482894953126912.000000 1.581478119 0.009717798 -0.021871928 -0.005771883 0.135114446 -0.007354232 0.990785956
1756482895019808512.000000 1.580317140 0.010204862 -0.021080147 -0.005824450 0.125104651 -0.007543107 0.992097795
1756482895086489856.000000 1.577579856 0.010355300 -0.021806341 -0.004695945 0.114324614 -0.007269864 0.993405759
1756482895153171456.000000 1.574887633 0.009575253 -0.019697314 -0.000925534 0.100070469 -0.007214795 0.994953752
1756482895319874304.000000 1.574637294 0.011658109 0.000260451 -0.008301957 0.069048673 -0.005544372 0.997563362
1756482895386555904.000000 1.572147369 0.011576172 0.004746654 -0.006711978 0.057986058 -0.006277125 0.998275101
1756482895453237248.000000 1.572595716 0.011776658 0.010070973 -0.005639652 0.046458550 -0.005344142 0.998889983
1756482895519918592.000000 1.570024371 0.012680012 0.015956830 -0.005995890 0.035435326 -0.005767685 0.999337375
1756482895586600192.000000 1.568499804 0.013112729 0.020241709 -0.007961999 0.026716882 -0.006129937 0.999592543
1756482895653280512.000000 1.567425013 0.012251322 0.026289940 -0.006239994 0.028375003 -0.006383325 0.999557495
1756482895753304832.000000 1.566187978 0.010906136 0.035861406 -0.003668883 0.028503919 -0.004550298 0.999576628
1756482895819988736.000000 1.566540956 0.012273786 0.042505544 -0.006382279 0.028344274 -0.004351126 0.999568403
1756482895886672384.000000 1.567728281 0.014505673 0.050917983 -0.010293212 0.029085038 -0.004950022 0.999511719
1756482895953356032.000000 1.568736315 0.014570920 0.056408249 -0.008395878 0.029716766 -0.005262380 0.999509275
1756482896053381632.000000 1.568889737 0.013123948 0.064647153 -0.006554446 0.030031916 -0.004921790 0.999515355
1756482896120064256.000000 1.569333792 0.013434247 0.071914479 -0.008307424 0.028792275 -0.005020421 0.999538302
1756482896220089856.000000 1.570141554 0.013416931 0.081768155 -0.010033416 0.027791433 -0.003410687 0.999557614
1756482896286773760.000000 1.570731401 0.013674241 0.089218751 -0.009489997 0.029027129 -0.003493228 0.999527454
1756482896353457152.000000 1.571301341 0.013593934 0.096985459 -0.008255020 0.029835435 -0.004056496 0.999512553
1756482896453482752.000000 1.572167516 0.014056535 0.107530691 -0.009107543 0.030204756 -0.003973503 0.999494374
1756482896520166656.000000 1.571579218 0.014429803 0.112815112 -0.010517904 0.020561663 -0.004230744 0.999724388
1756482896586849792.000000 1.569013000 0.015332671 0.118729562 -0.011693588 0.005942882 -0.004902150 0.999901950
1756482896653533440.000000 1.566995144 0.016255334 0.123244047 -0.009424888 -0.005371818 -0.004279542 0.999931991
1756482896720217088.000000 1.564990997 0.014808927 0.129166126 -0.008995295 -0.009234729 -0.003587872 0.999910533
1756482896853584384.000000 1.565334558 0.016138732 0.144149810 -0.011349158 -0.006021386 -0.003020420 0.999912977
1756482896920267520.000000 1.564665079 0.016134817 0.150711000 -0.009809762 -0.005980238 -0.003337946 0.999928474
1756482896986950144.000000 1.565239549 0.016540183 0.157564625 -0.010269349 -0.005378573 -0.002938069 0.999928534
1756482897053633792.000000 1.564595938 0.016516699 0.163509518 -0.009513419 -0.004427559 -0.003770904 0.999937892
1756482897153659136.000000 1.564395308 0.016729062 0.172202811 -0.007425489 -0.004192474 -0.003527020 0.999957442
1756482897220342784.000000 1.563770413 0.017398413 0.179908723 -0.009498511 -0.002837883 -0.004614240 0.999940276
1756482897320368128.000000 1.563609362 0.016999317 0.188782498 -0.008144291 -0.003386409 -0.004790626 0.999949634
1756482897387051776.000000 1.564396739 0.016713565 0.193830535 -0.006579303 -0.003843927 -0.004039266 0.999962866
1756482897487076352.000000 1.563746333 0.017520942 0.205014735 -0.010051724 -0.002278030 -0.005444473 0.999932110
1756482897553759744.000000 1.563830733 0.017698565 0.211305276 -0.009506777 -0.002592824 -0.005660324 0.999935508
1756482897620443392.000000 1.563843608 0.017846802 0.216931030 -0.007801258 -0.003281571 -0.005407984 0.999949634
1756482897720468224.000000 1.563621759 0.017835479 0.226425275 -0.006844096 -0.003400920 -0.005655733 0.999954820
1756482897853833472.000000 1.562978506 0.017741002 0.238002852 -0.006365606 -0.005808929 -0.005287911 0.999948919
1756482897920515072.000000 1.562909365 0.017646782 0.245049372 -0.005638748 -0.005640859 -0.005278269 0.999954283
1756482898020539136.000000 1.562899232 0.017868537 0.254405707 -0.005394816 -0.004910158 -0.005366076 0.999959052
1756482898153904128.000000 1.563150644 0.017873710 0.266357064 -0.002407426 -0.004601324 -0.005164750 0.999973238
1756482898253928192.000000 1.565693259 0.018843913 0.277648270 -0.003937119 0.009959249 -0.005725983 0.999926329
1756482898320609792.000000 1.568127990 0.019189894 0.287157774 -0.005274600 0.024514260 -0.006293630 0.999665797
1756482898487316480.000000 1.570170522 0.019125916 0.303126991 -0.005141478 0.027088976 -0.005634732 0.999603987
1756482898553998848.000000 1.571234822 0.018348746 0.308215857 -0.002661207 0.027231438 -0.005212614 0.999612093
1756482898620681472.000000 1.572392106 0.017207609 0.312640220 -0.000327516 0.025706461 -0.003674099 0.999662757
1756482898687364352.000000 1.573748112 0.017480487 0.319982409 -0.000353751 0.025497394 -0.003229363 0.999669611
1756482898754048000.000000 1.574981928 0.018603142 0.328922331 -0.004732372 0.027954193 -0.003538328 0.999591827
1756482898820730880.000000 1.575206637 0.019710971 0.338056237 -0.007969144 0.027387870 -0.003619375 0.999586582
1756482898954098944.000000 1.575821638 0.020384135 0.350201458 -0.005968811 0.025469046 -0.002572526 0.999654531
1756482899020782592.000000 1.575916767 0.019219067 0.353687614 -0.002926083 0.025958776 -0.001754540 0.999657273
1756482899087466752.000000 1.577038050 0.018438207 0.359726638 -0.000950533 0.026281277 -0.001719074 0.999652684
1756482899120808960.000000 1.577640295 0.018162154 0.363206685 -0.000486692 0.026748277 -0.002023780 0.999640107
1756482899220833792.000000 1.578366518 0.018547440 0.374123454 -0.002653469 0.026429379 -0.001921956 0.999645352
1756482899287517696.000000 1.578444004 0.019332564 0.382518947 -0.006442391 0.025185697 -0.001230160 0.999661326
1756482899420886016.000000 1.578660488 0.020395081 0.395639271 -0.005235034 0.026181627 -0.001622140 0.999642253
1756482899487569920.000000 1.578974724 0.019521030 0.398424655 -0.001592799 0.026588738 -0.001919816 0.999643385
1756482899554254080.000000 1.579792976 0.019945201 0.402255058 0.000762604 0.026508735 -0.001624547 0.999646962
1756482899620938240.000000 1.579205751 0.020400751 0.411961943 -0.003738235 0.025468031 -0.001504522 0.999667585
1756482899687621376.000000 1.579469204 0.021141360 0.419989198 -0.006915992 0.026809862 -0.001959162 0.999614716
1756482899754303232.000000 1.580558181 0.021385184 0.427010417 -0.005851174 0.027162515 -0.002046652 0.999611795
1756482899854326528.000000 1.580386519 0.022238918 0.433712512 -0.002951900 0.027214495 -0.002887548 0.999621093
1756482899921008384.000000 1.580387473 0.022509057 0.439981431 -0.003722437 0.025682107 -0.002439861 0.999660313
1756482900021031168.000000 1.580655217 0.022287969 0.451636851 -0.006377464 0.023909368 -0.002035307 0.999691784
1756482900087713280.000000 1.581771493 0.022544442 0.454496443 -0.005496103 0.023521183 -0.001664839 0.999706924
1756482900221076224.000000 1.582701445 0.022332624 0.465700388 -0.002791191 0.022961769 -0.001721635 0.999731004
1756482900287758080.000000 1.583176851 0.022992861 0.478164285 -0.004922973 0.024323052 -0.002365155 0.999689281
1756482900354439936.000000 1.582810760 0.024471596 0.485902458 -0.007120605 0.024812452 -0.002794587 0.999662876
1756482900421121792.000000 1.583747506 0.024445474 0.492804855 -0.006195140 0.023434917 -0.001959331 0.999704301
1756482900487803648.000000 1.584875226 0.025322273 0.494201869 -0.004345275 0.023913844 -0.001974678 0.999702692
1756482900621166336.000000 1.583951116 0.024527946 0.510094345 -0.005258845 0.024340233 -0.003033548 0.999685347
1756482900721189632.000000 1.584046125 0.025831180 0.518082976 -0.008124202 0.023429953 -0.003184091 0.999687433
1756482900787872512.000000 1.586109281 0.024789656 0.524082005 -0.007346358 0.023256786 -0.001968394 0.999700665
1756482900954579712.000000 1.587344527 0.026569754 0.540078461 -0.007591943 0.023221135 -0.001709779 0.999700069
1756482901021261568.000000 1.586492300 0.025387598 0.548729002 -0.005346228 0.023278827 -0.002084518 0.999712586
1756482901087944192.000000 1.588039637 0.026169129 0.552307904 -0.005826648 0.024297763 -0.001681064 0.999686420
1756482901154627072.000000 1.587047935 0.025202546 0.563371956 -0.007046344 0.025259474 -0.002427649 0.999653161
1756482901187968768.000000 1.587694168 0.025558321 0.565906584 -0.007888852 0.025019031 -0.002193651 0.999653518
1756482901321334272.000000 1.589243650 0.026245147 0.576346874 -0.007318836 0.024095442 -0.001125798 0.999682248
1756482901388017408.000000 1.588094234 0.027268210 0.580052495 -0.006147051 0.025039766 -0.002018490 0.999665558
1756482901454699264.000000 1.588371754 0.027463842 0.586688161 -0.005869476 0.025340246 -0.002284726 0.999659121
1756482901488040704.000000 1.588651419 0.027884109 0.589835465 -0.007183116 0.024887513 -0.002430229 0.999661565
1756482901554723840.000000 1.590413332 0.027218159 0.599467516 -0.008780962 0.024011247 -0.001819611 0.999671519
1756482901654747904.000000 1.591211319 0.025555816 0.606509507 -0.006569476 0.023466788 -0.001814340 0.999701440
1756482901754773504.000000 1.591052413 0.026729867 0.616404831 -0.007460001 0.021592150 -0.001209887 0.999738336
1756482901821457664.000000 1.591082573 0.028295359 0.626056314 -0.007509930 0.023116510 -0.001639021 0.999703288
1756482901888140544.000000 1.591181517 0.028159710 0.631957114 -0.007866186 0.024159608 -0.003066466 0.999672532
1756482901954824448.000000 1.592035651 0.028707437 0.638258040 -0.007868011 0.023709234 -0.003123300 0.999683082
1756482902021508096.000000 1.592107654 0.029074989 0.642963171 -0.008438059 0.021987712 -0.002820264 0.999718726
1756482902221560576.000000 1.591975927 0.029591739 0.660038829 -0.005389455 0.021941291 -0.002585798 0.999741435
1756482902288244480.000000 1.592388272 0.029434821 0.667945445 -0.007501797 0.022626139 -0.003488146 0.999709845
1756482902354927616.000000 1.592649817 0.029939506 0.673871040 -0.006253614 0.022791663 -0.002961535 0.999716341
1756482902454953728.000000 1.589339256 0.029419268 0.679161787 -0.005224529 0.007110229 -0.002643380 0.999957621
1756482902554979840.000000 1.589768291 0.029483134 0.687169731 -0.003257611 0.005238613 -0.002654083 0.999977469
1756482902621664000.000000 1.589341760 0.029689949 0.694822490 -0.004258215 0.007727164 -0.002394558 0.999958277
1756482902721689088.000000 1.589204907 0.028955786 0.707052648 -0.005876407 0.005483410 -0.002993028 0.999963224
1756482902755029760.000000 1.589260101 0.028803198 0.709400892 -0.004314399 0.004926841 -0.002448811 0.999975562
1756482902855051776.000000 1.590552211 0.031619355 0.722539067 -0.002442664 0.005419790 -0.002253080 0.999979794
1756482902921733632.000000 1.590887785 0.031718537 0.727759480 -0.004956914 0.005040910 -0.002753286 0.999971271
1756482902988415488.000000 1.591568351 0.032320112 0.733856976 -0.003063041 0.004334939 -0.001791856 0.999984324
1756482903055097088.000000 1.591876984 0.031746514 0.738304913 -0.002083992 0.004493346 -0.001120042 0.999987185
1756482903121778944.000000 1.591750264 0.032077406 0.745487094 -0.003053476 0.005550731 -0.001629420 0.999978602
1756482903188460800.000000 1.592009425 0.032177083 0.752393901 -0.003782932 0.006311471 -0.002124247 0.999970734
1756482903288482560.000000 1.592367172 0.032472163 0.762336373 -0.005042918 0.004932571 -0.001790132 0.999973536
1756482903355164416.000000 1.591477394 0.034432467 0.774488747 -0.004766620 0.005240210 -0.002178384 0.999972522
1756482903421846272.000000 1.592099905 0.033953048 0.778504014 -0.004546125 0.006373301 -0.002238288 0.999966860
1756482903488528128.000000 1.592346072 0.034838680 0.786160529 -0.005392745 0.006525657 -0.002643739 0.999960721
1756482903555209728.000000 1.591665864 0.035631109 0.793137729 -0.006094710 0.006044350 -0.002058296 0.999961078
1756482903621891584.000000 1.591448545 0.035760392 0.799015701 -0.005827439 0.006320569 -0.001831513 0.999961376
1756482903755255040.000000 1.592294455 0.036370177 0.813074887 -0.004942074 0.007554477 -0.001434822 0.999958277
1756482903821937664.000000 1.591853142 0.036549874 0.819170415 -0.005542225 0.007889807 -0.002623839 0.999950111
1756482903888619776.000000 1.592546225 0.036492541 0.827020645 -0.006216390 0.006732509 -0.001977831 0.999956071
1756482903955302400.000000 1.591730237 0.036337361 0.831061602 -0.005157181 0.007099780 -0.002098659 0.999959290
1756482904021985024.000000 1.592033863 0.035470262 0.837993503 -0.005139066 0.006385783 -0.001632022 0.999965131
1756482904088667648.000000 1.593511701 0.036222938 0.845326781 -0.005337794 0.005931070 -0.001538189 0.999966979
1756482904155348992.000000 1.593096852 0.036461934 0.850564480 -0.003405700 0.005316591 -0.002106998 0.999977887
1756482904222031872.000000 1.592823029 0.036446713 0.854828060 -0.003558326 0.004072993 -0.001206220 0.999984682
1756482904288714496.000000 1.593377352 0.036309242 0.863013625 -0.004106159 0.004763346 -0.000401700 0.999980152
1756482904322055680.000000 1.593107343 0.036293343 0.866607547 -0.004274233 0.005107887 -0.000859727 0.999977469
1756482904455420928.000000 1.592516184 0.038013309 0.881981432 -0.003555191 0.006311466 -0.002165560 0.999971449
1756482904522103552.000000 1.592998505 0.036913712 0.886125624 -0.004183000 0.006514557 -0.001817358 0.999968410
1756482904588784896.000000 1.592288256 0.036595192 0.890899301 -0.003738607 0.005678393 -0.001691417 0.999975502
1756482904655467520.000000 1.592306852 0.037107792 0.896450818 -0.003418607 0.004541667 -0.001574555 0.999982595
1756482904722150144.000000 1.592183828 0.036968712 0.902890801 -0.003096297 0.004944571 -0.001670376 0.999981582
1756482904788832256.000000 1.592791319 0.037155066 0.909721553 -0.003512313 0.005367697 -0.001850981 0.999977767
1756482904988878080.000000 1.592632055 0.037514944 0.929890335 -0.002269538 0.004214801 -0.002604505 0.999985158
1756482905055560192.000000 1.592908740 0.038675100 0.934626818 -0.002804029 0.001526396 -0.001693330 0.999993503
1756482905122242560.000000 1.592812181 0.038678840 0.941728890 -0.003584116 0.001564634 -0.001421017 0.999991357
1756482905188924672.000000 1.592670918 0.039549876 0.949517310 -0.004157870 0.001917179 -0.002033470 0.999987483
1756482905255606528.000000 1.592124701 0.039158132 0.956076622 -0.003896418 0.002597523 -0.001905106 0.999987304
1756482905455652096.000000 1.591811895 0.039763257 0.973157704 -0.001771759 0.002251076 -0.001885806 0.999994159
1756482905522334464.000000 1.593406200 0.038189471 0.982961118 -0.002760396 0.002046477 -0.001946716 0.999992251
1756482905622357248.000000 1.591591597 0.039951283 0.990710676 -0.003454735 0.001084382 -0.002440363 0.999990463
1756482905655698176.000000 1.591753244 0.039348453 0.994443595 -0.004017148 0.001081712 -0.002031924 0.999989271
1756482905722380288.000000 1.592179060 0.038965918 1.001079440 -0.003464930 0.002084926 -0.001716549 0.999990344
1756482905789061888.000000 1.592055798 0.039245840 1.007381558 -0.000573751 0.002724726 -0.001483016 0.999995053
1756482905855743232.000000 1.592740655 0.039579906 1.011901855 0.001267496 0.003020518 -0.001101462 0.999994099
1756482905922423808.000000 1.592238903 0.039610155 1.017574430 0.000210473 0.002101841 -0.000759053 0.999997497
1756482905989105152.000000 1.592253923 0.040386230 1.025883555 -0.002864811 0.002963470 -0.001173288 0.999990821
1756482906055786496.000000 1.595353127 0.038847279 1.039020181 -0.006050455 0.003836013 -0.001712939 0.999972939
1756482906122468352.000000 1.593531489 0.040511522 1.042070627 -0.004804830 0.004551069 -0.001656073 0.999976754
1756482906255831040.000000 1.593598723 0.038752340 1.050449491 -0.001697321 0.003825617 -0.001528365 0.999990046
1756482906355852032.000000 1.594375610 0.041076861 1.061663747 -0.005409433 0.003478800 -0.001314616 0.999978483
1756482906422533632.000000 1.594970345 0.040714718 1.068943381 -0.005817950 0.003995177 -0.001734143 0.999973595
1756482906455874304.000000 1.594634533 0.040124968 1.070792675 -0.004686982 0.004040732 -0.001677723 0.999979436
1756482906555896320.000000 1.595107794 0.040345192 1.085301280 -0.003408798 0.003690136 -0.002820810 0.999983430
1756482906689259008.000000 1.594886303 0.040493507 1.093856215 -0.004370120 0.002138527 -0.001990658 0.999986231
1756482906755942656.000000 1.595485806 0.040174957 1.104683042 -0.004943370 0.001773983 -0.002437719 0.999983251
1756482906822625280.000000 1.595309258 0.040250622 1.109825850 -0.004527111 0.001297406 -0.001406259 0.999987960
1756482906889308928.000000 1.595451593 0.040349673 1.112926602 -0.002515577 0.000868332 -0.000766424 0.999996185
1756482906989334272.000000 1.595931530 0.039643195 1.119313955 -0.004239007 0.001859316 -0.001385801 0.999988317
1756482907056017920.000000 1.595805645 0.040086336 1.130677104 -0.001994597 0.002037054 -0.001115617 0.999995291
1756482907122701568.000000 1.597381830 0.039161108 1.132002115 -0.004182763 0.001257563 -0.000684889 0.999990225
1756482907189385216.000000 1.597787857 0.039457891 1.139546871 -0.004130931 0.001347912 -0.000504104 0.999990463
1756482907256067840.000000 1.598778009 0.038919918 1.145340681 -0.001624852 0.001779041 -0.000520780 0.999997020
1756482907322751488.000000 1.599053860 0.039406978 1.156302929 -0.001740677 0.002139811 -0.000427587 0.999996185
1756482907422777088.000000 1.600261331 0.040655766 1.167481899 -0.000618950 0.002220789 -0.000402145 0.999997318
1756482907522802688.000000 1.598763227 0.041817948 1.175119877 -0.001518288 0.000673511 -0.000284045 0.999998569
1756482907589486336.000000 1.597100377 0.041762274 1.182904363 -0.002535983 0.001583041 -0.000066789 0.999995530
1756482907656168960.000000 1.600576162 0.043525644 1.192581654 -0.001660958 0.001836660 0.000741442 0.999996722
1756482907722852352.000000 1.600890517 0.042922627 1.199100375 -0.001781293 0.001901673 0.001149642 0.999995947
1756482907789534976.000000 1.602066636 0.043539207 1.205063343 0.000243419 0.001973430 0.000421321 0.999998033
1756482907889559808.000000 1.601773381 0.043553881 1.215196729 -0.000201220 0.000592159 0.001135059 0.999999166
1756482907989584128.000000 1.601283312 0.044351108 1.227183580 -0.003683480 -0.000567774 0.001043959 0.999992609
1756482908056267264.000000 1.602910042 0.045378976 1.231054544 -0.005373344 0.004471114 0.000941176 0.999975145
1756482908122949376.000000 1.599806428 0.040712360 1.225517869 -0.005177484 0.012946181 0.000377839 0.999902785
1756482908189632512.000000 1.606671214 0.045568656 1.229047179 -0.000591892 0.021908130 0.001217354 0.999759078
1756482908289656832.000000 1.608833551 0.046281446 1.230301023 -0.001748832 0.037907369 0.000872134 0.999279380
1756482908356340224.000000 1.606629133 0.042870022 1.228322148 -0.002941969 0.050013714 0.000120438 0.998744249
1756482908423023104.000000 1.610664487 0.044637393 1.230155587 -0.002395537 0.061812785 0.000075444 0.998084903
1756482908489705984.000000 1.611054301 0.042711888 1.228189707 -0.002246840 0.073229015 -0.000236532 0.997312665
1756482908589729536.000000 1.614193439 0.041953411 1.228599429 -0.002825847 0.089717157 -0.000623714 0.995963097
1756482908689754368.000000 1.614255905 0.037869629 1.227052093 -0.004072755 0.108264297 -0.001547297 0.994112611
1756482908756438016.000000 1.616630912 0.037711639 1.227358937 -0.004117406 0.120089971 -0.001611004 0.992753208
1756482908823121664.000000 1.624953866 0.045437135 1.235378265 -0.002672393 0.129648522 -0.001227365 0.991555691
1756482908889805312.000000 1.626708508 0.045884125 1.236300707 -0.002281277 0.140235201 -0.001747337 0.990114093
1756482908923147520.000000 1.627366185 0.046161428 1.236104488 -0.002035676 0.145414799 -0.002003313 0.989366651
1756482908989830144.000000 1.625282407 0.041412119 1.233244061 -0.003354850 0.157565311 -0.002731644 0.987499118
1756482909156539648.000000 1.630898833 0.042759541 1.234188199 -0.003044016 0.185640052 -0.003615438 0.982606530
1756482909256565504.000000 1.635606885 0.036939565 1.231842160 0.000773449 0.205657065 -0.005070083 0.978610694
1756482909289907712.000000 1.637195468 0.039661068 1.236757755 0.002391658 0.209829450 -0.004166676 0.977726221
1756482909356591360.000000 1.643636107 0.041749548 1.245934248 -0.003148628 0.219711125 -0.002968689 0.975555420
1756482909423275776.000000 1.649441361 0.042543769 1.255443573 -0.006901771 0.232468098 -0.003171694 0.972574413
1756482909489958400.000000 1.655712366 0.041956067 1.263492346 -0.006562803 0.245186865 -0.003538951 0.969447196
1756482909556642560.000000 1.659135461 0.042651478 1.269210577 -0.004613883 0.254747778 -0.004115595 0.966987789
1756482909623326208.000000 1.663456202 0.040625829 1.271814466 -0.005263058 0.264022350 -0.004563879 0.964491427
1756482909656668416.000000 1.664998174 0.042090751 1.275606871 -0.005648747 0.269494206 -0.004849261 0.962973297
1756482909790035200.000000 1.679965973 0.044321258 1.283170938 -0.013481987 0.290311903 -0.004283751 0.956827581
1756482909856718592.000000 1.674729228 0.044813246 1.278784037 -0.006408516 0.296877891 -0.005636838 0.954877377
1756482909923400704.000000 1.678188562 0.041951139 1.274653792 -0.003939614 0.305346936 -0.006130103 0.952213347
1756482909990083584.000000 1.681528568 0.041663237 1.274175644 -0.006596791 0.315911591 -0.005857440 0.948747694
1756482910056766720.000000 1.677936912 0.042921092 1.275995731 -0.007953417 0.325955003 -0.006134321 0.945331931
1756482910123450368.000000 1.685883403 0.042107571 1.276332617 -0.007992197 0.335997194 -0.005891734 0.941810668
1756482910156791808.000000 1.686634898 0.043158896 1.277822375 -0.007565536 0.340897799 -0.006544179 0.940047204
1756482910223474688.000000 1.688645840 0.043190598 1.278332949 -0.007602789 0.351484567 -0.007073085 0.936136127
1756482910290158336.000000 1.691404462 0.043543730 1.278784275 -0.008275364 0.362979800 -0.006597370 0.931736946
1756482910323498752.000000 1.692559838 0.042782884 1.280454516 -0.008124731 0.367126435 -0.007396332 0.930106223
1756482910390182144.000000 1.695319057 0.044241548 1.281054974 -0.008334632 0.377794862 -0.008035289 0.925816953
1756482910456865280.000000 1.696786761 0.044854008 1.281176925 -0.008243867 0.388317972 -0.008088673 0.921453059
1756482910523548672.000000 1.697407842 0.044311848 1.280938745 -0.008255198 0.398293942 -0.008916466 0.917177379
1756482910590231552.000000 1.698711872 0.043089904 1.278825283 -0.008155990 0.409584016 -0.008394493 0.912197351
1756482910623573504.000000 1.699006438 0.042539030 1.280544758 -0.008515215 0.415420085 -0.008531130 0.909549832
1756482910690256640.000000 1.699304700 0.042539306 1.279688597 -0.008266397 0.425378263 -0.008257645 0.904940248
1756482910756939264.000000 1.700473189 0.042741753 1.277789235 -0.008664850 0.435614228 -0.007990930 0.900056303
1756482910790279680.000000 1.704848409 0.042953219 1.273368716 -0.008727514 0.439198613 -0.007826935 0.898313582
1756482910856962304.000000 1.703350663 0.043391105 1.277186155 -0.008750699 0.451075286 -0.009125072 0.892396331
1756482910890303488.000000 1.703500390 0.042890288 1.277786255 -0.008955319 0.456153005 -0.009177452 0.889809012
1756482910956986112.000000 1.704786181 0.042610116 1.277199507 -0.009942293 0.466497898 -0.009517949 0.884415269
1756482911023668736.000000 1.709746003 0.042609431 1.271533012 -0.010391269 0.475649625 -0.008578388 0.879531682
1756482911090351104.000000 1.711610317 0.041816510 1.269823790 -0.010369002 0.485723972 -0.008424724 0.874010205
1756482911157033728.000000 1.714451909 0.042229570 1.268816590 -0.010331372 0.495280415 -0.008687452 0.868628383
1756482911190375168.000000 1.714494228 0.042765211 1.269286752 -0.010103011 0.500586510 -0.009029920 0.865580499
1756482911257056512.000000 1.717332482 0.041024797 1.267823935 -0.010942608 0.510222673 -0.009293171 0.859922469
1756482911290397696.000000 1.722686172 0.044647485 1.265189409 -0.009675583 0.513608575 -0.009293046 0.857919753
1756482911357080320.000000 1.722197771 0.040486503 1.264473081 -0.011066099 0.523606360 -0.008943647 0.851841509
1756482911390421504.000000 1.722996950 0.039881509 1.262938380 -0.011301130 0.527792931 -0.008810831 0.849252224
1756482911457103872.000000 1.724946022 0.039137617 1.261069417 -0.011885538 0.536383927 -0.008979877 0.843842626
1756482911490445312.000000 1.724202752 0.037405431 1.260187268 -0.012513277 0.540974557 -0.008183149 0.840906143
1756482911557127680.000000 1.726909041 0.037887152 1.258652568 -0.012381209 0.549646914 -0.008130918 0.835265756
1756482911590468864.000000 1.728336334 0.038402315 1.258409262 -0.012161283 0.554089427 -0.008579067 0.832324207
1756482911657150720.000000 1.729667544 0.037982754 1.256271601 -0.011996592 0.562893629 -0.008335700 0.826400340
1756482911690491392.000000 1.730608463 0.037903909 1.256162405 -0.011958914 0.567908704 -0.008805580 0.822957575
1756482911757182720.000000 1.741987109 0.038798712 1.256449223 -0.011429798 0.575112164 -0.010795685 0.817923546
1756482911790528000.000000 1.734529614 0.043860663 1.255074263 -0.009653076 0.580407679 -0.010233041 0.814204574
1756482911857219328.000000 1.744952679 0.038521979 1.255458355 -0.011705464 0.588689029 -0.010153601 0.808211088
1756482911923910656.000000 1.746727347 0.040769134 1.251920581 -0.011251406 0.597928286 -0.009686164 0.801412106
1756482911957256192.000000 1.737200499 0.042629708 1.253077507 -0.010544367 0.603896618 -0.010416480 0.796924889
1756482912023947776.000000 1.740298390 0.042596579 1.251223564 -0.010556650 0.612334669 -0.010386515 0.790459991
1756482912057293312.000000 1.741781354 0.040604882 1.249261379 -0.011021110 0.615997195 -0.009772078 0.787610710
1756482912123984128.000000 1.746269822 0.039312214 1.247790456 -0.010964442 0.624081790 -0.009956748 0.781218708
1756482912157329920.000000 1.748070836 0.038587019 1.246461391 -0.011391268 0.628102660 -0.009646875 0.777987301
1756482912224021760.000000 1.751367331 0.038908169 1.244933009 -0.011914396 0.636637092 -0.008920153 0.771019936
1756482912257367552.000000 1.751697302 0.039320044 1.243799686 -0.012087491 0.640905440 -0.008855786 0.767473578
1756482912324059392.000000 1.751307726 0.045258332 1.242608666 -0.009731982 0.650786042 -0.010166270 0.759130716
1756482912357405440.000000 1.751957059 0.044147320 1.240292668 -0.010390901 0.654323578 -0.009977997 0.756077528
1756482912390751488.000000 1.752803683 0.045549009 1.240331173 -0.009821665 0.658772349 -0.010672471 0.752202570
1756482912457443840.000000 1.755014539 0.046643957 1.239286780 -0.008930623 0.667404175 -0.010551183 0.744567454
1756482912490789888.000000 1.755310774 0.046884865 1.238057137 -0.008784975 0.671596706 -0.010777988 0.740786433
1756482912557481216.000000 1.756313324 0.046585493 1.236160159 -0.008627489 0.679521143 -0.011000367 0.733522832
1756482912624173568.000000 1.758580446 0.047113087 1.234759927 -0.008480766 0.687784433 -0.011463292 0.725775003
1756482912657519872.000000 1.760788679 0.045996044 1.233214974 -0.008745655 0.691216648 -0.010394039 0.722519934
1756482912690866432.000000 1.761832356 0.046764076 1.232063532 -0.008398764 0.695197225 -0.010772183 0.718689322
1756482912757545984.000000 1.763247848 0.046437230 1.229891539 -0.008515395 0.702887416 -0.010773133 0.711168647
1756482912790885376.000000 1.764411807 0.047585763 1.228418708 -0.008001966 0.706636190 -0.011006391 0.707446277
1756482912857564928.000000 1.764599323 0.045923192 1.228255868 0.008736818 -0.715376258 0.010975712 -0.698598623
1756482912890904320.000000 1.765649438 0.046364751 1.227205276 0.008299633 -0.718749821 0.011611572 -0.695122361
1756482912957583616.000000 1.766146779 0.045746170 1.224654675 0.007856425 -0.726182044 0.011893324 -0.687354743
1756482912990922496.000000 1.766355038 0.046012878 1.222911596 0.007514249 -0.729905069 0.012069453 -0.683400631
1756482913057601536.000000 1.767873883 0.046588186 1.221298456 0.007360386 -0.737493992 0.012179875 -0.675203800
1756482913090941184.000000 1.768056870 0.046375435 1.219843507 0.007537165 -0.741061926 0.011954334 -0.671288013
1756482913157620480.000000 1.770490170 0.046643894 1.217953086 0.007619389 -0.748871386 0.011963734 -0.662563562
1756482913190959872.000000 1.771763802 0.046631224 1.216585279 0.007804194 -0.752572358 0.011526096 -0.658362448
1756482913257638912.000000 1.772672534 0.046531126 1.214644790 0.007587860 -0.760106146 0.011542951 -0.649652123
1756482913290978304.000000 1.772062063 0.047032446 1.212935209 0.007188058 -0.763550520 0.012080924 -0.645595193
1756482913357657344.000000 1.770785689 0.043960560 1.212183833 0.008916377 -0.771501958 0.011516030 -0.636060238
1756482913390997248.000000 1.770328522 0.043936945 1.211841583 0.008706990 -0.775261402 0.011459385 -0.631476641
1756482913457675008.000000 1.770329475 0.043657489 1.209782958 0.008158190 -0.782012343 0.011439865 -0.623104632
1756482913491014400.000000 1.770486116 0.043524232 1.208672166 0.008221997 -0.785440922 0.011501085 -0.618775189
1756482913557693184.000000 1.770999432 0.043135669 1.206129074 0.008486024 -0.792231023 0.010942866 -0.610064149
1756482913624371968.000000 1.772253513 0.043042134 1.204034805 0.008760763 -0.799109399 0.010544790 -0.601029396
1756482913657711872.000000 1.772140503 0.043062907 1.202718139 0.008908565 -0.802672446 0.010820137 -0.596255362
1756482913691051008.000000 1.772203088 0.042576548 1.202039003 0.008550930 -0.806135416 0.011028571 -0.591566622
1756482913757731584.000000 1.771567225 0.042890463 1.199859858 0.007615159 -0.812966645 0.012296300 -0.582130551
1756482913824412416.000000 1.771706820 0.041189954 1.196644068 -0.007991763 0.819349349 -0.012774080 0.573096633
1756482913891091968.000000 1.771914005 0.041612387 1.196634531 0.008966238 -0.826201737 0.012544190 -0.563163459
1756482913957772800.000000 1.770792484 0.041643761 1.193536401 0.009460663 -0.832162917 0.012199637 -0.554316342
1756482913991112960.000000 1.770989656 0.041837756 1.192309737 0.009423560 -0.835177600 0.012391000 -0.549760044
1756482914057793536.000000 1.771336794 0.041550681 1.190347075 0.009855984 -0.841373563 0.012306917 -0.540224135
1756482914124474112.000000 1.771774054 0.040485807 1.188143611 0.010290519 -0.847656727 0.012041483 -0.530308485
1756482914191154688.000000 1.772193193 0.040324893 1.186139464 0.010594629 -0.853734493 0.011934666 -0.520463943
1756482914257835264.000000 1.772199512 0.039641175 1.183389306 0.010465324 -0.859017432 0.011796290 -0.511703491
1756482914291175680.000000 1.771910429 0.038822025 1.182848692 0.011110341 -0.861611903 0.011855337 -0.507307649
1756482914357854976.000000 1.771279573 0.039697666 1.181628466 -0.011085249 0.866703212 -0.013343227 0.498522520
1756482914391195136.000000 1.770799994 0.042915393 1.182139277 0.008928603 -0.869617045 0.014091578 -0.493445009
1756482914457875456.000000 1.769584179 0.042306736 1.179961085 0.008462319 -0.875279129 0.012916561 -0.483371586
1756482914557895936.000000 1.768466949 0.041375369 1.176686406 0.008287590 -0.883390486 0.012415255 -0.468399972
1756482914591236352.000000 1.768625379 0.041461494 1.175656557 0.008479927 -0.885945201 0.012601376 -0.463541240
1756482914657916672.000000 1.767897844 0.040854726 1.173005104 0.008557047 -0.890856743 0.012221407 -0.454039454
1756482914724598272.000000 1.767825842 0.040092036 1.170905828 0.008999893 -0.895549297 0.012114142 -0.444706321
1756482914757939456.000000 1.767488599 0.039668690 1.169795156 0.009042945 -0.897903740 0.012613719 -0.439918309
1756482914824621312.000000 1.767670631 0.040142473 1.168151855 0.009025973 -0.902783930 0.013379171 -0.429791629
1756482914857962496.000000 1.767961502 0.039936185 1.167121649 0.009214425 -0.905265033 0.014050669 -0.424515009
1756482914924644864.000000 1.765799999 0.044769377 1.164782882 0.007846476 -0.909995198 0.015025667 -0.414272130
1756482914991327488.000000 1.765815496 0.044556942 1.161648273 0.007936604 -0.914643586 0.014485782 -0.403923780
1756482915024669184.000000 1.765932679 0.044538569 1.160698533 0.008042809 -0.917030275 0.014424162 -0.398475558
1756482915091351808.000000 1.766029716 0.044458367 1.158043385 0.008599121 -0.921309471 0.014370869 -0.388469398
1756482915158034432.000000 1.764449596 0.044472389 1.156179428 0.008976585 -0.925335944 0.014566077 -0.378762037
1756482915224716032.000000 1.763271332 0.044385038 1.154178739 0.009177539 -0.929250360 0.014779611 -0.369040996
1756482915291398912.000000 1.763228297 0.045165252 1.152716637 0.008337976 -0.933292329 0.015683103 -0.358678102
1756482915324740096.000000 1.763022304 0.045921359 1.151848316 0.007805627 -0.935287356 0.016181337 -0.353432894
1756482915391422720.000000 1.761827946 0.046689764 1.150675654 0.006963151 -0.939153671 0.016771697 -0.343016863
1756482915424764160.000000 1.760885835 0.044447664 1.150589228 0.008055517 -0.941149056 0.016344234 -0.337500423
1756482915491446784.000000 1.760839701 0.044971839 1.147255421 0.006687083 -0.944744885 0.017946042 -0.327246666
1756482915558129664.000000 1.760501146 0.045046791 1.143315911 0.005695832 -0.949322164 0.021048518 -0.313547373
1756482915591470848.000000 1.760396004 0.044052668 1.142006516 0.005662829 -0.950876772 0.021110145 -0.308797210
1756482915658152704.000000 1.765922785 0.044747308 1.133209109 0.009294927 -0.954335928 0.016653858 -0.298126101
1756482915758176000.000000 1.768830061 0.045749389 1.121231556 0.008038918 -0.959611595 0.016934659 -0.280703068
1756482915791516928.000000 1.769742966 0.045037501 1.118318319 0.007658018 -0.961061120 0.017923620 -0.275647610
1756482915858199040.000000 1.771531820 0.044940855 1.110894322 0.008544531 -0.964007020 0.017406940 -0.265168816
1756482915924881408.000000 1.772594452 0.043377291 1.104486704 0.009076226 -0.966713965 0.017100349 -0.255126208
1756482915991563264.000000 1.774096251 0.043649249 1.099698305 0.007673339 -0.969286919 0.019251486 -0.245057926
1756482916058245376.000000 1.776160955 0.044260178 1.089318991 0.007575351 -0.972014964 0.018262569 -0.234085843
1756482916158267136.000000 1.777192116 0.042973850 1.079609990 0.008056863 -0.975835085 0.018289052 -0.217592910
1756482916191608320.000000 1.774927616 0.040723778 1.079069138 0.008939774 -0.976434708 0.016772911 -0.214974374
1756482916258290176.000000 1.777249098 0.040394250 1.074060440 0.009022522 -0.975991309 0.017937053 -0.216881901
1756482916324972032.000000 1.780040979 0.039728235 1.069444180 0.008323000 -0.975523412 0.018873613 -0.218926206
1756482916391654144.000000 1.783764839 0.038710810 1.062626481 0.008148699 -0.975589395 0.018370816 -0.218681157
1756482916424995072.000000 1.784058571 0.040635485 1.057943940 -0.008140929 0.975613117 -0.018805314 0.218538746
1756482916525017856.000000 1.789147377 0.038610961 1.050788283 0.008518691 -0.975891531 0.017366871 -0.217397377
1756482916591698944.000000 1.791068792 0.040772740 1.043508410 -0.008107420 0.976127326 -0.018446831 0.216262415
1756482916658380800.000000 1.793998718 0.040507365 1.035852671 -0.008523677 0.978438079 -0.017764375 0.205598563
1756482916725063936.000000 1.793572903 0.041073240 1.028697252 -0.008097207 0.981323063 -0.018129500 0.191339657
1756482916791748096.000000 1.793296099 0.040332682 1.021880388 -0.007629735 0.983470857 -0.018873164 0.179918632
1756482916825090048.000000 1.792228460 0.039350789 1.018130422 -0.007983136 0.984375179 -0.018875306 0.174887225
1756482916891774208.000000 1.792593002 0.038616933 1.010707617 -0.007827518 0.986259997 -0.019232679 0.163890645
1756482916958458368.000000 1.793194771 0.038760338 1.000805616 -0.007831766 0.987869918 -0.019205207 0.153892457
1756482917025141760.000000 1.792370081 0.037113890 0.994476795 -0.007893361 0.989453197 -0.018117521 0.143498808
1756482917058483712.000000 1.794759512 0.037149094 0.989001513 0.007740537 -0.990374088 0.018259890 -0.136988550
1756482917158510336.000000 1.794974089 0.037114114 0.976582110 0.007731165 -0.992504776 0.017717566 -0.120667532
1756482917225194496.000000 1.793254852 0.038532626 0.967552543 -0.007247543 0.993668079 -0.018498860 0.110585123
1756482917358563072.000000 1.792155504 0.038094565 0.954050541 -0.007633029 0.995949090 -0.020200010 0.087288469
1756482917425247488.000000 1.791469812 0.037278853 0.946333647 -0.007738440 0.996847749 -0.018544346 0.076751821
1756482917491930368.000000 1.790385127 0.036904581 0.938901901 -0.007590146 0.997513235 -0.018430114 0.067602620
1756482917591956992.000000 1.789558053 0.036876477 0.927495182 -0.008117350 0.997382820 -0.017817188 0.069600411
1756482917658641408.000000 1.791213632 0.036228620 0.922274828 -0.007606912 0.997307658 -0.020033486 0.070129864
1756482917758671104.000000 1.793783188 0.036532097 0.912443876 -0.007640690 0.997244120 -0.019835733 0.071080163
1756482917825359104.000000 1.795844674 0.036144562 0.906124234 0.007635599 -0.997362554 0.017175620 -0.070104614
1756482917858703104.000000 1.795834184 0.035892576 0.902665854 0.007556580 -0.997372508 0.017401997 -0.069916278
1756482917925390336.000000 1.796048760 0.036971763 0.896035314 -0.007527352 0.997383058 -0.019342700 0.069255076
1756482918025422080.000000 1.796901941 0.035017326 0.887747526 -0.008151902 0.997921109 -0.019745493 0.060804021
1756482918058766336.000000 1.796057224 0.036177889 0.882284284 -0.007965399 0.998349905 -0.020001078 0.053235374
1756482918125454336.000000 1.793646812 0.035929669 0.874014378 -0.007224755 0.998934686 -0.020075860 0.040917650
1756482918192142848.000000 1.791792631 0.036269460 0.865064979 -0.007750576 0.999351084 -0.019489024 0.029284323
1756482918258831104.000000 1.790034652 0.035925251 0.857267976 -0.007481302 0.999621272 -0.019346457 0.018086905
1756482918325518592.000000 1.788843989 0.035979964 0.849613607 -0.007481727 0.999671698 -0.018539365 0.016029472
1756482918392207104.000000 1.790350318 0.035844930 0.842651963 -0.007105716 0.999619067 -0.018260334 0.019438691
1756482918458895360.000000 1.790496349 0.034997478 0.837750018 -0.006980551 0.999573946 -0.020061752 0.020020545
1756482918558928384.000000 1.789652228 0.033372954 0.829090536 -0.006398540 0.999573350 -0.019577546 0.020712126
1756482918625617152.000000 1.789412022 0.033680823 0.820908546 -0.006522530 0.999717236 -0.018629547 0.013266220
1756482918658961664.000000 1.788620591 0.033544652 0.816889107 -0.006414728 0.999801576 -0.017670788 0.006585343
1756482918725646848.000000 1.786464691 0.032017887 0.810995519 0.005977148 -0.999791682 0.018267246 0.006866382
1756482918825666560.000000 1.783001542 0.031954486 0.801599145 0.004947257 -0.999723136 0.018177755 0.014101720
1756482918892347392.000000 1.783329725 0.032306708 0.793193758 -0.005331945 0.999723852 -0.019434942 -0.012088133
1756482918992368640.000000 1.782701135 0.032310877 0.782554686 -0.004790549 0.999715507 -0.019869536 -0.012301109
1756482919059049216.000000 1.782138705 0.032285500 0.776608288 -0.005272817 0.999695659 -0.020214355 -0.013121805
1756482919125729792.000000 1.781781554 0.032020643 0.769971550 -0.005194512 0.999702692 -0.020011816 -0.012928060
1756482919192410368.000000 1.781918764 0.032325696 0.762650073 -0.004631397 0.999730289 -0.018838033 -0.012766869
1756482919292430080.000000 1.780782461 0.031969290 0.753663778 -0.004169315 0.999702454 -0.020346643 -0.012798463
1756482919359110656.000000 1.780446410 0.031992391 0.747687042 -0.005145755 0.999663174 -0.021524677 -0.013555175
1756482919459131136.000000 1.780162811 0.032365423 0.736113250 -0.006075151 0.999705851 -0.018768691 -0.014114019
1756482919559151872.000000 1.779724360 0.031564876 0.726485193 -0.005948245 0.999711454 -0.018431561 -0.014210276
1756482919625832192.000000 1.779646635 0.031659648 0.720696390 -0.006892575 0.999660134 -0.020327466 -0.014795532
1756482919692511488.000000 1.779389739 0.031083820 0.713898182 -0.006965198 0.999679565 -0.019795200 -0.014158309
1756482919759193344.000000 1.779488087 0.031295162 0.706215799 -0.007005950 0.999712646 -0.018507605 -0.013529477
1756482919859216128.000000 1.780402541 0.031542774 0.697384179 -0.007360425 0.999798477 -0.018628307 -0.001386557
1756482919925897984.000000 1.782978892 0.031224877 0.693508983 -0.006883602 0.999703467 -0.018730970 0.013957812
1756482919992579840.000000 1.786504507 0.031386092 0.688241243 -0.007279823 0.999450624 -0.021416971 0.024224019
1756482920059261696.000000 1.785287738 0.030953614 0.681349933 -0.007571730 0.999508739 -0.020497555 0.022468247
1756482920125942784.000000 1.785301089 0.031543653 0.672504723 -0.006444057 0.999594450 -0.018816035 0.020382201
1756482920192624640.000000 1.785972357 0.032198481 0.664189100 -0.007222756 0.999643326 -0.015738552 0.020334523
1756482920259306240.000000 1.785661101 0.032344211 0.658100486 -0.006764747 0.999579728 -0.019165939 0.020673255
1756482920325988096.000000 1.785088181 0.030865062 0.654207587 -0.006333586 0.999539852 -0.021054864 0.020896163
1756482920392669696.000000 1.784427285 0.030744432 0.648061037 -0.006702118 0.999520183 -0.021473665 0.021292532
1756482920492692224.000000 1.784364581 0.030305004 0.638467669 -0.006539758 0.999529064 -0.021232264 0.021167511
1756482920559372800.000000 1.784693241 0.030264199 0.630797505 -0.006367098 0.999570906 -0.019284382 0.021111110
1756482920626054400.000000 1.784709215 0.028907411 0.623604834 -0.007045927 0.999615312 -0.016584024 0.021086758
1756482920692736512.000000 1.784338951 0.030258423 0.616315246 -0.005996540 0.999572992 -0.018827436 0.021529740
1756482920792754176.000000 1.785673380 0.030434975 0.607180834 -0.005987018 0.999540865 -0.019840671 0.022106156
1756482920826093312.000000 1.785825849 0.030302942 0.604281545 -0.005742228 0.999525964 -0.021059299 0.021710699
1756482920892771840.000000 1.786448002 0.030247714 0.599047065 -0.006110099 0.999506652 -0.022485986 0.021059688
1756482920959450368.000000 1.787004948 0.030438218 0.592018783 -0.006254640 0.999522746 -0.020630207 0.022126148
1756482921026127360.000000 1.786333799 0.030466802 0.584744096 -0.005971735 0.999523997 -0.019559184 0.023101956
1756482921092805632.000000 1.785411477 0.030683663 0.577532470 -0.006017718 0.999492764 -0.020395700 0.023710508
1756482921159483904.000000 1.785363197 0.029990412 0.570828855 -0.005992511 0.999502063 -0.019661894 0.023940971
1756482921226162176.000000 1.785974741 0.029547736 0.564689934 -0.005824975 0.999499679 -0.020508878 0.023364721
1756482921292839936.000000 1.786129713 0.027384549 0.559897184 0.005346620 -0.999467909 0.021441564 -0.023992069
1756482921326179328.000000 1.786486864 0.027430244 0.556567609 0.004926506 -0.999476373 0.021084566 -0.024043335
1756482921392857088.000000 1.784956813 0.028709654 0.549793601 -0.005868264 0.999501228 -0.019939782 0.023776900
1756482921459533824.000000 1.785463929 0.029058702 0.541600585 -0.006498837 0.999523222 -0.018914260 0.023522817
1756482921526212096.000000 1.785944343 0.028819174 0.535012364 -0.006303281 0.999502063 -0.019382292 0.024088331
1756482921592889600.000000 1.787550807 0.028986122 0.529263854 -0.005825227 0.999514520 -0.020022836 0.023148516
1756482921659567360.000000 1.786248684 0.028776465 0.523556113 -0.006266282 0.999470770 -0.020968249 0.024067225
1756482921726245632.000000 1.786179066 0.029440627 0.516776443 -0.006083931 0.999451339 -0.022234624 0.023782976
1756482921792924416.000000 1.786777377 0.029643316 0.508917809 -0.006590433 0.999504447 -0.020131756 0.023284553
1756482921859602944.000000 1.786645055 0.029769853 0.501655340 -0.007221742 0.999513566 -0.019134397 0.023548149
1756482921926280704.000000 1.787868261 0.029474147 0.497000843 -0.006295959 0.999504268 -0.020818582 0.022763953
1756482921992959232.000000 1.787944913 0.028881632 0.491740674 -0.006298216 0.999452889 -0.022919104 0.023001995
1756482922092977152.000000 1.788567543 0.028327391 0.479828954 -0.006388376 0.999493420 -0.019729750 0.024144659
1756482922159655680.000000 1.788499117 0.029329935 0.473808527 -0.006423846 0.999479711 -0.020393400 0.024147106
1756482922226333952.000000 1.788052440 0.028379919 0.468150944 -0.006611377 0.999454319 -0.021983154 0.023753522
1756482922293012224.000000 1.788805842 0.028400524 0.461349279 -0.007007432 0.999474168 -0.021636296 0.023110999
1756482922359689472.000000 1.788777351 0.028349321 0.453651279 0.007596049 -0.999515355 0.020348251 -0.022302262
1756482922426367488.000000 1.789262772 0.028801544 0.446291924 0.008116337 -0.999518454 0.020116003 -0.022189934
1756482922493045504.000000 1.789809942 0.030637782 0.437234342 -0.007882310 0.999496520 -0.020879224 0.022555303
1756482922593062400.000000 1.790663242 0.028361652 0.430421233 -0.007510279 0.999456704 -0.023208017 0.022165481
1756482922659740416.000000 1.791224241 0.029447952 0.423247308 -0.007949656 0.999446809 -0.024110053 0.021484621
1756482922726419200.000000 1.791751981 0.029019132 0.414744407 -0.007695006 0.999529064 -0.020900628 0.021109829
1756482922826437376.000000 1.792113423 0.028293772 0.404785186 -0.008215092 0.999568582 -0.019808173 0.020070314
1756482922859777536.000000 1.791853189 0.027470240 0.402011663 -0.008309522 0.999560773 -0.019931465 0.020299094
1756482922926456576.000000 1.792337179 0.027616110 0.395944536 -0.007902493 0.999533713 -0.020650994 0.021056961
1756482922993136128.000000 1.792665601 0.027452279 0.390344977 -0.007785055 0.999485075 -0.021909701 0.022112813
1756482923059815680.000000 1.792824149 0.027373135 0.384860635 -0.007300196 0.999436200 -0.023808513 0.022523727
1756482923126494976.000000 1.790527225 0.026351277 0.375704527 -0.006790259 0.999452889 -0.022388004 0.023381259
1756482923193174272.000000 1.792807460 0.027335029 0.368804783 -0.007216709 0.999550998 -0.020364419 0.020761590
1756482923226512896.000000 1.792737484 0.027070839 0.365588307 -0.007609410 0.999560893 -0.020262631 0.020237632
1756482923293192192.000000 1.792996883 0.027221428 0.360328376 -0.007598590 0.999541938 -0.020919900 0.020507444
1756482923359871488.000000 1.791904211 0.026037525 0.354032993 0.007255693 -0.999483466 0.021498021 -0.022761444
1756482923426550528.000000 1.793574214 0.026159236 0.348226935 0.007311413 -0.999465466 0.021187948 -0.023801280
1756482923493229568.000000 1.793026209 0.025847364 0.340311825 -0.006502274 0.999450803 -0.022435689 0.023505267
1756482923559908864.000000 1.792896271 0.025269423 0.334317535 -0.006697381 0.999433994 -0.023744086 0.022871682
1756482923626588160.000000 1.793829322 0.024807163 0.326270640 -0.006953321 0.999439895 -0.023402141 0.022890801
1756482923693265920.000000 1.793754816 0.025228180 0.321369052 -0.007250750 0.999411404 -0.024320839 0.023082253
1756482923726606592.000000 1.793732524 0.025710460 0.317740202 -0.006699760 0.999399304 -0.024534887 0.023542881
1756482923793287680.000000 1.794120431 0.024428591 0.309233278 -0.006360060 0.999445677 -0.021855194 0.024296846
1756482923859969024.000000 1.793851852 0.023825929 0.300376654 -0.006281762 0.999508083 -0.019804429 0.023494575
1756482923926650368.000000 1.793693542 0.024587668 0.294063389 -0.006492905 0.999492466 -0.021813471 0.022293385
1756482923993331712.000000 1.793601155 0.023709523 0.289234668 -0.006242671 0.999450088 -0.023132311 0.022922844
1756482924060013056.000000 1.793586731 0.023286233 0.283746481 -0.006459952 0.999436080 -0.023537194 0.023060275
1756482924126693120.000000 1.794936180 0.023036599 0.276080281 -0.007642571 0.999476552 -0.022492236 0.021961605
1756482924193374464.000000 1.795018673 0.023472603 0.270599991 -0.006809216 0.999464393 -0.022850048 0.022415072
1756482924260055808.000000 1.794193149 0.023399711 0.263610482 -0.006217306 0.999435902 -0.023290137 0.023386406
1756482924326736896.000000 1.794313312 0.023356128 0.256118059 -0.006587229 0.999424577 -0.023615802 0.023439592
1756482924393417984.000000 1.794341803 0.022979409 0.248855606 -0.006313311 0.999448478 -0.022800604 0.023303196
1756482924426758400.000000 1.794605851 0.020009229 0.244625807 0.006324275 -0.999498606 0.019906702 -0.023798186
1756482924526780416.000000 1.794417977 0.020564357 0.235851541 0.007061223 -0.999469876 0.021090750 -0.023776174
1756482924593460224.000000 1.796444654 0.021871852 0.230943233 -0.007880258 0.999428928 -0.023938227 0.022509929
1756482924626800896.000000 1.795283198 0.020685945 0.227038950 -0.007796098 0.999411941 -0.023888744 0.023330664
1756482924693481984.000000 1.795836687 0.021867536 0.220427305 -0.006784928 0.999349952 -0.024501700 0.025560284
1756482924760161536.000000 1.796031713 0.021963438 0.214002579 -0.006164643 0.999334753 -0.024624353 0.026187740
1756482924826841600.000000 1.794576049 0.021501817 0.206838250 -0.005968171 0.999340117 -0.024714656 0.025941446
1756482924893521408.000000 1.794788361 0.022149263 0.198908284 -0.006007534 0.999394774 -0.023511188 0.024924023
1756482924960200960.000000 1.794352412 0.021598678 0.192191809 -0.006613619 0.999431729 -0.022914004 0.023824448
1756482925026879232.000000 1.794414043 0.020582208 0.186093777 -0.006242482 0.999398291 -0.023716437 0.024529191
1756482925093559040.000000 1.794387937 0.019821983 0.180215195 -0.005332035 0.999369740 -0.023639955 0.025942534
1756482925126898944.000000 1.795067906 0.018811963 0.177121639 -0.005041716 0.999389172 -0.023180047 0.025663633
1756482925193578496.000000 1.793663383 0.018386558 0.170930490 -0.004803161 0.999309421 -0.025717171 0.026388913
1756482925260258048.000000 1.793111205 0.018127993 0.163822591 -0.005161915 0.999332726 -0.024874412 0.026244465
1756482925326937344.000000 1.794253349 0.017515909 0.156032562 0.005785743 -0.999432385 0.021454105 -0.025324451
1756482925393616896.000000 1.793869734 0.016931277 0.149602175 0.005860861 -0.999411285 0.022715695 -0.025034616
1756482925460295424.000000 1.795271993 0.017324897 0.145234853 -0.004921087 0.999387681 -0.024001990 0.024981342
1756482925560314368.000000 1.795203805 0.017015589 0.134801060 -0.004702584 0.999385536 -0.022709241 0.026282469
1756482925626993664.000000 1.796228766 0.016771279 0.128422752 -0.004763732 0.999437571 -0.022029327 0.024834342
1756482925660333056.000000 1.795265317 0.017316131 0.125001892 -0.004722747 0.999408424 -0.022900900 0.025220664
1756482925727012608.000000 1.795019746 0.017191552 0.118828639 -0.004582122 0.999387681 -0.023223417 0.025769098
1756482925793692160.000000 1.795023918 0.017386783 0.111993298 -0.004260297 0.999356687 -0.023446968 0.026801409
1756482925860371712.000000 1.796034575 0.017435553 0.105979338 -0.004354910 0.999378681 -0.023571147 0.025839601
1756482925927049984.000000 1.796031713 0.016752187 0.100022301 -0.004460902 0.999368906 -0.023476422 0.026283029
1756482925960389376.000000 1.795695424 0.016102435 0.097364709 -0.004094556 0.999340951 -0.023824494 0.027082521
1756482926060408320.000000 1.796525598 0.015485154 0.088403106 -0.004697735 0.999342382 -0.024513552 0.026303817
1756482926093747968.000000 1.796348572 0.015463322 0.084456854 -0.004873584 0.999350905 -0.024027811 0.026395094
1756482926160427264.000000 1.797099948 0.014846003 0.077085480 -0.004924037 0.999384046 -0.022536675 0.026447104
1756482926227106304.000000 1.796667576 0.014706311 0.071467161 -0.004256730 0.999325752 -0.023545941 0.027850490
1756482926293785344.000000 1.796722770 0.014203184 0.064801052 -0.004626697 0.999361575 -0.022674546 0.027222268
1756482926327124224.000000 1.796999574 0.015891159 0.060912646 0.004588927 -0.999360561 0.023999078 -0.026106279
1756482926393803008.000000 1.797258139 0.015595624 0.053774230 0.005374820 -0.999401748 0.023564115 -0.024739580
1756482926460482048.000000 1.797599316 0.013173567 0.047043562 -0.005126734 0.999423444 -0.022315441 0.025070803
1756482926493821696.000000 1.798014164 0.012646191 0.044458658 -0.004973120 0.999445140 -0.021163186 0.025234712
1756482926560500480.000000 1.798676491 0.011746587 0.038081735 -0.005002092 0.999452233 -0.020955360 0.025123326
1756482926627179264.000000 1.798642993 0.011480082 0.031277828 -0.004649152 0.999469161 -0.020966260 0.024499716
1756482926660519168.000000 1.798674107 0.013134858 0.028249860 -0.004899930 0.999450147 -0.022296468 0.024047283
1756482926727198720.000000 1.799100757 0.010568229 0.021488309 -0.004842291 0.999506593 -0.020047702 0.023690043
1756482926793877504.000000 1.799357414 0.010502498 0.015703097 -0.005232609 0.999500632 -0.020932883 0.023088235
1756482926827218176.000000 1.799314260 0.010717371 0.012471646 -0.005083761 0.999470353 -0.022107976 0.023333652
1756482926893898240.000000 1.799225450 0.010126435 0.005284503 -0.005428299 0.999479234 -0.020241357 0.024537591
1756482926927238144.000000 1.799260139 0.010980782 0.002081633 -0.006080708 0.999437153 -0.020130731 0.026139896
1756482926993918464.000000 1.799983859 0.011607742 -0.000979975 -0.006580729 0.999320328 -0.017031617 0.032023419
1756482927060598784.000000 1.799975276 0.012447978 0.002056479 0.006841851 -0.998929501 0.021611750 -0.040323958
1756482927093938944.000000 1.800615191 0.012076177 0.003729939 0.006351126 -0.998733580 0.023353266 -0.044109896
1756482927160619264.000000 1.803429484 0.012089210 0.006684661 -0.005839381 0.998141587 -0.025348704 0.055107944
1756482927193958912.000000 1.803662419 0.011842447 0.006326288 0.006708088 -0.997840405 0.023362255 -0.061022602
1756482927260638208.000000 1.806101203 0.012649691 0.005897284 0.007214738 -0.997165859 0.021499159 -0.071736589
1756482927293978112.000000 1.806558847 0.012956521 0.005874217 0.007655518 -0.996748447 0.021306671 -0.077329993
1756482927360658432.000000 1.809478045 0.013310883 0.007934690 -0.006644153 0.995874107 -0.022393113 0.087687612
1756482927393998336.000000 1.810107231 0.013080822 0.008653343 -0.006622780 0.995354593 -0.022883778 0.093283102
1756482927427338240.000000 1.811141729 0.013237866 0.009632707 -0.006471711 0.994782746 -0.023116352 0.099152371
1756482927494018304.000000 1.812004924 0.013351323 0.010368705 0.008246310 -0.993465960 0.022457393 -0.111593261
1756482927527358208.000000 1.812498450 0.012943024 0.010718107 0.008149878 -0.992804706 0.022117857 -0.117401876
1756482927560698624.000000 1.814568996 0.013261979 0.011948884 -0.007214613 0.992205083 -0.022701791 0.122318573
1756482927627378432.000000 1.814828038 0.012615120 0.012917697 0.007578457 -0.990444660 0.025926771 -0.135239810
1756482927660717312.000000 1.818091393 0.012776258 0.013158679 -0.006613540 0.989469647 -0.027617380 0.141927794
1756482927727400192.000000 1.820400238 0.013871820 0.009497404 0.007816359 -0.987333357 0.028257476 -0.155927420
1756482927794087680.000000 1.825276852 0.013760252 0.001648664 0.008518505 -0.985660911 0.022595221 -0.167001605
1756482927827431424.000000 1.827905297 0.014293916 -0.002496004 0.010032299 -0.984819770 0.020228010 -0.172105312
1756482927894118656.000000 1.831124663 0.014381559 -0.007068157 0.009241198 -0.982841730 0.021960426 -0.182905689
1756482927927462400.000000 1.832325578 0.014346008 -0.008322120 0.008360538 -0.981740057 0.023033772 -0.188642845
1756482927994149888.000000 1.835102916 0.013334174 -0.011760950 0.008217876 -0.979547858 0.023685861 -0.199643373
1756482928027493632.000000 1.837727904 0.012993535 -0.013967395 0.008660900 -0.978469431 0.022693673 -0.204957843
1756482928060837632.000000 1.840093374 0.013200172 -0.016245127 0.009338800 -0.977367759 0.022101630 -0.210182264
1756482928094181376.000000 1.842172265 0.013466503 -0.018832564 0.009335350 -0.976228416 0.021500869 -0.215473086
1756482928160868096.000000 1.848026752 0.012471715 -0.024134874 -0.008904858 0.973927200 -0.020592019 0.225748762
1756482928227556352.000000 1.848670959 0.011714060 -0.026306152 0.007821696 -0.970978975 0.021322675 -0.238084316
1756482928260900352.000000 1.850205183 0.010962163 -0.028226137 0.007789534 -0.969651878 0.021139324 -0.243449539
1756482928327588352.000000 1.856930375 0.011611132 -0.033758283 -0.010046396 0.967667937 -0.016731717 0.251471579
1756482928360932352.000000 1.857498646 0.011798576 -0.034976244 -0.010050448 0.966449320 -0.016559200 0.256126046
1756482928394276608.000000 1.858038783 0.011643050 -0.035021544 -0.010248129 0.965375721 -0.015310902 0.260212302
1756482928460964864.000000 1.857015133 0.012083932 -0.029770970 -0.008255234 0.963187456 -0.020045975 0.267955363
1756482928494309120.000000 1.855968475 0.011994248 -0.028296709 -0.008234240 0.961533725 -0.021463010 0.273723364
1756482928527653120.000000 1.858355999 0.011773393 -0.026085734 0.008726072 -0.960306585 0.022835484 -0.277873635
1756482928594341120.000000 1.861341238 0.012063655 -0.023089647 -0.009967430 0.957003713 -0.021719709 0.289089710
1756482928627685376.000000 1.863062620 0.012229408 -0.023443341 -0.010416571 0.955586195 -0.020917326 0.293783963
1756482928661029888.000000 1.863921404 0.012875838 -0.022762418 -0.010563541 0.954098105 -0.020893846 0.298577905
1756482928727714048.000000 1.865340233 0.013234997 -0.021023154 -0.009823843 0.951137900 -0.021129550 0.307885945
1756482928761053952.000000 1.865556836 0.013024770 -0.019751310 -0.009622447 0.949671984 -0.021133309 0.312384367
1756482928794394112.000000 1.865962744 0.012643445 -0.018995762 -0.009834929 0.948096335 -0.020893781 0.317143619
1756482928861073664.000000 1.867506146 0.013105394 -0.018335819 0.009527974 -0.944869339 0.020640360 -0.326657504
1756482928894413568.000000 1.868512154 0.012821039 -0.017454147 0.009797402 -0.943216503 0.020588022 -0.331395239
1756482928961093120.000000 1.870213509 0.013635524 -0.016307354 0.009420525 -0.939706802 0.020933861 -0.341209918
1756482928994432256.000000 1.870629430 0.013661208 -0.014039278 0.009385485 -0.938090146 0.021018157 -0.345625728
1756482929061111808.000000 1.871590853 0.013310399 -0.012303591 0.009020573 -0.934311807 0.020686015 -0.355741769
1756482929094451456.000000 1.868874550 0.013112942 -0.010646343 -0.009868627 0.931550562 -0.020839628 0.362879992
1756482929161131264.000000 1.869900227 0.013548734 -0.006973028 -0.010049057 0.927517653 -0.021312656 0.373035997
1756482929227810560.000000 1.869912982 0.013135951 -0.007380486 -0.007948440 0.922190666 -0.024241019 0.385893255
1756482929261150464.000000 1.871818781 0.012865297 -0.007458925 -0.008114697 0.918574631 -0.025328569 0.394351691
1756482929327829504.000000 1.877840281 0.012067229 -0.008730650 -0.008235364 0.912706554 -0.024189653 0.407815963
1756482929394509056.000000 1.885269523 0.013313705 -0.012100220 -0.010518437 0.908859730 -0.019388421 0.416518331
1756482929427848704.000000 1.888944507 0.013115369 -0.013517141 -0.011750059 0.906693459 -0.018771876 0.421208501
1756482929461187584.000000 1.892003179 0.013195330 -0.014574528 -0.012268940 0.904293895 -0.018492104 0.426333249
1756482929527866624.000000 1.897224665 0.013428701 -0.016483068 -0.011364222 0.898919582 -0.019670481 0.437524408
1756482929594545920.000000 1.900464535 0.013055775 -0.017252922 -0.010458836 0.893901289 -0.020078955 0.447691888
1756482929661224960.000000 1.907124758 0.013002981 -0.018711567 0.011380009 -0.888810158 0.019452088 -0.457721204
1756482929694564608.000000 1.910700917 0.012928396 -0.019979477 0.011756091 -0.886286855 0.018724022 -0.462608784
1756482929761246208.000000 1.915232658 0.012718124 -0.022347927 -0.011762970 0.881201804 -0.018121721 0.472246468
1756482929827927552.000000 1.920487761 0.012404175 -0.023749590 -0.013861306 0.875776172 -0.014777326 0.482292086
1756482929894608128.000000 1.922324181 0.013649955 -0.022625923 -0.015215910 0.871521533 -0.012277107 0.489967376
1756482929927948800.000000 1.920981050 0.013547512 -0.020866632 -0.013337989 0.869445741 -0.015386902 0.493608743
1756482929994630144.000000 1.917402029 0.012633447 -0.018583775 -0.012036207 0.865108013 -0.018248640 0.501109123
1756482930027971072.000000 1.916011572 0.011821806 -0.018109798 -0.010818669 0.862420678 -0.019106910 0.505715907
1756482930094652160.000000 1.917031527 0.012823142 -0.014820099 -0.010691356 0.856972814 -0.020120833 0.514857769
1756482930161333504.000000 1.916926146 0.011827735 -0.015518188 -0.012704057 0.850899935 -0.016827388 0.524904549
1756482930194674176.000000 1.915503740 0.012798689 -0.017519236 0.012213698 -0.847140312 0.017737409 -0.530932724
1756482930261355520.000000 1.918126464 0.014016554 -0.010605812 -0.010722140 0.843303382 -0.019342784 0.536982596
1756482930328035840.000000 1.916833162 0.012133326 -0.009844065 -0.008730456 0.835875332 -0.021710576 0.548420429
1756482930361376512.000000 1.917285919 0.012010142 -0.009202719 -0.008665362 0.830853641 -0.022974096 0.555949092
1756482930428057856.000000 1.923133612 0.011461992 -0.007701635 -0.009292254 0.822927833 -0.022079302 0.567640781
1756482930494738944.000000 1.932626247 0.012283165 -0.009069204 -0.013499584 0.816182554 -0.016529089 0.577399909
1756482930561420544.000000 1.940012932 0.013506699 -0.009057760 -0.013446871 0.808663249 -0.016561087 0.587884963
1756482930594760960.000000 1.942939281 0.014416471 -0.008846998 -0.012420243 0.805012047 -0.017610345 0.592867017
1756482930661442048.000000 1.948155046 0.014012724 -0.008756638 -0.010573684 0.798655093 -0.018540738 0.601410508
1756482930728123392.000000 1.953511834 0.013868168 -0.009493828 -0.010091627 0.792117000 -0.018451788 0.610006928
1756482930761464320.000000 1.957152128 0.013824239 -0.008957148 -0.010020395 0.789217353 -0.017234027 0.613790393
1756482930828144896.000000 1.962505221 0.014225207 -0.009608269 0.009831064 -0.782233536 0.016838981 -0.622680187
1756482930861485568.000000 1.965221167 0.014846019 -0.009801149 0.008995619 -0.778716683 0.017970977 -0.627053857
1756482930928167168.000000 1.970894575 0.014559869 -0.009935379 0.010073833 -0.771874964 0.018472074 -0.635426104
1756482930994848768.000000 1.976138949 0.014249071 -0.009348154 -0.011006025 0.764982998 -0.017026164 0.643731296
1756482931028189440.000000 1.977767110 0.014963679 -0.009202480 -0.011827238 0.761801898 -0.015842685 0.647508383
1756482931094870784.000000 1.977843642 0.016498391 -0.007414579 -0.012067663 0.755390108 -0.016156495 0.654965103
1756482931161552128.000000 1.973294735 0.016131729 -0.005762339 -0.008883963 0.751031876 -0.018612508 0.659943879
1756482931194893056.000000 1.971605659 0.015214078 -0.005173922 -0.008405199 0.747709274 -0.019448206 0.663688183
1756482931261573632.000000 1.972380877 0.013138339 -0.000800848 -0.007965446 0.741596937 -0.018137308 0.670553207
1756482931294914304.000000 1.971373558 0.014652207 0.000809193 0.008920986 -0.737867773 0.018120147 -0.674643159
1756482931361595648.000000 1.971119404 0.015174273 0.002184391 0.009020735 -0.730389476 0.017463053 -0.682748020
1756482931428276992.000000 1.970206141 0.015357565 0.003302574 -0.009001884 0.722386539 -0.018302249 0.691188633
1756482931494958592.000000 1.969085932 0.015561569 0.004137278 -0.008764421 0.714096904 -0.018739834 0.699741125
1756482931561639936.000000 1.967100739 0.015231166 0.005861998 0.008846657 -0.705617964 0.017867792 -0.708311975
1756482931594980608.000000 1.966603160 0.015682865 0.007656455 0.008796969 -0.701606214 0.017957291 -0.712284327
1756482931661661184.000000 1.966540456 0.015132640 0.009605885 0.008976046 -0.693724692 0.017562125 -0.719970286
1756482931728376320.000000 1.965909719 0.014388539 0.010925174 0.006681288 -0.683858216 0.019019317 -0.729336441
1756482931761797376.000000 1.969212770 0.014035646 0.013651490 -0.005220474 0.679023147 -0.019032186 0.733851612
1756482931828641280.000000 1.972970128 0.013365194 0.014196515 -0.006604820 0.666477025 -0.018069504 0.745277405
1756482931895486720.000000 1.981892467 0.014598574 0.016561151 -0.012655806 0.658135295 -0.012757123 0.752685189
1756482931928910336.000000 1.985558748 0.014636252 0.019033074 -0.011553514 0.655002356 -0.013189142 0.755423486
1756482931995758848.000000 1.989663005 0.015119933 0.020973325 -0.011013609 0.646008551 -0.013811679 0.763125837
1756482932029184000.000000 1.991623759 0.014329292 0.019329429 -0.010489420 0.640107036 -0.013912816 0.768088222
1756482932096035840.000000 1.997539043 0.013211664 0.022921205 -0.010166434 0.632692873 -0.012938004 0.774228096
1756482932162888448.000000 2.002206087 0.015446898 0.029222846 -0.010789418 0.625606418 -0.014265899 0.779933870
1756482932229744384.000000 2.006981850 0.015155707 0.034584165 -0.010288798 0.619182229 -0.013249094 0.785068154
1756482932296602368.000000 2.012993336 0.013946794 0.037838697 -0.012315063 0.610632479 -0.011153339 0.791739881
1756482932330031872.000000 2.015013933 0.013375357 0.040290236 -0.014224612 0.607280552 -0.009251099 0.794306338
1756482932396892672.000000 2.015426397 0.013465151 0.042566180 -0.015893137 0.600466073 -0.007827790 0.799454033
1756482932430324224.000000 2.013704777 0.013001237 0.042876363 -0.013007776 0.597677827 -0.009147133 0.801578760
1756482932497188352.000000 2.010254860 0.012460105 0.041599989 -0.009587143 0.591632366 -0.010582254 0.806081533
1756482932530620928.000000 2.008892059 0.012627669 0.040705204 -0.007555247 0.586065352 -0.011568971 0.810146034
1756482932597486848.000000 2.008979082 0.012612250 0.042219162 -0.009727437 0.575586379 -0.010157757 0.817620039
1756482932664356352.000000 2.009271145 0.014476759 0.041840911 -0.010520115 0.565688014 -0.010625834 0.824483812
1756482932697791744.000000 2.006479979 0.015609570 0.044341803 -0.010677909 0.561711490 -0.010993321 0.827191293
1756482932764518400.000000 2.004085302 0.015483633 0.044602275 -0.010528654 0.552400053 -0.011437943 0.833434284
1756482932797853184.000000 2.002317190 0.014934067 0.045349598 -0.010169138 0.548232198 -0.011298358 0.836188078
1756482932864522240.000000 2.000547886 0.015220316 0.044478297 -0.009608295 0.538580954 -0.011517684 0.842440367
1756482932897856768.000000 2.001493216 0.015919171 0.043122411 -0.008994468 0.532801032 -0.012047799 0.846107006
1756482932931191296.000000 1.998718143 0.015867446 0.043494463 -0.008986673 0.528248072 -0.011802671 0.848960519
1756482932997858560.000000 1.996890903 0.015017942 0.042106986 -0.009951280 0.517507493 -0.011893392 0.855538189
1756482933031192832.000000 1.995211482 0.014787342 0.041159689 -0.010216196 0.512263894 -0.011342612 0.858692408
1756482933097861120.000000 1.991930008 0.015701022 0.040531933 -0.010180374 0.502217233 -0.011597017 0.864603817
1756482933131195392.000000 1.989371181 0.017298104 0.043527782 -0.009015120 0.499023259 -0.012303670 0.866454363
1756482933197863168.000000 1.981230021 0.018636025 0.046202302 -0.005147182 0.491448015 -0.011173896 0.870820045
1756482933231197184.000000 1.979545951 0.018386647 0.046844006 -0.003324587 0.485068470 -0.011600213 0.874392927
1756482933297864704.000000 1.978175879 0.017747223 0.050179899 0.000249156 0.472004235 -0.013601143 0.881491363
1756482933331198464.000000 1.979465246 0.018218143 0.054619431 -0.001862942 0.467366338 -0.012192548 0.883977711
1756482933364531968.000000 1.982548833 0.019103231 0.058738768 -0.004462254 0.462666661 -0.010956265 0.886453390
1756482933431199232.000000 1.990961790 0.020989541 0.064253092 -0.012014044 0.452596307 -0.007877409 0.891599894
1756482933497865216.000000 1.995104074 0.020819606 0.071096122 -0.010096819 0.443106055 -0.008743080 0.896369696
1756482933531198464.000000 1.996510029 0.021330129 0.073615432 -0.008018238 0.438366055 -0.009138769 0.898714304
1756482933597865216.000000 1.999133229 0.020337211 0.078724921 -0.006213068 0.428140372 -0.009742419 0.903638363
1756482933631198464.000000 2.001161575 0.020245593 0.081709087 -0.006338816 0.422890067 -0.009610009 0.906107843
1756482933697864704.000000 1.999240518 0.019522756 0.080467761 -0.009448857 0.413340658 -0.008323675 0.910489380
1756482933764535040.000000 2.003283024 0.019363487 0.086660683 -0.010339569 0.404037118 -0.007855986 0.914650500
1756482933831205632.000000 2.005212784 0.019185808 0.090868056 -0.011854700 0.394712538 -0.007125098 0.918700635
1756482933897875200.000000 2.002366781 0.021053974 0.092067957 -0.011383971 0.386465400 -0.007381120 0.922204196
1756482933964545792.000000 1.998889327 0.020228574 0.090274483 -0.008478734 0.381039530 -0.007696944 0.924487889
1756482934031216128.000000 1.996330976 0.019583404 0.089800775 -0.006374763 0.371557117 -0.008273537 0.928351402
1756482934097886208.000000 1.994905472 0.018894218 0.091802031 -0.008875091 0.361947238 -0.006448705 0.932134092
1756482934131221248.000000 1.996122837 0.019623764 0.092907965 -0.010030384 0.356196493 -0.007118841 0.934330165
1756482934197890816.000000 1.990284204 0.020115992 0.092342257 -0.009749622 0.345703959 -0.006501347 0.938270509
1756482934264560384.000000 1.988576174 0.020071389 0.092717081 -0.009668214 0.333831668 -0.005740862 0.942565680
1756482934331228928.000000 1.988892794 0.019230194 0.095705748 -0.009957262 0.323146671 -0.005617098 0.946279943
1756482934397898496.000000 1.983100891 0.019154586 0.094032407 -0.008316267 0.313426703 -0.004711793 0.949564338
1756482934431233024.000000 1.981688857 0.018856578 0.094654381 -0.007848348 0.308624148 -0.004772134 0.951139748
1756482934531236608.000000 1.978461027 0.018336393 0.095652848 -0.007083596 0.293362230 -0.005006812 0.955962002
1756482934597905152.000000 1.976260185 0.018407468 0.096034333 -0.007514822 0.283001304 -0.004788348 0.959078193
1756482934664573952.000000 1.975250483 0.018633155 0.096593633 -0.007946621 0.271989316 -0.004511426 0.962256968
1756482934731242240.000000 1.971712708 0.018640537 0.094881043 -0.008660141 0.261485845 -0.005860198 0.965150714
1756482934797908736.000000 1.970783114 0.018157426 0.098353371 -0.009360259 0.250294954 -0.003924591 0.968116462
1756482934864575744.000000 1.968607068 0.018215377 0.099280059 -0.010509506 0.239385888 -0.004001549 0.970859408
1756482934931242752.000000 1.965976834 0.017994611 0.098280460 -0.005998488 0.227032065 -0.004384925 0.973859012
1756482935064575744.000000 1.965024829 0.017457999 0.109108940 -0.004436383 0.199547917 -0.004163235 0.979869246
1756482935097908736.000000 1.963626623 0.018879671 0.111681290 -0.007442002 0.194353372 -0.004085413 0.980894864
1756482935197907456.000000 1.963899851 0.020088520 0.121249869 -0.010500483 0.177614033 -0.003107485 0.984039366
1756482935231239424.000000 1.963341355 0.020028185 0.124348491 -0.009350170 0.172277316 -0.003752268 0.984996974
1756482935297904640.000000 1.964315414 0.017219201 0.125187606 -0.007350772 0.160762236 -0.004479082 0.986955643
1756482935364570112.000000 1.961403489 0.018799832 0.133087605 -0.006007048 0.149890512 -0.003593181 0.988677859
1756482935431234816.000000 1.960316420 0.019504957 0.140068740 -0.008930719 0.138740554 -0.002188199 0.990286112
1756482935497899776.000000 1.958507776 0.020829868 0.145445943 -0.009535774 0.128755987 -0.003019379 0.991625905
1756482935564563968.000000 1.960553408 0.017040696 0.149525613 -0.007745276 0.115772933 -0.001747561 0.993243992
1756482935631228160.000000 1.957063437 0.015364301 0.153298870 -0.005115299 0.104959503 -0.000353715 0.994463325
1756482935697891072.000000 1.953500509 0.014546273 0.153857291 -0.003787966 0.093822151 -0.002296194 0.995579123
1756482935764559104.000000 1.951873899 0.014246221 0.159372732 -0.005303888 0.082160085 -0.001684068 0.996603668
1756482935831228160.000000 1.958442450 0.017391002 0.173749194 -0.009697704 0.069038667 -0.001576477 0.997565627
1756482935964565760.000000 1.949434280 0.017162649 0.184103847 -0.009490653 0.051625974 -0.001547296 0.998620212
1756482936031234048.000000 1.947676659 0.017304121 0.188352674 -0.007083999 0.038601130 -0.001137354 0.999228954
1756482936097902592.000000 1.946519613 0.018702108 0.193431944 -0.007289519 0.025542242 -0.001037145 0.999646664
1756482936331238400.000000 1.954411149 0.019085903 0.220434234 -0.009278798 0.013241910 0.000333870 0.999869287
1756482936397905920.000000 1.953078628 0.021502299 0.230524644 -0.010177127 0.014160230 -0.000277033 0.999848008
1756482936464572672.000000 1.953519702 0.021184886 0.237949967 -0.008342143 0.015431949 -0.000724560 0.999845922
1756482936531239424.000000 1.957133412 0.017929606 0.243404627 -0.008017397 0.015058137 0.000301476 0.999854505
1756482936597905152.000000 1.957147837 0.017999995 0.250386864 -0.010298038 0.014520643 0.000453707 0.999841452
1756482936664571648.000000 1.957596421 0.018124135 0.256993324 -0.010078419 0.013948760 0.000062224 0.999851942
1756482936797905152.000000 1.956247449 0.018932991 0.265088946 -0.006045944 0.013006579 -0.000150801 0.999897122
1756482936864572160.000000 1.955878139 0.020699741 0.271738201 -0.007916028 0.011775636 -0.000605243 0.999899209
1756482936897905408.000000 1.956533551 0.018739421 0.274807125 -0.009324667 0.011705719 -0.000096426 0.999888062
1756482936964571648.000000 1.957154512 0.018343532 0.282724082 -0.009115748 0.011838986 0.000180099 0.999888361
1756482937031236864.000000 1.958592415 0.019315092 0.290239155 -0.008083152 0.011627452 0.000134728 0.999899745
1756482937264566272.000000 1.957559466 0.021674201 0.313586086 -0.008005884 0.009962015 0.000147458 0.999918342
1756482937331231232.000000 1.957762122 0.021681476 0.319532663 -0.006046835 0.009918360 0.000728602 0.999932349
1756482937397895936.000000 1.958033681 0.022599639 0.324302018 -0.006328561 0.010375995 0.000198587 0.999926150
1756482937564555008.000000 1.959285498 0.022752017 0.344010860 -0.010288868 0.009619862 0.000542819 0.999900699
1756482937631218688.000000 1.959493160 0.023684040 0.348294556 -0.007856971 0.007709673 0.000900506 0.999939024
1756482937697882112.000000 1.960412383 0.022454947 0.353115767 -0.006615418 0.007593155 0.000823243 0.999948978
1756482937797882368.000000 1.960248470 0.022728918 0.363252819 -0.005387050 0.009272795 -0.000151772 0.999942482
1756482937931215616.000000 1.958701134 0.024445327 0.378124923 -0.008797836 0.010473663 -0.000885145 0.999906123
1756482937997882368.000000 1.959819078 0.024431773 0.384798527 -0.008699745 0.009655214 -0.001086573 0.999914944
1756482938064548608.000000 1.959718347 0.024225755 0.388001621 -0.005373574 0.008276135 -0.001029822 0.999950826
1756482938131214848.000000 1.959512949 0.024090340 0.393368363 -0.003866334 0.006934361 -0.000875317 0.999968112
1756482938197880832.000000 1.960251927 0.024952250 0.400804281 -0.005559178 0.006565318 -0.000376274 0.999962926
1756482938297879296.000000 1.960578799 0.025660703 0.412399918 -0.007350969 0.007411127 -0.000761798 0.999945283
1756482938397875968.000000 1.961133957 0.025308419 0.422174394 -0.006558523 0.007257610 -0.000591755 0.999952018
1756482938464540672.000000 1.959518433 0.026055500 0.428734988 -0.006430803 0.008539909 -0.001416753 0.999941826
1756482938531205376.000000 1.959727049 0.026264824 0.434197217 -0.004277155 0.008942915 -0.001507315 0.999949753
1756482938597869568.000000 1.960808158 0.026990509 0.441433012 -0.005193442 0.009182354 -0.000543560 0.999944210
1756482938797862912.000000 1.962159038 0.026392180 0.461436212 -0.008322188 0.005410203 0.000340435 0.999950707
1756482938864528640.000000 1.961579442 0.026544131 0.466903031 -0.007251655 0.005588457 -0.000225310 0.999958098
1756482938964526336.000000 1.962083459 0.026955631 0.477052510 -0.006114473 0.006405667 -0.000304726 0.999960780
1756482939031191296.000000 1.960712194 0.027179850 0.483981520 -0.006076269 0.006945812 -0.000848370 0.999957085
1756482939164520192.000000 1.960609078 0.028139256 0.496988654 -0.008749683 0.007126409 -0.001740764 0.999934852
1756482939231183360.000000 1.960994959 0.027649550 0.501528323 -0.006153625 0.006717011 -0.000981944 0.999958098
1756482939297847040.000000 1.960566998 0.027573785 0.507897139 -0.006804574 0.007283472 -0.002265929 0.999947786
1756482939531167744.000000 1.962085724 0.029185869 0.531989694 -0.004487633 0.004443216 -0.000079021 0.999980092
1756482939597830144.000000 1.961282134 0.028787496 0.538239539 -0.006648171 0.004640550 0.000033516 0.999967158
1756482939664491264.000000 1.961878538 0.030236343 0.545545280 -0.006303201 0.004814424 -0.000421742 0.999968469
1756482939731154176.000000 1.962382793 0.029887710 0.551808476 -0.004668903 0.006053626 0.000050851 0.999970794
1756482939797821952.000000 1.962248087 0.029955238 0.557566047 -0.004484667 0.008433364 -0.000957664 0.999953926
1756482939864489472.000000 1.962792158 0.029354114 0.564996302 -0.007492398 0.008243443 -0.002129017 0.999935746
1756482939931156736.000000 1.961802483 0.029640079 0.570705295 -0.007037163 0.007882087 -0.001933617 0.999942303
1756482940064490496.000000 1.962289095 0.028262613 0.581771851 -0.004682880 0.005417758 -0.001366961 0.999973476
1756482940131155712.000000 1.962805152 0.029584814 0.591254532 -0.005614035 0.004208824 -0.000996445 0.999974906
1756482940197822208.000000 1.962414384 0.029221198 0.596170068 -0.007459136 0.005348179 -0.000718426 0.999957621
1756482940331153664.000000 1.961848378 0.030527635 0.607763410 -0.004512495 0.004168426 -0.000416538 0.999981105
1756482940431151616.000000 1.963213086 0.030761596 0.617380500 -0.003776698 0.002703082 -0.000103730 0.999989212
1756482940497816576.000000 1.964190483 0.030280240 0.623280764 -0.003064532 0.002587223 0.000491767 0.999991834
1756482940564480512.000000 1.964332342 0.030040473 0.629244030 -0.004067444 0.003096975 0.000127435 0.999987006
1756482940731142144.000000 1.963897824 0.031775191 0.650806487 -0.006638848 0.003538443 -0.001099185 0.999971151
1756482940797810432.000000 1.963833451 0.032986000 0.657147348 -0.004366422 0.003442590 -0.001167732 0.999983907
1756482940864478208.000000 1.963022709 0.032799888 0.661423445 -0.004186931 0.003589122 -0.001750017 0.999983311
1756482940931145728.000000 1.963126421 0.031199533 0.663236201 -0.003252381 0.002774149 -0.001589502 0.999989629
1756482940997812224.000000 1.962611198 0.031803686 0.671847403 -0.004576480 -0.001415450 -0.001006680 0.999988019
1756482941064479232.000000 1.960737944 0.031670719 0.677882850 -0.005532415 -0.015479438 -0.000797198 0.999864578
1756482941264478976.000000 1.954814434 0.030852275 0.692842305 -0.001816751 -0.048767030 0.000284552 0.998808503
1756482941364478208.000000 1.950703025 0.031148627 0.702454329 -0.004692866 -0.066120088 0.000756845 0.997800350
1756482941431143424.000000 1.947820783 0.031913906 0.708498716 -0.005602997 -0.076568045 0.000246492 0.997048676
1756482941531140608.000000 1.943186402 0.032012485 0.716010928 -0.004314716 -0.091792837 0.000207158 0.995768785
1756482941631137792.000000 1.940095186 0.031562820 0.722993016 -0.002479785 -0.099575698 0.000181065 0.995026886
1756482941731135744.000000 1.938612700 0.031632897 0.732758880 -0.002738274 -0.099358685 0.000771471 0.995047629
1756482941831137792.000000 1.937135577 0.032191768 0.744267702 -0.004255664 -0.098743089 0.000898596 0.995103478
1756482941897805056.000000 1.935596943 0.032428682 0.751089931 -0.004995841 -0.096929029 0.000841765 0.995278478
1756482941997806080.000000 1.932711601 0.032813016 0.760194480 -0.004710150 -0.096001044 0.000469463 0.995370030
1756482942064473344.000000 1.932145357 0.032708619 0.765934885 -0.003753269 -0.097053453 0.001375416 0.995271146
1756482942131140352.000000 1.931700110 0.033069182 0.773063302 -0.004573211 -0.097371988 0.001567975 0.995236337
1756482942231140096.000000 1.929959297 0.033729039 0.783919871 -0.006380370 -0.094971202 0.000241194 0.995459557
1756482942297806592.000000 1.928466082 0.033651825 0.790042102 -0.006075391 -0.094174467 -0.000401569 0.995537162
1756482942397804544.000000 1.926953316 0.033062298 0.797028959 -0.003422251 -0.096661754 -0.001608937 0.995310128
1756482942497802752.000000 1.920789242 0.032944571 0.805055857 -0.004772363 -0.121651575 -0.000124718 0.992561460
1756482942564467712.000000 1.917735696 0.033338170 0.811359346 -0.005614530 -0.134872064 0.001003596 0.990846574
1756482942631132928.000000 1.915186405 0.033982061 0.816255510 -0.005689537 -0.144627720 0.001741990 0.989468277
1756482942731130624.000000 1.911183834 0.033519942 0.821844876 -0.002326353 -0.160031989 0.002972263 0.987104654
1756482942931133184.000000 1.899297476 0.034731973 0.837791026 -0.004672372 -0.182374641 0.001377697 0.983217061
1756482942997800704.000000 1.898033977 0.034924414 0.843962491 -0.004075595 -0.180267408 0.002151938 0.983606875
1756482943097801472.000000 1.896704674 0.033780612 0.850560367 -0.000529412 -0.179175735 0.004005837 0.983808875
1756482943164468224.000000 1.894163609 0.034427922 0.857586920 -0.002009430 -0.177509651 0.003025809 0.984112382
1756482943264466688.000000 1.888672352 0.035365716 0.869558811 -0.006884470 -0.176828369 0.000427538 0.984217584
1756482943364465664.000000 1.885784507 0.035247311 0.877976656 -0.004427521 -0.176910982 0.001838012 0.984215260
1756482943431131648.000000 1.884488463 0.035255406 0.882319272 -0.001869668 -0.176721722 0.001577544 0.984257877
1756482943531129600.000000 1.880879641 0.035242043 0.892740190 -0.003119891 -0.177260220 0.002028408 0.984157026
1756482943597794816.000000 1.877541304 0.035983764 0.899882078 -0.005919160 -0.181728199 0.001734479 0.983329475
1756482943664458496.000000 1.873323202 0.036437843 0.904166520 -0.006807081 -0.195000693 0.002393329 0.980776608
1756482943731124224.000000 1.869485617 0.036272835 0.908110261 -0.005370333 -0.207689539 0.003415002 0.978174150
1756482943831128064.000000 1.863844872 0.035835676 0.912578344 -0.003373833 -0.223889172 0.003749527 0.974601567
1756482943897797376.000000 1.859875083 0.035429854 0.917123675 -0.003712810 -0.234215021 0.003880244 0.972170055
1756482943997800704.000000 1.853159308 0.035611592 0.923850298 -0.004851136 -0.250517786 0.004098839 0.968091190
1756482944164470528.000000 1.843080282 0.035840113 0.932143927 -0.003214021 -0.278465748 0.005122108 0.960427165
1756482944231138560.000000 1.838911057 0.036524355 0.936099529 -0.002619751 -0.288523734 0.005594051 0.957452834
1756482944331139840.000000 1.831149101 0.037051089 0.941508293 -0.002556952 -0.301900059 0.004386966 0.953326106
1756482944397807104.000000 1.826146603 0.036394827 0.945295990 -0.003489745 -0.312734544 0.004573789 0.949823201
1756482944464474368.000000 1.821997643 0.036225189 0.947780311 -0.002451298 -0.324076742 0.005815742 0.946009755
1756482944631140096.000000 1.808816671 0.036953039 0.955577075 -0.002855802 -0.350807905 0.005608968 0.936426282
1756482944731139584.000000 1.801834106 0.038510580 0.963821769 -0.001916106 -0.356207222 0.006649654 0.934381425
1756482944797807872.000000 1.798231602 0.037301730 0.967165112 -0.002313286 -0.354184419 0.006387463 0.935150921
1756482944864475648.000000 1.793687463 0.037448224 0.971664846 -0.002720031 -0.354603440 0.006689537 0.934988916
1756482944931143168.000000 1.789149880 0.037759949 0.976400673 -0.002309619 -0.353918225 0.006130734 0.935253441
1756482944997809664.000000 1.785607696 0.037374396 0.980466485 -0.002431668 -0.354152739 0.006021625 0.935165048
1756482945097809920.000000 1.778916359 0.038690291 0.989697158 -0.001572419 -0.354942650 0.007071130 0.934860051
1756482945197810176.000000 1.773075581 0.038259435 0.997521281 -0.002618341 -0.355258584 0.007238787 0.934736371
1756482945264476416.000000 1.768077850 0.039614365 1.002972364 -0.001563312 -0.354167849 0.007757174 0.935148418
1756482945364475136.000000 1.762565613 0.037518639 1.009879351 -0.001306418 -0.353329986 0.007842743 0.935464978
1756482945431140864.000000 1.758312464 0.037829176 1.014693379 -0.002569301 -0.352236122 0.007371228 0.935878694
1756482945531137792.000000 1.749415159 0.040237844 1.022481441 -0.003067828 -0.362354368 0.007191539 0.932007611
1756482945597802496.000000 1.743820667 0.040651925 1.024627209 -0.002408037 -0.375531524 0.007296756 0.926777780
1756482945664467200.000000 1.739083886 0.040409938 1.026045561 -0.001080972 -0.387018561 0.007904283 0.922037482
1756482945764466432.000000 1.731011271 0.040822573 1.030262113 -0.000622047 -0.402661115 0.008886927 0.915305793
1756482945831134720.000000 1.726145625 0.041831248 1.032831669 -0.001761289 -0.412543029 0.008647765 0.910895407
1756482945897801984.000000 1.718685389 0.042438272 1.036799192 -0.001643901 -0.422835946 0.008501837 0.906164885
1756482945997803264.000000 1.710636258 0.042684808 1.039564610 -0.000582937 -0.438298434 0.009865162 0.898775220
1756482946131137280.000000 1.700627804 0.041454397 1.042221785 0.000226509 -0.456356734 0.010682262 0.889732778
1756482946197804288.000000 1.697795987 0.041317202 1.042462587 0.001172287 -0.465689391 0.011512695 0.884872675
1756482946297803776.000000 1.688844919 0.041284602 1.045162082 0.000297855 -0.480737656 0.011471125 0.876789451
1756482946364468992.000000 1.681941628 0.041526921 1.046141863 0.000613226 -0.490080416 0.011073702 0.871606708
1756482946431134720.000000 1.676021814 0.041601721 1.047948122 0.000853812 -0.499451220 0.010904402 0.866272986
1756482946497800704.000000 1.669300079 0.041612580 1.050380588 0.001439136 -0.510144830 0.011627270 0.860008776
1756482946564465664.000000 1.663802385 0.042312752 1.050851583 0.001311235 -0.520565510 0.012335971 0.853731692
1756482946631130880.000000 1.658703208 0.042109776 1.050337434 0.001537571 -0.529704571 0.012169485 0.848093510
1756482946697795584.000000 1.652443051 0.042037331 1.050701976 0.000858592 -0.539181173 0.012048242 0.842103183
1756482946764463104.000000 1.646790266 0.042872995 1.050915718 0.000135133 -0.548647285 0.011904886 0.835969150
1756482946831130624.000000 1.641204357 0.042844839 1.051443934 0.000086037 -0.557425380 0.011479470 0.830147684
1756482946931132672.000000 1.636150002 0.040486947 1.052273989 -0.000701169 -0.571647406 0.011882060 0.820413172
1756482946997800704.000000 1.630465865 0.041314960 1.052296519 -0.001105699 -0.580968082 0.012004026 0.813837111
1756482947064468224.000000 1.623913646 0.041187920 1.053087473 -0.000768640 -0.590163171 0.012236630 0.807190955
1756482947131135488.000000 1.618594885 0.040869527 1.052401781 -0.000338576 -0.598270297 0.012615282 0.801195025
1756482947231134976.000000 1.610300064 0.041113995 1.051416993 0.000144643 -0.611508429 0.011963923 0.791147470
1756482947297801728.000000 1.602517247 0.039969258 1.049972653 0.000196650 -0.620225430 0.011276197 0.784342587
1756482947331134976.000000 1.599324107 0.039402924 1.049846888 -0.000244635 -0.624616563 0.011180830 0.780851603
1756482947397801216.000000 1.592238784 0.039839000 1.049640894 -0.000384100 -0.633356571 0.011124431 0.773780048
1756482947464467200.000000 1.594179749 0.037135504 1.054298759 -0.000548795 -0.643304169 0.010039505 0.765544653
1756482947531132672.000000 1.588162780 0.037323475 1.053167820 0.000003210 -0.653285265 0.009599025 0.757051051
1756482947631130880.000000 1.579791665 0.037257079 1.053015232 0.000199454 -0.665469885 0.009700089 0.746361673
1756482947697794816.000000 1.574511170 0.037199602 1.051280975 -0.000273217 -0.673736930 0.008416360 0.738923311
1756482947731142912.000000 1.571634769 0.037159789 1.050179005 -0.000723412 -0.677768290 0.008453557 0.735226691
1756482947797899008.000000 1.566026211 0.036712497 1.049231648 -0.001135540 -0.686156809 0.008492975 0.727403224
1756482947864656640.000000 1.560496330 0.036169983 1.047701240 -0.000168133 -0.694146335 0.008650469 0.719781995
1756482947931416832.000000 1.555768013 0.034695372 1.045048714 0.000140730 -0.701899171 0.009605512 0.712211609
1756482947998178816.000000 1.547559381 0.034508985 1.039613962 -0.000592208 -0.709297776 0.009306791 0.704847395
1756482948064942592.000000 1.540750504 0.034221455 1.037853956 -0.001092438 -0.716973662 0.008772119 0.697044194
1756482948131707648.000000 1.535928011 0.033730730 1.035578132 0.001382724 0.724547446 -0.008544947 -0.689170599
1756482948198475776.000000 1.529550076 0.033649221 1.033223510 0.001224751 0.732465088 -0.008426693 -0.680751383
1756482948265245952.000000 1.524549484 0.033562861 1.031059027 0.000589891 0.740459323 -0.009177919 -0.672038257
1756482948332018176.000000 1.520277500 0.032999933 1.027776718 0.000200475 0.748493791 -0.010079472 -0.663065195
1756482948398792192.000000 1.516581535 0.032535110 1.027652979 0.000755927 0.756610870 -0.009589384 -0.653794765
1756482948465568256.000000 1.507842064 0.033030059 1.022229075 0.001230442 0.763979137 -0.010749795 -0.645150304
1756482948498957056.000000 1.506219625 0.032676093 1.018307209 -0.000982380 -0.766893387 0.011061475 0.641678512
1756482948565735680.000000 1.500187397 0.033003703 1.014909506 0.000132646 -0.773324013 0.011050529 0.633914769
1756482948632516864.000000 1.494747639 0.033757173 1.014551520 0.000203864 0.781092525 -0.011720378 -0.624305308
1756482948699300352.000000 1.490030646 0.034018740 1.011071324 0.000075474 0.788019657 -0.011711068 -0.615538716
1756482948732674304.000000 1.487705708 0.034622017 1.009276152 0.000174133 0.791471720 -0.011917003 -0.611089587
1756482948799357184.000000 1.483031750 0.034647699 1.006575108 0.000071301 0.798266709 -0.012696302 -0.602170408
1756482948866040064.000000 1.476622820 0.037716080 1.008438230 -0.000824942 0.806138813 -0.014466540 -0.591549039
1756482948932722688.000000 1.471432447 0.035990234 1.004144430 -0.000042870 0.812411964 -0.013265898 -0.582932949
1756482948999404544.000000 1.466393471 0.031806942 0.993845463 -0.000411418 -0.817872941 0.011234729 0.575289071
1756482949032745984.000000 1.464592218 0.031568632 0.992202997 -0.000318768 -0.820998967 0.011665228 0.570810437
1756482949099428864.000000 1.459337473 0.034775689 0.993456364 -0.000880164 0.828290761 -0.013943999 -0.560124397
1756482949166111744.000000 1.454119444 0.034540035 0.989845634 -0.000574246 0.834531426 -0.012963863 -0.550807595
1756482949232794880.000000 1.449990273 0.034542665 0.984718680 -0.000508064 0.840074182 -0.012222613 -0.542333543
1756482949266136064.000000 1.447442889 0.035135388 0.982270360 -0.000855739 0.842957914 -0.012180598 -0.537841082
1756482949332818944.000000 1.441839099 0.035713047 0.977201223 -0.001016780 0.849362552 -0.012323218 -0.527665138
1756482949399502080.000000 1.437343240 0.036003068 0.972219825 -0.001055708 0.855466604 -0.011912713 -0.517719865
1756482949432843520.000000 1.436483383 0.035495073 0.970159888 -0.001031964 0.858419597 -0.012394775 -0.512797475
1756482949499525376.000000 1.434220195 0.034244604 0.969416976 0.000485713 -0.864503384 0.012929768 0.502460480
1756482949566208256.000000 1.429527521 0.034338325 0.965664983 0.000504136 -0.869988501 0.013845286 0.492877394
1756482949632891136.000000 1.424126983 0.031004997 0.949136972 -0.000409832 -0.873741448 0.011888445 0.486245215
1756482949699574016.000000 1.421237469 0.034491491 0.955927968 0.000113052 -0.880534232 0.013571139 0.473788321
1756482949732915712.000000 1.418939829 0.034925774 0.953490496 0.000475410 -0.883036733 0.013457359 0.469110638
1756482949799599360.000000 1.414581656 0.035126202 0.948552728 0.001083535 -0.888102770 0.013131775 0.459456056
1756482949866283264.000000 1.410890222 0.034660704 0.943341732 0.000582000 -0.893665671 0.013458773 0.448531240
1756482949899624192.000000 1.409618616 0.034451287 0.941153884 0.000408178 -0.896314263 0.013472184 0.443214506
1756482949966307840.000000 1.406563759 0.034368299 0.937074184 0.000304029 -0.901372015 0.012904652 0.432853222
1756482950032991744.000000 1.417035103 0.032903824 0.931564212 0.000897357 -0.903226972 0.014087529 0.428931057
1756482950099675648.000000 1.411614180 0.032673057 0.926900387 0.000393986 -0.902075350 0.013917140 0.431354016
1756482950166359552.000000 1.387725472 0.038752016 0.929705024 -0.001652526 0.901427925 -0.015843784 -0.432636142
1756482950233043200.000000 1.402763009 0.033196457 0.921833038 -0.002457307 0.900753796 -0.017448850 -0.433972538
1756482950266385408.000000 1.399858475 0.034007922 0.919251204 0.002249053 -0.900804698 0.016540114 0.433903724
1756482950333068032.000000 1.393838644 0.034803793 0.914906740 0.001661138 -0.901126444 0.014404877 0.433313847
1756482950399751936.000000 1.388846636 0.035977110 0.911061525 0.001844838 -0.901105881 0.014831798 0.433341533
1756482950466435840.000000 1.384264827 0.035108887 0.907620192 0.001791958 -0.901502550 0.015828770 0.432480663
1756482950499777792.000000 1.381353855 0.035207219 0.905167460 0.002146113 -0.902849615 0.016551875 0.429632396
1756482950566461440.000000 1.379076600 0.032495800 0.899626017 0.000849495 -0.907963574 0.014077364 0.418811768
1756482950599803648.000000 1.374579668 0.036214534 0.893175364 -0.001279344 0.910612464 -0.014544744 -0.413003445
1756482950666487552.000000 1.373071194 0.034382615 0.891514659 0.002030494 -0.915438712 0.015377064 0.402158439
1756482950733171456.000000 1.371465683 0.033185553 0.887477517 0.002467605 -0.919980884 0.016099621 0.391624689
1756482950799853824.000000 1.369013309 0.032572828 0.881893277 -0.002668328 0.924373806 -0.016493879 -0.381122112
1756482950866537216.000000 1.366497278 0.032565586 0.875763893 -0.002935859 0.928440750 -0.016726339 -0.371092260
1756482950899878656.000000 1.365217447 0.032117665 0.872993946 0.003132683 -0.930597603 0.016468050 0.365659982
1756482950966562048.000000 1.362940550 0.032099251 0.867978811 0.002986769 -0.934620261 0.016205812 0.355265498
1756482951033245440.000000 1.359727621 0.032594223 0.862806797 0.003082235 -0.935394764 0.015884044 0.353235006
1756482951066587136.000000 1.357238293 0.031969436 0.858619928 0.002680139 -0.934618771 0.015290052 0.355312407
1756482951133270272.000000 1.352219343 0.032470129 0.854384661 0.003437881 -0.933775604 0.016352428 0.357468843
1756482951199953664.000000 1.347427964 0.032315377 0.850033998 0.003529999 -0.933898151 0.016976973 0.357118398
1756482951233294592.000000 1.345353603 0.031888388 0.847644448 0.003415597 -0.934027314 0.016676089 0.356795847
1756482951299977728.000000 1.341257334 0.032043748 0.842989087 0.003720339 -0.934224904 0.018259641 0.356197447
1756482951366660864.000000 1.337365150 0.030684203 0.838420391 0.003530434 -0.934400797 0.019026240 0.355697542
1756482951433344000.000000 1.332287312 0.030353785 0.833010554 0.003114377 -0.934461594 0.018074850 0.355591357
1756482951500027648.000000 1.327587366 0.031176623 0.827129364 0.002981626 -0.934288263 0.016992642 0.356100798
1756482951566711040.000000 1.322896957 0.031160017 0.822657466 0.002936335 -0.933993697 0.016506240 0.356895983
1756482951633394176.000000 1.318847656 0.030542657 0.818419576 0.003212837 -0.933833957 0.016216986 0.357324660
1756482951700076288.000000 1.313963175 0.031120857 0.813800454 -0.003072057 0.935434639 -0.017201794 -0.353067696
1756482951733418240.000000 1.312694550 0.031184491 0.811482430 -0.003053201 0.937765360 -0.017662097 -0.346806735
1756482951800102144.000000 1.311891317 0.030841893 0.805809379 -0.003440068 0.942514241 -0.017953947 -0.333665818
1756482951866786560.000000 1.310351729 0.030104723 0.800192595 -0.003508355 0.946414769 -0.018459653 -0.322406679
1756482951933470464.000000 1.308720589 0.029490862 0.794155121 0.004258978 -0.949890614 0.017794179 0.312046766
1756482952000154624.000000 1.306223392 0.029157881 0.789930344 -0.003850488 0.953474462 -0.017693827 -0.300929636
1756482952066839040.000000 1.304410577 0.029256722 0.783952713 -0.003579180 0.956874371 -0.018330015 -0.289901227
1756482952133521920.000000 1.301464200 0.029008837 0.777226090 -0.003998352 0.957674205 -0.018118730 -0.287255734
1756482952200206080.000000 1.296732903 0.029498694 0.771407008 -0.003136892 0.956879735 -0.017389914 -0.289946437
1756482952266889984.000000 1.292662978 0.029073564 0.766326189 -0.002999399 0.956769764 -0.017442120 -0.290307611
1756482952333574656.000000 1.288635492 0.029140353 0.760359168 -0.002938199 0.956614852 -0.017184408 -0.290833592
1756482952400258560.000000 1.285216928 0.029556537 0.754809499 -0.003689772 0.956347227 -0.017588636 -0.291679770
1756482952466942720.000000 1.281961679 0.028928829 0.750077844 -0.004397877 0.956279814 -0.018326661 -0.291845381
1756482952533627136.000000 1.277803659 0.029665455 0.745041370 -0.004835897 0.956546068 -0.019084634 -0.290915877
1756482952600310272.000000 1.273756862 0.029709319 0.739743114 -0.004244201 0.957057059 -0.018190110 -0.289297372
1756482952633652480.000000 1.271734238 0.029445807 0.737048030 -0.003733512 0.957261324 -0.017724410 -0.288656861
1756482952700336640.000000 1.267320514 0.029278766 0.730858207 0.003096664 -0.957331717 0.016897393 0.288480401
1756482952800361216.000000 1.261410236 0.029047495 0.722408295 0.002481074 -0.957480252 0.016579743 0.288011402
1756482952867044096.000000 1.258049130 0.028147710 0.717951894 -0.002885650 0.957143664 -0.017440721 -0.289073706
1756482952967068160.000000 1.252736807 0.027882395 0.709914565 -0.003125595 0.957033634 -0.018223273 -0.289387107
1756482953033749760.000000 1.248474598 0.028534643 0.704256058 0.002801291 -0.957186222 0.017439082 0.288933575
1756482953100432384.000000 1.245211482 0.027527567 0.698644042 0.003018910 -0.956911564 0.016626623 0.289887518
1756482953167115264.000000 1.241725683 0.027340822 0.693438411 0.002877158 -0.956888318 0.016206872 0.289989501
1756482953200456704.000000 1.239850879 0.027466493 0.690608859 0.003356579 -0.956893623 0.016449425 0.289953053
1756482953267139072.000000 1.235510945 0.028107867 0.684560895 0.003590174 -0.957176208 0.017322658 0.288965195
1756482953333821696.000000 1.231389403 0.028019745 0.679271460 0.003118053 -0.957358897 0.017275099 0.288367599
1756482953400504576.000000 1.227453351 0.027248504 0.673623323 0.003285640 -0.957266688 0.016622189 0.288709998
1756482953467186176.000000 1.223547101 0.027302176 0.668250561 0.002854196 -0.957191169 0.017233131 0.288929105
1756482953533868800.000000 1.219567418 0.028089238 0.662631154 0.003094048 -0.957078755 0.017378278 0.289289951
1756482953600551680.000000 1.216385007 0.026547022 0.658125877 -0.002846517 0.956960022 -0.017532216 -0.289675862
1756482953667234304.000000 1.211689949 0.026951661 0.651530504 -0.003249646 0.956817031 -0.016856248 -0.290183455
1756482953733916672.000000 1.208512068 0.026732795 0.645713210 -0.003386846 0.956824243 -0.015703533 -0.290223002
1756482953800599552.000000 1.205955863 0.027486853 0.640983582 0.003354234 -0.956929326 0.017057184 0.289800227
1756482953867282432.000000 1.202768326 0.027043138 0.636151791 -0.003708276 0.957039118 -0.018343933 -0.289354324
1756482953900623104.000000 1.200757384 0.026663015 0.633769751 -0.003474808 0.957127810 -0.018314209 -0.289065480
1756482953967305984.000000 1.196270227 0.026359083 0.627655149 0.002928042 -0.957308114 0.017265666 0.288538754
1756482954033988608.000000 1.190845966 0.027526531 0.621019244 0.002573212 -0.957380295 0.015928375 0.288379252
1756482954067330048.000000 1.189712048 0.027731940 0.618152499 0.002916348 -0.957283914 0.015498567 0.288719445
1756482954134012928.000000 1.186400890 0.025400547 0.612480760 -0.003122004 0.957155764 -0.016021639 -0.289113104
1756482954200695808.000000 1.183559060 0.024704704 0.608476520 0.003584453 -0.957236350 0.017531237 0.288753152
1756482954267378688.000000 1.178356886 0.026904829 0.605098009 -0.002626125 0.957678199 -0.018109443 -0.287259072
1756482954334060288.000000 1.173880219 0.027049126 0.598820567 0.002682804 -0.957710743 0.017443888 0.287191033
1756482954400743168.000000 1.169600964 0.027157284 0.592767239 0.002378233 -0.957732379 0.016323483 0.287187546
1756482954467426048.000000 1.166130185 0.026641496 0.587257862 0.002732224 -0.957512259 0.017064489 0.287874609
1756482954534108928.000000 1.163553596 0.025235718 0.581497312 0.003950200 -0.957372248 0.017224206 0.288316101
1756482954600791552.000000 1.159282088 0.025479730 0.577115059 -0.002941479 0.957870483 -0.017988069 -0.286621541
1756482954667474176.000000 1.155000091 0.024120145 0.569692373 -0.002555229 0.958033383 -0.016210346 -0.286186785
1756482954767497472.000000 1.151685476 0.024100095 0.563731194 -0.003720046 0.957421303 -0.017827518 -0.288119614
1756482954834178048.000000 1.147858620 0.023780083 0.558990240 -0.003639574 0.957563758 -0.018694306 -0.287591875
1756482954900859392.000000 1.143612742 0.023880169 0.552617431 -0.003409115 0.957701683 -0.017758181 -0.287194133
1756482954967540736.000000 1.140301704 0.023957875 0.546603680 0.003343191 -0.957597971 0.017588491 0.287551284
1756482955067562752.000000 1.133642435 0.023212591 0.539191484 -0.003867151 0.957584202 -0.019752707 -0.287450016
1756482955134243840.000000 1.130620360 0.022364661 0.533543468 0.004454654 -0.957416773 0.019401545 0.288022488
1756482955234264576.000000 1.124673247 0.023849316 0.525205970 -0.004327904 0.957834899 -0.018839277 -0.286668539
1756482955300945664.000000 1.121130347 0.023719490 0.520458698 -0.003988362 0.957841277 -0.019932289 -0.286578000
1756482955367627008.000000 1.117388368 0.023566922 0.514799476 -0.003799008 0.957861483 -0.019632766 -0.286533862
1756482955434308096.000000 1.113677144 0.023336101 0.508825898 -0.003653489 0.957845569 -0.019425688 -0.286603004
1756482955500988928.000000 1.110252857 0.023317674 0.503970385 -0.003982763 0.957580149 -0.020432107 -0.287414372
1756482955534329600.000000 1.108492017 0.023109272 0.501455069 -0.004154754 0.957581758 -0.020527249 -0.287399828
1756482955634351104.000000 1.102915883 0.021707540 0.492075562 -0.004164689 0.957851946 -0.020684948 -0.286486447
1756482955701030912.000000 1.099778891 0.021746492 0.487441778 0.003705778 -0.957637072 0.020668898 0.287211418
1756482955801053184.000000 1.093443036 0.021050679 0.478292584 -0.003560987 0.957404256 -0.019315999 -0.288082182
1756482955834393856.000000 1.091514707 0.020864379 0.475651979 -0.003751891 0.957396448 -0.019475155 -0.288095117
1756482955934416384.000000 1.085705400 0.020421859 0.467590809 -0.003982520 0.957364142 -0.019762138 -0.288179755
1756482956001097728.000000 1.082220078 0.020799853 0.461960077 -0.004278931 0.957471848 -0.020274384 -0.287781954
1756482956067779328.000000 1.079416037 0.019707624 0.457076669 0.004726157 -0.957527637 0.021021591 0.287535608
1756482956167800320.000000 1.073251724 0.019528475 0.448049664 -0.004144424 0.957866251 -0.020684080 -0.286439121
1756482956201140992.000000 1.071047187 0.019776480 0.445179701 -0.004056948 0.957858205 -0.020432478 -0.286485106
1756482956301163520.000000 1.064770222 0.019577367 0.436363935 -0.004517788 0.957773268 -0.019779084 -0.286808133
1756482956367844608.000000 1.061292291 0.019587109 0.430969954 -0.004445951 0.957546711 -0.020087639 -0.287543207
1756482956434525952.000000 1.057485580 0.019101530 0.426074266 -0.004723570 0.957294345 -0.020505559 -0.288348407
1756482956501207296.000000 1.053662181 0.019507995 0.421208143 -0.004931974 0.957415581 -0.021254590 -0.287887931
1756482956567887616.000000 1.049618006 0.018484268 0.416575313 0.004387168 -0.957758486 0.021220200 0.286756456
1756482956667909376.000000 1.044923663 0.018118065 0.406305075 -0.004780720 0.957878172 -0.020800807 -0.286380768
1756482956701250048.000000 1.042932272 0.017872684 0.403837442 -0.004622685 0.957829535 -0.021207530 -0.286516130
1756482956767932928.000000 1.039300799 0.017712576 0.398145437 -0.004832174 0.957568288 -0.020714326 -0.287420601
1756482956867958784.000000 1.033561587 0.017287413 0.389949918 -0.004580447 0.957682729 -0.021052163 -0.287018716
1756482956934642432.000000 1.029849052 0.017093945 0.384089589 -0.005084713 0.957592189 -0.020933038 -0.287320733
1756482957001325312.000000 1.026469350 0.016998338 0.378868580 -0.005624534 0.957644105 -0.021777395 -0.287074894
1756482957068009472.000000 1.022011518 0.017170986 0.373861313 0.005218344 -0.957871914 0.022620173 0.286256075
1756482957134693376.000000 1.018631458 0.016940823 0.367960572 0.005430148 -0.957945824 0.021874400 0.286062956
1756482957201377280.000000 1.013641119 0.017051682 0.362389803 -0.004720355 0.958420873 -0.020765731 -0.284562886
1756482957268060928.000000 1.010227084 0.016350191 0.357380867 -0.004591082 0.958392441 -0.021452198 -0.284609735
1756482957334745088.000000 1.006711364 0.016061950 0.352339149 -0.005303829 0.958270788 -0.022271151 -0.284943670
1756482957401428992.000000 1.002661586 0.016312066 0.346320033 -0.004926530 0.958454967 -0.021542031 -0.284386665
1756482957501453824.000000 0.997239769 0.015932625 0.337454438 -0.005489955 0.957942188 -0.021600368 -0.286094695
1756482957568137984.000000 0.993943810 0.015808305 0.332816362 -0.006438638 0.957665682 -0.023314629 -0.286864996
1756482957634821888.000000 0.991108596 0.015508717 0.328540087 0.006311453 -0.957983255 0.024364008 0.285717815
1756482957668163840.000000 0.989022672 0.015468115 0.325706959 0.006201519 -0.958211541 0.023862226 0.284996241
1756482957768188416.000000 0.981915772 0.015776742 0.316060066 -0.004776908 0.958513975 -0.021119501 -0.284222007
1756482957834870272.000000 0.977942586 0.016050428 0.310173512 -0.004544208 0.958358109 -0.020615371 -0.284788102
1756482957868211200.000000 0.976022601 0.016074346 0.307271719 -0.004680456 0.958300352 -0.021292398 -0.284930110
1756482957968233216.000000 0.968302131 0.015017262 0.298707247 -0.003776185 0.953755915 -0.019398622 -0.299932152
1756482958034915072.000000 0.962538302 0.015065709 0.294914484 -0.003750750 0.949268043 -0.020231782 -0.313794374
1756482958101596928.000000 0.956412196 0.014764475 0.292082548 -0.004490398 0.947126031 -0.022670882 -0.320028424
1756482958168278784.000000 0.952744901 0.014789039 0.286625624 0.004536966 -0.947966278 0.022772990 0.317522943
1756482958234960896.000000 0.949300349 0.014210807 0.280398965 -0.005006264 0.948049307 -0.021419413 -0.317361951
1756482958334982400.000000 0.942375004 0.014632288 0.270793080 -0.004129319 0.948345244 -0.019179551 -0.316632956
1756482958401664000.000000 0.937436461 0.014687898 0.264966011 -0.003765346 0.948367298 -0.017764926 -0.316653907
1756482958468345856.000000 0.933914423 0.014381194 0.260699868 -0.004289016 0.948429346 -0.020392347 -0.316302896
1756482958568368640.000000 0.929205835 0.013669616 0.254352331 -0.004988304 0.948880672 -0.022120627 -0.314819515
1756482958601709312.000000 0.926605582 0.013399689 0.251127481 0.004681657 -0.948898315 0.021421351 0.314819455
1756482958701732096.000000 0.919399083 0.014105573 0.242613316 0.003903082 -0.948620558 0.020313719 0.315739185
1756482958768413696.000000 0.915471733 0.013370369 0.237330437 -0.003844891 0.948720992 -0.020237312 -0.315442950
1756482958835094528.000000 0.911684155 0.014146572 0.232216835 -0.003974015 0.948704720 -0.020287896 -0.315487027
1756482958901776128.000000 0.907361269 0.014349608 0.227259159 -0.004415449 0.948571622 -0.020547077 -0.315864414
1756482958968457472.000000 0.903322816 0.013761343 0.222298980 -0.004915996 0.948749185 -0.019908970 -0.315364033
1756482959001798400.000000 0.901335299 0.013505194 0.219675303 -0.004767827 0.948792756 -0.019980827 -0.315230757
1756482959068480000.000000 0.897558093 0.013315493 0.214602590 -0.004982150 0.948950946 -0.019834265 -0.314760208
1756482959135161344.000000 0.893802524 0.013216771 0.208715081 0.004767829 -0.948961377 0.019684272 0.314741462
1756482959201842944.000000 0.889950514 0.013295282 0.203071356 -0.005023320 0.948683262 -0.020656236 -0.315512538
1756482959268523520.000000 0.886566639 0.012836434 0.198204756 -0.005874562 0.948591471 -0.021578507 -0.315712333
1756482959335204864.000000 0.882988155 0.012434704 0.192212820 -0.005823296 0.948585331 -0.020528937 -0.315801591
1756482959401886208.000000 0.878968716 0.012338610 0.185678601 -0.005523772 0.948482335 -0.019063091 -0.316207916
1756482959468567552.000000 0.874586701 0.012695536 0.179927111 -0.005452762 0.948304176 -0.019061504 -0.316743016
1756482959568589824.000000 0.868547499 0.012431836 0.174566746 0.006395168 -0.948633552 0.021292690 0.315594822
1756482959635271424.000000 0.864836872 0.011888808 0.168890476 0.006636304 -0.948412776 0.019878339 0.316344947
1756482959701951744.000000 0.860071421 0.011271561 0.161758184 0.006766141 -0.947821736 0.017124018 0.318268836
1756482959768634112.000000 0.855892658 0.011569865 0.155401349 0.007184936 -0.947681606 0.015899157 0.318740159
1756482959801975808.000000 0.854006529 0.011671280 0.152647913 0.007267480 -0.947765112 0.015973581 0.318486184
1756482959868658944.000000 0.850601435 0.011738311 0.147865236 0.007318574 -0.948256493 0.017881811 0.316916943
1756482959935342336.000000 0.847040951 0.010986099 0.142448306 0.006937611 -0.948358178 0.017447883 0.316645384
1756482960035367424.000000 0.839687347 0.011493992 0.135227978 0.006274185 -0.948667943 0.016676707 0.315771639
1756482960102050816.000000 0.835654378 0.010890716 0.129556298 0.006012233 -0.948456466 0.016307391 0.316430509
1756482960168732928.000000 0.832056582 0.010575332 0.124789953 0.006438113 -0.948303461 0.017728273 0.316804171
1756482960235416064.000000 0.828363895 0.010569489 0.119355381 0.006420841 -0.948002994 0.017771937 0.317700148
1756482960302099712.000000 0.824357331 0.010241595 0.114174604 0.006196956 -0.947934091 0.016829863 0.317961246
1756482960368783104.000000 0.820421696 0.010058608 0.108730853 0.006653662 -0.948000312 0.016404392 0.317776620
1756482960435466240.000000 0.816708207 0.010248449 0.105119169 0.007520018 -0.948196113 0.019490873 0.316998005
1756482960502149632.000000 0.813275278 0.009391505 0.100355983 -0.007384426 0.948394954 -0.020235006 -0.316359222
1756482960568832256.000000 0.808939815 0.008749291 0.093863070 -0.006482176 0.948392212 -0.017687034 -0.316539824
1756482960635515648.000000 0.803888559 0.009349839 0.087727785 -0.006004393 0.948125660 -0.015827486 -0.317444861
1756482960702199040.000000 0.799772561 0.009342040 0.083204508 -0.006434370 0.948118746 -0.016846882 -0.317404538
1756482960768880640.000000 0.796723247 0.008629737 0.078897417 -0.007185259 0.948133707 -0.019034954 -0.317220092
1756482960835560704.000000 0.792063773 0.008260781 0.073128104 0.006808884 -0.948117018 0.018481681 0.317311078
1756482960902241280.000000 0.786259770 0.008522910 0.068159997 0.005394172 -0.948333979 0.016416797 0.316803128
1756482960968921344.000000 0.782030642 0.008459776 0.061627209 -0.005699987 0.947645605 -0.015128363 -0.318914622
1756482961035600640.000000 0.778477967 0.006800041 0.056936264 0.007661889 -0.944261491 0.017778538 0.328626782
1756482961102281216.000000 0.771718442 0.006102629 0.053650200 0.006933130 -0.939258099 0.017339734 0.342703432
1756482961168961024.000000 0.765219808 0.005367119 0.050030828 0.006485080 -0.935581505 0.017663855 0.352609187
1756482961202300928.000000 0.761827826 0.006792175 0.046123385 0.006884034 -0.933520019 0.017833680 0.358015597
1756482961268981248.000000 0.754050195 0.007247081 0.041406393 0.006230923 -0.929984331 0.016516967 0.367175251
1756482961335661312.000000 0.748887539 0.007222494 0.037488103 0.005688087 -0.929772854 0.016752401 0.367708474
1756482961402341376.000000 0.745764971 0.007122867 0.032435894 0.006904791 -0.929856837 0.017178081 0.367455572
1756482961469020672.000000 0.741397142 0.007241089 0.027858019 0.007381317 -0.929735959 0.017950682 0.367715091
1756482961535700224.000000 0.735761523 0.006832745 0.023158908 0.006692738 -0.930160761 0.017451691 0.366676569
1756482961602380288.000000 0.730568111 0.006914310 0.017888546 0.005829193 -0.930389225 0.016597511 0.366150916
1756482961669060352.000000 0.726023853 0.006097227 0.013633072 0.005165154 -0.930345058 0.016458457 0.366279423
1756482961702400256.000000 0.723686755 0.005689898 0.010950506 0.005517035 -0.930154860 0.016900444 0.366736948
1756482961769081600.000000 0.718568206 0.006034771 0.005755007 0.006112132 -0.929859638 0.017207701 0.367461026
1756482961835763712.000000 0.714573026 0.006461812 0.000711918 0.006721716 -0.929583967 0.017546898 0.368131310
1756482961902445056.000000 0.710064888 0.006660094 -0.004201233 0.007260690 -0.929433465 0.017786400 0.368489474
1756482961969127168.000000 0.705878377 0.005931657 -0.009239674 0.006781236 -0.929472268 0.016585989 0.368456751
1756482962035809536.000000 0.700767279 0.005329031 -0.013991594 0.007089070 -0.929470062 0.016800093 0.368446678
1756482962102491648.000000 0.696969748 0.004621210 -0.018481314 -0.007116241 0.929427266 -0.016653946 -0.368560851
1756482962169174016.000000 0.690556347 0.004409648 -0.023164272 0.006766108 -0.930039883 0.015786009 0.367057234
1756482962235856384.000000 0.685221910 0.004745620 -0.028365552 0.005760456 -0.930233896 0.015613746 0.366589725
1756482962302538752.000000 0.680357158 0.004086558 -0.032539308 0.006104229 -0.930314004 0.015846908 0.366370946
1756482962369219840.000000 0.676853478 0.003319700 -0.036986411 0.005593834 -0.930267692 0.016336411 0.366474926
1756482962435902208.000000 0.672845900 0.003015609 -0.042338610 0.005723246 -0.930055439 0.016049799 0.367023975
1756482962535925504.000000 0.664570451 0.002771837 -0.050395310 0.005736783 -0.925463378 0.015000906 0.378496706
1756482962602607616.000000 0.656709969 0.004947464 -0.054223657 0.005750524 -0.920435250 0.015832869 0.390532047
1756482962635948544.000000 0.651691318 0.003275590 -0.054148972 0.005808599 -0.918774545 0.016046170 0.394413710
1756482962702630656.000000 0.644818306 0.003029546 -0.056990266 0.005874762 -0.914897561 0.016924756 0.403288454
1756482962769313280.000000 0.637408137 0.003297435 -0.060285866 0.004863235 -0.910439372 0.016082805 0.413301229
1756482962802653696.000000 0.634190917 0.003341933 -0.061437249 0.004748840 -0.909374475 0.015954329 0.415645331
1756482962869336576.000000 0.629335284 0.002486780 -0.064773500 0.005199640 -0.909784853 0.016492249 0.414719909
1756482962936019200.000000 0.625300407 0.001829812 -0.069917142 0.005944615 -0.909757018 0.016149854 0.414784521
1756482963002702336.000000 0.618753374 0.002694386 -0.074951291 0.005305169 -0.910185039 0.016070176 0.413856030
1756482963069384960.000000 0.613583326 0.002201504 -0.079872131 0.003790377 -0.910128117 0.013878445 0.414077282
1756482963136067840.000000 0.609066069 0.001932849 -0.084002376 0.004139722 -0.909439564 0.014271079 0.415570587
1756482963202750720.000000 0.603904009 0.001693470 -0.087968111 -0.004729156 0.909736335 -0.014901132 -0.414892048
1756482963269432576.000000 0.598580003 0.001060977 -0.093185663 0.004048070 -0.909575582 0.013950974 0.415284663
1756482963336115456.000000 0.592755437 0.000990386 -0.096842229 -0.004880097 0.904317439 -0.014757196 -0.426577508
1756482963402798336.000000 0.583727002 0.002064695 -0.099326491 0.005555888 -0.898014963 0.015540434 0.439655304
1756482963469481216.000000 0.576913416 0.000840552 -0.101598084 0.004984034 -0.893446386 0.014701863 0.448901534
1756482963536164352.000000 0.569448948 0.000473357 -0.104933441 0.005028732 -0.888495207 0.013920452 0.458647341
1756482963602846976.000000 0.561994195 0.001212680 -0.107370436 0.004952618 -0.883543551 0.013803069 0.468119502
1756482963636188416.000000 0.558668971 0.001457847 -0.108451843 0.005169221 -0.880954683 0.013951672 0.472966790
1756482963702870528.000000 0.551184297 0.001723070 -0.111147404 0.005354152 -0.875832975 0.014331379 0.482371807
1756482963769553920.000000 0.543656409 0.001057309 -0.114523709 0.005088868 -0.870498121 0.014322261 0.491937041
1756482963836237824.000000 0.535307765 0.001084559 -0.117437720 0.005231031 -0.865021527 0.014042323 0.501510978
1756482963869579776.000000 0.531891227 0.000738973 -0.118288577 0.004900528 -0.862291753 0.013536437 0.506207287
1756482963936263680.000000 0.524542749 0.000603160 -0.120138347 0.004555004 -0.862419665 0.013135377 0.506003022
1756482964002947584.000000 0.520297229 0.000688753 -0.123937190 0.004829595 -0.864362419 0.013478343 0.502665639
1756482964069631488.000000 0.515269697 0.000101700 -0.127598643 0.004911848 -0.864178419 0.014282518 0.502958894
1756482964136314368.000000 0.510037541 -0.000177104 -0.131093323 0.004830413 -0.863851070 0.014926181 0.503503025
1756482964169656320.000000 0.507156730 -0.000701718 -0.133177459 0.004599876 -0.863612533 0.014976406 0.503912807
1756482964236340224.000000 0.500108480 0.000896110 -0.134866536 0.005479978 -0.864238620 0.016631855 0.502777398
1756482964303024128.000000 0.495450497 0.000719864 -0.138486505 0.005637718 -0.863872707 0.016873375 0.503396034
1756482964369708288.000000 0.489986748 -0.000310687 -0.140413404 0.005229447 -0.864236474 0.016025949 0.502803326
1756482964403050240.000000 0.487110198 -0.000509545 -0.141207874 0.005283944 -0.864460170 0.016086353 0.502416074
1756482964469734144.000000 0.481765360 -0.001208737 -0.144959450 0.005209990 -0.864038646 0.016617682 0.503124297
1756482964503076096.000000 0.478659153 -0.001688564 -0.146180093 0.005092802 -0.862199306 0.017138068 0.506253719
1756482964569759488.000000 0.470261872 -0.002233794 -0.148745656 0.004229602 -0.854951203 0.016370025 0.518432975
1756482964636443136.000000 0.463109463 -0.002298721 -0.149522364 0.005138687 -0.848145843 0.016825596 0.529470623
1756482964703127040.000000 0.455640107 -0.001569128 -0.151176035 -0.005895008 0.841750383 -0.017936653 -0.539536715
1756482964736469248.000000 0.451969028 -0.002760890 -0.153080940 -0.005664411 0.838149726 -0.016960444 -0.545147061
1756482964803152128.000000 0.443995178 -0.002934308 -0.154830545 -0.005146713 0.831908822 -0.015861386 -0.554661632
1756482964869835008.000000 0.435856074 -0.002918508 -0.155756712 -0.004564846 0.825748444 -0.015148207 -0.563816667
1756482964936517888.000000 0.427579671 -0.003007904 -0.156566083 -0.004453201 0.818724811 -0.015005426 -0.573972821
1756482964969859328.000000 0.423627317 -0.003434455 -0.157344550 -0.004278768 0.815417409 -0.014468686 -0.578676879
1756482965036541440.000000 0.415904284 -0.003358737 -0.157915264 -0.003113224 0.809629142 -0.014467474 -0.586755335
1756482965103224320.000000 0.408262074 -0.003667745 -0.157065332 0.001737341 -0.805713594 0.015357358 0.592103720
1756482965169907456.000000 0.402553052 -0.003247684 -0.158496678 -0.001484647 0.808026075 -0.015990583 -0.588927865
1756482965236590336.000000 0.396554112 -0.003240028 -0.160520196 -0.001406378 0.808495879 -0.016426649 -0.588270962
1756482965269931520.000000 0.393064618 -0.003347586 -0.161181569 -0.001321799 0.808171988 -0.016423136 -0.588716030
1756482965336614912.000000 0.385971576 -0.003014564 -0.163152546 -0.001622989 0.807347000 -0.015757957 -0.589864373
1756482965403297536.000000 0.379224777 -0.002462531 -0.165254623 -0.002864361 0.804975033 -0.017935615 -0.593030691
1756482965436638720.000000 0.375244081 -0.002773962 -0.165825397 -0.003033840 0.801100314 -0.017892072 -0.598254859
1756482965503320832.000000 0.367734909 -0.004221554 -0.167573184 0.003079507 -0.790263414 0.014818377 0.612580419
1756482965570003968.000000 0.352165103 -0.002840973 -0.168288499 -0.003492224 0.782972693 -0.016734784 -0.621821225
1756482965636686848.000000 0.344950378 -0.002842730 -0.167661369 -0.003958172 0.776266098 -0.017615769 -0.630146861
1756482965703369728.000000 0.336843431 -0.003143746 -0.167146206 -0.004001595 0.768937469 -0.017218418 -0.639079690
1756482965736711168.000000 0.333153307 -0.002607172 -0.167018175 -0.004084470 0.765197039 -0.016879655 -0.643561840
1756482965803394304.000000 0.325903565 -0.002575722 -0.165942490 -0.003990121 0.758001983 -0.016768083 -0.652024567
1756482965870077440.000000 0.318059593 -0.002560147 -0.165559083 -0.004362028 0.750848711 -0.016160356 -0.660262167
1756482965936759552.000000 0.309680730 -0.002390136 -0.165204525 0.004337348 -0.743376672 0.015823441 0.668671846
1756482965970100992.000000 0.298085570 -0.003120576 -0.164107710 -0.003282686 0.739484310 -0.015512344 -0.672987044
1756482966036784384.000000 0.290955633 -0.003456960 -0.162537336 -0.003619939 0.731526256 -0.016109994 -0.681613326
1756482966070126080.000000 0.287466884 -0.003769008 -0.161871225 -0.004106246 0.727385342 -0.016205112 -0.686025679
1756482966136809216.000000 0.279971302 -0.004256427 -0.160301596 -0.003253417 0.719744265 -0.015028550 -0.694068968
1756482966203492352.000000 0.272290528 -0.005142693 -0.158519745 -0.001402514 0.712063372 -0.014301816 -0.701968193
1756482966270175488.000000 0.264074057 -0.005128447 -0.157103449 -0.000683816 0.703628898 -0.012870118 -0.710450828
1756482966336857600.000000 0.254442781 -0.002825617 -0.153371722 0.001296836 -0.695887625 0.013764717 0.718017697
1756482966403540992.000000 0.234923944 -0.001261285 -0.147566453 0.003302192 -0.690156460 0.015751658 0.723481297
1756482966470224128.000000 0.228624597 -0.001919199 -0.145870239 0.001958229 -0.693506360 0.015472244 0.720281780
1756482966536907520.000000 0.223900795 -0.002267283 -0.146011233 0.003976068 -0.694234669 0.016833989 0.719540894
1756482966570248960.000000 0.221428752 -0.002652761 -0.145193487 0.004304411 -0.694790840 0.017310999 0.718990624
1756482966636932096.000000 0.214974731 -0.002735146 -0.144944355 0.003380710 -0.695864081 0.016869148 0.717967451
1756482966670274048.000000 0.211364329 -0.002809392 -0.144972667 0.003241301 -0.695771754 0.016815910 0.718058825
1756482966736957184.000000 0.218828410 -0.002494988 -0.149376154 0.003041604 -0.695558071 0.016522506 0.718273520
1756482966803638272.000000 0.187806249 -0.001432628 -0.146037295 0.004377070 -0.695245326 0.017782934 0.718539238
1756482966870320640.000000 0.180741891 -0.001245601 -0.146239653 0.003702775 -0.695638359 0.016906269 0.718183696
1756482966903661824.000000 0.176813543 -0.001507840 -0.145440638 0.002811776 -0.696024299 0.016576504 0.717821479
1756482966970344192.000000 0.169376180 -0.000958485 -0.145171165 0.001602781 -0.696394384 0.015720930 0.717485309
1756482967070366976.000000 0.159526661 -0.001591323 -0.145217225 0.001134873 -0.695803761 0.015589256 0.718061984
1756482967137049600.000000 0.153808326 -0.001777261 -0.144881994 0.001309404 -0.696518064 0.016226435 0.717354596
1756482967203731712.000000 0.147692919 -0.002172814 -0.144284695 0.001056652 -0.696831584 0.016987434 0.717032850
1756482967270413056.000000 0.140540645 -0.002108469 -0.144069716 0.001414448 -0.696607947 0.016205460 0.717267573
1756482967337095168.000000 0.133022904 -0.001181466 -0.143698826 0.000948087 -0.696082234 0.014796966 0.717808962
1756482967403777536.000000 0.126297250 -0.001225697 -0.143541440 0.001356270 -0.696037054 0.014627878 0.717855632
1756482967503800832.000000 0.158686280 -0.003425493 -0.144491374 0.000536999 -0.697649002 0.012536054 0.716329873
1756482967537141760.000000 0.155433789 -0.003245034 -0.144035742 0.000506837 -0.698260963 0.012744425 0.715729713
1756482967603824128.000000 0.148389772 -0.003174342 -0.143899530 0.000166322 -0.698655903 0.013170670 0.715336680
1756482967670505216.000000 0.142251372 -0.003662871 -0.143142253 -0.000225434 -0.699121296 0.013109088 0.714882970
1756482967737187840.000000 0.135894552 -0.003298022 -0.142987430 -0.000188965 -0.699027777 0.013326003 0.714970350
1756482967837212416.000000 0.127029002 -0.003152322 -0.142298311 0.000721631 -0.698625863 0.013879816 0.715352237
1756482967870553856.000000 0.124204800 -0.003537946 -0.141934812 0.001071731 -0.699057341 0.013704539 0.714933515
1756482967937236992.000000 0.117782407 -0.004270332 -0.141318709 0.000440531 -0.699802339 0.012786359 0.714221954
1756482968003920384.000000 0.110895380 -0.003923210 -0.140255466 -0.000330390 -0.700721145 0.012406708 0.713327348
1756482968103944960.000000 0.101103127 -0.004276646 -0.139334813 -0.000839554 -0.700361371 0.011737895 0.713691533
1756482968137285632.000000 0.097809784 -0.004532540 -0.138048902 -0.000743621 -0.701113641 0.011866620 0.712950468
1756482968237310720.000000 0.089159526 -0.004439817 -0.136949092 0.000231736 -0.701118112 0.012942391 0.712927699
1756482968270652160.000000 0.086243331 -0.004186741 -0.136618495 0.000662907 -0.701493859 0.013259703 0.712551892
1756482968370676992.000000 0.077491730 -0.004565098 -0.135893881 0.000132783 -0.701817453 0.014119584 0.712216914
1756482968404018944.000000 0.073705867 -0.004793343 -0.135415643 0.000835262 -0.698910236 0.015185721 0.715047717
1756482968470701824.000000 0.064679146 -0.004641859 -0.133643150 -0.001158974 -0.688904226 0.013406511 0.724727571
1756482968537385216.000000 0.056818608 -0.004133614 -0.130016521 -0.001450974 -0.679189563 0.012740060 0.733850956
1756482968604067584.000000 0.051474236 -0.004093019 -0.125191003 -0.001247526 -0.675700366 0.012906886 0.737062454
1756482968670750976.000000 0.045503795 -0.003816143 -0.124584481 -0.001700690 -0.678462327 0.012122134 0.734533310
1756482968737434368.000000 0.038438879 -0.003877864 -0.124570027 -0.001683474 -0.678258240 0.011740531 0.734727919
1756482968804118016.000000 0.032542922 -0.003714294 -0.123497888 -0.001645325 -0.678959191 0.011525543 0.734083712
1756482968870801664.000000 0.026359603 -0.004167565 -0.122970447 -0.001799644 -0.680600226 0.011039622 0.732569695
1756482968937485568.000000 0.019626096 -0.003900117 -0.122087263 -0.002220723 -0.681049824 0.010997752 0.732151210
1756482969004167936.000000 0.012920007 -0.003361323 -0.121230975 -0.001415160 -0.680884838 0.010961701 0.732307136
1756482969070851840.000000 0.007096350 -0.003560099 -0.120155632 -0.000668144 -0.681317270 0.011703963 0.731894374
1756482969104193792.000000 0.004429668 -0.003306774 -0.119069293 -0.000534767 -0.681766629 0.011451925 0.731479943
1756482969170877440.000000 -0.002535999 -0.003258692 -0.118557282 -0.000503400 -0.682097137 0.011882831 0.731164873
1756482969204219392.000000 -0.005826585 -0.003499273 -0.117930904 -0.000157383 -0.682373047 0.011685266 0.730910718
1756482969270903040.000000 -0.011966906 -0.003399475 -0.117257439 -0.000088466 -0.681950927 0.011267937 0.731311202
1756482969304244736.000000 -0.015123419 -0.003622833 -0.116521187 -0.000241296 -0.682233989 0.010994275 0.731051266
1756482969370928640.000000 -0.020909071 -0.004021304 -0.115796730 -0.000152351 -0.682548344 0.011925973 0.730743229
1756482969404270592.000000 -0.023712046 -0.004387707 -0.114947274 0.000152557 -0.682994068 0.012446041 0.730317891
1756482969470953472.000000 -0.029655486 -0.004620337 -0.113737732 0.000595720 -0.683671594 0.013117135 0.729671776
1756482969537637120.000000 -0.036516450 -0.004661132 -0.112865098 -0.001273686 -0.684273243 0.011509100 0.729133785
1756482969604321024.000000 -0.043709695 -0.004518327 -0.112806320 -0.002112526 -0.683455706 0.009995114 0.729920626
1756482969637663232.000000 -0.046583682 -0.004664653 -0.112750486 -0.001270334 -0.683311522 0.009627922 0.730062485
1756482969704346880.000000 -0.051940024 -0.005195582 -0.112145022 -0.003408808 -0.683175802 0.007109724 0.730211437
1756482969771030272.000000 -0.054925442 -0.004725835 -0.111547947 -0.005047014 -0.683768332 0.003476862 0.729673445
1756482969837713152.000000 -0.053089470 -0.004738648 -0.110538580 -0.001555979 -0.683305323 0.007325178 0.730094373
1756482969871054592.000000 -0.052606709 -0.005022530 -0.110498875 -0.000761537 -0.683056593 0.008259737 0.730318487
1756482969937736704.000000 -0.051068485 -0.005581066 -0.110250488 0.000843883 -0.684024632 0.010101917 0.729388535
1756482970004419584.000000 -0.052773736 -0.005547323 -0.110350423 -0.000396312 -0.682120442 0.008485777 0.731190562
1756482970037761280.000000 -0.052977584 -0.005917924 -0.109208897 -0.002401437 -0.678164363 0.006577203 0.734876990
1756482970071102976.000000 -0.053702563 -0.005579023 -0.108346254 -0.002249796 -0.674740553 0.005820783 0.738028646
1756482970137785600.000000 -0.054261245 -0.005839065 -0.106092371 -0.002018123 -0.666925013 0.006397774 0.745094717
1756482970171127040.000000 -0.054158367 -0.005834934 -0.105438918 -0.002041416 -0.662602603 0.006732205 0.748938203
1756482970237810176.000000 -0.054459929 -0.006263902 -0.103852361 -0.002295692 -0.653563261 0.006739492 0.756838441
1756482970271151616.000000 -0.054678552 -0.005766760 -0.101932138 -0.001993403 -0.650235295 0.007244241 0.759695768
1756482970337833728.000000 -0.055688038 -0.005369049 -0.099657893 -0.001457145 -0.643412948 0.008471853 0.765470982
1756482970371175168.000000 -0.055608489 -0.005012298 -0.098725170 -0.001211749 -0.639430463 0.008269968 0.768803537
1756482970404516608.000000 -0.056506753 -0.004696996 -0.097895943 -0.001149880 -0.635172665 0.008435518 0.772323310
1756482970471199744.000000 -0.057507925 -0.004491993 -0.096901551 -0.001577848 -0.625693023 0.008201976 0.780024767
1756482970537882880.000000 -0.058671243 -0.004346255 -0.094603010 -0.000652665 -0.617019355 0.008131464 0.786905706
1756482970604565504.000000 -0.058645502 -0.004199558 -0.093220979 -0.000147392 -0.607474804 0.008393815 0.794294655
1756482970637907200.000000 -0.058359757 -0.004491481 -0.093024597 -0.000655245 -0.602267444 0.008253177 0.798251450
1756482970704590336.000000 -0.058288708 -0.004394559 -0.091292933 -0.001078259 -0.592629373 0.007927463 0.805435538
1756482970737932032.000000 -0.058359481 -0.004490416 -0.090797015 -0.001123213 -0.587527752 0.007455961 0.809168875
1756482970804613376.000000 -0.059161067 -0.004616342 -0.089213625 -0.001366830 -0.577933550 0.007407883 0.816049099
1756482970837954560.000000 -0.059464775 -0.004786831 -0.088410027 -0.001638500 -0.573217571 0.007588713 0.819366515
1756482970904637184.000000 -0.060150236 -0.004856603 -0.086843491 -0.001753984 -0.563078165 0.007719010 0.826365829
1756482970971319808.000000 -0.059568860 -0.003882425 -0.086124055 -0.000828292 -0.551855564 0.008311168 0.833897889
1756482971004660992.000000 -0.059888501 -0.003456097 -0.085607164 -0.000839362 -0.546393573 0.008610079 0.837483823
1756482971038002432.000000 -0.060025025 -0.003093981 -0.085372396 -0.000761770 -0.540866554 0.008467969 0.841065466
1756482971104685056.000000 -0.061044142 -0.002383555 -0.084197327 -0.000770359 -0.530675590 0.008692203 0.847530127
1756482971138026496.000000 -0.061854843 -0.002324431 -0.083541125 -0.000842652 -0.525767982 0.008615660 0.850584030
1756482971204709120.000000 -0.062108450 -0.002270895 -0.081823237 -0.000519037 -0.516549647 0.008690530 0.856212974
1756482971271390464.000000 -0.062018957 -0.002110055 -0.079792835 -0.000675128 -0.506564915 0.008601502 0.862158716
1756482971304731648.000000 -0.062324401 -0.001900761 -0.078904860 -0.000522154 -0.501453340 0.008511124 0.865142643
1756482971371414528.000000 -0.063111112 -0.001732772 -0.076719768 -0.000588914 -0.491579622 0.008220880 0.870793700
1756482971438096896.000000 -0.062492065 -0.001506995 -0.074883871 -0.000432099 -0.481582701 0.008677735 0.876357615
1756482971504779520.000000 -0.058233388 -0.001115817 -0.074936375 0.000202155 -0.473660558 0.008924424 0.880662322
1756482971538120448.000000 -0.058207482 -0.000943682 -0.074155450 0.000377845 -0.468616873 0.009144209 0.883354127
1756482971604803328.000000 -0.058067650 -0.001118274 -0.071864478 0.000340647 -0.458992064 0.009019854 0.888394594
1756482971671484928.000000 -0.058112007 -0.000753820 -0.070517354 -0.000179258 -0.448665470 0.009093978 0.893653512
1756482971738167552.000000 -0.059161793 -0.000684118 -0.069114730 -0.000388987 -0.437820405 0.008905902 0.899018288
1756482971771509248.000000 -0.058936600 -0.000404568 -0.068174578 -0.000337020 -0.432712257 0.008706192 0.901490092
1756482971838192896.000000 -0.057992738 -0.000687681 -0.066812985 -0.000403641 -0.422442496 0.008670167 0.906348228
1756482971904876544.000000 -0.057382308 -0.001553013 -0.064815953 -0.000065428 -0.412691355 0.008357707 0.910832703
1756482971971559936.000000 -0.057571091 -0.001600435 -0.063379191 -0.000300962 -0.402060956 0.008540419 0.915573061
1756482972038244096.000000 -0.058164019 -0.002189568 -0.060956188 -0.000698441 -0.392020553 0.008183976 0.919919848
1756482972104927488.000000 -0.057339653 -0.001953478 -0.058704920 -0.001051704 -0.381406903 0.007674134 0.924374878
1756482972171610112.000000 -0.056227878 -0.001697818 -0.057338472 -0.001192739 -0.370917499 0.007036976 0.928638458
1756482972238293760.000000 -0.055358522 -0.002133025 -0.056328937 -0.001583443 -0.360828340 0.007145109 0.932603598
1756482972338319360.000000 -0.045313291 0.000094887 -0.066751651 -0.001721500 -0.346837223 0.007365342 0.937894881
1756482972405003008.000000 -0.042177811 0.000790210 -0.070665270 -0.001773359 -0.336342245 0.006847323 0.941713274
1756482972438344960.000000 -0.040754862 0.001298832 -0.070420220 -0.001429597 -0.331230462 0.006450051 0.943526804
1756482972538370560.000000 -0.040368088 0.002758138 -0.066528052 -0.001668700 -0.314720362 0.006533823 0.949160576
1756482972605053184.000000 -0.038810000 0.002138440 -0.063309297 -0.001693564 -0.304340184 0.006037164 0.952542782
1756482972705078784.000000 -0.037526421 0.001407363 -0.060062617 -0.001335230 -0.287720978 0.006240730 0.957693100
1756482972771763200.000000 -0.036474086 0.001164350 -0.057910487 -0.002343437 -0.277143002 0.005417027 0.960810602
1756482972871790080.000000 -0.035380505 0.001612098 -0.055303589 -0.003299235 -0.260396183 0.005314618 0.965481639
1756482972971817472.000000 -0.034792975 0.001818442 -0.052364431 -0.003846544 -0.244262353 0.004931708 0.969689071
1756482973038501376.000000 -0.034416452 0.000564554 -0.051667478 -0.003491466 -0.233519629 0.004949022 0.972333252
1756482973105186304.000000 -0.033401564 0.000709299 -0.050307002 -0.003071491 -0.222315937 0.004839038 0.974957883
1756482973205213440.000000 -0.032118332 0.001488207 -0.046450514 -0.004503090 -0.205146492 0.004960736 0.978708386
1756482973305240832.000000 -0.029020570 0.001816662 -0.043966614 -0.003983619 -0.188521460 0.004931896 0.982048690
1756482973405268736.000000 -0.026061215 0.001075820 -0.041981384 -0.003249718 -0.171347976 0.005084443 0.985192120
1756482973471952640.000000 -0.024924546 0.000759708 -0.040255163 -0.003468337 -0.160872772 0.005162265 0.986955583
1756482973571980288.000000 -0.022989890 0.000911340 -0.037978336 -0.004313328 -0.143899173 0.004790357 0.989571393
1756482973638665216.000000 -0.021494763 0.000575142 -0.036707629 -0.004710746 -0.133623064 0.004288007 0.991011858
1756482973738693120.000000 -0.019391671 0.000333259 -0.034428105 -0.005425685 -0.116993129 0.004036760 0.993109763
1756482973838716928.000000 -0.016612766 0.000061962 -0.032579679 -0.005236304 -0.100349344 0.003261707 0.994933128
1756482973905398528.000000 0.471914530 0.015723268 0.101551384 -0.003556871 -0.081233017 0.002452530 0.996685803
1756482974038764032.000000 0.514408946 0.009080096 0.095741779 -0.007257431 -0.062079132 0.002862302 0.998040795
1756482974105446912.000000 0.516671538 0.009223809 0.096173793 -0.007056327 -0.051365387 0.002396591 0.998652220
1756482974205470720.000000 0.518960357 0.008882681 0.098231122 -0.007672284 -0.035107467 0.001768144 0.999352574
1756482974305494528.000000 0.521433294 0.009934015 0.100426041 -0.007528485 -0.023415701 0.001763785 0.999695897
1756482974372176128.000000 0.520244002 0.010679984 0.100095935 -0.006912718 -0.025749985 0.001835447 0.999642909
1756482974472200192.000000 0.520339608 0.010723591 0.100094855 -0.006875152 -0.025253916 0.002021114 0.999655366
1756482974572224256.000000 0.519888759 0.010131101 0.100686774 -0.007365593 -0.025076218 0.002116792 0.999656200
1756482974672248064.000000 0.520105541 0.010117821 0.100119159 -0.007421220 -0.025179343 0.001690572 0.999653995
1756482974738930688.000000 0.520156145 0.010338473 0.100192741 -0.007305442 -0.025245504 0.001657841 0.999653220
1756482974838953984.000000 0.520422637 0.011117388 0.100336403 -0.006526561 -0.017328851 0.002169619 0.999826252
1756482974938978048.000000 0.523815811 0.010512426 0.101661406 -0.006001920 0.000234214 0.001702562 0.999980569
1756482975039001856.000000 0.524946094 0.009457499 0.100839242 -0.007188778 0.008252478 0.001729976 0.999938607
1756482975105684736.000000 0.525329947 0.010455134 0.102950729 -0.006618903 0.006026694 0.001202836 0.999959230
1756482975205709056.000000 0.526316285 0.007359239 0.105603345 -0.009386085 0.006930501 0.001053036 0.999931455
1756482975272390656.000000 0.524225533 0.011209079 0.104350977 -0.006460190 0.007311203 0.001621095 0.999951124
1756482975372414720.000000 0.525789201 0.007375737 0.105772741 -0.009348134 0.007145139 0.001122268 0.999930203
1756482975472439040.000000 0.525897801 0.007257995 0.106190197 -0.009489198 0.007080574 0.001133537 0.999929309
1756482975572462848.000000 0.524880409 0.009441056 0.105127312 -0.000769286 0.007487475 0.001937989 0.999969840
1756482975639145728.000000 0.525461614 0.011258843 0.111005381 -0.011714178 0.008011107 0.000445662 0.999899209
1756482975805851392.000000 0.526374280 0.007046727 0.110711522 -0.008225676 0.009283477 0.000677408 0.999922872
1756482975872534528.000000 0.526196063 0.007027167 0.111282781 -0.010369163 0.009119222 0.000635035 0.999904454
1756482975972558592.000000 0.526839614 0.006852491 0.111143209 -0.009880683 0.008873737 0.000938481 0.999911427
1756482976072582656.000000 0.524625242 0.009658967 0.109417409 -0.007697689 0.009377071 0.000835551 0.999926150
1756482976139264512.000000 0.525836229 0.010612755 0.109735437 -0.007052832 0.008758223 0.001419712 0.999935806
1756482976239288832.000000 0.525864184 0.009571774 0.109545879 -0.007658403 0.008808767 0.001165097 0.999931216
1756482976405995776.000000 0.526199818 0.010898707 0.109870195 -0.006915848 0.008708104 0.001347436 0.999937296
1756482976506020096.000000 0.525739133 0.010268182 0.109682411 -0.004906239 0.007667958 0.001572939 0.999957383
1756482976572701952.000000 0.524956465 0.009779087 0.112316996 -0.001644443 0.005659608 0.001809707 0.999981046
1756482976706067456.000000 0.525506556 0.011333277 0.119334430 -0.010245628 0.010432052 0.000625988 0.999892890
1756482976772749056.000000 0.525422037 0.010510192 0.117299773 -0.005185146 0.010179971 0.001623322 0.999933422
1756482976839428864.000000 0.525407612 0.010482789 0.117720440 -0.006223376 0.010009611 0.001018147 0.999930084
1756482976906108928.000000 0.525579989 0.011283644 0.118452691 -0.007651739 0.010013131 0.001108742 0.999920011
1756482977072807424.000000 0.525535524 0.010446100 0.118099287 -0.007424914 0.010076511 0.000927692 0.999921322
1756482977172826880.000000 0.525601983 0.011239576 0.118174478 -0.007104439 0.010056654 0.000826006 0.999923885
1756482977239506176.000000 0.525525451 0.010720103 0.118020304 -0.007245511 0.009881653 0.000862602 0.999924600
1756482977472883456.000000 0.525685251 0.010153038 0.117947727 -0.007385652 0.009921939 0.000928561 0.999923050
1756482977539563008.000000 0.525573075 0.010734239 0.117844567 -0.007130832 0.009964379 0.000768685 0.999924660
1756482977639581696.000000 0.525637627 0.010695844 0.118076108 -0.007135388 0.009975035 0.000841315 0.999924481
1756482977706260992.000000 0.525578856 0.009840149 0.117587589 -0.007739230 0.009975106 0.000921030 0.999919891
1756482977772941056.000000 0.525725722 0.010697669 0.118039265 -0.007235773 0.009829040 0.000880433 0.999925196
1756482977839622144.000000 0.525178969 0.009699864 0.117576346 -0.007794935 0.010245999 0.000791383 0.999916911
1756482977906301696.000000 0.524715126 0.014147848 0.120681308 -0.006784600 0.010873047 0.000780521 0.999917626
1756482978039663360.000000 0.524543405 0.014208263 0.120441824 -0.006715863 0.011077260 0.000777054 0.999915779
1756482978106344192.000000 0.524509370 0.014014186 0.120408989 -0.006801495 0.010976543 0.000588272 0.999916553
1756482978206365440.000000 0.525605619 0.010687107 0.118136674 -0.007160742 0.009903061 0.000809051 0.999925017
1756482978373065984.000000 0.525679827 0.010759785 0.118005253 -0.007250483 0.009807480 0.000848822 0.999925256
1756482978439746560.000000 0.525845885 0.010636048 0.117864951 -0.007229232 0.009874026 0.000797191 0.999924839
1756482978506427136.000000 0.525877059 0.010657921 0.117827602 -0.007204398 0.009789512 0.000765889 0.999925911
1756482978639788032.000000 0.525810301 0.010635826 0.118088573 -0.007155556 0.009872749 0.000789519 0.999925435
1756482978706468864.000000 0.524936795 0.013926773 0.120717295 -0.006848264 0.010792472 0.000876726 0.999917984
1756482978806493184.000000 0.525888026 0.010708755 0.118034363 -0.007159993 0.009770743 0.000908708 0.999926269
1756482978873178368.000000 0.525445282 0.010644875 0.117917225 -0.007304089 0.009954041 0.000769166 0.999923527
1756482978973205760.000000 0.524954498 0.014039611 0.120489888 -0.006805853 0.010747312 0.000781910 0.999918818
1756482979039890944.000000 0.525892973 0.010566094 0.117940880 -0.007233826 0.009799340 0.000877534 0.999925494
1756482979106576128.000000 0.525690258 0.010529095 0.118051641 -0.007198946 0.009917052 0.000779878 0.999924660
1756482979206604032.000000 0.525515079 0.010626926 0.117989726 -0.007366543 0.009905118 0.000845096 0.999923468
1756482979306630912.000000 0.525566101 0.010540570 0.117944941 -0.007387211 0.009871001 0.000810498 0.999923646
1756482979373316096.000000 0.525824428 0.010439871 0.117908269 -0.007425885 0.009768698 0.000799141 0.999924481
1756482979473344256.000000 0.525163949 0.010654034 0.117817268 -0.007322701 0.010075353 0.000796206 0.999922156
1756482979540029440.000000 0.525406003 0.010754642 0.117850639 -0.007285302 0.009910661 0.000793660 0.999924064
1756482979640057600.000000 0.525258839 0.011122064 0.117882639 -0.006968048 0.009975038 0.000856260 0.999925613
1756482979740084736.000000 0.526037037 0.010994907 0.118107781 -0.007062240 0.009623223 0.000939000 0.999928296
1756482979806768128.000000 0.531689227 0.009370028 0.120079920 -0.007733177 0.008907608 0.000485944 0.999930382
1756482979873451520.000000 0.525718033 0.010340967 0.117807277 -0.007441440 0.009814601 0.000757791 0.999923944
1756482979940134656.000000 0.531343639 0.009247211 0.119968504 -0.007865933 0.008935537 0.000552975 0.999929011
1756482980040159744.000000 0.531295419 0.009218392 0.119827092 -0.007807207 0.008988520 0.000435592 0.999929070
1756482980106842880.000000 0.531445563 0.009208852 0.119756505 -0.007815844 0.008867819 0.000417037 0.999930084
1756482980173525504.000000 0.531436086 0.009217215 0.119909994 -0.007735122 0.008913672 0.000598237 0.999930203
1756482980273550592.000000 0.526222587 0.011002555 0.118109569 -0.007061556 0.009510956 0.001091131 0.999929249
1756482980373575936.000000 0.525425613 0.010713018 0.117885754 -0.007227330 0.009991321 0.000813205 0.999923646
1756482980440259328.000000 0.525799453 0.011150724 0.118192196 -0.006996500 0.009723303 0.000998996 0.999927759
1756482980540284416.000000 0.531159520 0.009232516 0.119882949 -0.007777226 0.009026528 0.000535055 0.999928892
1756482980606967040.000000 0.525780559 0.010993312 0.118186012 -0.007048751 0.009692479 0.000928497 0.999927759
1756482980673650688.000000 0.525699794 0.010332925 0.118333295 -0.007356433 0.009846427 0.000672739 0.999924242
1756482980773675520.000000 0.525973022 0.009988973 0.117991470 -0.007498056 0.009675929 0.000605373 0.999924958
1756482980840358400.000000 0.526084423 0.009152437 0.115070343 -0.007367676 0.009240296 0.000838171 0.999929905
1756482980907041536.000000 0.525462210 0.010630944 0.118020073 -0.007247428 0.009940275 0.000727239 0.999924064
1756482981007065088.000000 0.525973499 0.011045104 0.118149877 -0.007119373 0.009692914 0.000775893 0.999927461
1756482981073748224.000000 0.525645673 0.010790654 0.117978312 -0.007181874 0.009782925 0.000822162 0.999926090
1756482981140430848.000000 0.525665343 0.010800317 0.117997415 -0.007166218 0.009828337 0.000822196 0.999925733
1756482981273796864.000000 0.525454462 0.010721345 0.117890000 -0.007273155 0.009938170 0.000734957 0.999923885
1756482981373821440.000000 0.526008725 0.010112342 0.118137226 -0.007370406 0.009649727 0.000620291 0.999926150
1756482981440504576.000000 0.525771856 0.010535375 0.117971465 -0.007315460 0.009835539 0.000823255 0.999924541
1756482981540528128.000000 0.525427401 0.010893195 0.118058838 -0.007137578 0.009980652 0.000832042 0.999924421
1756482981607211008.000000 0.525533199 0.011036972 0.118189469 -0.007060179 0.009891617 0.000742281 0.999925852
1756482981673894400.000000 0.524974644 0.011213190 0.118145667 -0.007001070 0.010207753 0.000861419 0.999923110
1756482981807265280.000000 0.525706708 0.010632385 0.117938168 -0.007233251 0.009901779 0.000796464 0.999924541
1756482981873953536.000000 0.531468630 0.008994744 0.117884375 -0.007798587 0.008542970 0.000571829 0.999932945
1756482981940641280.000000 0.525642693 0.010523824 0.118022732 -0.007356152 0.009842400 0.000743832 0.999924242
1756482982040674048.000000 0.531490326 0.009064778 0.117966339 -0.007821799 0.008546253 0.000637868 0.999932766
1756482982107362816.000000 0.531472981 0.009194774 0.118003339 -0.007779683 0.008562298 0.000639011 0.999932885
1756482982174051584.000000 0.525224268 0.010579309 0.117917985 -0.007358951 0.010091678 0.000752365 0.999921739
1756482982274084864.000000 0.525124013 0.010407048 0.118007563 -0.007435163 0.010122132 0.000711011 0.999920905
1756482982374117120.000000 0.525494397 0.010454627 0.117818564 -0.007374252 0.009952641 0.000787691 0.999923050
1756482982440806144.000000 0.525444388 0.010531025 0.117967047 -0.007315979 0.009950555 0.000831390 0.999923468
1756482982507495168.000000 0.525694966 0.010603060 0.117885411 -0.007309774 0.009815878 0.000962198 0.999924660
1756482982607529216.000000 0.525475919 0.010573446 0.117899142 -0.007331615 0.009980334 0.000860920 0.999922991
1756482982674218240.000000 0.525516927 0.010606118 0.118027881 -0.007273762 0.009964681 0.000967591 0.999923468
1756482982740908032.000000 0.524696887 0.010150126 0.118181311 -0.007526531 0.010254678 0.000317583 0.999919116
1756482982807588352.000000 0.524986327 0.010173788 0.117970563 -0.007480382 0.010125846 0.000335902 0.999920726
1756482982907610368.000000 0.524884820 0.010113159 0.118276067 -0.007507225 0.010185146 0.000295216 0.999920011
1756482982974291712.000000 0.525533915 0.010536489 0.117934085 -0.007418686 0.009914845 0.000720608 0.999923110
1756482983040973312.000000 0.526844084 0.009865115 0.115456581 -0.007390082 0.009931678 0.001001186 0.999922931
1756482983140994816.000000 0.526852489 0.010017468 0.115508214 -0.007223501 0.009866422 0.001052157 0.999924719
1756482983241015552.000000 0.525689602 0.010904590 0.118089125 -0.007147237 0.009842384 0.000918236 0.999925613
1756482983407718400.000000 0.526898444 0.009714325 0.115500227 -0.007418253 0.009965876 0.001045448 0.999922276
1756482983474399488.000000 0.525460958 0.010534633 0.117934749 -0.007317053 0.009965212 0.000764049 0.999923348
1756482983574421504.000000 0.526781380 0.009833387 0.115420394 -0.007408931 0.009959116 0.001118178 0.999922395
1756482983674441728.000000 0.526618659 0.009740329 0.115476713 -0.007450015 0.009955402 0.001041094 0.999922216
1756482983774463232.000000 0.526995122 0.009982019 0.115627855 -0.007290248 0.009840825 0.001104289 0.999924421
1756482983874483968.000000 0.525528312 0.010964405 0.118101731 -0.007109569 0.009930539 0.000869633 0.999925137
1756482983974505216.000000 0.525403738 0.010561163 0.118096888 -0.007358816 0.010013694 0.000823060 0.999922454
1756482984041185792.000000 0.527150571 0.009876114 0.115305483 -0.007360465 0.009854252 0.001073319 0.999923825
1756482984107866368.000000 0.527173638 0.009994847 0.115557477 -0.007321292 0.009794061 0.001205266 0.999924541
1756482984207886080.000000 0.527111769 0.010095286 0.115446031 -0.007280989 0.009794969 0.001213781 0.999924779
1756482984307906560.000000 0.525588810 0.010955787 0.118179627 -0.007105578 0.009909720 0.000688562 0.999925435
1756482984374587136.000000 0.525464296 0.010614404 0.118011564 -0.007244362 0.009920482 0.000751056 0.999924302
1756482984441267456.000000 0.525249898 0.010458854 0.118257195 -0.007185951 0.009584134 0.000815607 0.999927938
1756482984541288192.000000 0.525548398 0.010658605 0.117836557 -0.007300924 0.009891848 0.000840357 0.999924064
1756482984607967488.000000 0.524990320 0.010335257 0.118377902 -0.007208927 0.009699279 0.000932916 0.999926567
1756482984707987712.000000 0.525215447 0.010442514 0.118414134 -0.007158536 0.009637152 0.000917482 0.999927580
1756482984774668032.000000 0.525746822 0.010633249 0.118047044 -0.007362550 0.009816864 0.000811683 0.999924421
1756482984974708224.000000 0.525759101 0.010557714 0.117980048 -0.007366090 0.009853481 0.000848916 0.999924004
1756482985041387264.000000 0.525656044 0.010821255 0.118091524 -0.007224713 0.009885544 0.000802125 0.999924719
1756482985141407232.000000 0.525732517 0.010633274 0.117995635 -0.007328260 0.009850904 0.000786501 0.999924362
1756482985208087296.000000 0.525669098 0.010750258 0.117935851 -0.007293993 0.009893010 0.000869017 0.999924123
1756482985308107008.000000 0.525663912 0.010743828 0.118173487 -0.007256062 0.009904321 0.000921852 0.999924242
1756482985374786816.000000 0.526042044 0.010704637 0.117889680 -0.007222857 0.009677514 0.000880666 0.999926746
1756482985474805504.000000 0.525291741 0.009924934 0.116264321 -0.007308762 0.010264600 0.000515048 0.999920487
1756482985574825216.000000 0.525549531 0.010605497 0.118111417 -0.007323379 0.009891143 0.000711665 0.999924064
1756482985708184576.000000 0.525229275 0.009857781 0.116253138 -0.007373882 0.010249194 0.000526037 0.999920189
1756482985774865664.000000 0.525456965 0.010581840 0.118013076 -0.007376119 0.010005315 0.000844091 0.999922395
1756482985908230656.000000 0.525586545 0.010572195 0.117903180 -0.007346584 0.009943676 0.000826537 0.999923289
1756482986008255488.000000 0.525649369 0.010659575 0.118056171 -0.007314323 0.009872640 0.000913096 0.999924183
1756482986074938368.000000 0.525545716 0.010470184 0.117920578 -0.007366073 0.009944735 0.000879752 0.999923050
1756482986141621248.000000 0.525501966 0.010583939 0.117947966 -0.007342991 0.009964221 0.000920966 0.999922991
1756482986241645824.000000 0.525653005 0.010562841 0.118040539 -0.007369857 0.009869481 0.000828110 0.999923885
1756482986341669120.000000 0.525289893 0.010365539 0.118340358 -0.007499559 0.009971499 0.000625663 0.999921978
1756482986408352256.000000 0.525380909 0.010201455 0.117771976 -0.007499195 0.010033579 0.000769359 0.999921262
1756482986508376576.000000 0.525548220 0.010798154 0.118070669 -0.007343089 0.009919654 0.000943606 0.999923468
1756482986575059968.000000 0.525473535 0.010416055 0.117918395 -0.007372609 0.009958713 0.000903407 0.999922812
1756482986708425728.000000 0.525397301 0.010738637 0.117975898 -0.007389002 0.010027591 0.001045613 0.999921918
1756482986808447488.000000 0.525665104 0.010804664 0.118046582 -0.007363325 0.009879529 0.001083546 0.999923527
1756482986875128576.000000 0.525444627 0.010616137 0.118017234 -0.007297549 0.009954766 0.000891953 0.999923408
1756482986941809664.000000 0.525613189 0.011029593 0.118219726 -0.007255054 0.009934493 0.001086693 0.999923825
1756482987041830656.000000 0.525525570 0.010752962 0.118532687 -0.007279662 0.009782161 0.000722851 0.999925435
1756482987108512000.000000 0.525402129 0.010361803 0.117755339 -0.007402694 0.009990162 0.000908008 0.999922335
1756482987175192832.000000 0.525797188 0.010786841 0.117861338 -0.007251774 0.009803141 0.000918715 0.999925256
1756482987241872640.000000 0.525418997 0.010368932 0.117761195 -0.007442995 0.009996503 0.000808659 0.999922037
1756482987308553472.000000 0.525294662 0.010298732 0.117942549 -0.007494474 0.010042043 0.000774467 0.999921203
1756482987508595968.000000 0.524972498 0.010059509 0.117864594 -0.007604727 0.010189276 0.000640045 0.999918997
1756482987575276544.000000 0.525314748 0.010337641 0.118091419 -0.007444570 0.009988623 0.000771269 0.999922156
1756482987675296512.000000 0.525490403 0.010570573 0.118049674 -0.007351208 0.009961078 0.000866545 0.999923050
1756482987741977088.000000 0.525484979 0.010802011 0.117978752 -0.007389816 0.009977558 0.001018665 0.999922454
1756482987841999104.000000 0.525643468 0.010918996 0.118132129 -0.007277186 0.009905979 0.001060117 0.999923944
1756482987908680192.000000 0.525625288 0.010735843 0.117968298 -0.007235477 0.009902894 0.000924412 0.999924362
1756482987975361024.000000 0.525878310 0.010652144 0.117892273 -0.007329755 0.009717488 0.000876386 0.999925554
1756482988042042368.000000 0.525249898 0.010295771 0.118110128 -0.007399804 0.010100097 0.000668731 0.999921441
1756482988275424768.000000 0.525518000 0.010598771 0.117998555 -0.007372869 0.009954539 0.000894397 0.999922872
1756482988375446272.000000 0.525171041 0.010233813 0.118059002 -0.007380187 0.010071596 0.000629877 0.999921858
1756482988442127104.000000 0.525590718 0.010508697 0.118045598 -0.007439371 0.009926463 0.000819439 0.999922812
1756482988508808192.000000 0.525555909 0.010417154 0.118069924 -0.007454361 0.009955122 0.000851558 0.999922335
1756482988675509248.000000 0.525171518 0.010252375 0.117923878 -0.007351914 0.010118627 0.000738095 0.999921560
1756482988775531776.000000 0.525698841 0.010320464 0.117894620 -0.007426272 0.009895426 0.000955553 0.999922991
1756482988842214912.000000 0.525367141 0.010302969 0.118017316 -0.007381659 0.010068554 0.000645718 0.999921858
1756482988942239488.000000 0.525712550 0.010537484 0.118165046 -0.007384602 0.009853334 0.000763350 0.999923885
1756482989042263296.000000 0.525266707 0.010582798 0.118065178 -0.007327495 0.010091681 0.000712501 0.999922037
1756482989142287872.000000 0.525013685 0.010436595 0.117988877 -0.007386816 0.010205052 0.000807447 0.999920368
1756482989208971264.000000 0.525607944 0.010948440 0.118433677 -0.007132262 0.009864413 0.000839359 0.999925613
1756482989275654656.000000 0.525583148 0.010424236 0.118011981 -0.007437880 0.009871445 0.000745018 0.999923408
1756482989375679488.000000 0.525237501 0.010596952 0.118124872 -0.007364970 0.010096931 0.000731334 0.999921679
1756482989475703552.000000 0.525828004 0.010608604 0.117919959 -0.007340700 0.009772588 0.000850245 0.999925017
1756482989542386432.000000 0.525813103 0.010432030 0.117862165 -0.007370413 0.009782125 0.000867557 0.999924660
1756482989709094656.000000 0.525872827 0.010609438 0.118035331 -0.007325436 0.009735029 0.000826593 0.999925435
1756482989775779584.000000 0.525627971 0.010620137 0.118132807 -0.007332772 0.009840580 0.000849164 0.999924362
1756482989875809536.000000 0.525911808 0.010721653 0.118001387 -0.007265222 0.009775599 0.000859835 0.999925554
1756482989942494976.000000 0.525651097 0.010682831 0.118038677 -0.007298457 0.009833437 0.000643874 0.999924839
1756482990009181440.000000 0.525343299 0.010469354 0.118053839 -0.007360287 0.010074162 0.000744948 0.999921918
1756482990109211392.000000 0.525687516 0.010851115 0.118034393 -0.007196427 0.009840770 0.000749428 0.999925435
1756482990209241344.000000 0.525311112 0.010560508 0.117988162 -0.007359218 0.009983381 0.000803607 0.999922812
1756482990275928320.000000 0.525546372 0.010641287 0.118034489 -0.007301091 0.009937893 0.000794326 0.999923646
1756482990375957504.000000 0.525610864 0.010665331 0.118245319 -0.007354115 0.009932038 0.000823593 0.999923289
1756482990475988224.000000 0.525334597 0.010375815 0.118100129 -0.007442165 0.010038032 0.000837758 0.999921620
1756482990576018688.000000 0.525231838 0.010212149 0.118046947 -0.007543633 0.010110640 0.000723987 0.999920189
1756482990742736640.000000 0.525564432 0.010474513 0.117940381 -0.007403429 0.009917282 0.000865275 0.999923050
1756482990809417728.000000 0.525407314 0.010741450 0.118082359 -0.007316743 0.010002629 0.000775604 0.999922931
1756482990909441280.000000 0.525405049 0.010468785 0.117933817 -0.007434379 0.009959447 0.000802104 0.999922514
1756482990976123392.000000 0.525265574 0.010318762 0.117982373 -0.007509139 0.010039507 0.000670618 0.999921262
1756482991042805760.000000 0.525640845 0.010455106 0.117927045 -0.007374457 0.009898460 0.000703861 0.999923587
1756482991109487872.000000 0.525785089 0.010579925 0.117902629 -0.007405835 0.009770073 0.000814839 0.999924541
1756482991209511168.000000 0.525842726 0.010573355 0.117890619 -0.007326289 0.009776124 0.000882311 0.999925077
1756482991276192512.000000 0.525675535 0.010662643 0.117978491 -0.007290938 0.009900565 0.000821686 0.999924064
1756482991376215808.000000 0.525330782 0.010329832 0.117781550 -0.007430876 0.010006650 0.000680041 0.999922097
1756482991509580032.000000 0.526018381 0.011056443 0.118196532 -0.007100937 0.009671921 0.000935522 0.999927640
1756482991609603328.000000 0.525873125 0.010918421 0.118037611 -0.007124518 0.009765098 0.000921834 0.999926507
1756482991676284672.000000 0.525602937 0.010531459 0.117931500 -0.007278221 0.009932354 0.000861088 0.999923825
1756482991943013376.000000 0.525504887 0.010680459 0.118029542 -0.007297261 0.009976508 0.000785049 0.999923348
1756482992009695744.000000 0.525561392 0.010917889 0.117999040 -0.007157328 0.009875045 0.000907670 0.999925256
1756482992109719040.000000 0.525822520 0.010976722 0.118106402 -0.007132761 0.009763171 0.000929242 0.999926507
1756482992343105792.000000 0.525874794 0.010733290 0.118029505 -0.007245890 0.009816685 0.000901353 0.999925196
1756482992409787904.000000 0.525670290 0.010966889 0.118132584 -0.007118366 0.009831225 0.000949677 0.999925911
1756482992476470016.000000 0.525367498 0.010653361 0.118096918 -0.007306193 0.009998979 0.000828186 0.999922991
1756482992576492032.000000 0.525494933 0.010879843 0.118049189 -0.007191787 0.009883244 0.000960093 0.999924898
1756482992643174400.000000 0.525716066 0.010818229 0.118078984 -0.007196470 0.009783847 0.000922785 0.999925852
1756482992743197696.000000 0.525426567 0.010529478 0.117856316 -0.007350480 0.009983394 0.000822167 0.999922872
1756482992809876992.000000 0.525831044 0.010514819 0.117882714 -0.007344622 0.009808664 0.000855124 0.999924600
1756482992876556032.000000 0.525947094 0.010614594 0.117959760 -0.007337744 0.009727607 0.000821920 0.999925435
1756482992943235328.000000 0.525844991 0.010579963 0.117965795 -0.007390466 0.009799666 0.000780792 0.999924362
1756482993143271424.000000 0.525640488 0.010610745 0.117946923 -0.007359489 0.009875403 0.000798016 0.999923885
1756482993209950464.000000 0.526047885 0.010680216 0.117965564 -0.007331712 0.009717106 0.000937581 0.999925494
1756482993309968640.000000 0.525687218 0.010706306 0.117908411 -0.007297552 0.009877642 0.000890168 0.999924242
1756482993376647680.000000 0.525407970 0.010801313 0.117999680 -0.007241900 0.009984517 0.000903266 0.999923587
1756482993543343360.000000 0.525619566 0.010532510 0.117881872 -0.007396767 0.009884590 0.000908297 0.999923468
1756482993643361280.000000 0.525476933 0.010784908 0.118086666 -0.007248428 0.009995393 0.000840875 0.999923468
1756482993710039808.000000 0.525746703 0.010467981 0.117912076 -0.007421072 0.009859979 0.000844891 0.999923527
1756482993810059776.000000 0.525837183 0.010422788 0.117957339 -0.007427151 0.009761619 0.000908547 0.999924362
1756482993876740352.000000 0.525510073 0.010374253 0.117916055 -0.007434573 0.009920937 0.000895493 0.999922752
1756482993976760576.000000 0.525446296 0.010422297 0.118006177 -0.007429219 0.009957345 0.000861128 0.999922514
1756482994043441408.000000 0.525700390 0.010645451 0.118094437 -0.007325509 0.009855055 0.000841314 0.999924302
1756482994110122240.000000 0.525168359 0.010632097 0.118107170 -0.007296503 0.010115650 0.000581585 0.999922097
1756482994276824064.000000 0.525566697 0.010587175 0.117809914 -0.007292696 0.009868627 0.000921768 0.999924362
1756482994343503616.000000 0.525003970 0.010616122 0.117991030 -0.007269065 0.010158349 0.000777677 0.999921679
1756482994443524352.000000 0.525118947 0.010762921 0.118057363 -0.007258394 0.010169704 0.000667800 0.999921739
1756482994510204672.000000 0.525667369 0.010961506 0.118029587 -0.007218101 0.009888253 0.000842569 0.999924779
1756482994576885504.000000 0.525682926 0.010799499 0.118089169 -0.007233955 0.009858378 0.000859371 0.999924898
1756482994743586560.000000 0.525030971 0.010537061 0.118016332 -0.007276478 0.010164906 0.000777996 0.999921560
1756482994810305792.000000 0.525837660 0.010666495 0.117973261 -0.007351281 0.009807730 0.001057884 0.999924362
1756482994877111296.000000 0.525484025 0.010705695 0.117992468 -0.007278780 0.009972341 0.000718639 0.999923527
1756482994977321984.000000 0.525648594 0.010771235 0.118119389 -0.007264301 0.009889921 0.000905817 0.999924302
1756482995044130816.000000 0.525563717 0.010520433 0.117861405 -0.007367934 0.009884351 0.000917456 0.999923646
1756482995110941440.000000 0.525560677 0.010596544 0.118009664 -0.007341225 0.009912745 0.000914116 0.999923527
1756482995211160320.000000 0.525721908 0.010602673 0.117914140 -0.007335485 0.009844268 0.000844456 0.999924362
1756482995277974016.000000 0.526235700 0.010816896 0.117981464 -0.007291607 0.009683073 0.001169989 0.999925852
1756482995478427136.000000 0.525930762 0.010408653 0.117762364 -0.007506893 0.009687439 0.000780381 0.999924660
