1756587583750326272.000000 -0.000000000 -0.000000000 -0.000000002 -0.000000008 -0.000000000 0.000000000 1.000000000
1756587583783667712.000000 -0.000001657 -0.000379052 0.000189759 0.004308751 -0.000574966 -0.000365754 0.999990523
1756587583817008896.000000 0.000472356 -0.001555361 0.000455694 0.007207358 -0.001463370 0.000849153 0.999972582
1756587583850350592.000000 0.000100200 -0.001956441 0.003060911 0.009801923 -0.002459910 0.001327505 0.999948084
1756587583917033728.000000 -0.000322427 -0.001674985 0.011871169 0.006091234 -0.002290901 0.000548833 0.999978721
1756587583950374400.000000 -0.000281206 -0.001502025 0.017456770 0.002691992 -0.001537170 0.000637111 0.999994993
1756587583983715840.000000 -0.000362830 -0.001015958 0.023041664 -0.001635230 -0.000873924 0.000492972 0.999998152
1756587584050398720.000000 0.000032713 -0.000721727 0.034596819 -0.007466504 0.003750526 -0.000650715 0.999964893
1756587584083740416.000000 0.000984063 -0.001010276 0.037925322 -0.006694027 0.005979754 0.000237709 0.999959767
1756587584117082112.000000 0.000738585 -0.001127793 0.040591910 -0.005748038 0.006419212 -0.000312619 0.999962866
1756587584183765248.000000 0.000262505 -0.002617986 0.043745842 -0.002493674 0.002576472 0.000213109 0.999993622
1756587584217106688.000000 -0.000309465 -0.002747578 0.046325259 -0.001263423 0.000896198 0.000138478 0.999998808
1756587584250448128.000000 0.000247378 -0.002231152 0.049509592 -0.000233291 0.000329817 0.000478566 0.999999881
1756587584283789824.000000 -0.000010322 -0.002254411 0.052786890 -0.000596382 0.000594729 0.000661278 0.999999464
1756587584317131520.000000 0.000448373 -0.002119696 0.057394966 -0.002028237 0.000611657 0.000277679 0.999997735
1756587584383814912.000000 0.000159366 -0.001866234 0.064827546 -0.003806341 0.000996338 -0.000261423 0.999992251
1756587584417155328.000000 0.001023222 -0.002467226 0.068124078 -0.003631209 0.000441186 -0.000155369 0.999993324
1756587584483838208.000000 0.001417188 -0.001886146 0.074666940 -0.002419583 -0.000051148 0.000576010 0.999996901
1756587584517179904.000000 0.000826467 -0.002795053 0.077833995 -0.003501847 0.000168731 0.000369585 0.999993861
1756587584550521600.000000 0.000751596 -0.002480430 0.081558622 -0.003775460 0.000012404 0.000234639 0.999992847
1756587584583863296.000000 0.000006994 -0.003556907 0.085034184 -0.004952297 0.000177830 0.000121187 0.999987721
1756587584650546432.000000 -0.000416329 -0.004178653 0.091158181 -0.004935443 0.001134114 -0.000540648 0.999987006
1756587584683888128.000000 0.000079600 -0.004257170 0.093961217 -0.004683783 0.000944365 -0.000650370 0.999988437
1756587584717229824.000000 0.000141101 -0.004919819 0.096283674 -0.004782939 0.000623205 -0.000508156 0.999988258
1756587584750571264.000000 -0.000051080 -0.004513030 0.099886239 -0.004425876 0.000171631 -0.000653981 0.999989986
1756587584783912960.000000 -0.000210369 -0.004901840 0.102646656 -0.004302926 0.000043873 -0.000897631 0.999990404
1756587584817254656.000000 -0.000203539 -0.004096502 0.106495664 -0.004303971 0.000054706 -0.000831326 0.999990404
1756587584883936768.000000 -0.000631984 -0.004420757 0.113836065 -0.004831751 -0.000552921 -0.000485418 0.999988079
1756587584917277952.000000 -0.000227417 -0.004746163 0.117229328 -0.004947625 -0.000522043 -0.000019773 0.999987662
1756587584950619392.000000 -0.000008964 -0.004875561 0.121412575 -0.005509522 -0.000184199 0.000117237 0.999984801
1756587584983960576.000000 -0.000628288 -0.005383115 0.125164926 -0.006143886 0.000296750 -0.000482221 0.999980986
1756587585050643200.000000 -0.000023310 -0.005300022 0.131862074 -0.006385926 0.000526629 -0.000485749 0.999979377
1756587585083984640.000000 -0.000363148 -0.005311039 0.135086194 -0.006121401 0.000727999 -0.000471464 0.999980927
1756587585117326080.000000 -0.000132169 -0.005244336 0.138239875 -0.005432387 0.001007545 -0.000801608 0.999984443
1756587585150667264.000000 -0.001295975 -0.005211681 0.140557110 -0.004105228 0.004420524 -0.001079776 0.999981284
1756587585184008704.000000 -0.000971519 -0.006035718 0.144625947 -0.005016784 0.011062359 -0.000771138 0.999925971
1756587585217349888.000000 0.001931678 -0.006423437 0.150339007 -0.005416085 0.017245965 -0.000405545 0.999836564
1756587585284032512.000000 0.004462429 -0.006856555 0.156883761 -0.006098285 0.032099526 -0.000185432 0.999466121
1756587585317372672.000000 0.005173476 -0.006110537 0.161437377 -0.005278781 0.039186880 -0.000528890 0.999217868
1756587585350714112.000000 0.006798629 -0.005463266 0.162540689 -0.004185635 0.044503801 -0.000307187 0.999000371
1756587585384055296.000000 0.009148057 -0.006477934 0.167865574 -0.003149408 0.048741788 -0.000128951 0.998806417
1756587585417396736.000000 0.008881365 -0.006401607 0.170017973 -0.002439682 0.054019544 0.000409373 0.998536885
1756587585450737920.000000 0.010059088 -0.006246377 0.172988564 -0.001518181 0.059258461 0.000310237 0.998241544
1756587585517420800.000000 0.011292443 -0.007488118 0.180044368 -0.000317134 0.071660854 0.000025974 0.997429073
1756587585550761984.000000 0.012646526 -0.008608337 0.182544634 -0.000933804 0.078336470 0.000183302 0.996926546
1756587585584103424.000000 0.015181688 -0.008255057 0.186491221 -0.000588428 0.084630936 0.000720446 0.996411979
1756587585650785792.000000 0.018045485 -0.008663508 0.193575770 -0.000390853 0.096689932 0.000893796 0.995314181
1756587585684126976.000000 0.020060556 -0.007438586 0.197057664 -0.000338840 0.102054395 0.001020521 0.994778335
1756587585717468160.000000 0.021820711 -0.006947881 0.201243550 -0.000463261 0.107875168 0.000948434 0.994163990
1756587585784149760.000000 0.025152141 -0.007643089 0.208955199 -0.001045786 0.119918697 0.000735792 0.992782891
1756587585817491200.000000 0.026580842 -0.007955521 0.212563336 -0.001683077 0.125939026 0.000583577 0.992036402
1756587585884173824.000000 0.029937152 -0.007758773 0.219847500 -0.001193073 0.137357533 0.000281393 0.990520835
1756587585917514752.000000 0.032125901 -0.008844906 0.222499102 -0.001028703 0.142301053 0.001032681 0.989822388
1756587585984196608.000000 0.036381230 -0.007686360 0.228352606 0.000665511 0.153162211 0.001794040 0.988199234
1756587586017537792.000000 0.038693260 -0.007183493 0.231696442 0.000835225 0.158280581 0.001608433 0.987392545
1756587586084219904.000000 0.041851018 -0.007689591 0.239198849 0.000756921 0.159715846 0.002085976 0.987160563
1756587586117561088.000000 0.041934516 -0.008263718 0.242736831 -0.000873730 0.157890737 0.002075071 0.987454057
1756587586184241920.000000 0.043136109 -0.008145344 0.249586761 -0.000806257 0.155138075 0.002089318 0.987890303
1756587586217582848.000000 0.044366676 -0.008320126 0.252055138 0.000107522 0.155233562 0.001924051 0.987875938
1756587586284264960.000000 0.046285391 -0.007646579 0.257062733 0.001616442 0.156193033 0.001427554 0.987724245
1756587586317605888.000000 0.047121752 -0.007849781 0.259897083 0.001828184 0.155971065 0.001533142 0.987758756
1756587586384288000.000000 0.049077794 -0.007094898 0.266537547 0.001300517 0.154711515 0.001579924 0.987957597
1756587586417629184.000000 0.049866512 -0.008008271 0.270449042 0.000592482 0.154595569 0.001721125 0.987976193
1756587586484311296.000000 0.051887073 -0.008469233 0.277108729 0.000795098 0.154637143 0.001802858 0.987969398
1756587586517651968.000000 0.052867971 -0.008131727 0.279373080 0.001451306 0.154767066 0.001955315 0.987948000
1756587586550993152.000000 0.053756543 -0.008193309 0.282231420 0.001712186 0.154844880 0.001734065 0.987935841
1756587586584334080.000000 0.054524623 -0.008313151 0.285199523 0.001703473 0.154759198 0.001656410 0.987949371
1756587586651015168.000000 0.056930851 -0.008419276 0.291494936 0.001386872 0.154359385 0.002155146 0.988011479
1756587586684356096.000000 0.057901241 -0.008393044 0.294808388 0.001439925 0.154154807 0.002198339 0.988043189
1756587586717697280.000000 0.058811940 -0.008439147 0.298165083 0.001424709 0.154380366 0.002497612 0.988007307
1756587586751038208.000000 0.059926827 -0.008335054 0.301493734 0.001134711 0.154685825 0.002410902 0.987960160
1756587586784379392.000000 0.061295740 -0.009801580 0.303835273 -0.000268098 0.154581428 0.002829528 0.987976015
1756587586851061248.000000 0.063170522 -0.009860873 0.309582978 0.000625487 0.154477254 0.002503210 0.987993062
1756587586884402432.000000 0.064098701 -0.010140348 0.312438637 0.001227187 0.153930202 0.002695062 0.988077283
1756587586917744384.000000 0.065166108 -0.010464056 0.315649271 0.001092013 0.153545737 0.002613277 0.988137484
1756587586951086336.000000 0.066082828 -0.010613351 0.319243759 0.000464870 0.153863803 0.002589159 0.988088608
1756587586984428032.000000 0.066719301 -0.010696414 0.322202444 -0.000587449 0.153975114 0.002700285 0.988070905
1756587587051111424.000000 0.068619318 -0.010742276 0.329405427 -0.000479798 0.157823741 0.002514787 0.987464011
1756587587084452352.000000 0.070569083 -0.010950971 0.332806110 -0.000755465 0.163514391 0.002616657 0.986537218
1756587587117794304.000000 0.072904162 -0.011147361 0.336379409 -0.001614840 0.171100780 0.003151777 0.985247195
1756587587151136000.000000 0.075959116 -0.011214118 0.340399265 -0.002061207 0.178497240 0.003604235 0.983931720
1756587587184477696.000000 0.078264803 -0.011468820 0.343361706 -0.001225333 0.185593054 0.003098736 0.982621074
1756587587217819648.000000 0.080569267 -0.011850037 0.345979631 -0.000302229 0.192100599 0.003359398 0.981369436
1756587587251161344.000000 0.082471281 -0.011620452 0.347834766 0.000016629 0.197760344 0.003473089 0.980244279
1756587587284503296.000000 0.084599689 -0.011608852 0.352025867 -0.000389324 0.203319073 0.003302870 0.979106963
1756587587317844992.000000 0.086800180 -0.012044737 0.355624318 -0.001044803 0.208993614 0.003548191 0.977910042
1756587587384528640.000000 0.092139594 -0.011767686 0.360643476 -0.000434469 0.219537348 0.003833986 0.975596547
1756587587417870336.000000 0.094011903 -0.012167353 0.362919301 -0.000214339 0.225148737 0.003540687 0.974317968
1756587587451212288.000000 0.095955320 -0.012404249 0.365717083 -0.000036764 0.230594918 0.003974931 0.973041713
1756587587484553984.000000 0.098076373 -0.012754502 0.368541658 -0.000199788 0.236025035 0.004285332 0.971737504
1756587587517894656.000000 0.100818910 -0.012991890 0.371610135 -0.000340558 0.241251782 0.004422060 0.970452487
1756587587551236608.000000 0.104324602 -0.012665441 0.374728024 -0.000849214 0.246068522 0.004963442 0.969239354
1756587587584578304.000000 0.106751122 -0.012213328 0.378522992 -0.000810913 0.251239628 0.004714195 0.967913091
1756587587617920256.000000 0.109460354 -0.012147754 0.381636649 -0.000293070 0.256445557 0.004789541 0.966546774
1756587587651262208.000000 0.111754760 -0.012510259 0.384569705 0.000359651 0.261927068 0.004476870 0.965077281
1756587587684603904.000000 0.114955105 -0.012591474 0.386008441 0.001369214 0.267198741 0.004386224 0.963630497
1756587587751287808.000000 0.119284816 -0.013107724 0.390791088 0.001412818 0.277882695 0.004509803 0.960603476
1756587587784629248.000000 0.121664383 -0.013497597 0.393283457 0.000835030 0.283344746 0.004770755 0.959005892
1756587587817971200.000000 0.124198914 -0.013460565 0.396292329 0.000781274 0.288913488 0.004390143 0.957344830
1756587587851313152.000000 0.127404600 -0.013661180 0.398852289 0.000283489 0.294467926 0.004485155 0.955650806
1756587587884655104.000000 0.130536318 -0.013355192 0.401420534 0.001027647 0.299522609 0.004656596 0.954077303
1756587587917996800.000000 0.132819653 -0.013526853 0.404298276 0.001697297 0.305126637 0.004250249 0.952300847
1756587587951337472.000000 0.135077566 -0.013961314 0.406519890 0.002315321 0.310548782 0.004329931 0.950544775
1756587587984679424.000000 0.137151718 -0.014486210 0.408704221 0.002466552 0.315418243 0.003824405 0.948941886
1756587588018021376.000000 0.142429650 -0.014576479 0.410818517 0.002380584 0.319368601 0.004442396 0.947617233
1756587588051363072.000000 0.145402431 -0.014537215 0.413692892 0.002068461 0.324560404 0.004546150 0.945851862
1756587588084704768.000000 0.147609025 -0.014473516 0.415930986 0.000850889 0.330289274 0.004935645 0.943866551
1756587588118046720.000000 0.150737718 -0.014342694 0.418739319 0.000017519 0.335576385 0.005335465 0.941997886
1756587588151388672.000000 0.153617740 -0.013704889 0.421682328 -0.000343225 0.341123670 0.005119429 0.940004468
1756587588184730624.000000 0.156496793 -0.013651852 0.423859119 0.000650733 0.346469760 0.005286787 0.938046038
1756587588251414016.000000 0.163539678 -0.014921676 0.428283691 0.001957912 0.356248587 0.005495055 0.934373081
1756587588284755968.000000 0.166080102 -0.015245579 0.431126833 0.002992022 0.361738145 0.005211641 0.932260394
1756587588318097920.000000 0.167844057 -0.015442837 0.431153864 0.003406257 0.366722733 0.004286014 0.930314183
1756587588351439616.000000 0.170467392 -0.016534004 0.432550251 0.002992931 0.371959627 0.004490579 0.928233266
1756587588384781568.000000 0.173558801 -0.016435198 0.434772193 0.002347005 0.377118766 0.004772224 0.926149666
1756587588418122240.000000 0.176840842 -0.016505504 0.437132567 0.002135611 0.381546348 0.004916595 0.924334168
1756587588451464448.000000 0.180268362 -0.016466521 0.439533114 0.002564878 0.383277029 0.004884987 0.923616946
1756587588484806144.000000 0.183051467 -0.015932577 0.442057550 0.002262377 0.382509857 0.005256974 0.923933744
1756587588518147840.000000 0.185282022 -0.015916632 0.445463061 0.000435348 0.381527752 0.005582932 0.924340427
1756587588551490048.000000 0.186887339 -0.015683576 0.448148668 0.000070554 0.380480587 0.005554856 0.924772203
1756587588584831744.000000 0.188558549 -0.016070167 0.450428307 0.001066521 0.379887700 0.004793449 0.925019681
1756587588618173696.000000 0.189687669 -0.016538754 0.452350646 0.002131470 0.379933119 0.003948386 0.925003171
1756587588651515648.000000 0.193086803 -0.016714463 0.453510225 0.003146328 0.379091203 0.003923955 0.925345719
1756587588684857344.000000 0.194732308 -0.018008744 0.455895185 0.002806233 0.379062623 0.003896294 0.925358653
1756587588718199296.000000 0.196731761 -0.018397290 0.458598405 0.002120092 0.379016042 0.003608196 0.925380707
1756587588751541504.000000 0.198987514 -0.018647246 0.461317718 0.001641986 0.378891826 0.003776878 0.925431848
1756587588784882944.000000 0.201121807 -0.019155612 0.463505387 0.001302373 0.378772914 0.003803239 0.925480962
1756587588818225152.000000 0.203324810 -0.018944729 0.466316402 0.000711994 0.378465563 0.003846496 0.925607145
1756587588851565824.000000 0.205534920 -0.018989960 0.468578547 0.000598415 0.378006130 0.004206290 0.925793409
1756587588884907776.000000 0.207543626 -0.018826267 0.470699549 0.000899395 0.377705663 0.004404438 0.925914824
1756587588918249728.000000 0.209528953 -0.018898092 0.473055363 0.000936408 0.377899855 0.004108227 0.925836980
1756587588951591424.000000 0.212108254 -0.018744873 0.475752324 0.000912485 0.378228128 0.003725357 0.925704539
1756587588984933376.000000 0.215256557 -0.016792301 0.477338552 0.002245617 0.377504528 0.003972542 0.925996542
1756587589018275328.000000 0.217327312 -0.017181601 0.479664475 0.002451769 0.378092140 0.003934868 0.925756454
1756587589051617024.000000 0.219479010 -0.016905654 0.482239246 0.003425259 0.380888462 0.003214732 0.924609065
1756587589084958976.000000 0.222933114 -0.017165311 0.484224111 0.003854907 0.386167318 0.003254603 0.922415018
1756587589118300672.000000 0.227413833 -0.016982611 0.486662239 0.003323496 0.392681420 0.003673595 0.919661283
1756587589151642624.000000 0.231545597 -0.017191328 0.488698721 0.001944307 0.399525851 0.004231891 0.916710138
1756587589184984320.000000 0.235082209 -0.016721597 0.490616649 0.002301639 0.406093448 0.004481858 0.913817644
1756587589218326016.000000 0.237967253 -0.016997179 0.491650850 0.003308123 0.411547184 0.003892355 0.911374211
1756587589251668224.000000 0.240596533 -0.017484559 0.492904782 0.003980204 0.416699231 0.003805479 0.909027755
1756587589285009152.000000 0.243811429 -0.017839991 0.494046092 0.004321980 0.421621919 0.003689080 0.906753898
1756587589318350848.000000 0.248627692 -0.018018704 0.495923936 0.004380729 0.426033348 0.004021532 0.904687941
1756587589351692800.000000 0.252110302 -0.018161764 0.497907281 0.004507006 0.431402266 0.003954173 0.902139783
1756587589385034496.000000 0.255642891 -0.018282078 0.499874681 0.004366452 0.436739922 0.003812874 0.899569213
1756587589418376448.000000 0.257611632 -0.018185556 0.500551522 0.005367483 0.442112505 0.003675844 0.896936059
1756587589451718400.000000 0.260762185 -0.018419148 0.502353907 0.005271061 0.447340876 0.003498819 0.894341171
1756587589485060096.000000 0.264182687 -0.018862085 0.503364325 0.004832010 0.452250391 0.004170022 0.891868234
1756587589518402048.000000 0.268199861 -0.018747462 0.504884601 0.004541005 0.457100481 0.004514745 0.889392078
1756587589551744000.000000 0.271607876 -0.018765148 0.506671071 0.003070050 0.462487191 0.005044510 0.886606216
1756587589585085952.000000 0.275560260 -0.018981058 0.508295417 0.001736035 0.466844648 0.005826975 0.884318471
1756587589618427648.000000 0.280846536 -0.017778445 0.510694265 0.001239608 0.470391452 0.006043726 0.882436395
1756587589651769856.000000 0.283694148 -0.018533941 0.511719465 0.001789038 0.471340358 0.006303658 0.881927073
1756587589685111552.000000 0.285832107 -0.019521842 0.512444973 0.002452001 0.470143706 0.006572501 0.882561982
1756587589718453504.000000 0.287751436 -0.020118646 0.513689280 0.002294526 0.468603313 0.006122299 0.883384526
1756587589751794432.000000 0.289316833 -0.020630373 0.514979959 0.003468380 0.467926055 0.005487743 0.883743823
1756587589785136128.000000 0.293442428 -0.019220427 0.516736031 0.005166205 0.467186719 0.004296618 0.884133220
1756587589818478080.000000 0.295113236 -0.019419469 0.519594967 0.005795964 0.467313945 0.004017822 0.884063363
1756587589851820032.000000 0.298013985 -0.019424831 0.521955252 0.005242880 0.467356741 0.004159898 0.884043515
1756587589885162240.000000 0.301015973 -0.019380821 0.524389565 0.003854881 0.467446953 0.004807003 0.883999765
1756587589918504704.000000 0.304334402 -0.018902525 0.526283264 0.002924979 0.467383713 0.006122682 0.884028554
1756587589951847168.000000 0.306639373 -0.018581120 0.528686523 0.002360312 0.467908680 0.005593073 0.883755982
1756587589985189632.000000 0.308687359 -0.018696699 0.530259013 0.002856593 0.467878610 0.005295126 0.883772314
1756587590018532608.000000 0.310878277 -0.019000255 0.531390429 0.004434306 0.467474759 0.005316804 0.883979321
1756587590051875072.000000 0.313216686 -0.019479945 0.532473922 0.005505818 0.467058718 0.005147084 0.884194195
1756587590085217536.000000 0.316691279 -0.019405257 0.533368409 0.006247225 0.466638535 0.005208877 0.884410739
1756587590118560000.000000 0.319198966 -0.019457368 0.535987198 0.006157340 0.467068106 0.005063486 0.884185433
1756587590151902976.000000 0.322252333 -0.019176459 0.538592339 0.005683823 0.467423171 0.005305508 0.883999527
1756587590185244416.000000 0.325253218 -0.019245949 0.540938139 0.004528557 0.467644632 0.005957041 0.883884966
1756587590218586880.000000 0.328689754 -0.018993635 0.543203592 0.003704263 0.467917234 0.007184370 0.883735359
1756587590251929856.000000 0.331861317 -0.018944724 0.545229316 0.003028819 0.468258321 0.007494293 0.883554697
1756587590285272064.000000 0.334182024 -0.018753979 0.546871185 0.003118535 0.468668491 0.006825858 0.883342266
1756587590318615040.000000 0.336095363 -0.018991742 0.548108220 0.004135282 0.468852013 0.006236625 0.883245051
1756587590351957504.000000 0.337931216 -0.019364282 0.549232602 0.005337540 0.468584299 0.006031391 0.883382082
1756587590385300480.000000 0.340307981 -0.019285744 0.551067591 0.006149891 0.468155265 0.005841143 0.883605599
1756587590418642688.000000 0.344422251 -0.019275280 0.552532077 0.006356668 0.467163026 0.006073410 0.884127557
1756587590451985664.000000 0.347600222 -0.019018095 0.553791165 0.005811913 0.466935366 0.006757350 0.884246647
1756587590485328384.000000 0.350206852 -0.019230308 0.555697680 0.005055180 0.467097193 0.007270806 0.884161651
1756587590518671104.000000 0.353350878 -0.019383159 0.557540178 0.004515547 0.467297137 0.007627819 0.884055972
1756587590552013568.000000 0.356361270 -0.019420592 0.559854865 0.004271362 0.467616946 0.007791019 0.883886635
1756587590585356544.000000 0.361306250 -0.018609062 0.561716676 0.004795698 0.467185616 0.008384216 0.884106576
1756587590618698240.000000 0.362827778 -0.019523127 0.564108849 0.004624766 0.467300683 0.007960602 0.884050548
1756587590652040960.000000 0.364733726 -0.020150919 0.565692782 0.004837462 0.467497230 0.007972903 0.883945346
1756587590685383680.000000 0.367017031 -0.020915488 0.567586780 0.004818401 0.467691422 0.007965188 0.883842766
1756587590718726656.000000 0.369286299 -0.021429732 0.569870710 0.004605021 0.468023777 0.007693917 0.883670449
1756587590752069120.000000 0.371966004 -0.021395119 0.572133183 0.004111856 0.468211532 0.007746351 0.883572996
1756587590785412096.000000 0.375088036 -0.021308908 0.574298739 0.003354793 0.467954725 0.008258009 0.883707583
1756587590818754816.000000 0.378167182 -0.020791413 0.576368451 0.003446502 0.467426270 0.008437776 0.883985162
1756587590852097792.000000 0.380316049 -0.020462608 0.577885985 0.004616073 0.466925800 0.008191329 0.884246528
1756587590885440000.000000 0.382617921 -0.020435229 0.579636335 0.005246593 0.466757029 0.008266235 0.884331405
1756587590918782464.000000 0.385785520 -0.020402953 0.580538154 0.005840019 0.466503561 0.008270621 0.884461403
1756587590952124672.000000 0.388215959 -0.020546023 0.582919240 0.005303320 0.467275232 0.008171415 0.884058237
1756587590985466368.000000 0.391026676 -0.020928130 0.584528089 0.004794584 0.467749864 0.008263029 0.883809328
1756587591018808832.000000 0.393822670 -0.020966411 0.585975051 0.004842300 0.467966914 0.008514372 0.883691728
1756587591052151040.000000 0.396188617 -0.021199260 0.587661982 0.005510247 0.467833906 0.008110457 0.883762002
1756587591085492224.000000 0.398384809 -0.021363774 0.589584947 0.006094274 0.468183815 0.007650755 0.883576989
1756587591118834176.000000 0.401890755 -0.020984495 0.590648353 0.006703118 0.468012005 0.007528929 0.883664608
1756587591152176640.000000 0.404526323 -0.022048319 0.592867792 0.006796591 0.471185565 0.007745082 0.881973982
1756587591185518592.000000 0.408102661 -0.022740411 0.594930172 0.005752569 0.476086348 0.008173713 0.879341781
1756587591218860800.000000 0.412449479 -0.022455696 0.596392751 0.004912732 0.482000709 0.009305257 0.876107693
1756587591252203008.000000 0.415693283 -0.022812910 0.597431302 0.005358489 0.487895399 0.009003821 0.872839212
1756587591285545216.000000 0.419001162 -0.022411387 0.598308802 0.006780170 0.493410707 0.008730188 0.869726241
1756587591318887168.000000 0.422157049 -0.022861781 0.599267483 0.007146723 0.498216093 0.008611666 0.866980731
1756587591352229632.000000 0.425399989 -0.022927888 0.599619627 0.007054795 0.500499368 0.008452129 0.865666926
1756587591385571584.000000 0.429716647 -0.022072574 0.600973010 0.008382417 0.499605626 0.008872625 0.866167068
1756587591418913792.000000 0.432191044 -0.021547671 0.603181601 0.008319293 0.497727394 0.008980159 0.867247164
1756587591452256256.000000 0.434517920 -0.022039384 0.605048299 0.007630983 0.497024655 0.008701369 0.867659271
1756587591485598208.000000 0.437419355 -0.021735275 0.606696486 0.007041801 0.497296870 0.008918431 0.867506087
1756587591518939392.000000 0.440421909 -0.022132440 0.608340859 0.006027702 0.497535050 0.009281327 0.867373347
1756587591552281344.000000 0.443742454 -0.022257989 0.610005260 0.005435606 0.497764826 0.009522057 0.867242754
1756587591585623808.000000 0.447736740 -0.022537580 0.612065256 0.004663720 0.497629941 0.010076949 0.867318392
1756587591618966016.000000 0.449726164 -0.023038952 0.613576531 0.004778154 0.497787684 0.010002252 0.867228150
1756587591652307968.000000 0.451721787 -0.023175815 0.615106463 0.005768727 0.497912616 0.009462496 0.867156386
1756587591685650432.000000 0.453976631 -0.023572622 0.616223454 0.006716025 0.497835994 0.009142414 0.867197037
1756587591718992640.000000 0.456370533 -0.023875896 0.617453814 0.007559045 0.497452676 0.008922666 0.867412329
1756587591752335104.000000 0.458848000 -0.024044299 0.618860722 0.007365670 0.497097701 0.008893108 0.867617786
1756587591785677056.000000 0.461897641 -0.023963004 0.620549619 0.007214541 0.496857345 0.008877554 0.867756903
1756587591819019264.000000 0.464737058 -0.024225544 0.622351646 0.006854795 0.496726900 0.009571817 0.867827058
1756587591852361728.000000 0.469480455 -0.022646397 0.625150979 0.006493645 0.496615410 0.010148276 0.867887139
1756587591885703680.000000 0.472511768 -0.022688834 0.626866579 0.005813333 0.496772707 0.010320596 0.867799878
1756587591919045632.000000 0.475161850 -0.022652538 0.628530264 0.006161565 0.497502655 0.010510636 0.867376924
1756587591952386304.000000 0.478672594 -0.022740886 0.630062819 0.007755896 0.499899030 0.009823501 0.865993261
1756587591985728512.000000 0.482272208 -0.022976771 0.631592274 0.007735858 0.504828155 0.009435250 0.863133609
1756587592019070720.000000 0.486431003 -0.022787523 0.632452846 0.007763971 0.510911286 0.010097510 0.859539151
1756587592052412160.000000 0.490249217 -0.023050956 0.633534908 0.006861271 0.517883122 0.010733399 0.855356634
1756587592085754368.000000 0.493186176 -0.023306068 0.633546948 0.007429799 0.523422301 0.010228332 0.851979673
1756587592119096576.000000 0.496788085 -0.023520861 0.634137392 0.007911865 0.528271496 0.010591417 0.848972678
1756587592152438272.000000 0.500736713 -0.023482339 0.635380268 0.007981926 0.532781601 0.010225207 0.846153378
1756587592185780224.000000 0.504716039 -0.023143589 0.636327386 0.008290836 0.537418604 0.010442330 0.843210280
1756587592219122176.000000 0.509259820 -0.023743693 0.636561871 0.008256917 0.542204738 0.011021788 0.840133548
1756587592252464128.000000 0.512719989 -0.023731342 0.638127089 0.007820540 0.547366858 0.011287905 0.836780131
1756587592285806080.000000 0.516584873 -0.023703808 0.639549136 0.007324430 0.552349448 0.011796582 0.833497107
1756587592319148032.000000 0.520862937 -0.023497015 0.640346408 0.007779730 0.556764007 0.011512370 0.830554545
1756587592352489984.000000 0.525495648 -0.023457102 0.639570951 0.008790893 0.558167934 0.011151906 0.829606533
1756587592385832192.000000 0.528558373 -0.024148293 0.640745282 0.008448861 0.557277024 0.011810949 0.830199718
1756587592419172864.000000 0.532125473 -0.023772627 0.642414689 0.006885233 0.555266857 0.012432350 0.831550837
1756587592452514816.000000 0.534664214 -0.023558276 0.644239068 0.007053256 0.553970754 0.012186200 0.832417130
1756587592485857024.000000 0.536605597 -0.023951834 0.645315647 0.008640510 0.553709149 0.011142254 0.832590818
1756587592519198976.000000 0.539824724 -0.024251984 0.645019889 0.009768592 0.553354859 0.010390393 0.832823575
1756587592552540672.000000 0.542305350 -0.024531888 0.646626234 0.010462198 0.553480089 0.010303207 0.832733035
1756587592585882880.000000 0.545368910 -0.024755357 0.647985816 0.009781264 0.553431630 0.010700333 0.832768500
1756587592619224832.000000 0.548750401 -0.024589492 0.649531722 0.009167518 0.553377032 0.011157889 0.832805753
1756587592652566784.000000 0.552435637 -0.024064511 0.650807977 0.008263395 0.553621709 0.011722789 0.832644820
1756587592685908736.000000 0.555736899 -0.023879681 0.652126491 0.007713896 0.553956866 0.011933349 0.832424164
1756587592719250688.000000 0.559013367 -0.023680273 0.653455257 0.007710006 0.554157615 0.012182026 0.832286954
1756587592752592896.000000 0.562060475 -0.023774449 0.654660821 0.008040247 0.553875804 0.012102754 0.832472563
1756587592785934848.000000 0.564603269 -0.024044747 0.656203985 0.007821358 0.553656638 0.012458388 0.832615137
1756587592819276800.000000 0.567569256 -0.024261732 0.657239676 0.008303426 0.553355813 0.011972236 0.832817554
1756587592852617728.000000 0.570298910 -0.024578344 0.659335971 0.008833842 0.553422391 0.011898385 0.832768917
1756587592885959424.000000 0.572575867 -0.024793457 0.660180986 0.009177517 0.553478539 0.011500729 0.832733512
1756587592919300352.000000 0.575115085 -0.024781222 0.661123157 0.009421763 0.553762317 0.011320240 0.832544565
1756587592952641024.000000 0.577937424 -0.025057307 0.662304282 0.009287232 0.554163873 0.011085218 0.832282066
1756587592985981952.000000 0.580565691 -0.025031190 0.663642406 0.008875326 0.554385304 0.010954722 0.832140744
1756587593019322368.000000 0.585967064 -0.025698435 0.664377570 0.008454344 0.554224372 0.011181117 0.832249343
1756587593052663296.000000 0.588999808 -0.025921330 0.665942490 0.007943443 0.554258764 0.011330051 0.832229435
1756587593086004224.000000 0.592025995 -0.026075065 0.667263210 0.007370393 0.554399967 0.011401842 0.832139671
1756587593119344896.000000 0.595012426 -0.026100272 0.668764055 0.006633888 0.554469883 0.011489284 0.832098126
1756587593152685824.000000 0.598226786 -0.025815170 0.670186639 0.006001390 0.554295838 0.011795241 0.832214534
1756587593186026240.000000 0.601579309 -0.025811546 0.671480298 0.005961317 0.553903580 0.011911741 0.832474351
1756587593219367168.000000 0.604268312 -0.025870519 0.672355831 0.006256394 0.553646207 0.011703315 0.832646370
1756587593252707840.000000 0.606762350 -0.026015658 0.673724294 0.006667808 0.553522587 0.011637243 0.832726181
1756587593286047744.000000 0.609041214 -0.026419263 0.674800575 0.006894655 0.553642631 0.011384563 0.832648098
1756587593319388416.000000 0.611906171 -0.026731806 0.676169336 0.007095229 0.553878963 0.010907964 0.832495570
1756587593352729344.000000 0.616237402 -0.025623605 0.679121614 0.007913548 0.554404438 0.010940644 0.832137942
1756587593386069760.000000 0.619360149 -0.025484819 0.680294454 0.007797814 0.554531276 0.011045633 0.832053125
1756587593419410688.000000 0.622794032 -0.025417602 0.681542933 0.007830844 0.554605246 0.011204015 0.832001388
1756587593452751360.000000 0.625922501 -0.025034703 0.683067143 0.007726336 0.554826975 0.011066079 0.831856251
1756587593486092032.000000 0.628857553 -0.025098059 0.684319139 0.007258889 0.555204749 0.011072851 0.831608355
1756587593519432704.000000 0.631781638 -0.025170421 0.685389459 0.006805912 0.555531681 0.011009289 0.831394672
1756587593552773376.000000 0.635765016 -0.026303083 0.686262667 0.006188564 0.555291712 0.010796594 0.831562579
1756587593586114048.000000 0.638710499 -0.026150227 0.687946439 0.006464373 0.554996371 0.010728757 0.831758559
1756587593619454976.000000 0.641412795 -0.026343297 0.689354718 0.006845525 0.554486156 0.010456258 0.832099140
1756587593652795648.000000 0.644052684 -0.026528660 0.690870583 0.006885892 0.554434121 0.010344645 0.832134902
1756587593686136320.000000 0.646540940 -0.026810132 0.692070961 0.006981637 0.554385126 0.010113200 0.832169592
1756587593719476992.000000 0.649449468 -0.026972383 0.693705678 0.007490330 0.554375887 0.009959935 0.832173169
1756587593752816640.000000 0.651988268 -0.027026437 0.694897652 0.007810697 0.554593265 0.009894915 0.832026124
1756587593786157312.000000 0.654927373 -0.027215842 0.696213722 0.007696248 0.554900765 0.009824440 0.831822932
1756587593819497984.000000 0.657839477 -0.027573168 0.697167635 0.007487537 0.555117726 0.009757601 0.831680954
1756587593852838400.000000 0.660696685 -0.027006323 0.697876990 0.007608960 0.555119812 0.010119784 0.831674099
1756587593886179584.000000 0.663666725 -0.026986582 0.698927224 0.006940558 0.554950058 0.010247787 0.831791580
1756587593919521024.000000 0.666933477 -0.027036831 0.700296581 0.006287938 0.554505765 0.010594895 0.832088768
1756587593952862464.000000 0.670075059 -0.026727248 0.701846540 0.006651675 0.553873420 0.010721017 0.832505286
1756587593986204160.000000 0.673314273 -0.026983727 0.703424335 0.006809768 0.553475320 0.010552305 0.832770884
1756587594019545344.000000 0.675962567 -0.027196296 0.704771221 0.007128051 0.553567827 0.010412171 0.832708538
1756587594052887040.000000 0.679983616 -0.027291140 0.705235839 0.007190415 0.553982854 0.010229385 0.832434297
1756587594086228480.000000 0.681970417 -0.027320813 0.707000434 0.007264308 0.554612577 0.009840531 0.832018793
1756587594119569664.000000 0.684473455 -0.027567727 0.708580077 0.007043408 0.554674327 0.009526482 0.831983268
1756587594152911360.000000 0.687019527 -0.027668877 0.709775627 0.007876950 0.554172218 0.009330138 0.832312524
1756587594186251520.000000 0.689872563 -0.027960755 0.710817277 0.008368267 0.553704560 0.009402627 0.832618117
1756587594219593216.000000 0.693243384 -0.027577491 0.712084770 0.008443280 0.553709745 0.009424872 0.832613587
1756587594252934912.000000 0.696152747 -0.027901128 0.713322461 0.007685914 0.553865790 0.009527015 0.832516015
1756587594286276096.000000 0.700189471 -0.026727553 0.715697169 0.007563892 0.554019928 0.009316796 0.832417011
1756587594319617792.000000 0.703494847 -0.026449190 0.717028856 0.007028469 0.554091811 0.009595769 0.832370639
1756587594352959232.000000 0.706718147 -0.026280038 0.718430877 0.007310808 0.554233730 0.009441167 0.832275510
1756587594386300672.000000 0.710025311 -0.025809295 0.719523191 0.007284237 0.554496169 0.009341750 0.832102060
1756587594419641856.000000 0.712934494 -0.025735814 0.720509589 0.007029103 0.554659903 0.009137882 0.831997275
1756587594452983552.000000 0.716453314 -0.026436519 0.722855091 0.006534039 0.554573715 0.008702390 0.832063437
1756587594486324992.000000 0.718887746 -0.026800714 0.724304438 0.006945353 0.554187715 0.008617638 0.832318187
1756587594519666432.000000 0.721330523 -0.027293880 0.725554168 0.007614511 0.553773582 0.008477909 0.832589388
1756587594553008128.000000 0.724034071 -0.027606932 0.726755261 0.008110736 0.553262174 0.008592181 0.832923412
1756587594586349824.000000 0.727075994 -0.027661730 0.728294909 0.007909267 0.553043485 0.008871272 0.833067715
1756587594619689984.000000 0.730621457 -0.027618531 0.730025351 0.007434103 0.553142488 0.009055809 0.833004296
1756587594653031680.000000 0.734139919 -0.027537588 0.731346309 0.007042172 0.553196549 0.009147941 0.832970798
1756587594686373120.000000 0.736979485 -0.027555780 0.732398808 0.007234105 0.553230703 0.009086056 0.832947135
1756587594719714304.000000 0.739878774 -0.027692623 0.733777940 0.006992400 0.553420424 0.009103398 0.832822919
1756587594753055744.000000 0.742414832 -0.027816471 0.734769046 0.007053655 0.553587437 0.008860135 0.832714021
1756587594786397440.000000 0.744909644 -0.027915210 0.735089958 0.006888754 0.553499281 0.008862741 0.832773983
1756587594819739136.000000 0.747545123 -0.027753413 0.736068010 0.006870769 0.553319454 0.008706724 0.832895339
1756587594853080320.000000 0.750370741 -0.027830308 0.737178862 0.007399197 0.553026021 0.008481961 0.833087981
1756587594886422272.000000 0.752810836 -0.028051840 0.738078237 0.008024971 0.552533567 0.008489646 0.833408833
1756587594919763968.000000 0.755372643 -0.028432980 0.739186108 0.008191092 0.551962554 0.008536210 0.833785057
1756587594953105920.000000 0.758527696 -0.028642956 0.740548611 0.008342524 0.551751792 0.008636485 0.833921969
1756587594986448128.000000 0.762585282 -0.028164417 0.742600262 0.008311490 0.551925838 0.008705758 0.833806336
1756587595019789824.000000 0.765755594 -0.028540283 0.744317591 0.008043816 0.552140772 0.009140904 0.833662033
1756587595053132032.000000 0.769122243 -0.028829392 0.746300519 0.007570070 0.552324831 0.009248905 0.833543301
1756587595086472960.000000 0.772341609 -0.029017724 0.748286545 0.006980460 0.552568018 0.009845273 0.833380401
1756587595119814912.000000 0.775532663 -0.029107969 0.749926627 0.006444002 0.552652597 0.010086811 0.833325803
1756587595153157120.000000 0.778519988 -0.029404052 0.750947177 0.006463474 0.552553952 0.010182953 0.833389878
1756587595186499072.000000 0.781231642 -0.029698398 0.751798511 0.006913490 0.552508235 0.010249791 0.833415806
1756587595219840768.000000 0.784088731 -0.029698014 0.752871633 0.007029953 0.552661777 0.010145967 0.833314240
1756587595253182976.000000 0.787214339 -0.029592130 0.753959954 0.007255330 0.552998722 0.010030228 0.833090186
1756587595286524928.000000 0.790444911 -0.028968588 0.754731417 0.008127416 0.553076744 0.009630080 0.833034992
1756587595319866880.000000 0.793181956 -0.029253947 0.755711854 0.008053821 0.553007066 0.009419645 0.833084464
1756587595353209088.000000 0.796096563 -0.029393170 0.757371068 0.007912968 0.552734375 0.009329901 0.833267689
1756587595386551040.000000 0.799034476 -0.029303342 0.758669853 0.007581602 0.552324295 0.009535369 0.833540380
1756587595419892992.000000 0.802791417 -0.029313248 0.759986222 0.007449609 0.552559257 0.009814356 0.833382547
1756587595453235200.000000 0.806369662 -0.029627576 0.761206448 0.007595478 0.555828393 0.009424372 0.831209004
1756587595486577152.000000 0.812000871 -0.029368639 0.762091041 0.007037342 0.561191499 0.009636374 0.827600002
1756587595519918080.000000 0.815886855 -0.029372860 0.762377739 0.005938648 0.567941606 0.010537437 0.822980046
1756587595553260032.000000 0.819383323 -0.029489931 0.762204349 0.006312562 0.573547125 0.010442548 0.819081664
1756587595586601984.000000 0.822675586 -0.029161274 0.761771262 0.007248851 0.577910662 0.010673676 0.815998137
1756587595619944192.000000 0.825982094 -0.029667437 0.762399614 0.008164181 0.581798851 0.010554656 0.813223302
1756587595653286144.000000 0.833119333 -0.030186584 0.763590574 0.008315256 0.586572349 0.010993483 0.809779584
1756587595686628096.000000 0.835280359 -0.029507350 0.764749467 0.007933401 0.591295660 0.010627965 0.806345820
1756587595719970304.000000 0.838979125 -0.029716197 0.764819682 0.007992660 0.595688283 0.010767576 0.803103805
1756587595753312256.000000 0.842013717 -0.029871494 0.764870167 0.008607518 0.597566664 0.010619302 0.801702797
1756587595786654464.000000 0.845303297 -0.030012451 0.765434265 0.008554530 0.596803606 0.011405094 0.802260756
1756587595819996672.000000 0.848858595 -0.030138411 0.766816497 0.007482683 0.594833672 0.012074790 0.803723335
1756587595853338624.000000 0.851746678 -0.030216623 0.768420875 0.006991656 0.593770325 0.011947136 0.804515541
1756587595886680064.000000 0.854257703 -0.030301221 0.769479990 0.006795629 0.593965828 0.011606289 0.804377973
1756587595920020736.000000 0.857003152 -0.030473828 0.770597160 0.007456948 0.594620109 0.011471874 0.803890347
1756587595953360640.000000 0.859907508 -0.030869503 0.771916211 0.007781773 0.594874263 0.011184015 0.803703368
1756587595986701312.000000 0.862546802 -0.031050239 0.772865236 0.007980868 0.594653666 0.011233840 0.803863943
1756587596020041728.000000 0.865763664 -0.031238806 0.774069905 0.007550638 0.594394922 0.011564459 0.804054797
1756587596053382656.000000 0.869032919 -0.031126630 0.775286794 0.006658058 0.594296038 0.011681301 0.804134011
1756587596086723072.000000 0.874078989 -0.031315640 0.775130808 0.006263140 0.593991756 0.011836310 0.804359674
1756587596120063744.000000 0.877238154 -0.031321004 0.776627362 0.006265779 0.594024062 0.011989548 0.804333568
1756587596153404160.000000 0.879953325 -0.031627599 0.777860999 0.006256448 0.594046295 0.012094220 0.804315627
1756587596186745088.000000 0.882840455 -0.031938627 0.778766274 0.006601822 0.594088793 0.011935409 0.804283917
1756587596220085504.000000 0.885699153 -0.031903088 0.779828906 0.006716141 0.594183862 0.011451265 0.804219782
1756587596253426432.000000 0.888597965 -0.031850986 0.781179845 0.007254944 0.594245195 0.011300739 0.804171920
1756587596286766848.000000 0.891375065 -0.031587467 0.782010794 0.007906163 0.593836248 0.011036421 0.804471433
1756587596320107520.000000 0.894531369 -0.031767651 0.782829940 0.008170183 0.593168795 0.011279172 0.804957628
1756587596353447936.000000 0.897518694 -0.032039840 0.783967197 0.007426786 0.592935383 0.011816635 0.805129170
1756587596386788608.000000 0.902216077 -0.030523928 0.785250187 0.006817108 0.593077362 0.012385144 0.805021405
1756587596420128000.000000 0.904546142 -0.031645793 0.786662042 0.005961579 0.593507826 0.012447068 0.804709852
1756587596453468672.000000 0.907908738 -0.031679902 0.787720382 0.005997912 0.593472242 0.012207276 0.804739535
1756587596486809344.000000 0.910952568 -0.031834561 0.788456917 0.006797670 0.593312621 0.011636181 0.804859400
1756587596520150016.000000 0.913733900 -0.031573568 0.789101541 0.007265394 0.593211591 0.011412733 0.804932892
1756587596553490432.000000 0.916635633 -0.031417843 0.789701283 0.007699837 0.593071818 0.011410202 0.805031955
1756587596586831104.000000 0.920542002 -0.030315679 0.790629685 0.008171955 0.593226373 0.011267020 0.804915369
1756587596653512192.000000 0.927080154 -0.030504625 0.792416632 0.008684708 0.593398869 0.010959039 0.804787159
1756587596686852608.000000 0.929751158 -0.030550070 0.793157399 0.009307787 0.593330920 0.010674709 0.804834068
1756587596720193024.000000 0.932216108 -0.030883349 0.794200540 0.009620936 0.593214095 0.010593531 0.804917574
1756587596753533696.000000 0.935335398 -0.030771235 0.795383334 0.008993953 0.593263626 0.010699581 0.804886878
1756587596786874368.000000 0.938869417 -0.030596569 0.796659946 0.008221480 0.593329132 0.011195445 0.804840207
1756587596820214784.000000 0.942852855 -0.030349799 0.797948182 0.007215120 0.593441188 0.011962565 0.804756165
1756587596853554176.000000 0.946673036 -0.030905284 0.799749970 0.005752307 0.593234181 0.012356995 0.804914653
1756587596886894848.000000 0.949871182 -0.031023068 0.800553083 0.006017203 0.593122840 0.012589631 0.804991066
1756587596920236032.000000 0.952934921 -0.031176152 0.800879002 0.006538020 0.593333721 0.012579829 0.804831803
1756587596953576960.000000 0.955494940 -0.031285603 0.801759541 0.007150091 0.593960047 0.011996776 0.804373324
1756587596986918400.000000 0.957580566 -0.031721655 0.802508175 0.008133237 0.594189882 0.011216486 0.804205537
1756587597020259584.000000 0.960909724 -0.031898610 0.804036498 0.009365525 0.594597161 0.010082621 0.803906024
1756587597053600512.000000 0.963637948 -0.031484436 0.805917442 0.009957934 0.594849348 0.009839205 0.803715348
1756587597086941696.000000 0.966960430 -0.031521995 0.807197690 0.009854885 0.594921589 0.010033296 0.803660810
1756587597120282624.000000 0.970326900 -0.031553764 0.808459759 0.008900369 0.594826281 0.010576354 0.803735435
1756587597153623808.000000 0.974259257 -0.031332530 0.809717953 0.007548681 0.594622135 0.011368292 0.803889513
1756587597186964736.000000 0.978151262 -0.031063315 0.810997427 0.005750491 0.594264984 0.012194620 0.804156303
1756587597220305920.000000 0.981750965 -0.030938745 0.812073946 0.005761157 0.593905032 0.012532274 0.804417014
1756587597253647360.000000 0.984807014 -0.031101801 0.813123286 0.006356867 0.593556464 0.012332468 0.804672837
1756587597286987264.000000 0.987320364 -0.031199833 0.814112544 0.007040109 0.593648612 0.012093477 0.804602802
1756587597320328448.000000 0.989989042 -0.031434357 0.815106094 0.007250418 0.594286025 0.011518352 0.804138660
1756587597353669376.000000 0.993369579 -0.032797676 0.814635992 0.007171769 0.594361663 0.011558697 0.804082930
1756587597420351488.000000 0.999675632 -0.032803528 0.816837072 0.007105401 0.594441831 0.011491731 0.804025114
1756587597453692672.000000 1.003080368 -0.033173118 0.818177164 0.007409435 0.596746027 0.011396024 0.802315116
1756587597487033600.000000 1.006782055 -0.033549491 0.818920016 0.006355259 0.601329088 0.011234260 0.798897266
1756587597520374784.000000 1.010920048 -0.033631612 0.819579780 0.005483947 0.606911063 0.012325947 0.794655263
1756587597553715712.000000 1.015067816 -0.033737972 0.818695188 0.005454552 0.612217724 0.012867179 0.790565729
1756587597587056896.000000 1.019761682 -0.033756979 0.817999125 0.006374958 0.617232382 0.013251926 0.786643505
1756587597620398080.000000 1.023249865 -0.033832725 0.817189097 0.007412263 0.621834159 0.012880145 0.783007979
1756587597653738752.000000 1.026792288 -0.034051165 0.816612244 0.007868477 0.626328945 0.012893368 0.779412568
1756587597687079936.000000 1.029692531 -0.033328708 0.817543626 0.008387926 0.630681872 0.012431441 0.775896490
1756587597720420864.000000 1.032870889 -0.033690318 0.817954004 0.008350151 0.634679794 0.012158694 0.772634506
1756587597753761024.000000 1.035825014 -0.033980522 0.818214595 0.008729183 0.636531472 0.012186210 0.771105051
1756587597787101952.000000 1.039490819 -0.034287084 0.818845153 0.008256054 0.636326671 0.012836988 0.771268785
1756587597820443136.000000 1.043142080 -0.033486560 0.820558071 0.006296637 0.635189950 0.013293761 0.772215903
1756587597853784064.000000 1.046232462 -0.032991856 0.822019458 0.005797352 0.634254694 0.013267806 0.772988617
1756587597887125504.000000 1.050768852 -0.033808392 0.821547747 0.006366387 0.633263409 0.012878847 0.773802996
1756587597920467456.000000 1.052901745 -0.034190092 0.822296560 0.007586087 0.633534014 0.012012045 0.773584485
1756587597953809152.000000 1.055406332 -0.034751754 0.823202491 0.007987176 0.634184480 0.011496533 0.773055017
1756587597987151360.000000 1.058468699 -0.034694701 0.823942423 0.007907232 0.634486556 0.011093373 0.772813857
1756587598020493568.000000 1.061756015 -0.035183981 0.824865341 0.007587370 0.634487212 0.011051890 0.772817135
1756587598053835264.000000 1.064935923 -0.035261683 0.825595021 0.006969213 0.634001613 0.011535395 0.773214281
1756587598087177216.000000 1.068613768 -0.035181358 0.825905323 0.006283805 0.633378565 0.012321509 0.773718476
1756587598120519424.000000 1.072081327 -0.034930259 0.826805413 0.005791883 0.633148253 0.012777586 0.773903489
1756587598153861376.000000 1.075669050 -0.034693666 0.827532053 0.006617717 0.633308828 0.012425988 0.773771167
1756587598187202304.000000 1.078553677 -0.033433955 0.827346742 0.007920985 0.633390903 0.011785280 0.773701787
1756587598220544000.000000 1.081647158 -0.033480722 0.828435600 0.008163423 0.633967340 0.011561316 0.773230374
1756587598253886208.000000 1.084730864 -0.033469144 0.829032063 0.008395893 0.636933625 0.011425944 0.770788252
1756587598320570112.000000 1.093183637 -0.033714302 0.828256011 0.007465265 0.648527563 0.012885876 0.761045516
1756587598353912064.000000 1.096875787 -0.033813499 0.827617884 0.006912512 0.654265106 0.013366099 0.756115615
1756587598387254272.000000 1.101325035 -0.034052175 0.826546550 0.007672517 0.658835113 0.013594185 0.752125502
1756587598420596224.000000 1.106076479 -0.034202442 0.825749874 0.007120695 0.663076997 0.013174301 0.748401403
1756587598453938176.000000 1.109172106 -0.033468809 0.827160001 0.006842439 0.667321384 0.012795880 0.744628549
1756587598487280384.000000 1.112854242 -0.033210155 0.827038527 0.006812156 0.670897245 0.012734845 0.741409719
1756587598520622336.000000 1.116535783 -0.033332594 0.826229811 0.007265483 0.674496531 0.013308776 0.738122404
1756587598553964032.000000 1.120175838 -0.033923931 0.825237513 0.007508854 0.678523242 0.013779483 0.734411299
1756587598587306240.000000 1.123622417 -0.034448974 0.824797273 0.006973709 0.682900727 0.014181968 0.730340302
1756587598620647168.000000 1.127454638 -0.034287784 0.823858619 0.006904767 0.686725676 0.014548508 0.726738334
1756587598653989376.000000 1.132752895 -0.033926949 0.823522806 0.006945674 0.688056469 0.014368802 0.725481629
1756587598687331072.000000 1.136254430 -0.034579497 0.823520541 0.007010976 0.687751174 0.015159879 0.725754440
1756587598720673280.000000 1.139898181 -0.033771757 0.824295521 0.006185679 0.686334014 0.015713466 0.727090478
1756587598754015488.000000 1.142900944 -0.033903066 0.824083090 0.005073085 0.684630990 0.016689546 0.728681147
1756587598787357440.000000 1.145472765 -0.033979103 0.824675202 0.005822357 0.683897555 0.015873892 0.729382157
1756587598820699136.000000 1.148059249 -0.034215547 0.825328469 0.006258362 0.683829367 0.014818794 0.729464650
1756587598854041344.000000 1.150521874 -0.034636542 0.825927019 0.007459258 0.683760226 0.014263887 0.729529321
1756587598887383552.000000 1.153429270 -0.034946106 0.826286554 0.007802600 0.683479726 0.014158059 0.729790509
1756587598920725504.000000 1.156967044 -0.034764376 0.826685071 0.007969682 0.683693826 0.014031813 0.729590595
1756587598954067968.000000 1.160151124 -0.035022750 0.827169180 0.007612613 0.683998585 0.014173531 0.729305983
1756587598987410176.000000 1.163318157 -0.035390906 0.827737093 0.007644217 0.684116900 0.014000012 0.729198039
1756587599020752384.000000 1.166772246 -0.035225734 0.828090191 0.007660397 0.684089363 0.014002550 0.729223609
1756587599054094848.000000 1.170469999 -0.035158411 0.828400135 0.006914382 0.684205174 0.014511004 0.729112506
1756587599087436032.000000 1.173998356 -0.034955531 0.828796387 0.006211204 0.684295774 0.015069470 0.729022443
1756587599120778240.000000 1.177781105 -0.035005786 0.829207063 0.005558195 0.684253097 0.015367062 0.729061544
1756587599154120704.000000 1.181083202 -0.034859017 0.829465389 0.005746001 0.684037924 0.015259281 0.729264319
1756587599187462912.000000 1.183655620 -0.034694668 0.829358220 0.006838700 0.683900893 0.014706208 0.729394674
1756587599220805120.000000 1.187673688 -0.033839762 0.829879165 0.008163393 0.683791637 0.013815475 0.729500890
1756587599254147584.000000 1.190727472 -0.033758193 0.829470992 0.008865952 0.683541775 0.013536694 0.729732096
1756587599287489536.000000 1.193726897 -0.034032747 0.830006957 0.009006254 0.683500171 0.013540270 0.729769289
1756587599320832000.000000 1.196816444 -0.034250300 0.830509424 0.009075298 0.683712780 0.013466984 0.729570568
1756587599354174464.000000 1.200084686 -0.034143381 0.830801845 0.008888658 0.683924556 0.013397526 0.729375660
1756587599387516416.000000 1.203244448 -0.033955265 0.831247449 0.008767120 0.683994055 0.013736029 0.729305565
1756587599420858880.000000 1.207817316 -0.033845596 0.830325484 0.008671809 0.683878958 0.014264575 0.729404509
1756587599454201344.000000 1.210925817 -0.034406282 0.831232309 0.008501658 0.684240758 0.014241476 0.729067564
1756587599520884736.000000 1.217507482 -0.034460295 0.831761241 0.008586969 0.684843719 0.013966469 0.728505552
1756587599554227200.000000 1.220885277 -0.034474604 0.832136869 0.008086807 0.685153186 0.014082245 0.728217959
1756587599587569152.000000 1.224269390 -0.034355458 0.833002806 0.007108968 0.685214400 0.014321733 0.728165984
1756587599620911872.000000 1.227349520 -0.034316875 0.832826853 0.007222686 0.684726655 0.014741602 0.728615165
1756587599654254080.000000 1.230340242 -0.034494806 0.833182573 0.007521770 0.684636474 0.014588374 0.728699982
1756587599687596288.000000 1.233343840 -0.034764156 0.833446980 0.007849790 0.684717774 0.014476739 0.728622317
1756587599720938752.000000 1.236431837 -0.034858271 0.833472252 0.007925426 0.684799075 0.014375747 0.728547096
1756587599754281216.000000 1.239528418 -0.035226047 0.833977818 0.007869336 0.685072660 0.014084144 0.728296220
1756587599787623680.000000 1.242176175 -0.035146814 0.833980083 0.008105347 0.685394764 0.013753630 0.727996707
1756587599820965888.000000 1.247161150 -0.034792427 0.834468365 0.008402516 0.685562074 0.013581829 0.727838993
1756587599854308096.000000 1.249673605 -0.035175197 0.835194707 0.008839174 0.685490906 0.013364896 0.727904856
1756587599887650816.000000 1.252346754 -0.035391316 0.835907221 0.008961079 0.685323894 0.013022744 0.728066862
1756587599920992768.000000 1.255070806 -0.035636626 0.836612701 0.008440839 0.685309947 0.013049006 0.728085756
1756587599954335232.000000 1.258870602 -0.034394424 0.836076975 0.008560839 0.684966803 0.012992549 0.728408158
1756587599987676672.000000 1.261974573 -0.034571197 0.836530566 0.008120266 0.684908569 0.013049764 0.728466928
1756587600021018624.000000 1.265233994 -0.034836419 0.836804986 0.008039668 0.684627771 0.012937083 0.728733718
1756587600054361088.000000 1.268489361 -0.035124928 0.836874604 0.008248208 0.684373915 0.012759775 0.728972971
1756587600087703552.000000 1.271508694 -0.035184424 0.837272763 0.008277740 0.684603393 0.012706265 0.728758097
1756587600121045504.000000 1.274656773 -0.034993589 0.837332368 0.008507467 0.684735298 0.012624513 0.728632927
1756587600154387968.000000 1.278447151 -0.034814309 0.837675095 0.008611376 0.684769690 0.012267744 0.728605449
1756587600187730432.000000 1.281352043 -0.035006605 0.838608503 0.008234734 0.684499204 0.012737133 0.728855908
1756587600221072384.000000 1.284504652 -0.035088867 0.838902950 0.008049873 0.684260190 0.013230226 0.729073524
1756587600287757312.000000 1.291705847 -0.035166949 0.839625835 0.007414407 0.684260547 0.013759843 0.729070127
1756587600321099520.000000 1.294891119 -0.035190091 0.838169694 0.007611685 0.683520138 0.014311253 0.729751766
1756587600354441984.000000 1.298127890 -0.034990136 0.838509917 0.007582589 0.683470011 0.014277711 0.729799688
1756587600387784192.000000 1.301238537 -0.034868591 0.839045167 0.007612540 0.683505952 0.014204642 0.729767025
1756587600421125632.000000 1.304359674 -0.035132121 0.839066982 0.008029140 0.683615744 0.014166104 0.729660451
1756587600454468096.000000 1.307451010 -0.035538569 0.839203119 0.007650728 0.683885336 0.014136318 0.729412556
1756587600487810304.000000 1.310529828 -0.035627052 0.839528561 0.007800122 0.684359133 0.014255301 0.728964090
1756587600521152512.000000 1.314861774 -0.035632379 0.839255691 0.007421103 0.684588373 0.014269291 0.728752434
1756587600554494976.000000 1.318790197 -0.035589948 0.840127230 0.006993019 0.684569955 0.014612875 0.728767216
1756587600587837440.000000 1.322886705 -0.035301890 0.840569615 0.006706686 0.684301198 0.015056839 0.729013205
1756587600621179904.000000 1.326260090 -0.035456065 0.841111660 0.006759090 0.684136331 0.015419814 0.729159892
1756587600654522112.000000 1.328970671 -0.035866432 0.841456890 0.006630061 0.684099019 0.015394653 0.729196548
1756587600687864576.000000 1.331880569 -0.036192410 0.841931581 0.006866158 0.684129477 0.015082364 0.729172409
1756587600721207040.000000 1.334685564 -0.036010623 0.842380762 0.007161098 0.684369445 0.014753113 0.728951097
1756587600754549248.000000 1.337426424 -0.036795996 0.842325091 0.007308573 0.684433579 0.014536143 0.728893757
1756587600821234176.000000 1.344154835 -0.036270212 0.842000127 0.008506493 0.684356391 0.013813801 0.728967190
1756587600854575616.000000 1.347684145 -0.036110245 0.842371583 0.007909019 0.684706867 0.014050970 0.728640258
1756587600887918080.000000 1.351270437 -0.035679273 0.842694163 0.007227388 0.685111344 0.014654230 0.728255153
1756587600921259776.000000 1.355295062 -0.035154000 0.843113065 0.006400158 0.685300529 0.015018613 0.728077471
1756587600954601472.000000 1.358712196 -0.034728311 0.843163967 0.006510404 0.685065687 0.014895088 0.728299916
1756587600987943424.000000 1.361588240 -0.034701668 0.843100071 0.007547882 0.684636712 0.014178418 0.728707552
1756587601021285376.000000 1.364454985 -0.035571795 0.843374968 0.008709076 0.684286833 0.013543304 0.729035199
1756587601054627072.000000 1.367489219 -0.035608873 0.844641805 0.009179859 0.684215426 0.013156501 0.729103506
1756587601087969024.000000 1.370521545 -0.035296258 0.845019341 0.009314274 0.684090495 0.012685088 0.729227364
1756587601154652928.000000 1.377249479 -0.035173602 0.846012592 0.008506933 0.684312940 0.013181321 0.729019701
1756587601187994624.000000 1.381078720 -0.035077937 0.846249461 0.007406011 0.684208393 0.014257865 0.729109645
1756587601221336320.000000 1.385139942 -0.034941074 0.846604705 0.006468837 0.684277952 0.015064112 0.729036987
1756587601254678528.000000 1.388397694 -0.035062078 0.846860766 0.006311773 0.684323013 0.015178254 0.728993714
1756587601288019200.000000 1.391388655 -0.035139762 0.847297549 0.006320121 0.684262633 0.015040562 0.729053259
1756587601321361152.000000 1.395957589 -0.036046382 0.847162366 0.006612638 0.684118509 0.014733630 0.729192138
1756587601354703104.000000 1.398557305 -0.036302701 0.847189665 0.007406197 0.683920324 0.014384998 0.729377329
1756587601388044800.000000 1.401490688 -0.036284722 0.847181320 0.007771879 0.683785796 0.014066244 0.729505837
1756587601421386752.000000 1.404426932 -0.036433227 0.847814560 0.007598684 0.683991849 0.013891259 0.729317844
1756587601454728960.000000 1.407590866 -0.036743559 0.848240972 0.006780400 0.684101105 0.014060735 0.729220152
1756587601488070400.000000 1.411427379 -0.036523487 0.848706722 0.006207993 0.684126318 0.014353122 0.729196012
1756587601521412352.000000 1.415599823 -0.036613755 0.849110365 0.005657833 0.683965027 0.014952191 0.729339600
1756587601588096256.000000 1.422472835 -0.035911381 0.850087166 0.006111031 0.684608996 0.014561662 0.728739500
1756587601621437952.000000 1.425976753 -0.035239063 0.850923538 0.006448147 0.684833109 0.013824060 0.728540301
1756587601654779904.000000 1.428409815 -0.035540279 0.851449251 0.007032874 0.684907973 0.013584063 0.728469014
1756587601688121856.000000 1.431140423 -0.035679154 0.851563215 0.007357583 0.684693217 0.013310960 0.728672802
1756587601721463808.000000 1.434348941 -0.035633661 0.852009535 0.007395683 0.684594929 0.013462784 0.728761911
1756587601754804736.000000 1.437754869 -0.035797559 0.852176666 0.007374680 0.684426904 0.013417905 0.728920758
1756587601788146432.000000 1.441181183 -0.035709970 0.852970958 0.007196635 0.684421659 0.013339588 0.728928864
1756587601821488640.000000 1.444665790 -0.036321197 0.851974368 0.006570181 0.684177279 0.013492249 0.729161441
1756587601854830336.000000 1.447625637 -0.035934322 0.853770733 0.006161787 0.684512079 0.013945365 0.728842080
1756587601888172032.000000 1.451117039 -0.035781313 0.853636026 0.006150342 0.684520662 0.014268693 0.728827894
1756587601921512960.000000 1.454598784 -0.035734892 0.854115248 0.006308536 0.684621334 0.014146016 0.728734434
1756587601954853888.000000 1.458177805 -0.036885440 0.852862358 0.006270421 0.684468389 0.013597108 0.728888869
1756587601988195072.000000 1.460909605 -0.037344936 0.852573872 0.006542529 0.684620738 0.012990727 0.728754342
1756587602021536000.000000 1.463457823 -0.036357291 0.853092432 0.007886270 0.684767544 0.012551358 0.728610873
1756587602054876928.000000 1.466412544 -0.036707267 0.853038549 0.007946379 0.684792519 0.012527399 0.728587151
1756587602088217856.000000 1.469500780 -0.036916524 0.853289604 0.007977295 0.684998095 0.012557142 0.728392959
1756587602121558784.000000 1.473105907 -0.037072055 0.853558779 0.007495308 0.685197294 0.012717889 0.728207886
1756587602154899712.000000 1.476525187 -0.037247393 0.854121804 0.006709225 0.685188472 0.012965335 0.728219569
1756587602188239616.000000 1.480240345 -0.037255302 0.854540706 0.006022490 0.684883416 0.013618938 0.728500545
1756587602221580288.000000 1.483620167 -0.036417872 0.855025291 0.006305223 0.684601545 0.013512594 0.728765070
1756587602254921472.000000 1.485930920 -0.037216425 0.855663896 0.007141632 0.684858561 0.012871063 0.728527427
1756587602288262144.000000 1.487333775 -0.037969142 0.855987787 0.010096629 0.685344875 0.010304934 0.728075802
1756587602321603072.000000 1.488001466 -0.039326064 0.855602026 0.013309871 0.685982585 0.008167945 0.727450371
1756587602354943744.000000 1.489682436 -0.040229429 0.855380297 0.014548848 0.688990891 0.007034699 0.724589825
1756587602388284672.000000 1.493760586 -0.039015643 0.854166389 0.013965753 0.693836391 0.006377663 0.719969034
1756587602421625600.000000 1.498624325 -0.038185667 0.852697849 0.013107827 0.698935330 0.007918305 0.715021014
1756587602454966528.000000 1.504134893 -0.037539683 0.851875305 0.011261386 0.703787148 0.008859449 0.710266471
1756587602488307456.000000 1.510157108 -0.037536420 0.851469636 0.007849404 0.708331168 0.011399346 0.705744684
1756587602521648128.000000 1.516280055 -0.036607333 0.850319982 0.005314047 0.712049425 0.013976268 0.701970160
1756587602554989056.000000 1.520931959 -0.036332700 0.849643469 0.004603974 0.714871883 0.015023072 0.699078918
1756587602621669888.000000 1.526171088 -0.038447425 0.848285437 0.005842664 0.720113039 0.014202815 0.693686903
1756587602655010560.000000 1.530264735 -0.037376173 0.848148942 -0.006412533 -0.721970201 -0.013901375 -0.691754818
1756587602688351232.000000 1.532896042 -0.038167309 0.848135471 -0.006682029 -0.721696198 -0.013441774 -0.692047238
1756587602721691904.000000 1.535505533 -0.037430719 0.847789645 -0.007906402 -0.720325768 -0.013132043 -0.693466544
1756587602755032832.000000 1.538481951 -0.037671201 0.848617673 -0.007939730 -0.719536722 -0.012839996 -0.694290400
1756587602788373504.000000 1.542078495 -0.037732385 0.849232435 -0.007325262 -0.719657302 -0.013406209 -0.694161415
1756587602821714432.000000 1.546018004 -0.038018633 0.849377751 -0.006309208 -0.720224857 -0.014127763 -0.693568170
1756587602855055104.000000 1.549616575 -0.037930213 0.848720908 0.005472660 0.720639884 0.014409816 0.693138301
1756587602888396288.000000 1.553630590 -0.037347920 0.847951174 0.005833330 0.720960140 0.014213539 0.692806244
1756587602921738496.000000 1.557496309 -0.037147105 0.848136425 0.006282224 0.720970988 0.013830126 0.692798793
1756587602955080192.000000 1.560421824 -0.036773242 0.848179102 0.007066280 0.720611393 0.013183586 0.693177879
1756587602988422400.000000 1.562973142 -0.037352189 0.848160386 0.007432841 0.720306575 0.012889136 0.693496287
1756587603021764864.000000 1.565226793 -0.037827089 0.848266244 0.007586742 0.720270753 0.012930630 0.693531096
1756587603055106560.000000 1.568225861 -0.038144305 0.848603606 0.007814196 0.720543981 0.012579242 0.693251133
1756587603088447744.000000 1.571559191 -0.038381841 0.848348856 0.007684429 0.720897853 0.012315594 0.692889392
1756587603121789696.000000 1.574610710 -0.038718618 0.848114729 0.006998921 0.720940948 0.012837930 0.692842245
1756587603155132160.000000 1.577175140 -0.038500242 0.848447919 -0.006551959 -0.720806718 -0.013685701 -0.692970097
1756587603188474112.000000 1.581147194 -0.038519785 0.848200917 -0.006115685 -0.720651329 -0.014820555 -0.693112314
1756587603221816064.000000 1.585752010 -0.038556240 0.848106980 0.005544887 0.720591784 0.015101288 0.693172991
1756587603255158272.000000 1.588249207 -0.038547024 0.848787189 -0.005670926 -0.720731676 -0.015464247 -0.693018556
1756587603288500480.000000 1.591703653 -0.038559660 0.848665118 -0.005862059 -0.720937073 -0.015218235 -0.692808747
1756587603321842432.000000 1.594882011 -0.038520731 0.848458529 -0.005985587 -0.721235216 -0.014912990 -0.692503929
1756587603355184896.000000 1.598181486 -0.038749918 0.848118544 0.006795103 0.721491754 0.014036078 0.692247450
1756587603388526848.000000 1.601253033 -0.039196968 0.847693324 0.007383558 0.721366405 0.013680074 0.692379177
1756587603421868800.000000 1.603930950 -0.039098643 0.847625732 0.007791004 0.720940173 0.013547478 0.692821085
1756587603455211264.000000 1.606766939 -0.039266899 0.847800016 0.007877409 0.720889270 0.013423685 0.692875564
1756587603488553216.000000 1.610115170 -0.039121464 0.847670794 0.007667520 0.721028626 0.013419964 0.692732990
1756587603521894400.000000 1.613589406 -0.039181951 0.847727537 0.006852497 0.721113026 0.013675773 0.692648590
1756587603555236608.000000 1.616693974 -0.038646430 0.846741915 -0.006605139 -0.720638752 -0.013944257 -0.693139136
1756587603588578816.000000 1.620013475 -0.038639762 0.846423268 -0.006893662 -0.720462680 -0.014185979 -0.693314433
1756587603621920768.000000 1.623097420 -0.038653325 0.846300960 -0.007115901 -0.720443547 -0.014196534 -0.693331778
1756587603655263232.000000 1.626640797 -0.038741931 0.846471786 -0.007078125 -0.720524609 -0.014452720 -0.693242669
1756587603688605184.000000 1.629844904 -0.038801610 0.846326590 -0.006980635 -0.720508099 -0.014435424 -0.693261147
1756587603721947392.000000 1.633069038 -0.039083838 0.846168160 -0.007217636 -0.720896363 -0.014401185 -0.692855656
1756587603788631808.000000 1.640676141 -0.038537860 0.845933914 0.008185120 0.728038967 0.013434531 0.685355306
1756587603821973760.000000 1.644088984 -0.039280124 0.842959642 -0.007531845 -0.734024286 -0.014803065 -0.678920150
1756587603855316224.000000 1.647720814 -0.038617153 0.840713024 -0.007831576 -0.739307761 -0.014866241 -0.673158050
1756587603888657920.000000 1.651200294 -0.039119128 0.838680744 -0.008389645 -0.743613839 -0.014447756 -0.668400705
1756587603921999104.000000 1.654363513 -0.039792947 0.837160587 -0.008746441 -0.747077823 -0.014916157 -0.664511681
1756587603955340032.000000 1.657908678 -0.039601259 0.836123466 -0.008072427 -0.750352204 -0.015070871 -0.660817087
1756587603988680192.000000 1.661707997 -0.039898358 0.834847093 -0.007787554 -0.753619194 -0.015974216 -0.657070994
1756587604022021376.000000 1.665515780 -0.040131580 0.833453774 -0.008049772 -0.756956577 -0.016343005 -0.653211296
1756587604055362304.000000 1.670443296 -0.039521359 0.832344174 0.008194556 0.760888577 0.016343357 0.648624957
1756587604088703488.000000 1.673581123 -0.039743371 0.830197334 0.008881746 0.764621615 0.016049322 0.644218504
1756587604122044416.000000 1.676578999 -0.040400811 0.828909636 0.008536618 0.768638253 0.016138738 0.639423192
1756587604155385600.000000 1.680665970 -0.039463170 0.826778769 -0.008584566 -0.772137403 -0.016291566 -0.635188818
1756587604188726784.000000 1.684013605 -0.039730757 0.825249910 -0.008646862 -0.775705218 -0.016356429 -0.630824208
1756587604222067712.000000 1.687609673 -0.039822329 0.823541284 -0.008736039 -0.779168665 -0.016636843 -0.626532555
1756587604255408640.000000 1.690809608 -0.039796282 0.822193027 -0.009204878 -0.782286644 -0.016343070 -0.622636139
1756587604288749568.000000 1.694017768 -0.039917845 0.820777178 -0.009075903 -0.785344183 -0.017111311 -0.618756294
1756587604322090752.000000 1.697613120 -0.040149532 0.818735957 -0.009099942 -0.788481057 -0.017997826 -0.614728391
1756587604355431680.000000 1.700356483 -0.039747804 0.816536665 -0.009151483 -0.791947722 -0.018297968 -0.610246062
1756587604388772608.000000 1.704278946 -0.040149286 0.815201879 -0.008790364 -0.795763910 -0.018593386 -0.605257630
1756587604422112768.000000 1.707996726 -0.039899319 0.812509894 0.009730236 0.799130499 0.017632982 0.600820303
1756587604455453696.000000 1.710462213 -0.040810283 0.812428236 -0.008634916 -0.802680850 -0.017347824 -0.596093953
1756587604488794624.000000 1.713681698 -0.040885925 0.810775876 -0.009714811 -0.806033611 -0.016942250 -0.591547549
1756587604522135808.000000 1.716628075 -0.040901370 0.809282660 -0.009472121 -0.809521496 -0.016793212 -0.586773574
1756587604555476992.000000 1.720094919 -0.040879749 0.807475805 -0.009532066 -0.812911212 -0.016899433 -0.582064390
1756587604588817664.000000 1.722648382 -0.039979458 0.803700805 0.010015228 0.815654576 0.017009389 0.578202426
1756587604622158848.000000 1.726417661 -0.039199069 0.802222967 -0.009961550 -0.819174230 -0.016201761 -0.573229373
1756587604655499776.000000 1.728974223 -0.039537460 0.800360918 -0.010652518 -0.822322726 -0.016360680 -0.568686366
1756587604688840960.000000 1.731763124 -0.039640076 0.798542857 -0.010324434 -0.825443089 -0.016041238 -0.564162850
1756587604722181632.000000 1.734600782 -0.040004775 0.796917558 -0.010763234 -0.828721881 -0.015768042 -0.559335053
1756587604755522816.000000 1.737188697 -0.040479690 0.794528842 -0.010448338 -0.831833422 -0.015977491 -0.554697037
1756587604788863744.000000 1.740600467 -0.040177327 0.792327404 -0.010749804 -0.835025430 -0.015866082 -0.549877465
1756587604822204672.000000 1.745122194 -0.039710026 0.789021373 0.010857261 0.837969005 0.016687553 0.545354545
1756587604855544576.000000 1.747951746 -0.039882779 0.787064552 0.010257800 0.841018498 0.016978806 0.540642560
1756587604888885760.000000 1.750879765 -0.040023822 0.784747124 0.010445264 0.844214559 0.017230088 0.535626590
1756587604922227712.000000 1.754280567 -0.038481057 0.781832933 -0.010615488 -0.847153246 -0.016352370 -0.530990899
1756587604955569152.000000 1.756858349 -0.039326716 0.780366182 -0.010924287 -0.850166380 -0.016413184 -0.526144862
1756587604988911360.000000 1.759130955 -0.039493389 0.778289676 -0.011406514 -0.852978349 -0.016388599 -0.521564305
1756587605022253312.000000 1.761865497 -0.039727505 0.775784731 -0.012080940 -0.855709016 -0.016256655 -0.517060876
1756587605055595008.000000 1.764631033 -0.040164415 0.772911429 -0.012139464 -0.858509660 -0.016586224 -0.512385249
1756587605088936704.000000 1.767479420 -0.040349685 0.770703077 -0.011824008 -0.861454666 -0.016413383 -0.507431507
1756587605122278656.000000 1.770026922 -0.040440075 0.767830014 -0.011630354 -0.864475071 -0.016932014 -0.502255857
1756587605155620608.000000 1.773368120 -0.040047344 0.764947057 -0.011804734 -0.867283046 -0.017134117 -0.497380406
1756587605188962560.000000 1.775873899 -0.040038045 0.762454629 -0.011094362 -0.870143473 -0.017908568 -0.492348075
1756587605222304000.000000 1.778998375 -0.040183622 0.759978771 -0.010580784 -0.872898281 -0.018470917 -0.487437665
1756587605255646208.000000 1.781699181 -0.040208410 0.757959962 -0.010315917 -0.875508487 -0.017971970 -0.482758313
1756587605288987136.000000 1.783841848 -0.040170178 0.755686283 -0.011197024 -0.878052950 -0.017805519 -0.478101075
1756587605322328832.000000 1.785538912 -0.040459510 0.753119349 -0.012395500 -0.880680144 -0.016831500 -0.473250151
1756587605355670784.000000 1.788727999 -0.039849445 0.749004602 0.013070708 0.883205831 0.015786003 0.468537629
1756587605389012736.000000 1.790231943 -0.039859630 0.746564269 -0.013434749 -0.886208534 -0.014879219 -0.462852627
1756587605422354432.000000 1.792904615 -0.040830825 0.744035244 -0.012550731 -0.889019728 -0.015137170 -0.457446545
1756587605455696384.000000 1.795495749 -0.040843580 0.741378665 -0.012500075 -0.891482353 -0.015925260 -0.452602923
1756587605489038336.000000 1.797934532 -0.040271781 0.737774611 -0.012120599 -0.893808246 -0.016758291 -0.447972208
1756587605522380032.000000 1.801156998 -0.039774965 0.734579802 -0.011334123 -0.896357238 -0.017683567 -0.442834735
1756587605555721984.000000 1.803947210 -0.039592404 0.731947303 -0.010894259 -0.898660898 -0.017745040 -0.438149601
1756587605589063936.000000 1.806112170 -0.039846744 0.729566693 -0.011234097 -0.900809407 -0.017762307 -0.433705896
1756587605622405888.000000 1.808141470 -0.038935505 0.726010561 0.013078048 0.902807713 0.016568402 0.429526120
1756587605655747584.000000 1.810372710 -0.039053749 0.723806262 -0.013177966 -0.905507088 -0.015157200 -0.423855662
1756587605689089536.000000 1.812334061 -0.039606020 0.721363544 -0.013742171 -0.907963097 -0.014642934 -0.418568671
1756587605722431488.000000 1.814835310 -0.039575420 0.718406916 -0.013342462 -0.910541892 -0.014390608 -0.412950903
1756587605755772160.000000 1.817354202 -0.039567020 0.714834690 -0.013065000 -0.912910759 -0.015607361 -0.407651365
1756587605789114112.000000 1.820287228 -0.039551716 0.711402297 -0.012442734 -0.915076673 -0.016639970 -0.402744442
1756587605822456064.000000 1.822839499 -0.039645337 0.708037496 -0.011597426 -0.917347312 -0.017709712 -0.397524655
1756587605855798016.000000 1.825729370 -0.038709082 0.703906417 0.011821927 0.919470608 0.018267326 0.392556220
1756587605889139968.000000 1.826957226 -0.038848080 0.702071667 -0.011970607 -0.921754539 -0.017815741 -0.387179375
1756587605922481152.000000 1.828332067 -0.039704233 0.699845433 -0.012631842 -0.923989475 -0.017142085 -0.381824762
1756587605955822336.000000 1.829896450 -0.039949164 0.696760535 -0.012823493 -0.926148415 -0.016145794 -0.376595318
1756587605989163520.000000 1.831250787 -0.040627316 0.694025993 -0.012617325 -0.928210199 -0.016310986 -0.371484458
1756587606022504704.000000 1.832964182 -0.040403061 0.691242814 -0.012961309 -0.930223107 -0.015863549 -0.366422504
1756587606055845888.000000 1.834792733 -0.040517755 0.688424468 -0.012514363 -0.932238400 -0.015857896 -0.361280441
1756587606089187072.000000 1.837185740 -0.039385516 0.683992505 0.013495171 0.933966100 0.015581910 0.356766790
1756587606122528512.000000 1.838383913 -0.038232725 0.681296945 -0.013419359 -0.935924470 -0.014884390 -0.351630270
1756587606155869696.000000 1.840443730 -0.037472285 0.678741455 -0.013533679 -0.937934697 -0.014791491 -0.346232116
1756587606189209856.000000 1.842615724 -0.037757456 0.674760103 -0.012908961 -0.939668775 -0.016644912 -0.341436595
1756587606222551296.000000 1.844445825 -0.037325732 0.671368122 -0.012860170 -0.941379011 -0.016680785 -0.336692780
1756587606255892480.000000 1.846219182 -0.036579587 0.668047905 -0.013314697 -0.943131506 -0.016563233 -0.331739992
1756587606289233664.000000 1.847142577 -0.037424143 0.663677216 0.013971351 0.944764316 0.016469762 0.327038109
1756587606322574848.000000 1.848220110 -0.038833395 0.660557866 -0.013763415 -0.946619272 -0.016073337 -0.321658701
1756587606355916288.000000 1.849559307 -0.038809218 0.658491135 -0.013824455 -0.948661745 -0.015494145 -0.315610170
1756587606389257472.000000 1.850999594 -0.039453864 0.655085683 -0.013101837 -0.950480342 -0.016060945 -0.310092777
1756587606422598656.000000 1.852933764 -0.039602146 0.651350915 -0.013369491 -0.952220380 -0.016481882 -0.304673523
1756587606455940096.000000 1.854637146 -0.039444152 0.648013592 -0.013242301 -0.953908026 -0.016360996 -0.299360216
1756587606489281280.000000 1.856652260 -0.039017797 0.645612001 0.013295303 0.955758572 0.016541455 0.293385804
1756587606522622464.000000 1.856127739 -0.038392819 0.639190376 -0.013271768 -0.956666410 -0.016374778 -0.290422410
1756587606555963392.000000 1.857683063 -0.037835710 0.635711551 -0.013073064 -0.958171785 -0.016436685 -0.285422117
1756587606589304832.000000 1.858457208 -0.037905216 0.632591009 -0.013497972 -0.959572077 -0.016338218 -0.280664146
1756587606622644992.000000 1.860105753 -0.037453659 0.628320515 -0.014176702 -0.961129844 -0.015531841 -0.275294781
1756587606655986432.000000 1.861135602 -0.037405334 0.624984920 -0.014492614 -0.962681830 -0.016190937 -0.269761950
1756587606689327616.000000 1.862202168 -0.037627861 0.621314168 -0.014350553 -0.964190423 -0.016603557 -0.264301360
1756587606722668544.000000 1.863330722 -0.037230097 0.618036985 -0.014304995 -0.965702236 -0.016891425 -0.258707017
1756587606756009984.000000 1.863890409 -0.037365165 0.614839375 -0.014766566 -0.967245460 -0.017234864 -0.252826333
1756587606789351168.000000 1.865957618 -0.037227698 0.609520435 0.014752962 0.968723118 0.016818291 0.247133687
1756587606822692352.000000 1.866740942 -0.037294511 0.605764687 -0.014560356 -0.970152140 -0.016496738 -0.241496727
1756587606856033792.000000 1.868141770 -0.037395034 0.602659106 -0.014343682 -0.971534371 -0.016451785 -0.235891134
1756587606889374976.000000 1.869184136 -0.037339490 0.599011064 -0.014098004 -0.972951591 -0.016358657 -0.229997635
1756587606922716416.000000 1.870438695 -0.037229225 0.595843256 -0.013886771 -0.974339187 -0.016711712 -0.224033728
1756587606956057344.000000 1.871545434 -0.037040744 0.592704892 -0.013832672 -0.975617409 -0.016401039 -0.218426958
1756587606989398784.000000 1.872900248 -0.036790863 0.589206994 -0.013746493 -0.976854026 -0.016914025 -0.212793872
1756587607022739968.000000 1.871075749 -0.036900964 0.583558202 -0.014456473 -0.977581203 -0.016790485 -0.209390119
1756587607056081408.000000 1.871948004 -0.036555599 0.580579400 -0.014346927 -0.978840172 -0.016340030 -0.203467593
1756587607089421312.000000 1.872511387 -0.036531880 0.576959610 -0.014629119 -0.979939938 -0.016125500 -0.198100448
1756587607122762752.000000 1.872787476 -0.036780208 0.573079586 -0.014242131 -0.980935752 -0.016562346 -0.193100885
1756587607156104192.000000 1.872759342 -0.037279971 0.569103479 -0.014902970 -0.981913686 -0.016493767 -0.188019842
1756587607189445376.000000 1.874201536 -0.036636032 0.565136313 0.014739140 0.982930601 0.016449787 0.182646126
1756587607222786304.000000 1.873367071 -0.036572844 0.560806274 -0.015181244 -0.983738065 -0.016378881 -0.178215638
1756587607256127488.000000 1.873461723 -0.036227696 0.557148039 -0.015550604 -0.984650850 -0.016192444 -0.173086241
1756587607289468928.000000 1.873461008 -0.036236279 0.553495884 -0.015591753 -0.985578716 -0.016481446 -0.167690054
1756587607322810368.000000 1.874397278 -0.036478635 0.548863471 0.015681069 0.986537516 0.016479567 0.161945179
1756587607356151552.000000 1.875283003 -0.036527183 0.545564532 0.015583314 0.987492859 0.017040180 0.155964226
1756587607389492736.000000 1.875485539 -0.036195435 0.541292310 -0.015558176 -0.988492906 -0.016625287 -0.149543643
1756587607422833920.000000 1.875750303 -0.036285084 0.537768722 -0.015181767 -0.989409506 -0.016495287 -0.143409327
1756587607456175360.000000 1.875272989 -0.036646180 0.534383178 -0.015583620 -0.990222514 -0.016235676 -0.137669906
1756587607489516544.000000 1.875189304 -0.036577564 0.530413151 -0.015888002 -0.990920424 -0.016446654 -0.132491007
1756587607522856704.000000 1.874901175 -0.036839724 0.526622832 -0.015936175 -0.991550803 -0.016972678 -0.127612978
1756587607556197888.000000 1.875690818 -0.035878547 0.522432446 0.016382387 0.992269099 0.016835554 0.121862032
1756587607589539328.000000 1.875384331 -0.036305934 0.517652810 -0.016341463 -0.992955387 -0.017355656 -0.116066746
1756587607622880768.000000 1.875424743 -0.035942063 0.513555110 -0.015916057 -0.993643045 -0.017314943 -0.110092551
1756587607656221696.000000 1.875680923 -0.035648249 0.509335458 -0.015489053 -0.994260907 -0.017902371 -0.104330622
1756587607689563136.000000 1.875657558 -0.035539057 0.505618572 -0.015227227 -0.994821668 -0.017575625 -0.098939791
1756587607722904320.000000 1.875748992 -0.035325021 0.502037644 -0.015609765 -0.995355725 -0.017229306 -0.093415849
1756587607756245504.000000 1.875254273 -0.034666009 0.497978151 -0.015634250 -0.995864987 -0.016053680 -0.088038601
1756587607789586688.000000 1.875259876 -0.034473147 0.494095743 -0.015640924 -0.996321917 -0.016054096 -0.082705885
1756587607822927872.000000 1.875219226 -0.034431834 0.490312219 -0.015601209 -0.996733189 -0.016704315 -0.077464059
1756587607856269312.000000 1.875429153 -0.034388177 0.486756116 -0.015294022 -0.997143686 -0.017201137 -0.071935356
1756587607889610240.000000 1.875280499 -0.034138549 0.483029157 -0.015240477 -0.997558355 -0.017039074 -0.065990977
1756587607922951168.000000 1.873180985 -0.033911455 0.478298366 0.015671464 0.997855365 0.016683074 0.061325081
1756587607956291840.000000 1.873261809 -0.034703918 0.475009680 -0.015206013 -0.998214066 -0.016559875 -0.055347450
1756587607989632000.000000 1.872987628 -0.035368323 0.471924812 -0.015169784 -0.998500466 -0.016194317 -0.050043944
1756587608022972672.000000 1.872720838 -0.035533004 0.468864024 -0.015381873 -0.998766303 -0.015501191 -0.044598322
1756587608056313600.000000 1.872273207 -0.035852410 0.464918077 -0.015326211 -0.998997808 -0.016038207 -0.038876738
1756587608089654272.000000 1.871708870 -0.035358254 0.460574090 -0.015401891 -0.999186754 -0.016260060 -0.033530835
1756587608122995200.000000 1.869534135 -0.035224568 0.455509216 0.015736915 0.999311388 0.017463256 0.028709572
1756587608156335872.000000 1.869585991 -0.034196511 0.451355934 -0.015709979 -0.999472201 -0.017494548 -0.022417344
1756587608189676800.000000 1.869549155 -0.033916250 0.447138608 -0.015320814 -0.999581873 -0.018082751 -0.016568076
1756587608223017728.000000 1.869245410 -0.033870496 0.443546176 -0.015509509 -0.999662161 -0.017727163 -0.010996407
1756587608256358400.000000 1.868523717 -0.034000676 0.440300316 -0.015367969 -0.999720395 -0.017147457 -0.005385329
1756587608289699328.000000 1.868045688 -0.034322847 0.437023014 -0.015604775 -0.999738932 -0.016674621 0.000735090
1756587608323039744.000000 1.865810871 -0.034292925 0.433063537 -0.015765762 -0.999730349 -0.015929479 0.006077940
1756587608356380672.000000 1.864833236 -0.034083951 0.429356158 -0.015959926 -0.999675989 -0.015812103 0.011964577
1756587608389721344.000000 1.863848090 -0.033783730 0.425822496 -0.015914284 -0.999595463 -0.015670000 0.017613849
1756587608423061248.000000 1.863003612 -0.033736952 0.421912849 -0.015719747 -0.999466240 -0.016463215 0.023433667
1756587608456402176.000000 1.861691833 -0.033776134 0.417644739 -0.015979709 -0.999309182 -0.017174324 0.028824719
1756587608489742848.000000 1.860579848 -0.033244479 0.412740588 0.015632443 0.999125838 0.017894488 -0.034395169
1756587608556424448.000000 1.858477354 -0.033627864 0.406228364 0.015911294 0.998661816 0.016296418 -0.046430893
1756587608589765120.000000 1.857243776 -0.034249764 0.402980268 -0.015435447 -0.998360634 -0.016694894 0.052527405
1756587608623105792.000000 1.855953693 -0.033942990 0.399631083 -0.015658863 -0.998057306 -0.016523665 0.057995595
1756587608656446464.000000 1.854847193 -0.034112420 0.395664036 -0.015305832 -0.997690976 -0.017535063 0.063805372
1756587608723128064.000000 1.852056503 -0.033763159 0.387703657 -0.014844985 -0.996820807 -0.018237904 0.076127253
1756587608756468736.000000 1.850527048 -0.033349868 0.383633733 -0.014714300 -0.996402800 -0.018733799 0.081326954
1756587608789809408.000000 1.848823786 -0.032909125 0.380221605 0.015308698 0.995978773 0.018577769 -0.086294942
1756587608856489984.000000 1.846250653 -0.033299584 0.374463558 0.015312454 0.995010436 0.015955884 -0.097289056
1756587608889830912.000000 1.845389485 -0.033559024 0.371477246 -0.015015624 -0.994408369 -0.015231956 0.103414640
1756587608923171072.000000 1.843544006 -0.033805355 0.367829323 -0.015519817 -0.993789732 -0.015321677 0.109116122
1756587608956511488.000000 1.841870308 -0.033827003 0.364099503 -0.015661454 -0.993153334 -0.016015088 0.114650577
1756587609023192064.000000 1.838268638 -0.032915618 0.355628610 -0.015855001 -0.991762161 -0.018239602 0.125793114
1756587609056532480.000000 1.836235642 -0.032903988 0.351428270 -0.015779309 -0.990982533 -0.019455595 0.131629065
1756587609089872896.000000 1.833810806 -0.032892898 0.347890735 0.016214790 0.990196049 0.020106357 -0.137276188
1756587609156553472.000000 1.830065131 -0.032800850 0.341232777 0.016385565 0.988604546 0.018514352 -0.148492008
1756587609189893632.000000 1.828228235 -0.033338912 0.338658094 0.016318772 0.987731755 0.017648036 -0.154299632
1756587609223234048.000000 1.826460958 -0.033659846 0.335874438 0.016379703 0.986783981 0.016871437 -0.160326362
1756587609256574208.000000 1.824471593 -0.033464130 0.332878590 0.016326986 0.985808849 0.016354105 -0.166273564
1756587609323253504.000000 1.817971230 -0.032709830 0.326275587 -0.016028570 -0.983855605 -0.016680948 0.177462891
1756587609356594176.000000 1.815857887 -0.032585692 0.322434545 -0.015971126 -0.982702076 -0.017668560 0.183655635
1756587609389934080.000000 1.813505173 -0.032193191 0.318911552 -0.016060533 -0.981622517 -0.017756892 0.189324975
1756587609456614400.000000 1.809260488 -0.032091573 0.313490033 -0.015932113 -0.979451358 -0.016163127 0.200399399
1756587609489955072.000000 1.806975603 -0.032505758 0.311381698 0.015647259 0.978362858 0.014653173 -0.205782682
1756587609523294976.000000 1.804846525 -0.032554403 0.308779836 0.015259592 0.977207065 0.013973604 -0.211277798
1756587609556634880.000000 1.802474976 -0.032746647 0.305950165 0.015393014 0.976047218 0.013856919 -0.216570750
1756587609623315456.000000 1.797460556 -0.032687593 0.299423575 0.015794154 0.973559260 0.015161868 -0.227383122
1756587609656655616.000000 1.794734955 -0.032526746 0.295964122 0.016327992 0.972200990 0.015844153 -0.233039856
1756587609689995520.000000 1.792537451 -0.032313630 0.292769313 0.015921025 0.970831871 0.015793629 -0.238710225
1756587609723335680.000000 1.789765358 -0.032298069 0.289589763 0.015765928 0.969302416 0.016210344 -0.244829535
1756587609790014976.000000 1.783775806 -0.030130409 0.284225106 -0.015462124 -0.966483355 -0.015401192 0.255799979
1756587609823354880.000000 1.781404734 -0.029993109 0.281518340 -0.015745996 -0.965232909 -0.014695613 0.260502547
1756587609856695296.000000 1.779410362 -0.030427203 0.279155731 -0.015526250 -0.964917302 -0.013419914 0.261750996
1756587609923375872.000000 1.777112007 -0.030333463 0.273083091 -0.016030323 -0.966250002 -0.016061397 0.256604880
1756587609956716032.000000 1.776175618 -0.030152101 0.270425081 -0.016227277 -0.966661453 -0.014930516 0.255106807
1756587609990056448.000000 1.775373220 -0.030514363 0.267944574 0.015779825 0.966701388 0.014190540 -0.255025506
1756587610056737536.000000 1.772550583 -0.030679271 0.262408257 0.015562643 0.966533959 0.013939681 -0.255686641
1756587610090077696.000000 1.770690918 -0.030407310 0.259404302 0.015742075 0.966570079 0.013997963 -0.255535692
1756587610123417856.000000 1.768991113 -0.030355319 0.256407380 0.015598168 0.966535509 0.014304999 -0.255658507
1756587610156758272.000000 1.767412424 -0.030127756 0.253041387 0.015409314 0.966456354 0.014587600 -0.255953074
1756587610223438080.000000 1.764243603 -0.029835559 0.246746063 0.015533398 0.966377497 0.014257992 -0.256261647
1756587610256777984.000000 1.762969732 -0.029733386 0.244043946 0.015619202 0.966391981 0.014211069 -0.256204307
1756587610290118400.000000 1.759967804 -0.028662767 0.241092086 -0.015801076 -0.966653645 -0.014206883 0.255204320
1756587610356799232.000000 1.755963683 -0.028689377 0.235033751 -0.015842078 -0.965463579 -0.013018829 0.259729892
1756587610390139392.000000 1.752750397 -0.028409466 0.232075810 -0.015672142 -0.963608980 -0.013831109 0.266497463
1756587610423479552.000000 1.749419928 -0.028223999 0.228839993 -0.015760930 -0.961409152 -0.014693882 0.274277627
1756587610490160128.000000 1.743609548 -0.028143026 0.224097371 -0.015658833 -0.957333148 -0.014265107 0.288209468
1756587610523500288.000000 1.741447210 -0.028315026 0.221982956 0.015718838 0.955687225 0.013490424 -0.293654561
1756587610556840704.000000 1.738955021 -0.028500106 0.219428658 0.015602578 0.954039037 0.013485881 -0.298972011
1756587610590180864.000000 1.736087084 -0.028556321 0.216640472 0.015451724 0.952304184 0.013517808 -0.304459065
1756587610623520256.000000 1.732457876 -0.026739921 0.212724566 -0.015543368 -0.950438201 -0.013609188 0.310226470
1756587610690200320.000000 1.725799680 -0.026631758 0.206983924 -0.016437264 -0.946829140 -0.014856540 0.320973158
1756587610723540480.000000 1.723248243 -0.026386611 0.204480171 -0.016059278 -0.945014775 -0.014695487 0.326302469
1756587610756880640.000000 1.720405579 -0.026149757 0.202349186 -0.015870994 -0.943240702 -0.014052955 0.331432641
1756587610823560960.000000 1.715332031 -0.026181065 0.198650837 -0.014704444 -0.939525306 -0.011931922 0.341955721
1756587610856901376.000000 1.712773561 -0.026553258 0.196448803 0.014554419 0.937447786 0.011446072 -0.347633243
1756587610890241536.000000 1.709532738 -0.026518771 0.193845034 0.014208613 0.935427666 0.011298479 -0.353051782
1756587610923582720.000000 1.706601143 -0.026780624 0.191158533 0.014457186 0.933355689 0.011946906 -0.358462691
1756587610990265088.000000 1.699553132 -0.025871571 0.186170816 -0.014810796 -0.929550827 -0.012417899 0.368187100
1756587611023606272.000000 1.696701646 -0.025889311 0.184046268 -0.014965404 -0.927426577 -0.012299785 0.373503506
1756587611056947200.000000 1.693513870 -0.025874496 0.182312012 -0.014536289 -0.925437868 -0.012341986 0.378419310
1756587611090287616.000000 1.690227389 -0.025608759 0.180625916 -0.014786079 -0.923387051 -0.011545924 0.383411676
1756587611156969728.000000 1.683543801 -0.025554635 0.177170038 -0.014666568 -0.918828011 -0.010597857 0.394243300
1756587611190310656.000000 1.680284381 -0.025676738 0.174465179 0.014688415 0.916376889 0.010860226 -0.399899811
1756587611223652096.000000 1.676772475 -0.025348518 0.172686815 0.014681738 0.914633155 0.011486476 -0.403855026
1756587611256993024.000000 1.674020171 -0.025546234 0.170040607 0.015305927 0.914300561 0.011290849 -0.404589683
1756587611290334208.000000 1.671149611 -0.025234707 0.167370558 0.015496113 0.914881825 0.012349885 -0.403235078
1756587611357016576.000000 1.666585207 -0.024469167 0.162235975 0.015732186 0.916151047 0.012238827 -0.400337368
1756587611390357760.000000 1.665300369 -0.025227375 0.160763979 0.015432388 0.916537881 0.010917338 -0.399500966
1756587611423698688.000000 1.663730145 -0.025445869 0.158934832 0.015176035 0.916751683 0.010302999 -0.399036258
1756587611490381056.000000 1.659265041 -0.024733176 0.155312061 -0.015625151 -0.916898727 -0.009418598 0.398702919
1756587611523721216.000000 1.656994224 -0.024829533 0.152926445 -0.015605690 -0.916751981 -0.010194193 0.399021804
1756587611557062144.000000 1.654111505 -0.024573658 0.150382042 -0.016033188 -0.916639984 -0.010945720 0.399242342
1756587611590403328.000000 1.651369929 -0.024386354 0.147657633 -0.016245497 -0.916546583 -0.011251852 0.399439514
1756587611657085696.000000 1.646593332 -0.024048533 0.142546177 0.015916685 0.916624427 0.010919269 -0.399283290
1756587611690426880.000000 1.643985152 -0.024123829 0.140607119 0.016201392 0.916727960 0.010309028 -0.399050355
1756587611723767808.000000 1.641681552 -0.023765331 0.138605833 0.016080916 0.916416109 0.009299670 -0.399795622
1756587611790450176.000000 1.635599732 -0.023525408 0.134484529 0.015715593 0.911990285 0.008301671 -0.409826577
1756587611823791360.000000 1.632122040 -0.023895256 0.135597944 -0.016911546 -0.908703387 -0.009641479 0.416988373
1756587611890473472.000000 1.623942375 -0.023689862 0.132230282 -0.017119981 -0.902851045 -0.010394893 0.429486901
1756587611923813632.000000 1.621190310 -0.023480749 0.130618572 -0.016564583 -0.900741756 -0.010176924 0.433919758
1756587611957153536.000000 1.617965221 -0.023746969 0.129169464 -0.016689561 -0.898582101 -0.009857382 0.438377261
1756587611990492928.000000 1.614404559 -0.024060665 0.127457380 -0.016811090 -0.896082819 -0.010331849 0.443448246
1756587612023833088.000000 1.610251069 -0.023297668 0.125035763 0.016914262 0.893657446 0.010305604 -0.448312521
1756587612057172992.000000 1.606522560 -0.023533953 0.123333693 0.017074870 0.891049385 0.010193815 -0.453470498
1756587612090513408.000000 1.603132010 -0.023312429 0.121489525 0.016356122 0.888299167 0.009899188 -0.458867192
1756587612157193728.000000 1.595196724 -0.024497179 0.123972178 -0.017119061 -0.883054614 -0.008761881 0.468876123
1756587612190533632.000000 1.591696858 -0.024280053 0.122609377 -0.017267089 -0.880102098 -0.008816812 0.474388510
1756587612223873792.000000 1.587736368 -0.024337424 0.121649027 -0.017084206 -0.877202928 -0.009063313 0.479730219
1756587612257213952.000000 1.584123850 -0.024138005 0.120256662 -0.016275110 -0.874309361 -0.008976715 0.485013157
1756587612290554112.000000 1.580295563 -0.024167486 0.119098902 -0.016423646 -0.871535242 -0.009028022 0.489974618
1756587612323894016.000000 1.577074766 -0.023814645 0.117362261 0.016276948 0.868750751 0.008954815 -0.494901061
1756587612357234176.000000 1.573617697 -0.024292137 0.115755320 0.016407035 0.865924358 0.008574835 -0.499832273
1756587612423912960.000000 1.566107512 -0.024306893 0.114897490 -0.015986552 -0.860859036 -0.007882439 0.508531332
1756587612457253120.000000 1.562995195 -0.024671234 0.114053011 -0.016347185 -0.860367298 -0.007567673 0.509356081
1756587612490593024.000000 1.560434103 -0.025084812 0.112331152 -0.016572319 -0.861043692 -0.008566920 0.508188665
1756587612523933184.000000 1.557458758 -0.024655884 0.110118389 -0.016950928 -0.862157702 -0.009421337 0.506268740
1756587612557273088.000000 1.555069208 -0.024921905 0.108395219 -0.016674446 -0.862561524 -0.008630153 0.505603790
1756587612590613248.000000 1.552662611 -0.023909373 0.106495380 0.015596465 0.862451613 0.008396750 -0.505829513
1756587612623953152.000000 1.550352931 -0.023994338 0.105160832 0.015457760 0.862370312 0.008019730 -0.505978405
1756587612690632704.000000 1.544571638 -0.024558451 0.101457238 0.015927795 0.862997711 0.008249077 -0.504889309
1756587612723972864.000000 1.541718125 -0.024829913 0.099649906 0.016105950 0.863089979 0.008465307 -0.504722476
1756587612757312768.000000 1.538276434 -0.024220098 0.098385453 -0.016475866 -0.863231599 -0.008392045 0.504469454
1756587612790652416.000000 1.535255909 -0.023878941 0.096606970 -0.016825186 -0.863142431 -0.008565646 0.504607618
1756587612823992576.000000 1.532613635 -0.023650115 0.094905496 -0.016494425 -0.862979472 -0.008933076 0.504890740
1756587612857331200.000000 1.529810429 -0.023459900 0.093399167 -0.015874950 -0.862653613 -0.008308393 0.505477726
1756587612890671616.000000 1.527054548 -0.023641843 0.091730356 -0.015636347 -0.862327993 -0.007998872 0.506045461
1756587612957351424.000000 1.521310329 -0.023724919 0.087952495 0.016001826 0.862287581 0.009660778 -0.506074011
1756587612990691840.000000 1.518591642 -0.023621228 0.086494088 0.016142692 0.862503648 0.009524319 -0.505703628
1756587613024032000.000000 1.515885830 -0.023945458 0.085006952 0.015892599 0.862662554 0.008862386 -0.505452514
1756587613057372160.000000 1.513459563 -0.023879208 0.083380461 0.015718061 0.862769425 0.008147306 -0.505287588
1756587613090712064.000000 1.510828972 -0.024063382 0.081925392 0.015724121 0.862791300 0.008257783 -0.505248249
1756587613124052224.000000 1.507787466 -0.023850847 0.080239892 0.015820509 0.862691700 0.008592520 -0.505409777
1756587613157392384.000000 1.504403830 -0.023872677 0.078483224 0.015797915 0.862521410 0.009076375 -0.505692601
1756587613190732544.000000 1.501585722 -0.023548594 0.077116966 -0.015573264 -0.862464190 -0.008381736 0.505809128
1756587613224072448.000000 1.498929024 -0.023321390 0.075090766 -0.015363832 -0.862222373 -0.008141764 0.506231487
1756587613257412608.000000 1.495772481 -0.023170177 0.073184133 -0.015257883 -0.862087488 -0.008496474 0.506458521
1756587613324091392.000000 1.490092278 -0.022654453 0.069141626 -0.015176587 -0.862122297 -0.009229668 0.506388903
1756587613357431552.000000 1.487351298 -0.022588724 0.067092538 -0.015380645 -0.862139225 -0.009498979 0.506348908
1756587613390771712.000000 1.484053016 -0.022829706 0.066582680 -0.015205747 -0.862427473 -0.009658744 0.505860150
1756587613424111616.000000 1.481534243 -0.022781212 0.065143824 -0.014915638 -0.862369955 -0.008976830 0.505979359
1756587613457451520.000000 1.479275465 -0.022828527 0.063714504 -0.014749558 -0.862292349 -0.008279924 0.506128371
1756587613490791680.000000 1.476859331 -0.023075126 0.061988711 -0.014592981 -0.862259746 -0.008042492 0.506192207
1756587613524131584.000000 1.474045277 -0.023131657 0.060263395 -0.014758965 -0.862277746 -0.008189867 0.506154418
1756587613590811392.000000 1.467580199 -0.022755604 0.056411624 0.015194344 0.862065375 0.008440604 -0.506499052
1756587613624151552.000000 1.464415073 -0.022575127 0.054438949 0.015070186 0.861758709 0.008795191 -0.507018328
1756587613657491456.000000 1.461239815 -0.022245858 0.052523732 0.014737247 0.861574411 0.008912168 -0.507339120
1756587613690831104.000000 1.459031105 -0.022332408 0.050821662 0.014561364 0.861583114 0.008856565 -0.507330358
1756587613724171264.000000 1.456217408 -0.022348396 0.049326062 0.014543653 0.861768067 0.008881316 -0.507016301
1756587613757510144.000000 1.453555703 -0.022526853 0.047844410 0.014927737 0.861961663 0.009186730 -0.506670475
1756587613824189952.000000 1.447710633 -0.022264440 0.044407010 0.015313938 0.861283422 0.008881840 -0.507816434
1756587613857529856.000000 1.444060802 -0.022472188 0.044059753 -0.014776657 -0.859358013 -0.008133990 0.511096239
1756587613890869760.000000 1.439831734 -0.022167880 0.043036222 -0.015013780 -0.855854332 -0.009003854 0.516920567
1756587613924210688.000000 1.435188651 -0.021849362 0.041610718 -0.015422180 -0.851632297 -0.009834653 0.523820519
1756587613957551360.000000 1.430774331 -0.021332970 0.040856719 -0.015707226 -0.847680390 -0.010885690 0.530162990
1756587613990892288.000000 1.427440882 -0.021748517 0.040368557 -0.015653647 -0.844330728 -0.009756305 0.535504818
1756587614057573888.000000 1.421151161 -0.021950584 0.038447618 0.014960093 0.841520786 0.008220352 -0.539954960
1756587614090914304.000000 1.419264913 -0.021873880 0.037378311 0.015174815 0.842676640 0.007713635 -0.538150907
1756587614124255232.000000 1.416995764 -0.022035483 0.035647631 0.014849509 0.843720853 0.008208610 -0.536514103
1756587614157595904.000000 1.413977981 -0.022142923 0.033993483 0.014737758 0.844110548 0.008648854 -0.535896778
1756587614190935552.000000 1.410620689 -0.021498673 0.033355951 -0.015035335 -0.844303191 -0.008773291 0.535583019
1756587614257617152.000000 1.403871417 -0.020882402 0.030189753 -0.016607590 -0.843929172 -0.010081866 0.536102712
1756587614290957568.000000 1.401061773 -0.021031221 0.028614283 -0.016463369 -0.843730390 -0.009598898 0.536428869
1756587614324298496.000000 1.398503780 -0.021074381 0.027041674 -0.015675053 -0.843387425 -0.009252316 0.536997557
1756587614357639424.000000 1.395694256 -0.021023791 0.025945902 -0.014961033 -0.843010366 -0.008637385 0.537620008
1756587614390980096.000000 1.392566204 -0.021194546 0.023883462 0.014736205 0.842529297 0.008294984 -0.538385093
1756587614424320768.000000 1.389738560 -0.021353900 0.022080898 0.014530736 0.842468143 0.008686983 -0.538480282
1756587614491002112.000000 1.383219481 -0.020769751 0.018725276 0.014707074 0.842841089 0.009041220 -0.537885547
1756587614524343040.000000 1.380411863 -0.020679720 0.017634273 0.015120816 0.843159437 0.009514520 -0.537366807
1756587614557683712.000000 1.378180146 -0.020229207 0.016555071 -0.015534513 -0.843637645 -0.009662611 0.536601245
1756587614591024384.000000 1.374829769 -0.020045176 0.015080929 -0.016264236 -0.843877196 -0.009733783 0.536201537
1756587614624363776.000000 1.371537328 -0.019971844 0.013610005 -0.016913684 -0.843764722 -0.009740189 0.536358297
1756587614691045888.000000 1.365934014 -0.020294091 0.011116743 -0.015849655 -0.842602789 -0.009124305 0.538224936
1756587614724386304.000000 1.363324285 -0.020396482 0.009942174 -0.015509917 -0.842245638 -0.008745942 0.538799822
1756587614757727232.000000 1.360672474 -0.020253297 0.008604646 0.015020577 0.842286706 0.008716250 -0.538749993
1756587614791067648.000000 1.357943654 -0.020293966 0.007831931 -0.015142554 -0.842513144 -0.008683068 0.538393080
1756587614824408576.000000 1.354909420 -0.020272335 0.006469011 -0.015478998 -0.842707276 -0.008861530 0.538076580
1756587614891089920.000000 1.348639727 -0.020177826 0.003684998 -0.015734836 -0.842595696 -0.009451868 0.538233817
1756587614924430592.000000 1.345493555 -0.019988239 0.001948476 -0.015907871 -0.842526793 -0.009910223 0.538328350
1756587614957771520.000000 1.342380047 -0.019894641 0.000752330 -0.016250994 -0.842527688 -0.010197285 0.538311362
1756587614991112448.000000 1.336399198 -0.022003973 -0.001423240 -0.016267529 -0.842191994 -0.011199878 0.538815975
1756587615024453376.000000 1.333416939 -0.022205612 -0.002704024 -0.015941959 -0.841963768 -0.011530019 0.539175212
1756587615091134208.000000 1.328806758 -0.022354750 -0.005056500 -0.014472900 -0.841969192 -0.009215768 0.539252758
1756587615124474880.000000 1.326485991 -0.022359960 -0.006288886 -0.014109814 -0.842094660 -0.009052822 0.539069235
1756587615157815808.000000 1.323669553 -0.022227971 -0.007644176 -0.014407447 -0.842303753 -0.009790479 0.538721740
1756587615224497920.000000 1.316182137 -0.022212245 -0.011157990 0.015549879 0.841619134 0.011187784 -0.539731681
1756587615257838848.000000 1.312178135 -0.021471845 -0.011710525 -0.016013574 -0.839178503 -0.011300913 0.543502986
1756587615291179776.000000 1.307875395 -0.021577429 -0.012210846 -0.016684787 -0.835349262 -0.012125814 0.549332619
1756587615324520704.000000 1.303608418 -0.021361245 -0.012499928 -0.017209556 -0.831050634 -0.012735858 0.555784702
1756587615357861376.000000 1.299994469 -0.021712862 -0.012552381 -0.016592653 -0.827540696 -0.011654465 0.561039448
1756587615391202304.000000 1.297115445 -0.022001050 -0.012399197 -0.015315774 -0.824502587 -0.010160142 0.565559506
1756587615457884160.000000 1.291118264 -0.022486240 -0.012620211 -0.013353537 -0.818205357 -0.007521495 0.574721873
1756587615491224832.000000 1.287258387 -0.022460459 -0.013312697 -0.013465484 -0.815060318 -0.006811720 0.579179645
1756587615524564992.000000 1.283968806 -0.022541594 -0.013849974 -0.013806080 -0.812606215 -0.007025596 0.582607329
1756587615557905664.000000 1.280558705 -0.022406233 -0.014794469 -0.014672942 -0.812392890 -0.008256294 0.582867324
1756587615591246592.000000 1.276650190 -0.022225432 -0.016466260 -0.015565566 -0.813000619 -0.010394401 0.581961989
1756587615657928448.000000 1.269077301 -0.021765813 -0.020097256 -0.016364444 -0.813137710 -0.012665060 0.581703365
1756587615691269376.000000 1.266615987 -0.021969866 -0.020524740 0.016197313 0.813162684 0.012182205 -0.581683576
1756587615724610048.000000 1.262835503 -0.021006025 -0.020436764 -0.015938213 -0.813444495 -0.010444179 0.581330419
1756587615757951232.000000 1.260472059 -0.021145223 -0.021312237 -0.015269473 -0.813688159 -0.009326614 0.581026316
1756587615824632832.000000 1.255401492 -0.021326017 -0.023522735 -0.014407412 -0.813994765 -0.008727558 0.580627978
1756587615857973760.000000 1.252452731 -0.021252977 -0.024423122 -0.014553399 -0.814039409 -0.008516478 0.580564797
1756587615891315200.000000 1.249345064 -0.021164561 -0.025375009 -0.014568680 -0.813980460 -0.008297410 0.580650270
1756587615924659200.000000 1.246687651 -0.021478517 -0.026926756 0.014544356 0.813825488 0.008813154 -0.580860496
1756587615991346176.000000 1.240405679 -0.020901725 -0.028037548 -0.014753839 -0.813668251 -0.009179109 0.581069827
1756587616024690176.000000 1.237417817 -0.020876968 -0.028496265 -0.014732425 -0.813416600 -0.008664900 0.581430435
1756587616058034176.000000 1.234806776 -0.020914985 -0.029552221 -0.014439113 -0.813260019 -0.008645010 0.581657052
1756587616091378432.000000 1.231945515 -0.020942692 -0.030730724 -0.014240673 -0.813101768 -0.008768461 0.581881344
1756587616124722432.000000 1.229032755 -0.020964622 -0.031985044 -0.014409478 -0.813038707 -0.009287651 0.581957340
1756587616191410432.000000 1.222407579 -0.020322861 -0.034105301 -0.014890549 -0.812997639 -0.009643456 0.581996739
1756587616224754688.000000 1.219199896 -0.020619608 -0.035043120 -0.014234966 -0.812897146 -0.009263737 0.582159698
1756587616258099200.000000 1.216409445 -0.021007108 -0.036549687 -0.013556000 -0.812559247 -0.009288242 0.582647026
1756587616291443200.000000 1.213933587 -0.020887572 -0.037702560 -0.013346138 -0.812460959 -0.008549755 0.582800090
1756587616324787456.000000 1.211087108 -0.020858880 -0.038535714 -0.013319969 -0.812550962 -0.008514971 0.582675815
1756587616391475968.000000 1.204792738 -0.020449638 -0.040709496 -0.013388151 -0.812802196 -0.007972936 0.582331419
1756587616424818944.000000 1.202103615 -0.020300126 -0.041679263 -0.013436286 -0.813143015 -0.008000860 0.581853986
1756587616458163456.000000 1.199128389 -0.020527668 -0.043183446 0.014026058 0.813480377 0.008670245 -0.581358612
1756587616491507712.000000 1.195728779 -0.019840673 -0.044507623 0.014155341 0.813529968 0.009107910 -0.581279278
1756587616524852224.000000 1.192678452 -0.019462846 -0.045487404 0.014264299 0.813416362 0.009091334 -0.581436038
1756587616558196480.000000 1.190408230 -0.020294186 -0.045434952 -0.014006408 -0.813195348 -0.008995635 0.581752777
1756587616624885248.000000 1.185801506 -0.020433275 -0.046893477 -0.012974454 -0.812478602 -0.007472626 0.582798779
1756587616658229760.000000 1.183225155 -0.020581258 -0.047605753 -0.012593376 -0.812425256 -0.006861948 0.582889020
1756587616691574272.000000 1.180689573 -0.020783830 -0.048287153 -0.012437292 -0.812583625 -0.006638981 0.582674205
1756587616724918528.000000 1.177260637 -0.020847021 -0.049422145 -0.012576721 -0.811803460 -0.007063370 0.583752751
1756587616758263040.000000 1.172995925 -0.020586668 -0.050312638 -0.012840273 -0.808661044 -0.007846138 0.588082492
1756587616824952064.000000 1.164271355 -0.019217050 -0.050429821 -0.013172173 -0.799672544 -0.008678867 0.600229204
1756587616858295552.000000 1.160931945 -0.018849816 -0.050144911 -0.013318072 -0.796207547 -0.008643948 0.604815364
1756587616891640064.000000 1.156933904 -0.018921716 -0.050089598 -0.013873165 -0.793236554 -0.008629252 0.608694375
1756587616924981760.000000 1.153584480 -0.018895866 -0.049994826 -0.013677182 -0.789951563 -0.007401239 0.612972081
1756587616991666432.000000 1.146726489 -0.019537279 -0.049206376 -0.012627879 -0.781517506 -0.006196670 0.623724699
1756587617025008128.000000 1.143009305 -0.019566767 -0.048965693 -0.012295462 -0.778137088 -0.006609394 0.627939403
1756587617058350336.000000 1.139812350 -0.019184381 -0.049697757 -0.012439526 -0.777689219 -0.007178049 0.628484964
1756587617091692544.000000 1.137533903 -0.019309975 -0.050888896 -0.013115343 -0.779280066 -0.007873263 0.626489222
1756587617158376704.000000 1.132720947 -0.019728750 -0.053022146 -0.012499797 -0.781581342 -0.006600633 0.623643160
1756587617191719168.000000 1.130045533 -0.020049987 -0.053274393 0.012309727 0.781958342 0.005835173 -0.623181880
1756587617225060864.000000 1.126873255 -0.019870706 -0.054045320 0.012065115 0.782019854 0.005552166 -0.623112082
1756587617258403328.000000 1.123240829 -0.019816866 -0.054936409 0.012382677 0.781955481 0.005820609 -0.623184204
1756587617325086464.000000 1.115572810 -0.019404320 -0.056386828 -0.013722522 -0.781498313 -0.008096788 0.623703957
1756587617358428672.000000 1.112787366 -0.019773789 -0.057255030 -0.013045480 -0.781405747 -0.007661475 0.623839915
1756587617391771136.000000 1.110195518 -0.019773526 -0.057960510 -0.012547269 -0.781565845 -0.007060422 0.623656631
1756587617425113088.000000 1.107519984 -0.019839428 -0.058441401 -0.012523360 -0.781913936 -0.006851687 0.623222947
1756587617491797760.000000 1.101856828 -0.019563183 -0.059457421 -0.012832171 -0.782684207 -0.006683689 0.622250974
1756587617525139456.000000 1.098131657 -0.019274253 -0.060012698 -0.013350670 -0.782822847 -0.006929325 0.622062922
1756587617558481920.000000 1.094573140 -0.018599031 -0.060056806 -0.013952379 -0.782956302 -0.007062642 0.621880174
1756587617591824384.000000 1.091586828 -0.018440735 -0.060882688 -0.014046237 -0.782858610 -0.006914370 0.622002780
1756587617658508544.000000 1.085698009 -0.018808989 -0.062064052 0.013367886 0.782724142 0.006019135 -0.622196198
1756587617691851008.000000 1.082709312 -0.018881435 -0.062668085 0.013312304 0.782610714 0.005865152 -0.622341454
1756587617725192960.000000 1.079276443 -0.018849153 -0.063575268 0.013612974 0.782519519 0.006158686 -0.622446835
1756587617791876864.000000 1.072270989 -0.018255411 -0.065244436 -0.013963911 -0.782065451 -0.007156849 0.622998834
1756587617825218816.000000 1.066072226 -0.019593723 -0.067534447 -0.013791823 -0.781894982 -0.007881562 0.623207867
1756587617858561280.000000 1.063294411 -0.019730981 -0.068211079 -0.013787116 -0.781958580 -0.007406082 0.623133957
1756587617891903488.000000 1.060503602 -0.019766808 -0.068606019 -0.013871631 -0.782084048 -0.007252352 0.622976422
1756587617925244928.000000 1.057691813 -0.019671522 -0.069026470 0.013754376 0.781994343 0.007002866 -0.623094380
1756587617991927552.000000 1.052834392 -0.020197982 -0.069997191 0.013007520 0.781675816 0.005667205 -0.623523474
1756587618025269248.000000 1.050162315 -0.020023584 -0.070777893 0.012729589 0.781650126 0.005353933 -0.623564243
1756587618058610688.000000 1.045797825 -0.020010833 -0.071958184 0.013087190 0.781689823 0.005986940 -0.623501480
1756587618091952128.000000 1.042458415 -0.019502841 -0.073181510 0.013466155 0.781666875 0.006494920 -0.623516977
1756587618158635008.000000 1.034513950 -0.019153483 -0.074660897 -0.014398457 -0.781396210 -0.007623973 0.623822570
1756587618191975680.000000 1.031161547 -0.018864034 -0.075478196 -0.014313957 -0.781062305 -0.008264543 0.624234378
1756587618225317120.000000 1.027983189 -0.018815218 -0.076385260 -0.013968315 -0.780417204 -0.007865488 0.625053644
1756587618258658304.000000 1.024949551 -0.019041382 -0.076720476 0.013249251 0.778533876 0.006834177 -0.627425551
1756587618292000000.000000 1.021774888 -0.019240258 -0.075729847 -0.013348812 -0.775508583 -0.007050467 0.631156564
1756587618358683136.000000 1.013643861 -0.018828325 -0.074385762 -0.014640641 -0.766624510 -0.006927292 0.641891479
1756587618392024576.000000 1.009901285 -0.018389704 -0.073197842 -0.014564198 -0.761974454 -0.006667609 0.647409022
1756587618458707456.000000 1.003451586 -0.018680967 -0.072944999 -0.013709401 -0.757275581 -0.005914107 0.652924895
1756587618492048640.000000 1.000423670 -0.018650077 -0.073772788 -0.014745249 -0.758337677 -0.007260011 0.651654780
1756587618525390336.000000 0.996032536 -0.018105173 -0.075296879 0.015005713 0.759701610 0.008151040 -0.650047719
1756587618558732032.000000 0.994266868 -0.018571811 -0.076335073 -0.014116776 -0.760180891 -0.007605860 0.649513602
1756587618625413888.000000 0.990039825 -0.018893678 -0.076760173 -0.012886861 -0.760433435 -0.005572541 0.649264216
1756587618692097024.000000 0.983850837 -0.018851256 -0.077853560 -0.013464120 -0.760739028 -0.006405545 0.648886621
1756587618725438720.000000 0.980048537 -0.018950805 -0.078384161 -0.014157831 -0.760818899 -0.007362525 0.648768127
1756587618758779648.000000 0.975778818 -0.018702589 -0.079275608 0.014909588 0.760636806 0.008392763 -0.648952246
1756587618792121344.000000 0.972135186 -0.018431230 -0.079680562 0.015221783 0.760465443 0.008664859 -0.649142206
1756587618825462784.000000 0.968389034 -0.018203452 -0.080356240 -0.014758797 -0.760282874 -0.008234908 0.649372280
1756587618892146176.000000 0.963817716 -0.018744022 -0.081221581 0.012799336 0.759969831 0.006331503 -0.649801552
1756587618925487872.000000 0.960728288 -0.018674634 -0.081714630 0.012938709 0.760025263 0.006023494 -0.649736881
1756587618958829568.000000 0.957049370 -0.018162824 -0.082108021 0.013515353 0.760264933 0.006567437 -0.649439335
1756587618992171264.000000 0.953022003 -0.017606704 -0.082733393 -0.014570185 -0.760594010 -0.007710684 0.649018407
1756587619058855168.000000 0.945086718 -0.017024608 -0.083990932 -0.015719565 -0.760171354 -0.009227074 0.649466932
1756587619092196096.000000 0.942310929 -0.017178891 -0.084485292 -0.016027184 -0.759746253 -0.009656304 0.649950385
1756587619125537792.000000 0.939354181 -0.016997688 -0.085133672 -0.015424579 -0.759596407 -0.008871293 0.650151372
1756587619158879744.000000 0.936935782 -0.017527020 -0.085372686 -0.014853861 -0.759919167 -0.008039094 0.649798155
1756587619225563648.000000 0.931291580 -0.017765945 -0.086847305 0.014300142 0.759995162 0.007449851 -0.649728715
1756587619258905344.000000 0.927908421 -0.017448554 -0.087229848 0.014559561 0.759953618 0.007604112 -0.649769843
1756587619292247296.000000 0.924766064 -0.017312007 -0.087466240 -0.015175741 -0.759975910 -0.008302270 0.649721086
1756587619325589248.000000 0.922358751 -0.017455328 -0.087329388 -0.015075088 -0.760354638 -0.007722221 0.649287283
1756587619392272896.000000 0.916395307 -0.017414000 -0.088837743 -0.014180728 -0.760201514 -0.006810929 0.649496913
1756587619425615104.000000 0.912997484 -0.017207252 -0.089295149 -0.014785031 -0.760030985 -0.007511027 0.649675310
1756587619458956800.000000 0.909291983 -0.017194908 -0.089264750 -0.015200160 -0.760271013 -0.007673063 0.649382889
1756587619492298752.000000 0.905291796 -0.017090274 -0.089817166 0.016165487 0.760601819 0.008868802 -0.648956776
1756587619558981632.000000 0.899073362 -0.016641198 -0.090889096 0.016229620 0.760746658 0.008509200 -0.648790181
1756587619592323840.000000 0.896485031 -0.017242052 -0.090743184 0.016025789 0.760863423 0.008434108 -0.648659348
1756587619625665792.000000 0.892997026 -0.016907867 -0.091058612 0.016233787 0.761175931 0.008282424 -0.648289323
1756587619659007488.000000 0.889661372 -0.016855009 -0.091714025 0.016153881 0.761257827 0.008931009 -0.648186564
1756587619692349696.000000 0.886297166 -0.016996270 -0.092402458 0.016096856 0.761138141 0.009427776 -0.648321509
1756587619759033600.000000 0.880432487 -0.015878532 -0.093780577 -0.016151803 -0.761276066 -0.008899635 0.648165643
1756587619792375552.000000 0.878090858 -0.015888119 -0.093950152 0.015526835 0.761512101 0.007506855 -0.647921205
1756587619825717504.000000 0.875252962 -0.016143221 -0.094400406 0.015342175 0.761611998 0.007085713 -0.647812963
1756587619859059456.000000 0.872398257 -0.016232301 -0.094985425 0.015133917 0.761698365 0.006801560 -0.647719383
1756587619925742592.000000 0.865527749 -0.016238498 -0.095947862 0.016585916 0.762168646 0.007089721 -0.647127330
1756587619959084032.000000 0.861636162 -0.016105786 -0.096669912 -0.017291956 -0.762079239 -0.008130451 0.647201717
1756587619992423936.000000 0.858054578 -0.015987242 -0.096630335 0.017848007 0.761783242 0.008926566 -0.647524655
1756587620025765376.000000 0.854535580 -0.016094510 -0.097566605 0.017631425 0.760990262 0.009208968 -0.648458421
1756587620059106304.000000 0.851459861 -0.016128292 -0.097663879 0.017034350 0.760440588 0.008474500 -0.649128735
1756587620125788928.000000 0.846559882 -0.016298411 -0.097771645 -0.016179699 -0.760251403 -0.006932638 0.649390519
1756587620159129856.000000 0.843564272 -0.016369823 -0.098233938 -0.016226389 -0.760321796 -0.006863931 0.649307609
1756587620192471296.000000 0.840366840 -0.016444314 -0.098622024 -0.016454887 -0.760554135 -0.006981107 0.649028540
1756587620225812224.000000 0.836419404 -0.016268477 -0.099552393 0.016299730 0.760618985 0.006688260 -0.648959458
1756587620259153664.000000 0.833279848 -0.015824089 -0.099664748 0.016502308 0.760690928 0.006297607 -0.648873925
1756587620325836032.000000 0.826078236 -0.015131461 -0.100648165 0.017357800 0.760055125 0.007622279 -0.649581969
1756587620359177216.000000 0.822366953 -0.015244818 -0.101099372 -0.018020030 -0.759586275 -0.008992826 0.650094748
1756587620392518400.000000 0.819028378 -0.015413096 -0.101880252 -0.017613092 -0.759498239 -0.008658050 0.650213242
1756587620425858560.000000 0.816358447 -0.015601008 -0.102584660 -0.017376319 -0.759565234 -0.008216614 0.650147080
1756587620492540928.000000 0.810549617 -0.016099598 -0.103292406 -0.018031957 -0.760096490 -0.007422596 0.649517655
1756587620525881856.000000 0.807882190 -0.016136780 -0.103572607 -0.017622452 -0.760040700 -0.006766981 0.649601281
1756587620559223296.000000 0.804866552 -0.015975481 -0.103869259 -0.017421365 -0.759910643 -0.006207999 0.649764478
1756587620592564224.000000 0.801647544 -0.016124064 -0.104129195 -0.017643668 -0.759836197 -0.005929514 0.649848044
1756587620659246592.000000 0.793998599 -0.016102338 -0.104753494 -0.019153239 -0.759400368 -0.007428879 0.650299191
1756587620692587520.000000 0.789826930 -0.015228567 -0.105447292 0.019870885 0.758896887 0.008913763 -0.650846601
1756587620725928960.000000 0.783902586 -0.014898760 -0.107168376 -0.019907301 -0.758562386 -0.009415210 0.651228189
1756587620759269888.000000 0.780945182 -0.015264437 -0.107524455 -0.019560829 -0.758598804 -0.009231444 0.651198983
1756587620825952256.000000 0.775703192 -0.015256955 -0.108399928 0.018427785 0.758707583 0.007418819 -0.651128471
1756587620859292416.000000 0.773215711 -0.015199542 -0.108996511 0.018317228 0.759033024 0.007287497 -0.650753677
1756587620892633600.000000 0.770500124 -0.015041902 -0.109610260 0.018065639 0.759501219 0.006733140 -0.650220215
1756587620925974272.000000 0.767848492 -0.015338749 -0.109739125 0.017671837 0.760039449 0.005613335 -0.649612427
1756587620992655872.000000 0.762061894 -0.015418911 -0.110265255 -0.018113405 -0.760126829 -0.004941001 0.649503410
1756587621025996800.000000 0.758078456 -0.014715750 -0.110930145 -0.018502604 -0.759599209 -0.005377054 0.650106013
1756587621059337728.000000 0.753971696 -0.014547633 -0.111708641 -0.018813843 -0.758969545 -0.006410853 0.650822759
1756587621092678656.000000 0.749841750 -0.014383154 -0.112400234 -0.019287890 -0.758599579 -0.007856941 0.651224256
1756587621126019328.000000 0.745998144 -0.014217691 -0.112964809 0.019838190 0.758576572 0.009222205 -0.651216567
1756587621159360256.000000 0.742457390 -0.014389908 -0.113449275 0.019790353 0.758797944 0.009279663 -0.650959253
1756587621226041856.000000 0.736917794 -0.014449798 -0.114569902 -0.018650835 -0.759175658 -0.007435812 0.650576055
1756587621259382528.000000 0.735095978 -0.014466052 -0.115072250 -0.017948288 -0.759342849 -0.006377828 0.650411963
1756587621292722432.000000 0.732913375 -0.014596723 -0.115772367 -0.017506648 -0.759546280 -0.006293538 0.650187254
1756587621326062848.000000 0.730218172 -0.014533703 -0.116616428 -0.017243536 -0.759549677 -0.006469282 0.650188565
1756587621392744448.000000 0.722603083 -0.014149629 -0.117781043 0.018436423 0.759432852 0.008043626 -0.650274754
1756587621426085376.000000 0.718699515 -0.013654632 -0.118231475 0.018623848 0.759142756 0.008888600 -0.650597036
1756587621459426048.000000 0.714972854 -0.013262631 -0.119035363 0.018324062 0.758864760 0.009108348 -0.650926709
1756587621492766976.000000 0.711977243 -0.013140084 -0.119452536 0.018031042 0.758908927 0.009188565 -0.650882304
1756587621559448832.000000 0.706419945 -0.012951278 -0.120622098 0.017358065 0.759319901 0.008572946 -0.650429547
1756587621592789760.000000 0.703979194 -0.013212995 -0.121195793 -0.016771255 -0.759688020 -0.007725889 0.650025487
1756587621626130432.000000 0.701490760 -0.013603950 -0.121350527 -0.016384084 -0.760210991 -0.007023817 0.649431765
1756587621659471104.000000 0.698750854 -0.013598961 -0.121480167 -0.016763614 -0.760766029 -0.007079460 0.648771048
1756587621692811776.000000 0.694769740 -0.014431020 -0.122966528 -0.017333575 -0.760505617 -0.007892385 0.649052083
1756587621759492352.000000 0.687151551 -0.013594510 -0.124830604 0.018154861 0.759989500 0.008818957 -0.649621904
1756587621792833280.000000 0.684112787 -0.013639487 -0.125149786 0.018060422 0.759836972 0.008903555 -0.649801791
1756587621826173952.000000 0.681214094 -0.013631369 -0.124956489 0.017950220 0.759927928 0.008129042 -0.649708629
1756587621859514880.000000 0.678048491 -0.013596820 -0.125435174 -0.018001162 -0.760187030 -0.008045180 0.649405122
1756587621926196736.000000 0.671672821 -0.014012291 -0.125974715 -0.018025195 -0.760408998 -0.008069868 0.649144113
1756587621959537920.000000 0.668664098 -0.014024735 -0.126567066 -0.017652277 -0.760258019 -0.008281028 0.649328530
1756587621992879360.000000 0.665912747 -0.013618462 -0.126553953 -0.017327035 -0.760215461 -0.008227932 0.649387836
1756587622026220800.000000 0.662695646 -0.013777609 -0.126955748 0.017492123 0.760172188 0.008804213 -0.649426579
1756587622059561728.000000 0.659621119 -0.013712010 -0.127582490 0.017364504 0.760238886 0.008845542 -0.649351358
1756587622126244352.000000 0.653201222 -0.014304826 -0.128615022 0.017390814 0.760658860 0.009115521 -0.648854911
1756587622159585792.000000 0.649904609 -0.014109041 -0.129449904 0.017759956 0.760758221 0.009271209 -0.648726225
1756587622192925952.000000 0.645760596 -0.013685312 -0.130279243 -0.017968863 -0.760622084 -0.008725234 0.648887694
1756587622226267392.000000 0.643187046 -0.014079954 -0.130824566 -0.017819203 -0.760608673 -0.008568997 0.648909569
1756587622292949760.000000 0.637126386 -0.014329191 -0.131484509 0.017232889 0.760905564 0.007902252 -0.648585737
1756587622326291200.000000 0.634232283 -0.014066724 -0.132642329 0.016822960 0.760763466 0.008069194 -0.648760974
1756587622359632128.000000 0.630734861 -0.013734601 -0.132985353 -0.017067105 -0.760642409 -0.008580365 0.648890078
1756587622392973568.000000 0.627005577 -0.013407185 -0.133645892 -0.017442439 -0.760592759 -0.008892677 0.648934126
1756587622426314496.000000 0.622818351 -0.012819432 -0.134317875 0.017548004 0.760709763 0.008472494 -0.648799777
1756587622459655936.000000 0.620326996 -0.012985223 -0.134397626 -0.017465375 -0.760857582 -0.008077243 0.648633599
1756587622526338560.000000 0.613889575 -0.012984652 -0.135312796 0.017450020 0.760340095 0.008577200 -0.649234176
1756587622559680000.000000 0.611051321 -0.012877743 -0.135795653 0.017519061 0.760341525 0.008885595 -0.649226487
1756587622593021184.000000 0.607884765 -0.012792073 -0.136456370 -0.018006444 -0.760275126 -0.009348286 0.649284303
1756587622626362368.000000 0.604999363 -0.012848039 -0.137005329 -0.017718205 -0.760174036 -0.008874321 0.649417281
1756587622693043968.000000 0.599874258 -0.013467561 -0.137436330 0.016109692 0.760435581 0.006923877 -0.649176657
1756587622726385408.000000 0.597017884 -0.013500355 -0.137945235 0.016210193 0.760706127 0.006578695 -0.648860633
1756587622759726592.000000 0.594067454 -0.013571979 -0.138236105 0.016671203 0.760943830 0.006908926 -0.648566842
1756587622793068032.000000 0.590385616 -0.013490668 -0.138889670 0.016941609 0.760811329 0.007564045 -0.648707926
1756587622826408960.000000 0.586587906 -0.012837583 -0.139135778 -0.017280674 -0.760524213 -0.007894409 0.649031639
1756587622859750144.000000 0.583454847 -0.012489690 -0.139771104 0.017386066 0.759981692 0.008664432 -0.649654210
1756587622926483200.000000 0.577416480 -0.012127841 -0.140383005 0.017111257 0.759328663 0.008804242 -0.650422752
1756587622959901440.000000 0.574680924 -0.012324668 -0.141109347 -0.016534066 -0.759527385 -0.008058072 0.650215209
1756587622993320192.000000 0.572307348 -0.012518553 -0.141397119 -0.015892059 -0.760049224 -0.007115911 0.649632215
1756587623026739712.000000 0.569390297 -0.012925055 -0.142040133 -0.015571978 -0.760333598 -0.006474494 0.649313867
1756587623093578752.000000 0.562072635 -0.012826522 -0.142982781 -0.016271323 -0.760446608 -0.007996675 0.649147391
1756587623126999552.000000 0.557840466 -0.012455254 -0.144107997 0.017073160 0.759943783 0.009971100 -0.649688184
1756587623160420864.000000 0.554126263 -0.011747215 -0.144537330 0.017322905 0.759740710 0.010648392 -0.649908185
1756587623227265024.000000 0.548015952 -0.012272275 -0.145483375 0.016934723 0.760132790 0.009877656 -0.649471998
1756587623260687872.000000 0.546183586 -0.012722576 -0.145354450 -0.016213695 -0.760746717 -0.008203328 0.648794532
1756587623294110976.000000 0.544018030 -0.012925571 -0.145673633 -0.015348841 -0.760985494 -0.006812187 0.648551583
1756587623327534848.000000 0.541576743 -0.013425423 -0.146812439 -0.014915598 -0.761682332 -0.006899489 0.647742271
1756587623360959232.000000 0.538302064 -0.011950115 -0.147454560 0.015130366 0.764996827 0.006270030 -0.643825829
1756587623427809024.000000 0.534026980 -0.011867343 -0.150348485 0.015476130 0.773625612 0.007440852 -0.633410156
1756587623461234688.000000 0.531101346 -0.011897085 -0.151555836 0.015405863 0.777631581 0.007445947 -0.628487408
1756587623494661120.000000 0.527925432 -0.011313932 -0.153740883 -0.015871422 -0.781411052 -0.007716478 0.623767078
1756587623528086784.000000 0.524898827 -0.010810570 -0.155633569 -0.016426265 -0.784500778 -0.007953342 0.619859338
1756587623561514240.000000 0.521158099 -0.010721276 -0.157125533 -0.016485777 -0.785460532 -0.007738453 0.618643820
1756587623628369920.000000 0.514829159 -0.010810436 -0.158332825 0.016476598 0.783465743 0.009131837 -0.621149480
1756587623661798656.000000 0.511887252 -0.010227439 -0.159093082 0.015524403 0.782332063 0.008288508 -0.622612894
1756587623695228160.000000 0.509753227 -0.011699955 -0.159150958 -0.014584039 -0.782500982 -0.007334232 0.622435391
1756587623728657664.000000 0.507524133 -0.011922671 -0.159514844 -0.014175603 -0.782810509 -0.006130505 0.622068524
1756587623762087936.000000 0.504971445 -0.012073219 -0.159731627 -0.014124787 -0.782986164 -0.005541517 0.621854186
1756587623828949760.000000 0.497891963 -0.011690827 -0.162050307 -0.014507046 -0.782343626 -0.006634908 0.622642756
1756587623862381568.000000 0.493839860 -0.011048138 -0.162734568 -0.015387870 -0.782133937 -0.007653572 0.622873425
1756587623895813376.000000 0.490157723 -0.010598864 -0.163362563 -0.016235657 -0.782301784 -0.008206468 0.622633994
1756587623929180416.000000 0.486830533 -0.011393404 -0.163782537 0.016082052 0.782708585 0.009093281 -0.622114182
1756587623962512640.000000 0.484422296 -0.011776993 -0.164237142 -0.015347861 -0.782881260 -0.007771261 0.621933341
1756587624029179392.000000 0.479241729 -0.011630069 -0.165180206 -0.014784073 -0.782759428 -0.006973649 0.622109830
1756587624062512384.000000 0.475750387 -0.011188922 -0.166033328 -0.015075121 -0.782482803 -0.007191321 0.622448206
1756587624095845632.000000 0.472406805 -0.010985577 -0.166343331 -0.015210882 -0.782216072 -0.007471933 0.622776687
1756587624129178880.000000 0.468745798 -0.010533761 -0.167339981 0.015518623 0.782075047 0.008446240 -0.622933865
1756587624162511872.000000 0.465006053 -0.010260853 -0.168155372 0.015492770 0.782071888 0.008863021 -0.622932613
1756587624229177600.000000 0.457264721 -0.010544239 -0.171166480 -0.015731186 -0.781950772 -0.009107793 0.623075187
1756587624262510336.000000 0.454245836 -0.010574247 -0.172136307 -0.015487568 -0.781752348 -0.009204213 0.623328686
1756587624295843072.000000 0.451141834 -0.010411799 -0.172963202 -0.015206844 -0.781686544 -0.009053295 0.623420417
1756587624329175552.000000 0.448343068 -0.010077448 -0.173329234 -0.015291268 -0.782001913 -0.008853327 0.623025596
1756587624395840768.000000 0.442531079 -0.010084994 -0.174785107 0.015325220 0.782514274 0.008123631 -0.622390985
1756587624429171968.000000 0.439245254 -0.009915734 -0.175443053 0.015243852 0.782523811 0.008045824 -0.622382104
1756587624462504448.000000 0.436274111 -0.009600366 -0.175963700 -0.015381894 -0.782447398 -0.007891376 0.622476757
1756587624495836672.000000 0.432814211 -0.009222335 -0.177070141 0.015313792 0.782319069 0.008085852 -0.622637153
1756587624562501120.000000 0.426454604 -0.009006817 -0.178794056 0.015292976 0.782519877 0.008687938 -0.622377217
1756587624595833344.000000 0.423419833 -0.009329197 -0.179632664 0.015259293 0.782641768 0.008369671 -0.622229040
1756587624629165056.000000 0.419920862 -0.009516309 -0.180260509 0.015398990 0.782871842 0.008296283 -0.621937156
1756587624662497024.000000 0.417177677 -0.009854176 -0.180714697 -0.014957522 -0.782765806 -0.007878083 0.622086823
1756587624695829248.000000 0.414110392 -0.009963728 -0.181376070 -0.014730511 -0.782527328 -0.007665166 0.622394860
1756587624729160704.000000 0.410901070 -0.009816671 -0.181875437 0.015320936 0.782384932 0.008398455 -0.622550130
1756587624795824384.000000 0.402397215 -0.009740951 -0.184695870 -0.016890053 -0.782234728 -0.011023657 0.622657359
1756587624829155584.000000 0.398704767 -0.009799913 -0.185799003 -0.017182937 -0.782273233 -0.011529543 0.622591674
1756587624862486272.000000 0.395441890 -0.009719454 -0.186633915 -0.017267605 -0.782530785 -0.011283718 0.622270226
1756587624895817728.000000 0.392605245 -0.009659565 -0.187390357 -0.016874565 -0.782665312 -0.010899763 0.622118592
1756587624929150464.000000 0.390010983 -0.009878340 -0.187906384 -0.016439827 -0.782773495 -0.010152460 0.622006714
1756587624995815936.000000 0.384684205 -0.009848357 -0.189251155 0.015264813 0.782849312 0.008491062 -0.621966183
1756587625029148672.000000 0.381615877 -0.009814656 -0.189614564 -0.015358065 -0.783043325 -0.007930352 0.621727049
1756587625062481152.000000 0.378410816 -0.009178728 -0.190600038 0.015457828 0.783213139 0.008319713 -0.621505499
1756587625095813632.000000 0.374453336 -0.008480884 -0.191656649 0.016235115 0.783216476 0.009396662 -0.621466160
1756587625129146368.000000 0.370492816 -0.008457309 -0.192251623 0.017492641 0.783101618 0.010217512 -0.621563852
1756587625162478336.000000 0.366563201 -0.008423319 -0.192863911 0.018104069 0.782876134 0.010871667 -0.621819198
1756587625195811072.000000 0.363057762 -0.008235663 -0.193877995 0.018320791 0.782483160 0.011442133 -0.622296989
1756587625262475264.000000 0.357338101 -0.008282516 -0.194407195 -0.016725322 -0.781965196 -0.009522544 0.623025000
1756587625295806464.000000 0.354657531 -0.008096831 -0.194958240 -0.016098233 -0.781870127 -0.009237228 0.623165011
1756587625329138432.000000 0.351639420 -0.008268258 -0.195802152 -0.016123129 -0.782069564 -0.009244972 0.622914016
1756587625362470400.000000 0.349036127 -0.008299071 -0.196727037 -0.016173093 -0.782502234 -0.009763882 0.622361243
1756587625395802368.000000 0.345789015 -0.008155823 -0.197647840 -0.016212579 -0.782572389 -0.010148339 0.622265816
1756587625429134080.000000 0.342795998 -0.008258838 -0.198536694 -0.016553903 -0.782408714 -0.010848083 0.622450650
1756587625495797504.000000 0.335842937 -0.007864548 -0.200173765 0.016741201 0.782600343 0.010589656 -0.622209251
1756587625529129216.000000 0.332585573 -0.008186614 -0.200852931 0.016708788 0.782472432 0.010692721 -0.622369170
1756587625562460416.000000 0.329190224 -0.008081373 -0.201749265 0.016671440 0.782294035 0.010782922 -0.622592926
1756587625595792128.000000 0.326002151 -0.007908016 -0.202510327 0.016310340 0.782292962 0.010547499 -0.622607768
1756587625629123328.000000 0.323195130 -0.008279289 -0.202915996 0.015823351 0.782634854 0.009886852 -0.622201383
1756587625662454528.000000 0.320772469 -0.008132556 -0.203917503 0.015639020 0.782958329 0.009549001 -0.621804297
1756587625695785984.000000 0.317504615 -0.007950155 -0.204755366 0.015868852 0.783132613 0.009671207 -0.621577024
1756587625729116928.000000 0.313872486 -0.007733522 -0.205753654 0.016367970 0.783197343 0.010528936 -0.621468663
1756587625795778048.000000 0.307833821 -0.008062039 -0.207173556 -0.016823689 -0.783180177 -0.011115707 0.621467829
1756587625829109248.000000 0.304687053 -0.007806682 -0.207770377 -0.016671102 -0.783105373 -0.011108899 0.621566355
1756587625862439936.000000 0.301771522 -0.008032174 -0.208779246 -0.016428968 -0.783203185 -0.010975899 0.621451914
1756587625895770880.000000 0.298988491 -0.008036491 -0.209393859 -0.016365826 -0.783516347 -0.010869275 0.621060491
1756587625929103616.000000 0.296105444 -0.007943014 -0.210294455 -0.015852528 -0.783602655 -0.010780558 0.620966554
1756587625995770880.000000 0.291145444 -0.008412196 -0.211355418 -0.014665156 -0.784281492 -0.009763531 0.620155036
1756587626029104384.000000 0.287759274 -0.008032260 -0.212666333 0.015380451 0.784588337 0.009687955 -0.619750679
1756587626062438144.000000 0.284106255 -0.007926816 -0.213748932 0.016203206 0.784780443 0.010659233 -0.619470477
1756587626095771904.000000 0.280427784 -0.007429703 -0.214804232 0.016714998 0.784722447 0.011483768 -0.619515598
1756587626129105152.000000 0.276783049 -0.007409763 -0.216075540 0.016659338 0.784308851 0.011956492 -0.620031714
1756587626162438144.000000 0.273661733 -0.007461237 -0.216785282 0.016096400 0.784201622 0.011777646 -0.620185494
1756587626229103872.000000 0.267980576 -0.007246011 -0.218029499 0.015727978 0.784073412 0.011044953 -0.620370567
1756587626262437120.000000 0.265366763 -0.006892127 -0.218634933 -0.015283023 -0.784264266 -0.009960507 0.620158732
1756587626295769856.000000 0.262788534 -0.007214808 -0.219281822 -0.015027272 -0.784633279 -0.009749508 0.619701326
1756587626329103104.000000 0.259810299 -0.007170390 -0.219807684 -0.015029460 -0.785144985 -0.009656197 0.619054377
1756587626362436096.000000 0.257232040 -0.007206365 -0.220539197 -0.014979952 -0.785276592 -0.009502642 0.618890882
1756587626395768832.000000 0.254175127 -0.007096912 -0.221136034 -0.015038365 -0.785194278 -0.009669819 0.618991435
1756587626429101568.000000 0.250820369 -0.006875212 -0.221919537 -0.015062076 -0.785090804 -0.010414352 0.619110048
1756587626462434304.000000 0.246490285 -0.006867081 -0.223632649 0.015483187 0.785063982 0.011612655 -0.619112253
1756587626495767040.000000 0.243278563 -0.006583244 -0.223917931 0.015821099 0.785528958 0.011554818 -0.618514776
1756587626562432000.000000 0.236869425 -0.006176235 -0.225261435 0.016134748 0.786195397 0.011596470 -0.617658496
1756587626595764736.000000 0.233930230 -0.006125776 -0.226392895 0.015947709 0.786250174 0.011009644 -0.617604494
1756587626629095936.000000 0.231521338 -0.006319962 -0.226834700 0.015404715 0.786232471 0.009820923 -0.617660820
1756587626662428160.000000 0.228912830 -0.006492397 -0.227366135 0.015041910 0.786120117 0.009262244 -0.617821336
1756587626695760384.000000 0.226195902 -0.006743785 -0.228403524 0.015069672 0.785913885 0.009687831 -0.618076384
1756587626729092864.000000 0.222453535 -0.006502716 -0.229327202 0.015476780 0.785869837 0.010231787 -0.618113637
1756587626762424832.000000 0.219513729 -0.006653792 -0.229826882 -0.015355364 -0.786107957 -0.010517835 0.617809057
1756587626795756800.000000 0.216778189 -0.006452115 -0.230287373 -0.015121468 -0.786363959 -0.009687309 0.617502391
1756587626829089024.000000 0.213931873 -0.006291383 -0.231262624 -0.014852913 -0.786526918 -0.009761104 0.617300332
1756587626862420736.000000 0.210597038 -0.006371452 -0.232498169 -0.015244990 -0.786673665 -0.009927552 0.617101014
1756587626929085952.000000 0.203625828 -0.006120692 -0.234198600 -0.016009890 -0.787059128 -0.011551220 0.616561711
1756587626962419968.000000 0.200367272 -0.006546081 -0.235568583 -0.016046606 -0.786970139 -0.011614006 0.616673052
1756587626995753728.000000 0.197356761 -0.005546785 -0.235662311 0.015250958 0.787313879 0.010226573 -0.616278887
1756587627029086976.000000 0.194627166 -0.005739842 -0.236758351 0.014744567 0.787276506 0.009948356 -0.616343498
1756587627062420736.000000 0.191427857 -0.005401855 -0.237758115 0.014628294 0.787210047 0.010063515 -0.616429329
1756587627095753472.000000 0.188007593 -0.005178989 -0.238975286 0.014586221 0.787185967 0.010432211 -0.616454959
1756587627129086976.000000 0.184750751 -0.005230768 -0.239779443 0.015116615 0.787283719 0.010751791 -0.616311848
1756587627162420480.000000 0.181747422 -0.005166603 -0.240770936 0.015231916 0.787291348 0.011043094 -0.616294086
1756587627195753472.000000 0.178416729 -0.005405243 -0.240700737 -0.015021920 -0.787648976 -0.011161558 0.615840018
1756587627229086976.000000 0.174778447 -0.005450611 -0.242214441 -0.015430901 -0.787384748 -0.012289945 0.616146207
1756587627295753472.000000 0.168469846 -0.004868634 -0.244130090 -0.015407961 -0.787783623 -0.012546874 0.615631521
1756587627329086464.000000 0.166146994 -0.005192154 -0.244666666 -0.015301958 -0.788382471 -0.011692302 0.614884019
1756587627362419456.000000 0.163664803 -0.005331483 -0.245127797 -0.015134836 -0.788719773 -0.010507641 0.614476860
1756587627395752448.000000 0.160652444 -0.005430272 -0.245958149 -0.014837295 -0.788763762 -0.009759998 0.614439845
1756587627429085440.000000 0.157575488 -0.005221735 -0.247050643 0.015071600 0.788285315 0.009468799 -0.615052402
1756587627462418432.000000 0.154098570 -0.004631018 -0.247293472 0.015161067 0.787886918 0.009509597 -0.615559936
1756587627495750912.000000 0.150575772 -0.004039153 -0.248208702 0.015468894 0.787457407 0.010259314 -0.616089642
1756587627529082880.000000 0.146660805 -0.003843047 -0.249234825 0.016123194 0.787331522 0.011435696 -0.616213024
1756587627562415360.000000 0.143051237 -0.003809496 -0.250292063 0.016731368 0.787319183 0.012230447 -0.616197288
1756587627595747584.000000 0.140163511 -0.003685795 -0.251402736 0.016553834 0.787428796 0.012428842 -0.616058052
1756587627662412800.000000 0.135295257 -0.004787212 -0.251501679 -0.015276238 -0.788361192 -0.011495729 0.614915669
1756587627695745280.000000 0.132617891 -0.004555459 -0.251894832 -0.014904846 -0.788682222 -0.010551971 0.614529788
1756587627729077248.000000 0.129713342 -0.004624049 -0.252518922 -0.015170755 -0.788800657 -0.010458779 0.614372969
1756587627762409728.000000 0.126562431 -0.004590439 -0.253248721 -0.015253134 -0.788664341 -0.010987149 0.614536643
1756587627795741952.000000 0.122623771 -0.004362651 -0.254560590 -0.015271010 -0.788115978 -0.011853409 0.615223229
1756587627862405888.000000 0.115750447 -0.004126967 -0.256517768 -0.015475119 -0.787985444 -0.013213235 0.615357637
1756587627895738112.000000 0.112876415 -0.003992140 -0.256852567 0.015376536 0.788569391 0.012913240 -0.614617884
1756587627929071104.000000 0.110597149 -0.004313261 -0.257920921 0.015139612 0.788990557 0.011863332 -0.614104271
1756587627962404096.000000 0.107980460 -0.004473900 -0.258842528 0.015211881 0.789362311 0.011964925 -0.613622546
1756587627995737856.000000 0.104970977 -0.004242661 -0.260247380 0.015287687 0.789266109 0.012617163 -0.613731384
1756587628029071616.000000 0.101982310 -0.004437649 -0.261058986 0.014920461 0.789104104 0.012373891 -0.613953531
1756587628062405120.000000 0.099290639 -0.004394066 -0.261944443 0.014134469 0.789232612 0.011783627 -0.613818705
1756587628095738368.000000 0.096390128 -0.004365901 -0.262335062 0.014392273 0.789739668 0.011899292 -0.613157928
1756587628129071872.000000 0.093237847 -0.004462862 -0.263135165 0.014494110 0.790120423 0.011640381 -0.612669706
1756587628162405376.000000 0.090295672 -0.004747298 -0.263775676 0.014462885 0.790528536 0.011378733 -0.612148643
1756587628229072128.000000 0.084379196 -0.004096827 -0.265080988 -0.013908762 -0.791241169 -0.010945974 0.611248016
1756587628262404864.000000 0.081400961 -0.004141225 -0.266016573 -0.014209157 -0.791372657 -0.011032200 0.611069441
1756587628295738112.000000 0.078113139 -0.003858719 -0.266624659 -0.014402299 -0.791707039 -0.011160148 0.610629261
1756587628329071360.000000 0.074768752 -0.003609188 -0.267488569 -0.014657060 -0.791970968 -0.011276689 0.610278666
1756587628362404352.000000 0.071767539 -0.003597803 -0.268822521 -0.014581485 -0.792182982 -0.011322498 0.610004365
1756587628395737088.000000 0.069034547 -0.003522344 -0.269577593 -0.014327972 -0.792630851 -0.010773384 0.609438300
1756587628429068800.000000 0.066124201 -0.003761580 -0.270152658 0.014466099 0.792851567 0.010631410 -0.609150410
1756587628495734528.000000 0.059558153 -0.002931939 -0.272592098 -0.014291978 -0.792561412 -0.011471537 0.609516680
1756587628529067008.000000 0.056655914 -0.003319129 -0.273390859 -0.014058145 -0.792805612 -0.011170836 0.609210014
1756587628562399744.000000 0.054154098 -0.003750549 -0.274081618 -0.014049636 -0.792939126 -0.010789539 0.609043419
1756587628595732224.000000 0.051444054 -0.003609321 -0.274870604 -0.014154258 -0.793064654 -0.010725229 0.608878553
1756587628629064448.000000 0.048598349 -0.003722236 -0.275644749 -0.014733368 -0.793050826 -0.011577917 0.608867288
1756587628662396928.000000 0.045610100 -0.003023762 -0.276423603 -0.014996872 -0.792491078 -0.012876844 0.609563172
1756587628695729152.000000 0.042740673 -0.002523195 -0.277210087 -0.015245188 -0.791343808 -0.013964383 0.611021757
1756587628729061632.000000 0.041382313 -0.001827386 -0.276707351 -0.015602131 -0.789006233 -0.013958366 0.614028454
1756587628795725824.000000 0.041874647 -0.002609436 -0.274510145 -0.014297936 -0.784613490 -0.010755820 0.619727075
1756587628829058048.000000 0.042014778 -0.003154432 -0.273226529 -0.013903960 -0.782097578 -0.010041294 0.622919977
1756587628862388736.000000 0.041410893 -0.003143216 -0.272423923 -0.014001977 -0.779032946 -0.010247565 0.626742959
1756587628895720704.000000 0.040806413 -0.003011217 -0.271857619 -0.014303851 -0.775837243 -0.011120201 0.630672991
1756587628929054720.000000 0.039815903 -0.002190234 -0.271762520 -0.013934713 -0.772425711 -0.011194083 0.634853601
1756587628962390016.000000 0.039220959 -0.002288275 -0.271035790 -0.013761595 -0.769211173 -0.011117375 0.638749778
1756587628995724800.000000 0.038749248 -0.002295437 -0.269757688 -0.013779219 -0.765885770 -0.010800724 0.642738283
1756587629062394880.000000 0.037703305 -0.002072257 -0.267676324 -0.013773348 -0.758159757 -0.010177745 0.651844025
1756587629095729664.000000 0.036866844 -0.001783238 -0.267060161 -0.013646299 -0.754027605 -0.010259288 0.656620920
1756587629129064448.000000 0.036078215 -0.001682721 -0.266163766 -0.013520107 -0.749992132 -0.010250006 0.661229193
1756587629162398976.000000 0.034972042 -0.002191090 -0.265836984 0.013615950 0.745931327 0.010134703 -0.665806532
1756587629195733760.000000 0.034553885 -0.002274879 -0.264666051 0.013434569 0.742294014 0.009831971 -0.669867516
1756587629262403072.000000 0.033604890 -0.001990669 -0.262824684 0.013285014 0.735001206 0.009589874 -0.677867830
1756587629295736576.000000 0.033163905 -0.002123096 -0.261995584 0.013329824 0.731240571 0.009931901 -0.681917071
1756587629329071104.000000 0.032629639 -0.002029301 -0.260943592 0.013300632 0.727466226 0.009494716 -0.685948908
1756587629362405376.000000 0.031965613 -0.001970102 -0.260025144 0.013040074 0.723638296 0.009366785 -0.689992666
1756587629395739904.000000 0.031549841 -0.001986061 -0.259205014 0.013121155 0.719751179 0.009288997 -0.694046021
1756587629429074176.000000 0.032403409 -0.003449056 -0.257789791 -0.013457133 -0.716012597 -0.010568298 0.697877705
1756587629495742208.000000 0.031305477 -0.003766151 -0.256938159 -0.013755823 -0.708075285 -0.011012783 0.705917120
1756587629529076224.000000 0.030465260 -0.003883847 -0.256247371 -0.013705697 -0.704113126 -0.011086654 0.709868968
1756587629562410240.000000 0.029785663 -0.003522984 -0.255178928 0.013578583 0.700009346 0.010868166 -0.713921845
1756587629595744256.000000 0.029040679 -0.003618099 -0.253913194 0.013599017 0.695996165 0.010490240 -0.717840135
1756587629662412288.000000 0.027843520 -0.004210245 -0.251563370 -0.013664298 -0.687661290 -0.010862608 0.725821793
1756587629695746048.000000 0.027464107 -0.004377284 -0.251210243 -0.013880725 -0.683599949 -0.010971102 0.729642451
1756587629729079552.000000 0.026603043 -0.004270362 -0.250521958 -0.014072041 -0.679541767 -0.011145994 0.733417273
1756587629762412032.000000 0.026162192 -0.004071803 -0.249630094 -0.013988700 -0.675692558 -0.010984780 0.736968935
1756587629795745792.000000 0.026191533 -0.004333517 -0.248526379 -0.013934813 -0.671676874 -0.011134911 0.740629494
1756587629862413056.000000 0.026373953 -0.004860765 -0.244792953 -0.011647818 -0.663421631 -0.009236685 0.748098195
1756587629895746304.000000 0.024508163 -0.005662881 -0.243029922 -0.011051405 -0.657533884 -0.008862552 0.753291905
1756587629929079296.000000 0.021987855 -0.005828156 -0.241438240 -0.010231383 -0.652287066 -0.008189766 0.757858694
1756587629962412032.000000 0.017921329 -0.005969482 -0.240061268 -0.012727005 -0.648129821 -0.008961513 0.761370778
1756587630029076992.000000 0.009162188 -0.005333235 -0.236527950 -0.014439515 -0.639377534 -0.010242481 0.768689156
1756587630062409728.000000 0.004246294 -0.004368301 -0.234857753 -0.014763329 -0.634019196 -0.010687672 0.773102582
1756587630095741952.000000 0.000319079 -0.004996257 -0.231949016 -0.015174707 -0.629178584 -0.010663652 0.777039528
1756587630129074432.000000 -0.003423765 -0.004672881 -0.230729505 -0.015073519 -0.624198794 -0.010202338 0.781053603
1756587630162406400.000000 -0.007135570 -0.004404990 -0.229658201 -0.014111399 -0.619981110 -0.009340181 0.784434199
1756587630229069568.000000 -0.012638405 -0.004671103 -0.226664558 -0.013378651 -0.612670541 -0.008098030 0.790183663
1756587630262401536.000000 -0.015183449 -0.005424420 -0.225736767 -0.013134147 -0.608275831 -0.007185441 0.793584585
1756587630295733760.000000 -0.018456072 -0.005698624 -0.223968923 -0.013207087 -0.603816748 -0.006461398 0.796987593
1756587630329065216.000000 -0.021702558 -0.005839603 -0.221977428 -0.014062486 -0.599508643 -0.006914683 0.800214946
1756587630362397184.000000 -0.024235770 -0.002375772 -0.217781946 -0.015771218 -0.596123934 -0.008132810 0.802696407
1756587630429060352.000000 -0.029634103 -0.000444613 -0.214439467 -0.019526498 -0.585938394 -0.011635017 0.810036838
1756587630462391808.000000 -0.028979585 -0.000452694 -0.214488894 -0.017631978 -0.582620800 -0.009699458 0.812494993
1756587630495723520.000000 -0.028039247 -0.000850079 -0.214704648 -0.015333358 -0.579388738 -0.008107961 0.814866841
1756587630529054720.000000 -0.026973590 -0.000829865 -0.214234903 -0.014422642 -0.576288700 -0.007096341 0.817088187
1756587630595717120.000000 -0.024202749 -0.002140530 -0.212295562 -0.011206959 -0.568773389 -0.004447824 0.822405934
1756587630629047552.000000 -0.024630174 -0.001937648 -0.211748362 -0.011139489 -0.563976824 -0.005057913 0.825700045
1756587630662378496.000000 -0.025531322 -0.001686214 -0.210918590 -0.012163972 -0.559394360 -0.005652613 0.828793168
1756587630729040640.000000 -0.027468793 -0.001089102 -0.208793059 -0.014052968 -0.550382018 -0.007767873 0.834758580
1756587630762371328.000000 -0.027908348 -0.000973281 -0.207971439 -0.013986925 -0.545994759 -0.007844043 0.837635100
1756587630795702272.000000 -0.027671114 -0.001000362 -0.207105070 -0.013779231 -0.541493654 -0.007625638 0.840557337
1756587630829032960.000000 -0.026973352 -0.001312972 -0.206083864 -0.013110789 -0.537281692 -0.007028303 0.843271673
1756587630862363648.000000 -0.026236698 -0.001697562 -0.204927534 -0.012682385 -0.532871127 -0.006605308 0.846075654
1756587630929026048.000000 -0.024882346 -0.001227872 -0.203296974 -0.011975239 -0.523536205 -0.005669313 0.851900458
1756587630962359296.000000 -0.025058210 -0.001316356 -0.202589780 -0.012264938 -0.518669307 -0.005801771 0.854867280
1756587630995691776.000000 -0.025343150 -0.001516703 -0.201017067 -0.012817241 -0.513797700 -0.006118193 0.857793808
1756587631062357504.000000 -0.025761291 -0.001386145 -0.198800221 -0.012962307 -0.504486144 -0.006231473 0.863300025
1756587631095689216.000000 -0.025779754 -0.001316787 -0.197536662 -0.012445745 -0.499971777 -0.005992765 0.865931571
1756587631129021696.000000 -0.025804996 -0.000946379 -0.197320372 -0.011992273 -0.494856536 -0.005840484 0.868872344
1756587631195686656.000000 -0.024910197 -0.001249369 -0.195089698 -0.011463107 -0.484943122 -0.005363185 0.874454200
1756587631229018880.000000 -0.024714798 -0.001298937 -0.194255903 -0.011194698 -0.479842663 -0.005417879 0.877266407
1756587631262351360.000000 -0.024334647 -0.001651879 -0.193034500 -0.011181708 -0.474874526 -0.005206163 0.879967153
1756587631329015808.000000 -0.024352849 -0.002217282 -0.190963149 -0.011355772 -0.464574069 -0.005360922 0.885445237
1756587631362347520.000000 -0.024624817 -0.002271535 -0.189698905 -0.011475715 -0.459587693 -0.005333987 0.888042271
1756587631395679744.000000 -0.024468869 -0.002466313 -0.188473895 -0.011510502 -0.454724908 -0.005232826 0.890542209
1756587631462343168.000000 -0.024929322 -0.000479317 -0.185588017 -0.010799188 -0.445122153 -0.004377822 0.895394087
1756587631495675136.000000 -0.024563197 -0.000946064 -0.184877723 -0.011002914 -0.440008581 -0.004502553 0.897914946
1756587631529005568.000000 -0.024425715 -0.000690837 -0.183899090 -0.010755737 -0.435008049 -0.004188657 0.900352597
1756587631595668992.000000 -0.024319224 -0.000415745 -0.181496203 -0.011135855 -0.424678743 -0.004467109 0.905264616
1756587631629000192.000000 -0.023851607 -0.000487077 -0.180362180 -0.011006380 -0.419576406 -0.004247008 0.907643378
1756587631662331904.000000 -0.024292186 -0.000758207 -0.179661855 -0.010853137 -0.414170146 -0.004325584 0.910124481
1756587631695662848.000000 -0.024078935 -0.000743335 -0.178833723 -0.010449945 -0.408930570 -0.004209302 0.912495971
1756587631762325504.000000 -0.023526546 -0.001147772 -0.177279621 -0.010579835 -0.398715407 -0.004003455 0.917004943
1756587631795656448.000000 -0.023544777 -0.001425602 -0.176336840 -0.010678818 -0.393509209 -0.004057922 0.919249713
1756587631828987648.000000 -0.024092201 -0.000997697 -0.174971551 -0.010832828 -0.388240546 -0.004007633 0.921485722
1756587631862318336.000000 -0.023578100 -0.000702999 -0.173319131 -0.011024537 -0.383040071 -0.004167825 0.923656583
1756587631928983552.000000 -0.023035739 -0.000767713 -0.170855671 -0.011435540 -0.372581035 -0.004028226 0.927920520
1756587631962319360.000000 -0.022762429 0.000243304 -0.169936329 -0.011386888 -0.367362589 -0.003833407 0.930000246
1756587631995654144.000000 -0.021882877 0.000755535 -0.167470992 -0.011759317 -0.362675518 -0.003711420 0.931833923
1756587632028989952.000000 -0.021840654 0.000795574 -0.166783214 -0.011951517 -0.357222110 -0.003629525 0.933936000
1756587632095661568.000000 -0.021414902 0.001012975 -0.164604023 -0.011832672 -0.347269833 -0.003640211 0.937683582
1756587632128997376.000000 -0.020514928 0.000581761 -0.163858324 -0.011850787 -0.342113078 -0.003652342 0.939576983
1756587632195668736.000000 -0.020129608 0.000438938 -0.162493765 -0.011459894 -0.331906974 -0.003629397 0.943235517
1756587632229004032.000000 -0.019597065 0.000544019 -0.161414623 -0.011567942 -0.326733172 -0.003557253 0.945039213
1756587632262339840.000000 -0.019160004 0.000710137 -0.160216406 -0.011614296 -0.321413457 -0.003364364 0.946861804
1756587632295675392.000000 -0.018847844 0.000462478 -0.159354120 -0.011392460 -0.315938711 -0.003265072 0.948705614
1756587632362346240.000000 -0.017553935 0.000079361 -0.157115340 -0.011304402 -0.305256188 -0.002971840 0.952198565
1756587632395681280.000000 -0.017318366 -0.000005026 -0.155893579 -0.011419197 -0.299984455 -0.002938635 0.953871191
1756587632429015808.000000 -0.016580423 -0.000283054 -0.154609337 -0.011854663 -0.295025706 -0.003093109 0.955410779
1756587632462351104.000000 -0.016095599 -0.000408501 -0.154076368 -0.012579942 -0.290035427 -0.003240981 0.956927776
1756587632529021440.000000 -0.012486196 0.001309951 -0.150876015 -0.012677209 -0.280924767 -0.002927469 0.959641576
1756587632562356736.000000 -0.011789534 0.001045857 -0.150221676 -0.013011164 -0.275728106 -0.002789316 0.961143613
1756587632595691776.000000 -0.011125611 0.001047400 -0.148879051 -0.012990413 -0.270805389 -0.002509407 0.962543190
1756587632662361856.000000 -0.010092717 0.001214641 -0.147079542 -0.012848981 -0.260226160 -0.002090502 0.965460002
1756587632695696896.000000 -0.009450965 0.001324504 -0.146052241 -0.012758407 -0.254935026 -0.001865913 0.966872275
1756587632729031680.000000 -0.009531257 0.001702247 -0.145171493 -0.012546902 -0.249199018 -0.001662256 0.968369603
1756587632795701504.000000 -0.007523273 0.001412827 -0.143793643 -0.012313541 -0.238353625 -0.001302433 0.971099496
1756587632829036288.000000 -0.006560556 0.001529535 -0.142799720 -0.011822797 -0.233142272 -0.001075250 0.972370207
1756587632862369792.000000 -0.005871559 0.001617194 -0.141945958 -0.010927634 -0.227782890 -0.000518752 0.973650575
1756587632929038592.000000 -0.004031253 0.001286047 -0.140906557 -0.009836112 -0.216659680 0.000054530 0.976197660
1756587632962372096.000000 -0.003522637 0.001063482 -0.140198931 -0.009734978 -0.211091325 0.000040070 0.977417886
1756587632995705600.000000 -0.003018158 0.001050326 -0.138942882 -0.009833038 -0.205534458 -0.000026488 0.978600502
1756587633062372096.000000 -0.002176024 0.002381475 -0.134217337 -0.005897623 -0.196967378 -0.003430374 0.980386317
1756587633095705088.000000 -0.001057114 0.002423352 -0.133445680 -0.005972568 -0.191990674 -0.003159536 0.981373489
1756587633129038080.000000 -0.000376283 0.002490779 -0.132973135 -0.005648270 -0.186931208 -0.003016819 0.982352138
1756587633195704064.000000 0.000937997 0.002119366 -0.132190749 -0.005386537 -0.176324651 -0.002946987 0.984312952
1756587633229037056.000000 0.001659701 0.001773479 -0.130890697 -0.005330176 -0.171052456 -0.002866822 0.985243380
1756587633295701760.000000 0.003383073 0.001716791 -0.129621699 -0.004882706 -0.160180241 -0.002748062 0.987071872
1756587633329034240.000000 0.004053807 0.001393917 -0.129392713 -0.003389537 -0.154421657 -0.002380679 0.987996459
1756587633362366976.000000 0.004719212 0.000688114 -0.128771544 -0.000435244 -0.148488283 -0.001847347 0.988912404
1756587633429032192.000000 0.006765981 -0.001546998 -0.125664279 0.006716399 -0.136923656 0.000026526 0.990558863
1756587633462364416.000000 0.007184541 -0.001553706 -0.121992074 0.006729383 -0.136396185 0.000874970 0.990631104
1756587633495696896.000000 0.006190949 -0.001322410 -0.118270263 0.005653197 -0.138097122 0.000848871 0.990402281
1756587633562361344.000000 0.001549715 -0.000185936 -0.108921386 -0.000122736 -0.138398007 -0.001366983 0.990375757
1756587633595693312.000000 0.000184021 0.000024228 -0.104088031 -0.004209869 -0.137446195 -0.002290826 0.990497708
1756587633629025792.000000 -0.001397773 0.000852155 -0.098661274 -0.008356640 -0.135977164 -0.003826937 0.990669370
1756587633695689472.000000 -0.002913122 0.000815530 -0.091422915 -0.006979609 -0.131993830 -0.003230258 0.991220772
1756587633729021440.000000 -0.003541242 0.000979609 -0.088444509 -0.005803893 -0.130625829 -0.003678226 0.991407990
1756587633795684096.000000 -0.005086941 0.000867236 -0.083074249 -0.004002810 -0.131892368 -0.003632757 0.991249323
1756587633829016064.000000 -0.006437759 0.001135532 -0.080272846 -0.003944676 -0.133971497 -0.003449519 0.990971327
1756587633862347264.000000 -0.007629906 0.000750419 -0.077704541 -0.003546502 -0.135067567 -0.003313383 0.990824580
1756587633929012224.000000 -0.010060383 0.000752757 -0.071107261 -0.004215486 -0.134149060 -0.003668857 0.990945518
1756587633962345984.000000 -0.010765254 0.000791486 -0.067465663 -0.004766149 -0.133849114 -0.003770325 0.990983129
1756587633995680000.000000 -0.011669665 0.000850766 -0.063490175 -0.005493645 -0.133723468 -0.003738951 0.990996420
1756587634062348032.000000 -0.012895608 0.000529048 -0.057148587 -0.005705622 -0.133955047 -0.004093778 0.990962565
1756587634095681792.000000 -0.013625417 0.000344724 -0.054616287 -0.004677007 -0.134102702 -0.003715181 0.990949512
1756587634162349568.000000 -0.014428470 0.000382828 -0.048083708 -0.006025731 -0.135751352 -0.003452515 0.990718603
1756587634195682048.000000 -0.014875563 0.000250443 -0.046077255 -0.009753682 -0.135510251 -0.003826459 0.990720570
1756587634229015552.000000 -0.015511394 0.001716631 -0.045496624 -0.010818019 -0.136092082 -0.005280469 0.990623057
1756587634295682560.000000 -0.014494700 0.000634689 -0.048377093 -0.004248878 -0.136433214 -0.002720973 0.990636468
1756587634329016064.000000 -0.014283458 0.000797198 -0.049252778 -0.003034349 -0.136565506 -0.002951407 0.990622044
1756587634395682560.000000 -0.014171941 0.000099205 -0.050504446 -0.002173794 -0.136917263 -0.002509519 0.990576923
1756587634429015808.000000 -0.014430635 0.000297783 -0.050041299 -0.003040153 -0.136637464 -0.002809749 0.990612566
1756587634495682048.000000 -0.015061773 0.000963443 -0.048877914 -0.005262379 -0.136363566 -0.003469872 0.990638852
1756587634529015040.000000 -0.015086772 0.000775108 -0.049055241 -0.005038089 -0.136567622 -0.003527511 0.990611672
1756587634595681024.000000 -0.014864353 0.000598027 -0.049639620 -0.004001206 -0.136671916 -0.003185289 0.990603209
1756587634629012480.000000 -0.014951554 0.000509220 -0.049553156 -0.003853298 -0.136405945 -0.003358375 0.990639865
1756587634695678208.000000 -0.014376892 -0.000391540 -0.049302764 0.003971124 -0.136670664 -0.001477987 0.990607560
1756587634729010944.000000 -0.014607265 -0.001142942 -0.047914442 0.007237242 -0.137868345 -0.000473395 0.990424097
1756587634762343168.000000 -0.015490526 -0.001946546 -0.045427840 0.007658947 -0.138699114 -0.000378982 0.990304947
1756587634829008384.000000 -0.018579055 -0.001131076 -0.036364894 0.002452139 -0.138917297 -0.001995657 0.990298927
1756587634862340864.000000 -0.020408913 -0.000281248 -0.030676691 -0.001419410 -0.138507411 -0.002850952 0.990356326
1756587634929006080.000000 -0.023718342 0.000668335 -0.019488208 -0.011453317 -0.137950435 -0.004607041 0.990362287
1756587634962339328.000000 -0.024591457 0.000618453 -0.016221080 -0.013127930 -0.137850150 -0.004390533 0.990356386
1756587635029005824.000000 -0.024918079 0.001563032 -0.015038449 -0.009773013 -0.138195351 -0.004394074 0.990347087
1756587635062339072.000000 -0.024350677 0.000686571 -0.016051669 -0.007920502 -0.138204619 -0.003744307 0.990364969
1756587635095671296.000000 -0.024160482 0.000166902 -0.017572789 -0.006665067 -0.137890592 -0.003687246 0.990418196
1756587635162337024.000000 -0.023972569 -0.000554280 -0.019259602 -0.004416353 -0.137905940 -0.003320692 0.990429938
1756587635229002752.000000 -0.023767851 0.001798683 -0.018681061 -0.005290740 -0.138568908 -0.003566620 0.990332246
1756587635262335488.000000 -0.023982905 0.002220136 -0.017977912 -0.006500638 -0.138449028 -0.004140607 0.990339637
1756587635295668224.000000 -0.023983655 0.002264256 -0.017880812 -0.006583720 -0.138451949 -0.004228231 0.990338266
1756587635362333184.000000 -0.023627963 0.002327570 -0.017858464 -0.004585485 -0.134938806 -0.003162804 0.990838349
1756587635395665920.000000 -0.023210023 0.001844923 -0.017283425 -0.005325547 -0.130673647 -0.004094703 0.991402745
1756587635462330624.000000 -0.021224020 0.001878562 -0.015894609 -0.005050913 -0.120517462 -0.003805242 0.992691100
1756587635528993792.000000 -0.019297086 -0.000599840 -0.015490580 -0.006105661 -0.110552497 -0.002032591 0.993849516
1756587635562326016.000000 -0.018648259 -0.000917861 -0.015004365 -0.006347900 -0.105269477 -0.002352165 0.994420707
1756587635595658240.000000 -0.017752629 -0.001100966 -0.014441634 -0.006503498 -0.099622682 -0.002435276 0.995001078
1756587635662321920.000000 -0.015817601 -0.001404613 -0.013108836 -0.006210337 -0.088162683 -0.001809449 0.996085107
1756587635695653888.000000 -0.014869414 -0.001459248 -0.012511222 -0.005945252 -0.082495704 -0.001808145 0.996572137
1756587635762317312.000000 -0.013250837 -0.000926687 -0.010519852 -0.005012446 -0.070551455 -0.001466979 0.997494459
1756587635795648768.000000 -0.012345090 -0.001073244 -0.010346775 -0.004867862 -0.064907826 -0.001274413 0.997878611
1756587635862312192.000000 -0.010098414 -0.002131698 -0.010221230 -0.004771041 -0.053933982 -0.000914078 0.998532712
1756587635895643392.000000 -0.009278173 -0.002129409 -0.009793571 -0.004392282 -0.048220959 -0.000692056 0.998826861
1756587635928978176.000000 -0.008107731 -0.002024770 -0.009026165 -0.004107214 -0.042551797 -0.000434020 0.999085724
1756587635995651584.000000 -0.006577231 -0.002136219 -0.007759400 -0.004430790 -0.030689530 -0.000447987 0.999519110
1756587636028988416.000000 -0.005645506 -0.001871198 -0.006920156 -0.004564611 -0.025018513 -0.000429936 0.999676466
1756587636095662080.000000 -0.003606353 -0.001806177 -0.005940037 -0.004770470 -0.014037892 -0.000328406 0.999890089
1756587636128998912.000000 -0.002554090 -0.002097020 -0.005364431 -0.004418477 -0.008926877 -0.000318556 0.999950409
1756587636195672576.000000 -0.000711781 -0.002237111 -0.004625103 -0.003869746 0.001988260 -0.000131394 0.999990582
1756587636229009408.000000 0.000514295 -0.002421285 -0.004127042 -0.003465366 0.006021232 -0.000112583 0.999975860
1756587636262345984.000000 0.001216770 -0.002766374 -0.003999583 -0.003752783 0.007252662 -0.000057176 0.999966681
1756587636295682560.000000 0.001058049 -0.002318991 -0.003627178 -0.004161470 0.005865402 -0.000114217 0.999974191
1756587636362355712.000000 0.000223181 -0.001302724 -0.003771478 -0.004032934 0.003981971 0.000272367 0.999983966
1756587636395692032.000000 0.000090098 -0.001414866 -0.004289563 -0.003284870 0.004164299 0.000356459 0.999985874
1756587636429027584.000000 -0.000047915 -0.001319833 -0.004310665 -0.003181114 0.004198642 0.000360710 0.999986053
1756587636462363904.000000 -0.000089122 -0.001288443 -0.004091009 -0.003370218 0.004090784 0.000505371 0.999985874
1756587636529036544.000000 -0.000212617 -0.001144372 -0.003787311 -0.003714497 0.004265924 0.000243589 0.999984026
1756587636562373120.000000 -0.000290084 -0.001114263 -0.003705251 -0.003539973 0.004288351 0.000107416 0.999984562
1756587636595709440.000000 -0.000369104 -0.000844991 -0.003701669 -0.003227665 0.004321150 0.000346934 0.999985397
1756587636629045504.000000 -0.000421421 -0.000809156 -0.003672172 -0.003206444 0.004319889 0.000309186 0.999985516
1756587636695717632.000000 -0.000218905 -0.000836741 -0.003452932 -0.003422640 0.004243277 0.000153322 0.999985218
1756587636729053696.000000 -0.000318283 -0.000924514 -0.003621295 -0.003379647 0.004256502 0.000198001 0.999985278
1756587636762389760.000000 -0.000524661 -0.000789873 -0.003662437 -0.003251628 0.004389376 0.000146563 0.999985158
1756587636795725568.000000 -0.000568848 -0.000740511 -0.003506681 -0.003256637 0.004363179 0.000134773 0.999985218
1756587636829061632.000000 -0.000462716 -0.000663569 -0.003514455 -0.003274296 0.004351400 0.000130095 0.999985218
1756587636895732224.000000 0.000061038 -0.001726986 -0.004237850 -0.003525501 0.004224801 0.000200737 0.999984920
1756587636929067008.000000 0.000002072 -0.001667924 -0.004327362 -0.003429753 0.004318586 0.000303144 0.999984801
1756587636962401536.000000 -0.000038389 -0.001555755 -0.004293681 -0.003408288 0.004344408 0.000344861 0.999984741
1756587636995735808.000000 0.000160557 -0.001572518 -0.004176393 -0.003486358 0.004207322 0.000273153 0.999985039
1756587637029070080.000000 0.000122460 -0.001595819 -0.004152990 -0.003517185 0.004255441 0.000305515 0.999984741
1756587637095738112.000000 0.000089627 -0.001546939 -0.004179261 -0.003405490 0.004200737 0.000205606 0.999985397
1756587637129072128.000000 -0.000123696 -0.001312976 -0.003991994 -0.003321913 0.004312147 0.000102179 0.999985218
1756587637162406144.000000 -0.000052656 -0.001272769 -0.004033321 -0.003332394 0.004296318 0.000203088 0.999985218
1756587637195740160.000000 0.000025437 -0.001296000 -0.004245839 -0.003278488 0.004287142 0.000229502 0.999985456
1756587637262407680.000000 -0.000121336 -0.001175573 -0.004138280 -0.003192390 0.004259286 0.000077068 0.999985874
1756587637295740416.000000 0.000175273 -0.001246977 -0.004197343 -0.003313525 0.004123318 0.000092816 0.999986053
1756587637329073920.000000 0.000157152 -0.001302726 -0.004199387 -0.003299173 0.004112582 0.000071772 0.999986112
1756587637362407680.000000 0.000013232 -0.001522378 -0.004294747 -0.003367248 0.004221398 0.000058046 0.999985456
1756587637429074432.000000 0.000181924 -0.001825388 -0.004275932 -0.003531389 0.004025743 -0.000122324 0.999985695
1756587637462408192.000000 0.000062227 -0.001731292 -0.004217565 -0.003485182 0.004039049 -0.000197935 0.999985754
1756587637495741184.000000 0.000249460 -0.001776111 -0.004179171 -0.003510574 0.003927771 -0.000206277 0.999986172
1756587637529074432.000000 0.000192302 -0.001784567 -0.004224827 -0.003553534 0.003978469 -0.000191767 0.999985754
1756587637562407680.000000 0.000163217 -0.001842406 -0.004161660 -0.003525698 0.003985132 -0.000216001 0.999985874
1756587637595740672.000000 0.000172059 -0.001772282 -0.004039161 -0.003541156 0.003911334 -0.000199135 0.999986053
1756587637662406656.000000 -0.000060542 -0.001727671 -0.003986811 -0.003489475 0.004142072 -0.000263379 0.999985337
1756587637695739648.000000 -0.000083126 -0.001740442 -0.004018075 -0.003518396 0.004126187 -0.000265321 0.999985278
1756587637729072640.000000 0.000115002 -0.001765138 -0.004033162 -0.003550436 0.004048851 -0.000209486 0.999985516
1756587637762404096.000000 0.000088774 -0.001871355 -0.004082541 -0.003617036 0.004081370 -0.000179108 0.999985158
1756587637829069568.000000 -0.000005329 -0.001885890 -0.004166660 -0.003616969 0.004125907 -0.000185701 0.999984980
1756587637862402304.000000 -0.000158684 -0.001813145 -0.004119585 -0.003592535 0.004209605 -0.000118853 0.999984741
1756587637895734528.000000 -0.000186414 -0.001853667 -0.004127698 -0.003600871 0.004243579 -0.000114577 0.999984562
1756587637929067776.000000 -0.000178239 -0.002008008 -0.004048150 -0.003695025 0.004234420 -0.000155157 0.999984264
1756587637995735296.000000 0.000220867 -0.002125116 -0.004252495 -0.003673317 0.004036274 -0.000017457 0.999985158
1756587638029069056.000000 0.000379891 -0.002078475 -0.004252493 -0.003602355 0.003969865 0.000028967 0.999985695
1756587638062402304.000000 0.000416142 -0.002030052 -0.004254509 -0.003595227 0.003928696 0.000009616 0.999985814
1756587638095735808.000000 0.000400302 -0.002045365 -0.004256735 -0.003600454 0.003949753 0.000037350 0.999985754
1756587638129069056.000000 0.000422042 -0.002108764 -0.004229115 -0.003630458 0.003944867 0.000045176 0.999985695
1756587638195734528.000000 0.000477739 -0.002201076 -0.004318083 -0.003698107 0.003886872 0.000039702 0.999985635
1756587638229067776.000000 -0.000075838 -0.002083383 -0.004127123 -0.003654049 0.004202228 -0.000144706 0.999984503
1756587638262400768.000000 -0.000207454 -0.002189523 -0.004261343 -0.003676271 0.004231872 -0.000154846 0.999984324
1756587638295734016.000000 -0.000246550 -0.001654256 -0.004097175 -0.003525334 0.004282298 -0.000063220 0.999984622
1756587638329067008.000000 -0.000144629 -0.002138108 -0.004145488 -0.003655627 0.004220588 -0.000198600 0.999984384
1756587638395732736.000000 -0.000146998 -0.002050509 -0.004147049 -0.003642395 0.004201798 -0.000132275 0.999984562
1756587638429065472.000000 -0.000110510 -0.002143103 -0.004302124 -0.003663904 0.004215893 -0.000125476 0.999984443
1756587638462398208.000000 -0.000075074 -0.002193258 -0.004237290 -0.003643055 0.004204250 -0.000180822 0.999984503
1756587638495730688.000000 -0.000091453 -0.002178402 -0.004257081 -0.003672144 0.004200056 -0.000147504 0.999984443
1756587638529063168.000000 0.000141291 -0.002205808 -0.004254848 -0.003696942 0.004080807 -0.000017464 0.999984860
1756587638595728128.000000 0.000010649 -0.002316339 -0.004331547 -0.003733726 0.004186064 -0.000056352 0.999984324
1756587638629060608.000000 0.000167583 -0.002469605 -0.004313264 -0.003786038 0.004131093 -0.000057041 0.999984384
1756587638662391808.000000 0.000216707 -0.002448657 -0.004302667 -0.003752919 0.004065968 -0.000027044 0.999984741
1756587638695724032.000000 0.000175374 -0.002384816 -0.004278826 -0.003782996 0.004088145 0.000001001 0.999984503
1756587638762388480.000000 0.000165857 -0.002354672 -0.004229061 -0.003786418 0.004060285 -0.000037282 0.999984562
1756587638795720192.000000 -0.000008884 -0.002322791 -0.004037903 -0.003741948 0.004179861 -0.000151745 0.999984324
1756587638829052160.000000 -0.000142554 -0.002197914 -0.004070995 -0.003648592 0.004202536 -0.000182967 0.999984562
1756587638862384384.000000 -0.000142991 -0.002166979 -0.004085130 -0.003677869 0.004194022 -0.000223395 0.999984443
1756587638895715840.000000 -0.000078276 -0.002305817 -0.004048274 -0.003720901 0.004223641 -0.000172480 0.999984145
1756587638962446592.000000 0.000016244 -0.002502737 -0.003997203 -0.003787234 0.004164417 -0.000201244 0.999984205
1756587638995822592.000000 -0.000096732 -0.002536523 -0.004055621 -0.003820450 0.004183787 -0.000307099 0.999983907
1756587639029198848.000000 0.000203790 -0.002159178 -0.004280308 -0.003682708 0.004062092 -0.000059944 0.999984980
1756587639062575872.000000 0.000194298 -0.002205318 -0.004287264 -0.003707302 0.004059878 -0.000057328 0.999984920
1756587639095952128.000000 0.000267332 -0.002269211 -0.004265661 -0.003701934 0.004039495 -0.000117778 0.999985039
1756587639129330176.000000 0.000351827 -0.002246951 -0.004315135 -0.003680510 0.003993283 -0.000081151 0.999985278
1756587639196087040.000000 0.000187515 -0.002355382 -0.004306185 -0.003737665 0.004062043 -0.000111170 0.999984801
1756587639229466368.000000 0.000204577 -0.002448493 -0.004317103 -0.003778836 0.004075315 -0.000143916 0.999984562
1756587639262846208.000000 -0.000008606 -0.002584689 -0.004323345 -0.003916418 0.004166909 -0.000140237 0.999983728
1756587639296226560.000000 0.000152073 -0.002803328 -0.004520526 -0.003953455 0.004139066 -0.000151881 0.999983609
1756587639362988544.000000 -0.000057272 -0.002889102 -0.004528518 -0.003990317 0.004210743 -0.000184125 0.999983191
1756587639396370176.000000 -0.000055239 -0.002857911 -0.004483253 -0.003999359 0.004213083 -0.000119994 0.999983132
1756587639429752320.000000 -0.000013759 -0.002908571 -0.004514515 -0.004043742 0.004233530 -0.000127442 0.999982893
1756587639463134976.000000 -0.000044500 -0.002923492 -0.004493770 -0.004038844 0.004230574 -0.000115790 0.999982953
1756587639496518400.000000 -0.000126053 -0.002654421 -0.004295095 -0.003879784 0.004222090 -0.000230412 0.999983609
1756587639529900800.000000 0.000148934 -0.002190762 -0.004365260 -0.003651388 0.004073957 -0.000115930 0.999985039
1756587639596669696.000000 0.000145943 -0.002254716 -0.004466488 -0.003649082 0.004081086 -0.000135013 0.999985039
1756587639630054912.000000 0.000224726 -0.002241088 -0.004413991 -0.003633755 0.004037813 -0.000086460 0.999985278
1756587639663440384.000000 0.000275570 -0.002168395 -0.004446555 -0.003603196 0.003986259 -0.000095121 0.999985576
1756587639696826368.000000 0.000246555 -0.002018529 -0.004508403 -0.003531529 0.004003005 -0.000094669 0.999985814
1756587639730213120.000000 0.000264887 -0.001971776 -0.004448113 -0.003527626 0.003954603 -0.000131383 0.999985993
1756587639796987648.000000 0.000226963 -0.002264417 -0.004434986 -0.003589135 0.003970267 -0.000124762 0.999985695
1756587639830375680.000000 0.000458117 -0.002301577 -0.004487336 -0.003603405 0.003880065 -0.000124031 0.999985993
1756587639863763968.000000 0.000564132 -0.002302352 -0.004507715 -0.003647612 0.003851590 -0.000061993 0.999985933
1756587639897153280.000000 0.000587512 -0.002256775 -0.004569377 -0.003594719 0.003851434 -0.000019497 0.999986112
1756587639963858688.000000 0.000480679 -0.002158038 -0.004582906 -0.003535420 0.003895462 -0.000020412 0.999986172
1756587639997201408.000000 0.000167162 -0.002533616 -0.004444255 -0.003827353 0.004007818 -0.000260082 0.999984682
1756587640030544640.000000 0.000146154 -0.002192497 -0.004346397 -0.003678663 0.004049893 -0.000100818 0.999985039
1756587640063887104.000000 0.000179188 -0.002156111 -0.004257178 -0.003614855 0.004040481 -0.000129850 0.999985278
1756587640097230080.000000 0.000314167 -0.002299902 -0.004179822 -0.003674705 0.003987506 -0.000150949 0.999985278
1756587640130573056.000000 0.000320255 -0.002288520 -0.004188790 -0.003680513 0.003962839 -0.000133858 0.999985397
1756587640197258752.000000 0.000170918 -0.002162142 -0.004195717 -0.003645193 0.004047240 -0.000200405 0.999985158
1756587640230601728.000000 0.000079641 -0.002138839 -0.004129318 -0.003596529 0.004069396 -0.000151137 0.999985278
1756587640263944704.000000 0.000192241 -0.002156720 -0.004208831 -0.003595255 0.004034778 -0.000111718 0.999985456
1756587640297287680.000000 0.000161936 -0.002152997 -0.004323932 -0.003585439 0.004104931 -0.000147761 0.999985158
1756587640330630656.000000 0.000171520 -0.002113016 -0.004035273 -0.003609864 0.004022371 -0.000098182 0.999985397
1756587640363973632.000000 0.000171376 -0.002132261 -0.004122335 -0.003638864 0.004049005 -0.000077873 0.999985218
1756587640430658304.000000 0.000178830 -0.002041943 -0.004096421 -0.003585654 0.004046302 -0.000066996 0.999985456
1756587640464001536.000000 0.000141555 -0.001999197 -0.003998613 -0.003585759 0.004050187 -0.000061051 0.999985397
1756587640497344512.000000 0.000149119 -0.002077555 -0.003976426 -0.003634365 0.004042002 -0.000068914 0.999985278
1756587640530687488.000000 0.000241132 -0.002292047 -0.004449042 -0.003672259 0.004020522 -0.000109405 0.999985218
1756587640597373440.000000 0.000261868 -0.002390656 -0.004569875 -0.003686501 0.004023995 -0.000103502 0.999985158
1756587640630716672.000000 0.000269382 -0.002345647 -0.004651850 -0.003700947 0.004032449 -0.000094290 0.999985099
1756587640664059648.000000 0.000265445 -0.002282965 -0.004607530 -0.003705888 0.004018091 -0.000069747 0.999985099
1756587640697402368.000000 0.000273614 -0.002321846 -0.004647582 -0.003686726 0.004000023 -0.000124264 0.999985218
1756587640730745600.000000 0.000304323 -0.002363451 -0.004662591 -0.003687849 0.003999632 -0.000129652 0.999985218
1756587640764088576.000000 -0.000157215 -0.002114939 -0.004192312 -0.003568428 0.004215677 -0.000240204 0.999984801
1756587640830774528.000000 0.000067510 -0.002184613 -0.004183271 -0.003636068 0.004136413 -0.000159912 0.999984860
1756587640864116992.000000 0.000037453 -0.002222361 -0.004226788 -0.003653769 0.004130785 -0.000124607 0.999984801
1756587640897459968.000000 0.000273156 -0.002262716 -0.004415873 -0.003672884 0.004022964 -0.000102493 0.999985218
1756587640930801152.000000 0.000154418 -0.002247677 -0.004154068 -0.003671472 0.004082168 -0.000039024 0.999984920
1756587640964140800.000000 0.000142306 -0.002300787 -0.004161283 -0.003685783 0.004066492 -0.000091698 0.999984980
1756587641030820352.000000 0.000299131 -0.002295057 -0.004347934 -0.003679397 0.004009238 -0.000056340 0.999985218
1756587641064160000.000000 0.000292734 -0.002178834 -0.004393770 -0.003632943 0.004015463 -0.000033577 0.999985337
1756587641097499904.000000 0.000303209 -0.002139427 -0.004398552 -0.003612099 0.004015673 -0.000052216 0.999985456
1756587641164179200.000000 0.000364699 -0.002163236 -0.004334648 -0.003645581 0.003974922 0.000005069 0.999985516
1756587641197518848.000000 0.000308493 -0.002121093 -0.004380508 -0.003633199 0.004002566 0.000014311 0.999985456
1756587641230858240.000000 0.000162784 -0.001995959 -0.004392445 -0.003538348 0.004075977 -0.000052908 0.999985456
1756587641264198144.000000 0.000008206 -0.002137057 -0.004150539 -0.003564608 0.004175764 -0.000045968 0.999984920
1756587641330876160.000000 0.000232704 -0.002397448 -0.004151574 -0.003741219 0.004066413 -0.000042586 0.999984741
1756587641364215808.000000 0.000212381 -0.002302739 -0.004201167 -0.003687617 0.004112530 -0.000019482 0.999984741
1756587641397555456.000000 0.000130604 -0.002552655 -0.004223808 -0.003906552 0.004095879 -0.000225969 0.999983966
1756587641430894848.000000 0.000010885 -0.002499714 -0.004159052 -0.003907953 0.004081719 -0.000196616 0.999984026
1756587641464234240.000000 0.000340598 -0.002239405 -0.004630764 -0.003643391 0.004035868 0.000005400 0.999985218
1756587641530913280.000000 0.000132712 -0.002261504 -0.004327397 -0.003637386 0.004057377 -0.000167956 0.999985158
1756587641564252928.000000 0.000196873 -0.002308992 -0.004378465 -0.003688243 0.004052300 -0.000116171 0.999984980
1756587641597592320.000000 0.000203887 -0.002294991 -0.004446871 -0.003713060 0.004055302 -0.000104075 0.999984920
1756587641630931968.000000 0.000100671 -0.002365079 -0.004347062 -0.003723500 0.004098897 -0.000186398 0.999984682
1756587641697610496.000000 0.000011142 -0.002412429 -0.004379074 -0.003681960 0.004145888 -0.000182804 0.999984622
1756587641730950144.000000 -0.000041415 -0.002235318 -0.004377079 -0.003654080 0.004134924 -0.000149166 0.999984801
1756587641764288768.000000 -0.000002471 -0.001968038 -0.004534415 -0.003521763 0.004213095 0.000038660 0.999984920
1756587641797627904.000000 0.000179794 -0.002241740 -0.004364762 -0.003721317 0.004089915 -0.000027718 0.999984741
1756587641864306688.000000 0.000267841 -0.002222255 -0.004675972 -0.003623261 0.004124499 0.000055168 0.999984980
1756587641897645824.000000 0.000291530 -0.002242368 -0.004580957 -0.003598481 0.004062765 0.000064887 0.999985278
1756587641930986240.000000 -0.000011716 -0.002455090 -0.004111242 -0.003697193 0.004180536 -0.000101334 0.999984503
1756587641964327168.000000 0.000171480 -0.002791901 -0.004429790 -0.003852447 0.004064714 -0.000274198 0.999984324
1756587642031009280.000000 0.000108340 -0.002203344 -0.004442473 -0.003604071 0.004051798 -0.000132824 0.999985337
1756587642064350208.000000 0.000054061 -0.002055902 -0.004408346 -0.003528356 0.004081573 -0.000154080 0.999985516
1756587642097691136.000000 -0.000012659 -0.002219239 -0.004474251 -0.003582426 0.004098149 -0.000209355 0.999985218
1756587642131032320.000000 0.000150766 -0.002223508 -0.004364844 -0.003614645 0.004022058 -0.000117951 0.999985456
1756587642164373248.000000 0.000336226 -0.002561619 -0.004402763 -0.003818165 0.004063270 0.000018194 0.999984503
1756587642197713152.000000 0.000133802 -0.002298044 -0.004320993 -0.003702333 0.004064518 -0.000060940 0.999984920
1756587642231054336.000000 0.000172337 -0.002075560 -0.004441809 -0.003627967 0.004106193 -0.000062316 0.999985039
1756587642297736192.000000 0.000242609 -0.002216979 -0.004678038 -0.003628011 0.004131764 -0.000014682 0.999984980
1756587642331077120.000000 0.000342011 -0.002413499 -0.004486160 -0.003720046 0.004013056 -0.000077019 0.999985039
1756587642364418048.000000 0.000275265 -0.002359723 -0.004525976 -0.003724406 0.004036753 -0.000097026 0.999984980
1756587642397758976.000000 -0.000039664 -0.002395146 -0.004351838 -0.003702361 0.004207698 -0.000141109 0.999984324
1756587642431100160.000000 0.000221480 -0.002338076 -0.004556767 -0.003716970 0.004055915 -0.000053187 0.999984860
1756587642464440832.000000 -0.000043123 -0.002380454 -0.004154150 -0.003694763 0.004211714 -0.000101407 0.999984324
1756587642497782016.000000 0.000034597 -0.002402535 -0.004082819 -0.003742046 0.004128958 -0.000111239 0.999984503
1756587642531122688.000000 0.000150424 -0.002168864 -0.004391525 -0.003603583 0.004071084 -0.000114908 0.999985278
1756587642597804800.000000 0.000124582 -0.002226848 -0.004567888 -0.003583296 0.004077258 -0.000132485 0.999985278
1756587642631144704.000000 0.000040580 -0.002509467 -0.004243673 -0.003735454 0.004121430 -0.000169311 0.999984562
1756587642664485632.000000 0.000080170 -0.002409456 -0.004314317 -0.003720102 0.004109369 -0.000171322 0.999984622
1756587642697826560.000000 0.000149936 -0.002125893 -0.004558494 -0.003535943 0.004042175 -0.000127795 0.999985576
1756587642764508416.000000 0.000187554 -0.002099744 -0.004535937 -0.003560270 0.003989066 -0.000160037 0.999985695
1756587642797849344.000000 0.000128631 -0.002080073 -0.004115704 -0.003524669 0.004037175 -0.000178060 0.999985635
1756587642831190272.000000 0.000078540 -0.002145106 -0.004189522 -0.003596758 0.004085117 -0.000181673 0.999985218
1756587642864531200.000000 -0.000005501 -0.002163151 -0.004209978 -0.003558329 0.004135565 -0.000188394 0.999985158
1756587642931214848.000000 -0.000007477 -0.002067579 -0.004324059 -0.003504460 0.004208268 -0.000075640 0.999985039
1756587642964559104.000000 0.000163946 -0.002253616 -0.004219824 -0.003617093 0.004125798 -0.000078984 0.999984920
1756587642997903360.000000 0.000137380 -0.002293665 -0.004217283 -0.003645834 0.004085974 -0.000059259 0.999985039
1756587643031247872.000000 -0.000080621 -0.002142029 -0.004359023 -0.003592456 0.004193792 -0.000152190 0.999984801
1756587643064592128.000000 -0.000064693 -0.002202751 -0.004281156 -0.003627108 0.004168835 -0.000136288 0.999984741
1756587643131279872.000000 -0.000143825 -0.002146662 -0.004328848 -0.003586083 0.004164285 -0.000199075 0.999984920
1756587643164624128.000000 -0.000119129 -0.002131515 -0.004408433 -0.003588804 0.004162294 -0.000234463 0.999984920
1756587643197968640.000000 -0.000171019 -0.002205200 -0.004408451 -0.003606399 0.004203030 -0.000247127 0.999984682
1756587643231313152.000000 -0.000140722 -0.002262195 -0.004380846 -0.003639761 0.004188747 -0.000271363 0.999984622
1756587643264657664.000000 -0.000075137 -0.002449576 -0.004032330 -0.003699417 0.004167266 -0.000296195 0.999984443
1756587643331346688.000000 0.000324777 -0.002450582 -0.004586565 -0.003715274 0.004000288 -0.000119893 0.999985099
1756587643364691200.000000 0.000402964 -0.002532535 -0.004754481 -0.003713027 0.004004616 -0.000136812 0.999985099
1756587643398035968.000000 -0.000007073 -0.002357905 -0.004289126 -0.003659882 0.004200815 -0.000192623 0.999984503
1756587643431380224.000000 0.000325741 -0.002502938 -0.004358198 -0.003760122 0.003929080 -0.000182900 0.999985278
1756587643464724736.000000 0.000152297 -0.002313708 -0.004625426 -0.003622622 0.004137469 -0.000068961 0.999984920
1756587643498069504.000000 0.000033258 -0.002304678 -0.004532115 -0.003666118 0.004145841 -0.000180894 0.999984682
1756587643564757760.000000 0.000056521 -0.002225718 -0.004152597 -0.003644544 0.004115784 -0.000221894 0.999984860
1756587643598102528.000000 -0.000028544 -0.002112722 -0.004140850 -0.003629453 0.004114343 -0.000184345 0.999984920
1756587643631447296.000000 -0.000144574 -0.002202241 -0.004199965 -0.003640454 0.004140894 -0.000241626 0.999984801
1756587643664791808.000000 -0.000053672 -0.002298029 -0.004184386 -0.003675987 0.004105255 -0.000237641 0.999984860
1756587643698136576.000000 0.000020224 -0.002423735 -0.004135295 -0.003738863 0.004095097 -0.000262337 0.999984682
1756587643731481344.000000 0.000023282 -0.002333389 -0.004229393 -0.003741884 0.004101797 -0.000157529 0.999984622
1756587643798170624.000000 -0.000072838 -0.002167596 -0.004036762 -0.003710196 0.004136133 -0.000227130 0.999984562
1756587643831515648.000000 0.000271793 -0.002335655 -0.004401417 -0.003717108 0.004101259 -0.000087328 0.999984682
1756587643864860416.000000 -0.000197452 -0.002376618 -0.004104408 -0.003819686 0.004245595 -0.000207685 0.999983728
1756587643898204928.000000 -0.000033405 -0.002502601 -0.004210236 -0.003872877 0.004190806 -0.000189197 0.999983728
1756587643931548160.000000 -0.000069408 -0.002445138 -0.004233043 -0.003841737 0.004187304 -0.000154575 0.999983907
1756587643964888064.000000 -0.000103004 -0.002349948 -0.004149404 -0.003817364 0.004209361 -0.000128822 0.999983907
1756587643998229248.000000 -0.000091465 -0.002293858 -0.004180404 -0.003756060 0.004215057 -0.000109691 0.999984086
1756587644064911360.000000 -0.000032302 -0.002083093 -0.004182695 -0.003584263 0.004167900 -0.000169875 0.999984920
1756587644098252544.000000 -0.000076136 -0.001907532 -0.004195945 -0.003550382 0.004154297 -0.000153805 0.999985099
1756587644131593472.000000 -0.000194725 -0.002261300 -0.004093873 -0.003744422 0.004220149 -0.000230566 0.999984086
1756587644164934656.000000 0.000017974 -0.001979923 -0.004305826 -0.003587720 0.004131425 -0.000232553 0.999985039
1756587644231616768.000000 0.000089200 -0.002092707 -0.004416374 -0.003628299 0.004086218 -0.000224781 0.999985099
1756587644264957696.000000 0.000115670 -0.002149023 -0.004319275 -0.003637287 0.004064958 -0.000175397 0.999985158
1756587644298298880.000000 0.000264099 -0.002136556 -0.004122435 -0.003585291 0.003982780 -0.000331134 0.999985635
1756587644331640064.000000 0.000129406 -0.002150304 -0.004336373 -0.003622137 0.004028498 -0.000126689 0.999985397
1756587644398321920.000000 0.000355184 -0.002081193 -0.004125272 -0.003508348 0.003902156 -0.000439460 0.999986172
1756587644431661824.000000 0.000310238 -0.002122962 -0.004030131 -0.003553105 0.003884435 -0.000457379 0.999986053
1756587644465003008.000000 0.000273756 -0.002146052 -0.003997813 -0.003592060 0.003934105 -0.000412247 0.999985754
1756587644498343936.000000 0.000181526 -0.002224422 -0.004047976 -0.003672147 0.003976588 -0.000513424 0.999985218
1756587644531685120.000000 0.000060542 -0.002359946 -0.004372094 -0.003716083 0.004068356 -0.000237223 0.999984801
1756587644598366976.000000 0.000276303 -0.002307801 -0.004335559 -0.003683158 0.003990653 -0.000112881 0.999985278
1756587644631707904.000000 0.000226726 -0.002243276 -0.004240709 -0.003620500 0.004029802 -0.000138663 0.999985337
1756587644665049088.000000 0.000233606 -0.002205645 -0.004314004 -0.003574000 0.004005895 -0.000134852 0.999985576
1756587644698390272.000000 0.000226567 -0.002144249 -0.004265462 -0.003576621 0.003972534 -0.000122481 0.999985754
1756587644731730944.000000 0.000307324 -0.002069452 -0.004234054 -0.003517315 0.003942288 -0.000138477 0.999986112
1756587644798413056.000000 0.000209589 -0.002061523 -0.004205944 -0.003524396 0.003973359 -0.000187855 0.999985933
1756587644831753984.000000 0.000208469 -0.002257243 -0.004257091 -0.003609672 0.003981913 -0.000253582 0.999985576
1756587644865093888.000000 0.000149863 -0.002329198 -0.004255169 -0.003660511 0.003983106 -0.000271782 0.999985397
1756587644898435072.000000 0.000290485 -0.002271830 -0.004448719 -0.003626562 0.003954554 -0.000126587 0.999985635
1756587644931776000.000000 0.000132170 -0.002146142 -0.004333852 -0.003540201 0.004043670 -0.000172647 0.999985576
1756587644965117440.000000 0.000037811 -0.002034628 -0.004342488 -0.003532706 0.004040402 -0.000173060 0.999985576
1756587645031800320.000000 -0.000097422 -0.001872688 -0.004318282 -0.003429771 0.004129053 -0.000273090 0.999985635
1756587645065141760.000000 -0.000103171 -0.001963341 -0.004164053 -0.003479843 0.004130093 -0.000245352 0.999985397
1756587645098482944.000000 0.000028443 -0.002014122 -0.004390479 -0.003505611 0.004112939 -0.000175896 0.999985397
1756587645131824384.000000 0.000016517 -0.002092312 -0.004480741 -0.003507419 0.004084880 -0.000277236 0.999985516
1756587645165165568.000000 -0.000253937 -0.001946642 -0.004154582 -0.003506225 0.004173047 -0.000353468 0.999985158
1756587645231848704.000000 -0.000118681 -0.001921214 -0.004152896 -0.003500998 0.004066726 -0.000361105 0.999985635
1756587645265189888.000000 0.000114590 -0.002228088 -0.004374638 -0.003559637 0.003984007 -0.000314007 0.999985754
1756587645298530304.000000 -0.000076649 -0.002047158 -0.004093901 -0.003519453 0.004064492 -0.000343650 0.999985576
1756587645331871744.000000 0.000075199 -0.002215746 -0.004384837 -0.003602343 0.004067199 -0.000225568 0.999985278
1756587645365213184.000000 0.000065545 -0.002277127 -0.004412662 -0.003633030 0.004079759 -0.000215634 0.999985099
1756587645398554880.000000 0.000102766 -0.002256053 -0.004253336 -0.003616037 0.004066634 -0.000151591 0.999985278
1756587645431896064.000000 0.000133716 -0.002310562 -0.004276853 -0.003604200 0.004021008 -0.000143508 0.999985456
1756587645498578688.000000 0.000076188 -0.002097752 -0.004171036 -0.003542908 0.004060594 -0.000144048 0.999985456
1756587645531920384.000000 0.000040146 -0.002106295 -0.004196673 -0.003575201 0.004077118 -0.000169666 0.999985278
1756587645565261568.000000 0.000046083 -0.002172876 -0.004270419 -0.003577586 0.004070453 -0.000179465 0.999985337
1756587645598603264.000000 0.000163047 -0.002211282 -0.004343683 -0.003631109 0.004027345 -0.000201967 0.999985337
1756587645631944704.000000 0.000134498 -0.002243842 -0.004418105 -0.003649973 0.004038159 -0.000183371 0.999985158
1756587645665286144.000000 0.000058127 -0.002264216 -0.004311032 -0.003654739 0.004041521 -0.000195084 0.999985218
1756587645731968768.000000 0.000118069 -0.002294299 -0.004276392 -0.003682403 0.004007705 -0.000215245 0.999985218
1756587645765309440.000000 0.000203226 -0.002380898 -0.004384075 -0.003696777 0.004020008 -0.000214588 0.999985099
1756587645798650880.000000 0.000203910 -0.002562476 -0.004420778 -0.003767044 0.003997388 -0.000254683 0.999984920
1756587645831992320.000000 0.000205090 -0.002597830 -0.004355768 -0.003796743 0.003969385 -0.000229901 0.999984980
1756587645865333760.000000 0.000180494 -0.002507392 -0.004389786 -0.003749127 0.003994346 -0.000237421 0.999984980
1756587645932016640.000000 0.000089774 -0.002253532 -0.004315058 -0.003594399 0.004071755 -0.000290516 0.999985278
1756587645965357312.000000 0.000105482 -0.002307852 -0.004234839 -0.003736204 0.004096325 -0.000133523 0.999984622
1756587645998698240.000000 0.000046114 -0.001816929 -0.004279721 -0.003391269 0.004107814 -0.000257559 0.999985814
1756587646032039424.000000 0.000811118 -0.001826388 -0.006530311 -0.001317626 0.003821398 -0.002030206 0.999989808
1756587646098721024.000000 0.000760009 -0.001671834 -0.006751345 -0.001052340 0.003736414 -0.002283759 0.999989867
1756587646132061952.000000 0.000879691 -0.001749429 -0.006788055 -0.001097011 0.003697015 -0.002304840 0.999989927
1756587646165402880.000000 0.000702465 -0.001696405 -0.006707826 -0.001070308 0.003790081 -0.002357773 0.999989510
1756587646198742528.000000 0.000475970 -0.001548486 -0.006641255 -0.001057067 0.003861730 -0.002303915 0.999989390
1756587646265424128.000000 0.000567339 -0.001766729 -0.006542296 -0.001210791 0.003839713 -0.002343359 0.999989212
1756587646298765056.000000 0.000004852 -0.002342660 -0.004513180 -0.003630751 0.004136029 -0.000259453 0.999984860
1756587646365447168.000000 0.000446874 -0.001550265 -0.006608409 -0.001140096 0.003874724 -0.002242938 0.999989390
1756587646398787840.000000 -0.000406909 -0.002577527 -0.004524685 -0.003740526 0.004326743 -0.000502625 0.999983549
1756587646432128768.000000 -0.000574809 -0.002478006 -0.004370545 -0.003793926 0.004385182 -0.000512844 0.999983072
1756587646498810368.000000 -0.000374738 -0.002578737 -0.004387732 -0.003730862 0.004307879 -0.000485927 0.999983668
1756587646532151296.000000 -0.000179444 -0.002455567 -0.004226088 -0.003700860 0.004224092 -0.000460861 0.999984145
1756587646565491712.000000 -0.000046762 -0.002424466 -0.004111872 -0.003682166 0.004174055 -0.000333978 0.999984503
1756587646598832640.000000 -0.000224276 -0.002598275 -0.004389188 -0.003619832 0.004241839 -0.000258596 0.999984443
1756587646665513216.000000 -0.000242887 -0.002284271 -0.004316660 -0.003550537 0.004253233 -0.000207460 0.999984682
1756587646698853888.000000 -0.000168379 -0.002369695 -0.004515012 -0.003545353 0.004224042 -0.000240651 0.999984801
1756587646765535232.000000 -0.000316432 -0.002456216 -0.004549094 -0.003598232 0.004286308 -0.000215793 0.999984324
1756587646798876160.000000 -0.000031025 -0.002151647 -0.004359305 -0.003574349 0.004126990 -0.000267461 0.999985099
1756587646832217088.000000 0.000047584 -0.002338552 -0.004383800 -0.003622351 0.004101034 -0.000216875 0.999985039
1756587646898898432.000000 -0.000167166 -0.002442410 -0.004351684 -0.003701862 0.004231795 -0.000304041 0.999984205
1756587646932239104.000000 -0.000174067 -0.002388380 -0.004317014 -0.003665906 0.004271568 -0.000307229 0.999984145
1756587646965579264.000000 -0.000564677 -0.002702775 -0.004494498 -0.003683502 0.004455834 -0.000370813 0.999983251
1756587647032259840.000000 0.000236610 -0.001915860 -0.004147356 -0.003426618 0.004050364 -0.000292989 0.999985933
1756587647065600512.000000 0.000380835 -0.001906437 -0.004201194 -0.003435737 0.004001339 -0.000270131 0.999986112
1756587647098939648.000000 -0.000109661 -0.002156228 -0.004292521 -0.003541237 0.004192667 -0.000329363 0.999984920
1756587647165620224.000000 -0.000069583 -0.002256848 -0.004392788 -0.003560786 0.004170892 -0.000296473 0.999984920
1756587647198960896.000000 0.000028595 -0.001959014 -0.004231700 -0.003407987 0.004124957 -0.000028525 0.999985695
1756587647265641472.000000 0.000173383 -0.002078056 -0.004338419 -0.003470690 0.004123181 0.000030798 0.999985516
1756587647298981376.000000 -0.000012591 -0.002126891 -0.004272731 -0.003542166 0.004115896 -0.000304037 0.999985218
1756587647332321792.000000 0.000039024 -0.002285252 -0.004487779 -0.003586481 0.004119197 -0.000276038 0.999985099
1756587647399002368.000000 -0.000077879 -0.002022733 -0.004157034 -0.003495593 0.004172049 -0.000377455 0.999985158
1756587647432342528.000000 -0.000139964 -0.002007215 -0.004112665 -0.003502787 0.004155319 -0.000370269 0.999985218
1756587647465682688.000000 -0.000061079 -0.002152981 -0.004380918 -0.003557475 0.004131982 -0.000301013 0.999985099
1756587647532362240.000000 -0.000082493 -0.002106479 -0.004338177 -0.003505269 0.004181509 -0.000331032 0.999985099
1756587647565702400.000000 -0.000073630 -0.002068402 -0.004218209 -0.003523568 0.004128322 -0.000329311 0.999985218
1756587647599042304.000000 0.000026523 -0.002417750 -0.004530300 -0.003617633 0.004127091 -0.000192150 0.999984920
1756587647665722880.000000 0.001320800 -0.001442729 -0.006060846 -0.001006268 0.003579672 -0.001896213 0.999991298
1756587647699063040.000000 0.001071550 -0.000976381 -0.005929291 -0.000735657 0.003620746 -0.002199013 0.999990761
1756587647732403200.000000 0.000953366 -0.000986571 -0.006018031 -0.000691057 0.003704298 -0.002206791 0.999990463
1756587647799083520.000000 -0.000121266 -0.002295284 -0.004399905 -0.003569413 0.004177870 -0.000266853 0.999984860
1756587647832423680.000000 -0.000089550 -0.002150035 -0.004376127 -0.003398826 0.004109117 -0.000251455 0.999985814
1756587647865763584.000000 -0.000021157 -0.001932372 -0.004332242 -0.003305231 0.004080150 -0.000125785 0.999986291
1756587647899103744.000000 0.000216025 -0.002222846 -0.004463339 -0.003405512 0.004075424 -0.000247182 0.999985933
1756587647965785856.000000 0.000173961 -0.002307509 -0.004683566 -0.003384237 0.004039294 -0.000274685 0.999986112
1756587647999126016.000000 0.000500489 -0.002409847 -0.004828079 -0.003361515 0.003869649 -0.000281023 0.999986887
1756587648032467200.000000 0.000551687 -0.002565269 -0.004923188 -0.003501395 0.003872244 -0.000325627 0.999986351
1756587648065808384.000000 0.000960154 -0.002516700 -0.004879541 -0.003414560 0.003706734 -0.000204849 0.999987304
1756587648132490752.000000 0.000046952 -0.002328172 -0.004530175 -0.003600176 0.004127761 -0.000109153 0.999985039
1756587648165831680.000000 -0.000145034 -0.001966456 -0.004328907 -0.003408661 0.004221529 -0.000250818 0.999985278
1756587648199173120.000000 0.000000879 -0.002202633 -0.004318746 -0.003537541 0.004136852 -0.000213224 0.999985218
1756587648265855488.000000 -0.000002907 -0.002191924 -0.004319954 -0.003582968 0.004123215 -0.000260461 0.999985099
1756587648299196416.000000 -0.000050298 -0.002077918 -0.004424229 -0.003472258 0.004186086 -0.000184876 0.999985278
1756587648332537856.000000 -0.000067382 -0.002395307 -0.004539248 -0.003638847 0.004178687 -0.000229933 0.999984622
1756587648365878784.000000 -0.000104871 -0.002107609 -0.004506739 -0.003464329 0.004173240 -0.000303685 0.999985337
1756587648399220224.000000 -0.000167570 -0.002111681 -0.004493673 -0.003463413 0.004210074 -0.000301106 0.999985158
1756587648465901568.000000 -0.000207330 -0.001982058 -0.004487320 -0.003403916 0.004230984 -0.000281019 0.999985218
1756587648499242752.000000 -0.000165985 -0.001958185 -0.004419462 -0.003413219 0.004209019 -0.000272200 0.999985278
1756587648565925376.000000 -0.000015560 -0.001886056 -0.004393947 -0.003336352 0.004092751 -0.000271111 0.999986053
1756587648599266304.000000 -0.000041476 -0.001778025 -0.004347793 -0.003297816 0.004142402 -0.000227755 0.999985993
1756587648632607744.000000 -0.000033030 -0.001767849 -0.004376515 -0.003304749 0.004128021 -0.000226560 0.999985993
1756587648665948672.000000 -0.000243488 -0.002071925 -0.004169419 -0.003503849 0.004196104 -0.000257847 0.999985039
1756587648732631296.000000 0.000043269 -0.002055141 -0.004407988 -0.003407311 0.004078691 -0.000304782 0.999985874
1756587648765972480.000000 0.000027380 -0.001952114 -0.004388318 -0.003385074 0.004060640 -0.000374033 0.999985933
1756587648799313664.000000 0.000168026 -0.001681136 -0.004312145 -0.003245933 0.003974000 -0.000341492 0.999986827
1756587648832654592.000000 0.000017160 -0.002079510 -0.004528808 -0.003398086 0.004096779 -0.000325383 0.999985754
1756587648899336192.000000 0.000130619 -0.001770107 -0.004593743 -0.003184958 0.004061758 -0.000293782 0.999986649
1756587648932677376.000000 0.000113785 -0.001842517 -0.004593599 -0.003276336 0.004060476 -0.000211353 0.999986410
1756587648966017792.000000 0.000088243 -0.001742348 -0.004443183 -0.003207840 0.004047459 -0.000200871 0.999986649
1756587648999358720.000000 0.000033113 -0.001705364 -0.004488367 -0.003186199 0.004066836 -0.000304653 0.999986649
1756587649066040064.000000 0.000545741 -0.001315206 -0.004733607 0.000762429 0.005256703 -0.000110489 0.999985874
1756587649099380736.000000 0.000764585 -0.002104339 -0.004607999 0.004997467 0.005230131 -0.000335483 0.999973834
1756587649132721152.000000 0.000710812 -0.002984034 -0.003546538 0.009646953 0.004612097 0.000962702 0.999942362
1756587649199402496.000000 -0.000180572 -0.003791558 0.002901932 0.007891705 0.003231097 0.000512740 0.999963522
1756587649232743168.000000 -0.000502386 -0.004484522 0.007510507 0.004804240 0.003690787 0.000263719 0.999981642
1756587649266083840.000000 -0.000580185 -0.003445417 0.013629138 0.000816813 0.004676034 -0.000154233 0.999988735
1756587649299423488.000000 -0.000490936 -0.004194017 0.019892521 -0.004650388 0.005409454 -0.000388577 0.999974489
1756587649366104576.000000 0.000290431 -0.002590189 0.030324627 -0.008290445 0.008717111 -0.001166895 0.999926984
1756587649399445248.000000 0.001184028 -0.003498517 0.033704109 -0.006779392 0.010551923 -0.000307898 0.999921322
1756587649432785920.000000 0.001094526 -0.003535987 0.036768712 -0.006520972 0.010871575 -0.000618017 0.999919474
1756587649499467008.000000 0.000689041 -0.003898432 0.041109979 -0.003931646 0.007688460 -0.000367268 0.999962628
1756587649532807424.000000 0.000359907 -0.004334555 0.043273561 -0.002196299 0.006407347 -0.000267167 0.999977052
1756587649599488512.000000 0.000331393 -0.005021488 0.049106192 -0.001695317 0.006666941 -0.000391266 0.999976337
1756587649632829184.000000 0.000541502 -0.005117718 0.052699950 -0.002834648 0.006852315 -0.000499421 0.999972463
1756587649666169600.000000 0.000564172 -0.004954047 0.056950107 -0.004285308 0.006810150 -0.000358283 0.999967575
1756587649699510016.000000 -0.000239122 -0.003760453 0.061358500 -0.005262881 0.006720505 -0.000723438 0.999963343
1756587649766190336.000000 0.000143842 -0.003278752 0.068179116 -0.004506483 0.006855720 -0.000515241 0.999966264
1756587649799530496.000000 0.000427136 -0.004267949 0.070577569 -0.004024659 0.006593443 -0.000284343 0.999970198
1756587649832871168.000000 0.000432774 -0.004492229 0.073581629 -0.003352348 0.006410338 -0.000134730 0.999973834
1756587649899552000.000000 0.000240144 -0.004993467 0.080038168 -0.003955880 0.006730392 -0.000262239 0.999969542
1756587649932905728.000000 0.000120814 -0.005162778 0.083784744 -0.004754805 0.007287304 -0.000398783 0.999962091
1756587649966323968.000000 0.000072308 -0.005193288 0.087318197 -0.005401442 0.007519899 -0.000557421 0.999956965
1756587650033161984.000000 -0.000182940 -0.004917920 0.094271995 -0.005537060 0.008235465 -0.000927753 0.999950409
1756587650066581504.000000 -0.000193613 -0.005264190 0.097365394 -0.005566032 0.008154751 -0.001223852 0.999950588
1756587650100001792.000000 -0.000192018 -0.005446028 0.100539990 -0.005206916 0.008205913 -0.001315873 0.999951959
1756587650166843648.000000 -0.000271898 -0.005670579 0.106405713 -0.003639570 0.015788248 -0.001139913 0.999868155
1756587650200264448.000000 0.001127251 -0.005100518 0.111164257 -0.004699616 0.022572821 -0.000795438 0.999733865
1756587650233686528.000000 0.002738862 -0.004798603 0.115672655 -0.005568464 0.030151753 -0.000256147 0.999529839
1756587650267109120.000000 0.004107263 -0.004783891 0.119478300 -0.005730220 0.036699962 -0.000094974 0.999309957
1756587650300532224.000000 0.005842717 -0.004905918 0.123207346 -0.005625896 0.042114619 0.000209713 0.999096990
1756587650367379968.000000 0.008265009 -0.004877963 0.130071342 -0.004251485 0.052962411 -0.000174152 0.998587489
1756587650400804608.000000 0.009650221 -0.005341258 0.133323684 -0.003447354 0.058667164 -0.000012854 0.998271704
1756587650434229248.000000 0.010728699 -0.005703327 0.136681706 -0.003325718 0.064412870 0.000078549 0.997917771
1756587650467655168.000000 0.011786467 -0.005907614 0.140085325 -0.002842771 0.069753729 0.000198175 0.997560203
1756587650534507776.000000 0.014406350 -0.006864125 0.145941004 -0.002282075 0.081591152 0.000074269 0.996663332
1756587650567934720.000000 0.015274039 -0.006159987 0.149996012 -0.002619610 0.087923720 -0.000292544 0.996123791
1756587650601362176.000000 0.016676126 -0.006584274 0.153470397 -0.003054270 0.093993343 -0.000515123 0.995568037
1756587650634790400.000000 0.018300522 -0.007162745 0.157043129 -0.003514952 0.099997282 -0.000403516 0.994981468
1756587650701647104.000000 0.021746585 -0.007486242 0.164567873 -0.003983316 0.110918723 -0.000181471 0.993821502
1756587650735076352.000000 0.023795979 -0.007287174 0.167912856 -0.003863784 0.115948699 -0.000252718 0.993247628
1756587650768506624.000000 0.025110984 -0.007640256 0.170805082 -0.003368984 0.121371180 0.000021731 0.992601514
1756587650835367936.000000 0.028322577 -0.007842787 0.177279413 -0.002913113 0.132347882 0.000152718 0.991199136
1756587650868799488.000000 0.030053141 -0.008255035 0.180640399 -0.002683353 0.138013944 0.000546019 0.990426481
1756587650902231552.000000 0.031910837 -0.008827400 0.183684528 -0.002221687 0.143372208 0.000752453 0.989666045
1756587650935646464.000000 0.035104033 -0.008745583 0.186816663 -0.001391464 0.148527130 0.001486392 0.988906205
1756587651002312960.000000 0.038866095 -0.009346209 0.192330465 -0.000913920 0.159499347 0.001818491 0.987195969
1756587651035646208.000000 0.041098978 -0.009595969 0.195504576 -0.000855352 0.165061042 0.002225738 0.986280501
1756587651068979456.000000 0.042739503 -0.008737207 0.199662074 -0.000053385 0.171065718 0.001548295 0.985258460
1756587651102311680.000000 0.044823106 -0.009195949 0.203097969 0.000116238 0.177061096 0.001515292 0.984198689
1756587651168977408.000000 0.049122248 -0.009423760 0.209659651 0.000811919 0.188706413 0.001931799 0.982031345
1756587651202310400.000000 0.051174391 -0.009824771 0.213014469 0.000572946 0.194580063 0.001969566 0.980884492
1756587651235643136.000000 0.053026929 -0.009720229 0.216448843 0.000165418 0.200780883 0.002006786 0.979634106
1756587651268975616.000000 0.055482689 -0.009627857 0.220022187 -0.000551761 0.206340700 0.002383307 0.978477180
1756587651302308608.000000 0.057766065 -0.009195431 0.223427698 -0.000252880 0.211964950 0.002498991 0.977274060
1756587651368973824.000000 0.062120572 -0.009922735 0.228648737 0.000985773 0.223089501 0.002856424 0.974793315
1756587651402306048.000000 0.064346679 -0.010116784 0.231775969 0.000864104 0.228864029 0.002530780 0.973454773
1756587651435638528.000000 0.067230880 -0.009683138 0.234071419 0.001630601 0.233953416 0.003056992 0.972241700
1756587651502302976.000000 0.071346506 -0.010088722 0.240768760 0.002525689 0.244322672 0.002711677 0.969686925
1756587651535633920.000000 0.073897488 -0.010160770 0.243530795 0.002933634 0.249403417 0.003250098 0.968389809
1756587651568966144.000000 0.076386064 -0.010347738 0.246166527 0.002470443 0.254710436 0.003501115 0.967007875
1756587651602298112.000000 0.078975134 -0.011232326 0.248543084 0.001988889 0.259652168 0.004149613 0.965691268
1756587651668961792.000000 0.083878636 -0.011656785 0.254743546 0.001889381 0.271739364 0.003416321 0.962362945
1756587651702293504.000000 0.086621881 -0.011824037 0.256860942 0.002092477 0.277392656 0.003590501 0.960747719
1756587651735625216.000000 0.089136221 -0.012018257 0.259336323 0.002408870 0.282880157 0.003599895 0.959145546
1756587651768956928.000000 0.091887474 -0.012304405 0.261457384 0.002615566 0.288245618 0.003504083 0.957546532
1756587651835619840.000000 0.097925201 -0.012671189 0.267044812 0.002080753 0.298145473 0.003812489 0.954510570
1756587651868951040.000000 0.100584276 -0.012846138 0.270195216 0.002141672 0.303283334 0.004181389 0.952888906
1756587651902282496.000000 0.103685863 -0.012617918 0.272656769 0.002555025 0.308419019 0.004466797 0.951236725
1756587651968948992.000000 0.110736921 -0.013163504 0.276817530 0.001913552 0.319131762 0.005395528 0.947693050
1756587652002284544.000000 0.114139296 -0.013235887 0.279046476 0.001790788 0.324615717 0.005572768 0.945827961
1756587652035620096.000000 0.116448715 -0.013426933 0.281730413 0.002297587 0.330432713 0.005194519 0.943812490
1756587652102290432.000000 0.122191645 -0.013536544 0.285982966 0.003487759 0.340621740 0.005680301 0.940176785
1756587652135625728.000000 0.124121122 -0.013588190 0.288198292 0.004281173 0.345684260 0.005270988 0.938326418
1756587652168960768.000000 0.127601251 -0.013881864 0.290177375 0.004242624 0.350978196 0.006040363 0.936354578
1756587652202295552.000000 0.131143257 -0.014042192 0.292622596 0.003718583 0.356278539 0.005972935 0.934353292
1756587652235630848.000000 0.134080961 -0.013738554 0.295033455 0.002924562 0.360142440 0.005861643 0.932874382
1756587652302300672.000000 0.138961479 -0.013975808 0.299668789 0.002695112 0.359709501 0.006002027 0.933041215
1756587652335635456.000000 0.140741795 -0.014035249 0.302497417 0.002098441 0.358155638 0.006249752 0.933638692
1756587652368970496.000000 0.142326653 -0.013726426 0.305097252 0.002161275 0.356380761 0.005951312 0.934319377
1756587652435638784.000000 0.145042032 -0.014308540 0.309211582 0.004940014 0.354385376 0.004964489 0.935073316
1756587652468973568.000000 0.146554023 -0.014162307 0.311481327 0.005894382 0.353949726 0.004797185 0.935233653
1756587652502308352.000000 0.150136769 -0.014205998 0.313632220 0.005832486 0.353013784 0.005102034 0.935586095
1756587652568977664.000000 0.154910848 -0.013693959 0.319522738 0.004351558 0.352837950 0.005858030 0.935656071
1756587652602312192.000000 0.157246530 -0.013874442 0.322117120 0.003858841 0.352696568 0.006076504 0.935710073
1756587652668980992.000000 0.160048530 -0.014008423 0.327850908 0.003917268 0.354101628 0.005216848 0.935184181
1756587652702315264.000000 0.161553040 -0.014255404 0.329961956 0.003933962 0.354208976 0.004875035 0.935145378
1756587652735649536.000000 0.163647562 -0.014303112 0.332179248 0.004103490 0.353849590 0.004815049 0.935280979
1756587652768983808.000000 0.165670201 -0.014510199 0.334773749 0.003928765 0.353469640 0.004639010 0.935426235
1756587652835652352.000000 0.169922709 -0.014709935 0.339799196 0.002744945 0.352754414 0.005204168 0.935697496
1756587652868985600.000000 0.172122881 -0.014820999 0.342131555 0.002504627 0.352595717 0.005428453 0.935756683
1756587652902319616.000000 0.174579248 -0.014922719 0.344621658 0.002773318 0.352432907 0.005371747 0.935817599
1756587652968987904.000000 0.178053334 -0.015137130 0.349462539 0.004150136 0.353056133 0.004463987 0.935582340
1756587653002321920.000000 0.180210516 -0.015348886 0.352035820 0.004586504 0.353705704 0.004232707 0.935335934
1756587653035655936.000000 0.183101147 -0.015671510 0.353593677 0.005044198 0.353927076 0.004047502 0.935250640
1756587653068989952.000000 0.184933096 -0.015603504 0.355722487 0.004899628 0.354008108 0.003981083 0.935221076
1756587653135657728.000000 0.189825371 -0.015340195 0.361634940 0.003529466 0.353706628 0.004345338 0.935339749
1756587653168991488.000000 0.192007691 -0.014982084 0.364913583 0.002430098 0.353603452 0.004480741 0.935381591
1756587653202324992.000000 0.193847343 -0.014994762 0.367372900 0.002233777 0.353401810 0.004407121 0.935458601
1756587653268992256.000000 0.197967872 -0.015163113 0.371710360 0.003591402 0.353292197 0.004055615 0.935497403
1756587653302324736.000000 0.200075433 -0.015513157 0.373850167 0.003950627 0.353319019 0.003934325 0.935486257
1756587653335658240.000000 0.201893747 -0.015641605 0.376133442 0.003895007 0.353467047 0.003862244 0.935430884
1756587653402324736.000000 0.205927566 -0.015640266 0.380663812 0.003769849 0.353399009 0.003269218 0.935459435
1756587653435657984.000000 0.208162576 -0.015666464 0.383255690 0.004249101 0.355009705 0.002935594 0.934848428
1756587653468991232.000000 0.211086571 -0.016084572 0.385228038 0.005199424 0.359932512 0.002545812 0.932960451
1756587653535657216.000000 0.219525710 -0.015759172 0.389564663 0.004770763 0.373393476 0.003496263 0.927654266
1756587653568990208.000000 0.222106934 -0.016144581 0.392442822 0.004560956 0.379587591 0.003847641 0.925136626
1756587653602323200.000000 0.225789487 -0.016236857 0.393988907 0.005039769 0.384348691 0.003454841 0.923167825
1756587653668988672.000000 0.232627869 -0.016271122 0.397907734 0.004960177 0.393730879 0.004183473 0.919202924
1756587653702321408.000000 0.235775322 -0.016658319 0.399980426 0.004028880 0.398446441 0.004305434 0.917172670
1756587653735654400.000000 0.239401713 -0.016780635 0.402195364 0.003837866 0.403604209 0.004527154 0.914914429
1756587653802318336.000000 0.245976746 -0.016828742 0.405390501 0.005617198 0.414037585 0.004065843 0.910233378
1756587653835650816.000000 0.248641372 -0.017602442 0.406560928 0.006090891 0.419084936 0.004049894 0.907917619
1756587653868983296.000000 0.252110064 -0.017921485 0.408150047 0.006161594 0.423805594 0.004221492 0.905722439
1756587653935648512.000000 0.259828627 -0.017857309 0.411597490 0.005103799 0.433974147 0.005079313 0.900896549
1756587653968982528.000000 0.263707221 -0.017684683 0.413709402 0.004594792 0.439102709 0.005720421 0.898406982
1756587654002316544.000000 0.267305166 -0.017485676 0.415601879 0.004169644 0.444170684 0.005590427 0.895915091
1756587654068984064.000000 0.273446769 -0.017407387 0.418904781 0.005482680 0.448279232 0.005157413 0.893861890
1756587654102317824.000000 0.275985688 -0.017886987 0.420978844 0.004408050 0.447437704 0.005647422 0.894286394
1756587654135651584.000000 0.278378904 -0.017812381 0.423377097 0.003507470 0.447251409 0.006220555 0.894379735
1756587654202318080.000000 0.285258710 -0.018233139 0.426739186 0.004502937 0.456144094 0.004910368 0.889881015
1756587654235651328.000000 0.289875001 -0.017768394 0.427643329 0.003885210 0.462486476 0.006301457 0.886595488
1756587654268984576.000000 0.294563025 -0.017203381 0.428845972 0.003456823 0.469164312 0.006778751 0.883078158
1756587654302318080.000000 0.298175424 -0.017235095 0.430002272 0.004194521 0.474994123 0.006707527 0.879953444
1756587654368984576.000000 0.304812849 -0.017684899 0.432693183 0.004420551 0.484768331 0.006470827 0.874607563
1756587654402317824.000000 0.308214545 -0.017813779 0.433590829 0.004722087 0.489184767 0.007324120 0.872136652
1756587654435650816.000000 0.311611235 -0.017745646 0.434290111 0.004850030 0.492121905 0.007293399 0.870482266
1756587654502317056.000000 0.317933679 -0.017939487 0.437618971 0.004472585 0.490680546 0.008059935 0.871290863
1756587654535650048.000000 0.320728183 -0.017295405 0.440638185 0.003436533 0.489687800 0.007757259 0.871856630
1756587654568982528.000000 0.323068798 -0.017240752 0.443181217 0.004071060 0.489484161 0.007527742 0.871970236
1756587654635648256.000000 0.327720195 -0.017823789 0.446220934 0.004291611 0.489174515 0.007605256 0.872142255
1756587654668979712.000000 0.330736011 -0.017790392 0.448132336 0.003877485 0.489043236 0.007706995 0.872216940
1756587654702312192.000000 0.333501637 -0.017940339 0.449693441 0.003949054 0.488872945 0.008059938 0.872308850
1756587654768977408.000000 0.339398980 -0.017707104 0.452890873 0.004567203 0.488841057 0.007822108 0.872325897
1756587654802309632.000000 0.342024565 -0.017921451 0.454589099 0.004912356 0.489123672 0.007961007 0.872164309
1756587654835642112.000000 0.344797105 -0.017844336 0.456096530 0.005008618 0.489242524 0.008150225 0.872095406
1756587654902306304.000000 0.350848109 -0.017885499 0.460009307 0.004298517 0.489216268 0.008417528 0.872111380
1756587654935638784.000000 0.354272366 -0.017801359 0.461267382 0.004977419 0.490362167 0.008716155 0.871460974
1756587654968972288.000000 0.358082891 -0.018316777 0.462938786 0.004995959 0.494234532 0.008452269 0.869273186
1756587655002305536.000000 0.361929476 -0.018371997 0.464451849 0.003689064 0.500419319 0.009358180 0.865724742
1756587655068971520.000000 0.371017218 -0.018576145 0.466326833 0.002150145 0.514312387 0.010474857 0.857536256
1756587655102303744.000000 0.374287099 -0.019052969 0.466502249 0.003224824 0.520100236 0.010610452 0.854033172
1756587655135636480.000000 0.377569079 -0.018919781 0.466950238 0.004031159 0.524910390 0.010301890 0.851085544
1756587655202302208.000000 0.383389473 -0.020275060 0.469152570 0.003760222 0.533685148 0.010832358 0.845605552
1756587655235634688.000000 0.388477623 -0.019507475 0.469992071 0.004469040 0.538456142 0.010265264 0.842579186
1756587655268967680.000000 0.392477125 -0.019751078 0.470249951 0.004791554 0.543708146 0.010471457 0.839195430
1756587655302299904.000000 0.396414220 -0.019750802 0.471118599 0.004263917 0.548497140 0.010808091 0.836071730
1756587655335632640.000000 0.401111007 -0.019344866 0.471917242 0.004198845 0.552820802 0.011700031 0.833207548
1756587655402297088.000000 0.408738136 -0.019860227 0.472805083 0.003916066 0.561809421 0.012787886 0.827158630
1756587655435629312.000000 0.412964493 -0.020201772 0.472878754 0.003489096 0.566415846 0.013551858 0.824000835
1756587655468961792.000000 0.416315496 -0.020383473 0.473592281 0.002523236 0.570974946 0.013814874 0.820847452
1756587655502293504.000000 0.420971215 -0.020254437 0.474394798 0.002416401 0.575681806 0.014658961 0.817538857
1756587655568956928.000000 0.428579867 -0.019939370 0.475550503 0.004120328 0.579831719 0.014144385 0.814603090
1756587655602288384.000000 0.431900680 -0.019980974 0.477460057 0.003095870 0.578989744 0.014674849 0.815196931
1756587655635620352.000000 0.436177880 -0.019355331 0.479418606 0.001840050 0.577373922 0.014596503 0.816347361
1756587655668952320.000000 0.438340545 -0.019069746 0.480742335 0.002068307 0.576377571 0.014521469 0.817051947
1756587655735615232.000000 0.442898512 -0.019389587 0.482714325 0.004128588 0.575482249 0.013815363 0.817687213
1756587655768946944.000000 0.445319831 -0.020407686 0.483080000 0.004026467 0.575153649 0.013754866 0.817919910
1756587655802278400.000000 0.449492574 -0.019664278 0.485126406 0.003857960 0.575391412 0.013716342 0.817754090
1756587655835609600.000000 0.452631205 -0.020109262 0.486160457 0.003408213 0.575646400 0.014124835 0.817569613
1756587655902272256.000000 0.458802104 -0.020133339 0.487909973 0.003400585 0.575867951 0.013712256 0.817420781
1756587655935604224.000000 0.461793035 -0.020334195 0.488536000 0.003234201 0.575374901 0.014342159 0.817757726
1756587655968936960.000000 0.464598179 -0.020502694 0.489666343 0.002790235 0.575456440 0.014685249 0.817695856
1756587656002270464.000000 0.467491627 -0.020769874 0.490977317 0.002773542 0.575902104 0.014601690 0.817383528
1756587656035603968.000000 0.470752776 -0.020933766 0.491701186 0.003245185 0.575937450 0.014461136 0.817359388
1756587656102270720.000000 0.476722062 -0.021025408 0.493853450 0.003529243 0.576145232 0.014038268 0.817219198
1756587656135603968.000000 0.479956985 -0.020748295 0.494821340 0.003286333 0.576093435 0.014089796 0.817255795
1756587656168937216.000000 0.484586418 -0.019886278 0.496701181 0.002956933 0.576308608 0.014348393 0.817100883
1756587656235603456.000000 0.491056800 -0.019749217 0.499645233 0.003608900 0.577212214 0.013821236 0.816469252
1756587656268936448.000000 0.493932068 -0.020291848 0.500029981 0.005283486 0.580542624 0.013177330 0.814106047
1756587656302269184.000000 0.496897638 -0.020134475 0.499796718 0.005455729 0.585644901 0.013378325 0.810438991
1756587656368935168.000000 0.505702555 -0.020093691 0.499739110 0.003552428 0.599156499 0.015074308 0.800482213
1756587656402267904.000000 0.509726524 -0.020194672 0.499806821 0.003465352 0.604431510 0.015035287 0.796507716
1756587656435599616.000000 0.514035344 -0.020096686 0.499933690 0.004364640 0.608684599 0.014825933 0.793261826
1756587656468932096.000000 0.517549098 -0.020037606 0.500149250 0.004981581 0.612842143 0.013924746 0.790067017
1756587656535597056.000000 0.525215864 -0.020149909 0.499869883 0.006278273 0.621066391 0.013696334 0.783613145
1756587656568929792.000000 0.528846622 -0.020029727 0.499154270 0.006396896 0.625128508 0.014055191 0.780369103
1756587656602262016.000000 0.533021629 -0.020083923 0.498444766 0.006510418 0.629175961 0.014745095 0.777095795
1756587656668926720.000000 0.541153073 -0.020371739 0.497843444 0.006895184 0.638101399 0.015506472 0.769765377
1756587656702258944.000000 0.544943392 -0.020707726 0.497380793 0.006320777 0.642843723 0.015667628 0.765811086
1756587656735591168.000000 0.546879470 -0.021213260 0.497653663 0.006129542 0.647755861 0.014732641 0.761680901
1756587656768923136.000000 0.550082624 -0.020927966 0.498607874 0.006569745 0.652162611 0.013781208 0.757925451
1756587656835587072.000000 0.555701256 -0.021527240 0.496920109 0.009041547 0.660170674 0.013361616 0.750942469
1756587656868918016.000000 0.559226155 -0.022189861 0.496514499 0.009183349 0.664609790 0.013151667 0.747018456
1756587656902249728.000000 0.562633634 -0.022696504 0.496205151 0.009021533 0.668849349 0.013456985 0.743221402
1756587656935581440.000000 0.566580415 -0.022503078 0.495499134 0.008419862 0.672942519 0.014149743 0.739511549
1756587657002248704.000000 0.575698853 -0.022130858 0.494679511 0.006037770 0.680740535 0.016714159 0.732309103
1756587657035581952.000000 0.580246031 -0.022165893 0.494425178 0.005714220 0.684775114 0.016618595 0.728542566
1756587657068915712.000000 0.584511220 -0.022321619 0.493988991 0.006732337 0.688478231 0.016301833 0.725042582
1756587657102248704.000000 0.587991595 -0.022466853 0.492719889 0.007437274 0.692191660 0.016076993 0.721496344
1756587657135581696.000000 0.591248989 -0.022953041 0.491856217 0.007775163 0.696628034 0.015900949 0.717214167
1756587657202248192.000000 0.596910775 -0.023283627 0.487727880 0.009605394 0.705736101 0.014765882 0.708255768
1756587657235581184.000000 0.600221634 -0.023854855 0.487375259 0.010386550 0.710092068 0.014165650 0.703889787
1756587657268913664.000000 0.603112578 -0.022998817 0.486426055 -0.010739141 -0.714096189 -0.014420973 -0.699816763
1756587657302246912.000000 0.606953502 -0.022614440 0.485466897 -0.010439059 -0.717795312 -0.014830228 -0.696018040
1756587657368911104.000000 0.615334570 -0.022748969 0.484424472 -0.008809715 -0.725636482 -0.017135080 -0.687808514
1756587657402243584.000000 0.619452536 -0.022990689 0.482943177 -0.008855600 -0.729518712 -0.017936211 -0.683668375
1756587657435576320.000000 0.622453690 -0.023467444 0.482170343 -0.009303183 -0.733551264 -0.017383270 -0.679348171
1756587657468908800.000000 0.626363039 -0.023123212 0.480549574 -0.009762778 -0.737391889 -0.016755743 -0.675186813
1756587657502241024.000000 0.629541457 -0.023402032 0.479422450 -0.010039127 -0.741273940 -0.016517770 -0.670924306
1756587657568905728.000000 0.636213958 -0.023476826 0.476961136 -0.010897893 -0.748805583 -0.015770489 -0.662512541
1756587657602237696.000000 0.639912486 -0.024011878 0.475313604 -0.010374285 -0.752629578 -0.015805181 -0.658172727
1756587657635570176.000000 0.643413305 -0.023580810 0.473498225 -0.010088543 -0.756629229 -0.016466452 -0.653558969
1756587657668902144.000000 0.650176406 -0.023353584 0.471756399 0.009277788 0.760442376 0.015821470 0.649146438
1756587657735565824.000000 0.652995646 -0.023617333 0.470220983 0.010227692 0.767646372 0.015983716 0.640592754
1756587657768896768.000000 0.655755997 -0.024371158 0.468360305 0.010685297 0.771093428 0.015770368 0.636437058
1756587657802228224.000000 0.657671869 -0.022954121 0.467679858 -0.011018734 -0.775062323 -0.015367243 -0.631601930
1756587657835560192.000000 0.660773695 -0.023278102 0.466058671 -0.010659048 -0.778710961 -0.014976951 -0.627113402
1756587657868891648.000000 0.664773107 -0.022994209 0.464918911 -0.009741481 -0.782248557 -0.015268927 -0.622703195
1756587657902223104.000000 0.667756796 -0.023463987 0.463273287 -0.009799143 -0.785500348 -0.016312024 -0.618568718
1756587657935555072.000000 0.671353340 -0.023561893 0.460879326 -0.010309439 -0.788790107 -0.016796056 -0.614346683
1756587658002220032.000000 0.677165866 -0.023740107 0.457685769 -0.011022671 -0.796211123 -0.015400159 -0.604722500
1756587658035553024.000000 0.680365443 -0.023940159 0.455596149 -0.011197628 -0.800052881 -0.015158842 -0.599633455
1756587658068885504.000000 0.683650076 -0.024064070 0.453298628 -0.011671783 -0.803563118 -0.014423897 -0.594930410
1756587658102217984.000000 0.686913490 -0.024257587 0.450929761 -0.011668230 -0.807233632 -0.014749854 -0.589932382
1756587658135550208.000000 0.691064060 -0.023918334 0.448790848 -0.011933608 -0.810742795 -0.014938178 -0.585090220
1756587658168882688.000000 0.694240272 -0.023772005 0.446782410 -0.011558877 -0.814001560 -0.015406723 -0.580543339
1756587658202213888.000000 0.692554712 -0.025312264 0.447419465 0.011444649 0.817361116 0.015888337 0.575792968
1756587658235545856.000000 0.697757006 -0.021447921 0.446096003 -0.011503467 -0.819989920 -0.013529765 -0.572102487
1756587658302209792.000000 0.705390096 -0.022427119 0.443585753 -0.011473609 -0.820058167 -0.014395698 -0.571984112
1756587658335542016.000000 0.709410310 -0.022655891 0.442997336 -0.009578344 -0.818259180 -0.016147939 -0.574542880
1756587658368873728.000000 0.712690890 -0.022436328 0.442123473 -0.009807070 -0.817158759 -0.016215287 -0.576101065
1756587658402205440.000000 0.715179265 -0.023375737 0.441520572 -0.009611411 -0.816980600 -0.016071383 -0.576361120
1756587658435537408.000000 0.717938900 -0.022846479 0.440721512 -0.009836472 -0.817439318 -0.015523438 -0.575721622
1756587658468868864.000000 0.720831096 -0.022929925 0.439873278 -0.009915312 -0.817752957 -0.014778977 -0.575294256
1756587658502200320.000000 0.722442210 -0.023134133 0.439394236 -0.010651217 -0.817832112 -0.013576625 -0.575198233
1756587658535532032.000000 0.723122835 -0.023599064 0.438499033 -0.011357631 -0.817570329 -0.012653937 -0.575577676
1756587658568863488.000000 0.724726379 -0.023843015 0.437851965 -0.011773692 -0.817209899 -0.012153214 -0.576091766
1756587658602194432.000000 0.727150023 -0.023920547 0.437308133 -0.011568597 -0.817003429 -0.012005001 -0.576391876
1756587658635525888.000000 0.734800220 -0.022219118 0.435561955 0.011759739 0.816954911 0.011740500 0.576462209
1756587658668855808.000000 0.738324761 -0.022034215 0.436204195 0.011334548 0.817178488 0.012491141 0.576137960
1756587658702187264.000000 0.741160393 -0.022570327 0.433784664 -0.010733545 -0.816704273 -0.013402414 -0.576800942
1756587658768849152.000000 0.747583866 -0.022487914 0.432072043 -0.010799446 -0.817155719 -0.013078605 -0.576167524
1756587658802179840.000000 0.750936508 -0.023033854 0.430707633 -0.010841160 -0.817400157 -0.012864278 -0.575824678
1756587658835510784.000000 0.753935874 -0.023149317 0.429745734 -0.010498314 -0.818529725 -0.013051114 -0.574219942
1756587658868841728.000000 0.757068634 -0.023324545 0.427459717 -0.010665012 -0.821360648 -0.013227860 -0.570156217
1756587658902172160.000000 0.760214031 -0.021257678 0.427615881 0.010905369 0.825903177 0.013389397 0.563547492
1756587658935503360.000000 0.762905419 -0.020573594 0.424719453 0.011915869 0.830066562 0.012942963 0.557386875
1756587658968838912.000000 0.765364408 -0.020657627 0.422225654 0.012415694 0.833694875 0.012083736 0.551953554
1756587659002174720.000000 0.768194139 -0.020830195 0.419638216 0.012968979 0.836888552 0.011798545 0.547092557
1756587659068845568.000000 0.773231149 -0.022955919 0.413002133 -0.012572681 -0.842620134 -0.011687536 -0.538234770
1756587659102179840.000000 0.776987851 -0.022639995 0.409443796 -0.012360501 -0.845450580 -0.012293761 -0.533769131
1756587659135515136.000000 0.779496312 -0.021206260 0.408244431 0.011416133 0.847909331 0.012808678 0.529863656
1756587659168850432.000000 0.785022974 -0.022373984 0.406440973 -0.010984684 -0.848427117 -0.013311977 -0.529030859
1756587659202185728.000000 0.788722456 -0.022203451 0.404720545 -0.010382735 -0.847774506 -0.014669378 -0.530052364
1756587659235520768.000000 0.791567147 -0.021868434 0.404545724 -0.009624457 -0.846981108 -0.014726234 -0.531331956
1756587659268856064.000000 0.793749273 -0.022255436 0.403409719 -0.010531360 -0.846326470 -0.014106871 -0.532373667
1756587659335526144.000000 0.797685146 -0.023421409 0.401796222 -0.012722885 -0.845823050 -0.011326414 -0.533191562
1756587659368861440.000000 0.800139070 -0.023664165 0.400885165 -0.013077932 -0.845858514 -0.010958131 -0.533134460
1756587659402196480.000000 0.802717328 -0.023833742 0.399992466 -0.012728097 -0.845972180 -0.011204976 -0.532957435
1756587659435531264.000000 0.806122184 -0.023888700 0.398421943 -0.012526566 -0.846073210 -0.011660419 -0.532791972
1756587659468865792.000000 0.810022950 -0.023687311 0.396871388 -0.011651730 -0.846190691 -0.012777052 -0.532599568
1756587659502200832.000000 0.813747048 -0.023471933 0.395396531 -0.010543200 -0.846440077 -0.013921674 -0.532197654
1756587659535534592.000000 0.816713691 -0.023443723 0.393962741 -0.010340088 -0.846698701 -0.013662821 -0.531796694
1756587659568869376.000000 0.819899619 -0.022942280 0.392846406 0.010966236 0.847022593 0.012379159 0.531299531
1756587659602204160.000000 0.822313547 -0.023317007 0.392053008 0.011480658 0.847291052 0.011422413 0.530882061
1756587659668873472.000000 0.826695323 -0.023678433 0.388987184 -0.012343301 -0.846863985 -0.010504985 -0.531562507
1756587659702208000.000000 0.829650521 -0.023648733 0.387604415 -0.012185902 -0.846748412 -0.010642844 -0.531747460
1756587659735542528.000000 0.833255291 -0.023479391 0.385927379 -0.011463537 -0.846685290 -0.011503608 -0.531846225
1756587659768877056.000000 0.837091863 -0.023008598 0.384401500 -0.010921924 -0.846692801 -0.012503634 -0.531823099
1756587659802211584.000000 0.840206563 -0.022608172 0.382780194 -0.010548458 -0.846818864 -0.013093846 -0.531615674
1756587659835546112.000000 0.843185008 -0.022461906 0.381231606 -0.010325303 -0.847110331 -0.013010331 -0.531157434
1756587659868880128.000000 0.846289039 -0.022373553 0.379590750 -0.010016894 -0.847201109 -0.013385329 -0.531009257
1756587659902214400.000000 0.848770261 -0.022602681 0.378273666 -0.010420178 -0.846994936 -0.012994622 -0.531339943
1756587659935548672.000000 0.851073980 -0.022888348 0.377074540 -0.010910385 -0.846787155 -0.012127380 -0.531681657
1756587659968882688.000000 0.853625178 -0.022981392 0.376156151 -0.011779158 -0.846736372 -0.010732657 -0.531774104
1756587660002215936.000000 0.856623054 -0.022952590 0.374996543 -0.011893424 -0.846932232 -0.010228010 -0.531469464
1756587660068883968.000000 0.861780882 -0.024433462 0.372845590 0.011169074 0.846804261 0.011683268 0.531659126
1756587660102217472.000000 0.866501689 -0.023356484 0.371019721 0.010443207 0.846798062 0.012909445 0.531655252
1756587660135551232.000000 0.871173918 -0.022853024 0.368894160 0.009224210 0.846766531 0.014567507 0.531685293
1756587660168884736.000000 0.875099063 -0.023705259 0.366897941 -0.008692396 -0.846655548 -0.015622863 -0.531840980
1756587660202218496.000000 0.878294945 -0.023229059 0.365773499 -0.009214194 -0.846542120 -0.014843460 -0.532035112
1756587660235552000.000000 0.880638778 -0.023515340 0.364863932 -0.010177156 -0.846183002 -0.013754938 -0.532617807
1756587660268885504.000000 0.883194149 -0.023904648 0.363582194 -0.010997317 -0.845644951 -0.013283186 -0.533467233
1756587660302219008.000000 0.885296047 -0.024382632 0.362410963 -0.011397586 -0.845715880 -0.012854741 -0.533356786
1756587660335552256.000000 0.888078570 -0.024481352 0.361027122 -0.011620775 -0.846150398 -0.012694427 -0.532666326
1756587660368885504.000000 0.891152561 -0.024900544 0.359649062 -0.011441835 -0.846580625 -0.012776649 -0.531984210
1756587660435550720.000000 0.898209095 -0.024501603 0.356412292 -0.010782951 -0.848604560 -0.014048819 -0.528731227
1756587660468883968.000000 0.901730180 -0.024089165 0.353709877 -0.009723192 -0.852053046 -0.014691972 -0.523158848
1756587660502216960.000000 0.905436158 -0.023512743 0.350601375 -0.008363433 -0.856268346 -0.015742579 -0.516223669
1756587660535549952.000000 0.908403456 -0.023425797 0.347431362 -0.008808340 -0.859326065 -0.015880508 -0.511105776
1756587660568882688.000000 0.910211802 -0.024083871 0.344271421 0.009314071 0.862062991 0.015806235 0.506469071
1756587660602215424.000000 0.912788391 -0.024411323 0.341659486 0.010268847 0.864884734 0.015538243 0.501624942
1756587660635548416.000000 0.916201293 -0.024243059 0.339977980 -0.010755694 -0.868018746 -0.014576408 -0.496200949
1756587660668881152.000000 0.918910265 -0.024493806 0.338504493 -0.010626297 -0.870895803 -0.014421985 -0.491141140
1756587660702213632.000000 0.921754718 -0.024547799 0.336124718 -0.010887731 -0.873451889 -0.014206154 -0.486581475
1756587660735546112.000000 0.924128294 -0.024671359 0.332870066 -0.010776591 -0.875337720 -0.014771154 -0.483166248
1756587660802211328.000000 0.929744422 -0.024812125 0.328444719 -0.010648824 -0.874581516 -0.016841706 -0.484468937
1756587660835543296.000000 0.933096528 -0.024209853 0.327332735 -0.009660560 -0.873674512 -0.017470106 -0.486101210
1756587660868874752.000000 0.935982287 -0.024629686 0.326292038 -0.009746281 -0.873380482 -0.017496474 -0.486626625
1756587660902207232.000000 0.939094067 -0.024908546 0.324504733 -0.010355140 -0.873345554 -0.016858412 -0.486699313
1756587660935539200.000000 0.941253901 -0.024715494 0.323333561 -0.011238230 -0.873422921 -0.016044060 -0.486568302
1756587660968872448.000000 0.943352878 -0.024653656 0.321971059 -0.012088959 -0.873481154 -0.015325882 -0.486466497
1756587661002205696.000000 0.945852101 -0.024856681 0.320552051 -0.011961583 -0.873711884 -0.014901923 -0.486068338
1756587661035538944.000000 0.947895646 -0.024092415 0.316801488 0.011846787 0.873595834 0.014455631 0.486293226
1756587661102204672.000000 0.954205334 -0.023550421 0.313159049 0.011629943 0.873799860 0.015155965 0.485910326
1756587661135537408.000000 0.957302570 -0.023540059 0.311303675 0.011313405 0.873733401 0.015695924 0.486020207
1756587661168870144.000000 0.960452318 -0.023540117 0.311266363 -0.010361609 -0.873851180 -0.016127905 -0.485815555
1756587661202202880.000000 0.963437736 -0.023636289 0.309596658 -0.010358491 -0.873736620 -0.016812844 -0.485998362
1756587661235535360.000000 0.966554403 -0.023745196 0.307827711 -0.010164725 -0.873636067 -0.017484345 -0.486159533
1756587661268868096.000000 0.969267249 -0.023608759 0.305914521 -0.010331949 -0.873517931 -0.017644035 -0.486362398
1756587661302199296.000000 0.971785009 -0.023874169 0.304180980 -0.011366381 -0.873276532 -0.016926583 -0.486798197
1756587661368864000.000000 0.976098239 -0.024819121 0.301552534 -0.013337659 -0.873024106 -0.015045448 -0.487262517
1756587661402196480.000000 0.977854609 -0.024527919 0.299942851 -0.014049591 -0.873010814 -0.014588547 -0.487280160
1756587661435528192.000000 0.980695367 -0.024425700 0.298200607 -0.013856976 -0.873403966 -0.014698663 -0.486577362
1756587661468860672.000000 0.983683467 -0.024457810 0.296686888 -0.013129715 -0.873794019 -0.015046458 -0.485886127
1756587661502192640.000000 0.987789631 -0.024460033 0.294857264 -0.012051241 -0.874049246 -0.016060434 -0.485422283
1756587661568856576.000000 0.996332049 -0.023902375 0.288824439 0.009530656 0.874087989 0.018708972 0.485313773
1756587661602188288.000000 0.999328494 -0.023141734 0.287852526 0.009409430 0.874053478 0.018618127 0.485381842
1756587661635519744.000000 1.001104236 -0.023389053 0.287006259 0.010684736 0.873749793 0.017507222 0.485942990
1756587661668851712.000000 1.002633572 -0.024144920 0.286256194 0.012169463 0.873313606 0.015844727 0.486748695
1756587661702182912.000000 1.004486084 -0.025470423 0.284693003 -0.013838496 -0.872738004 -0.014340871 -0.487782001
1756587661735514624.000000 1.006267190 -0.026378762 0.283586144 -0.014607116 -0.872453988 -0.013736000 -0.488284796
1756587661802176256.000000 1.011024237 -0.026294520 0.280534625 -0.015269614 -0.871931612 -0.014390943 -0.489178002
1756587661835507712.000000 1.014876962 -0.026103318 0.278172493 -0.014611676 -0.872099280 -0.015991108 -0.488849252
1756587661868838912.000000 1.018677115 -0.025216488 0.275498986 -0.013523144 -0.872445941 -0.017411482 -0.488213181
1756587661902169856.000000 1.021979570 -0.025079001 0.273858190 -0.013116702 -0.872792423 -0.017293354 -0.487608731
1756587661935501568.000000 1.024879932 -0.025265133 0.272442460 -0.012772522 -0.873056352 -0.017117230 -0.487151414
1756587661968835584.000000 1.027485251 -0.025632713 0.270717621 -0.012845279 -0.872976422 -0.017197799 -0.487289906
1756587662035503616.000000 1.033492208 -0.025448509 0.267647743 -0.013453655 -0.872439027 -0.016303418 -0.488265634
1756587662068837376.000000 1.036219954 -0.025839657 0.266010761 -0.013597499 -0.872086585 -0.016119311 -0.488897055
1756587662102171392.000000 1.038793802 -0.025448311 0.264635563 0.013722726 0.872060478 0.015949545 0.488945693
1756587662135505152.000000 1.041540027 -0.025588872 0.263310194 0.013597704 0.872026443 0.016195096 0.489001751
1756587662168838912.000000 1.044560432 -0.025758823 0.261684775 0.013660239 0.871996343 0.016196508 0.489053667
1756587662202171648.000000 1.047638655 -0.025687879 0.260032892 0.013342231 0.872134507 0.016754763 0.488797277
1756587662268838656.000000 1.052890301 -0.024662990 0.256959438 -0.013825912 -0.872405350 -0.015710950 -0.488334835
1756587662302172160.000000 1.055616975 -0.025205679 0.255666971 -0.013980010 -0.872418404 -0.015134507 -0.488325417
1756587662335505408.000000 1.058297396 -0.025145415 0.253839731 -0.014198678 -0.872117460 -0.015505580 -0.488844723
1756587662368838912.000000 1.061136603 -0.025139101 0.252053976 -0.014169157 -0.871704638 -0.015957939 -0.489566892
1756587662402172160.000000 1.064132094 -0.025316719 0.250340462 -0.014090017 -0.871338844 -0.016696814 -0.490195304
1756587662435505408.000000 1.067248225 -0.025104970 0.248417258 -0.014319117 -0.871136248 -0.016905917 -0.490541399
1756587662468838400.000000 1.070301175 -0.025107000 0.246780396 -0.014201706 -0.871285975 -0.016949622 -0.490277290
1756587662502171392.000000 1.073119283 -0.024997791 0.244904518 -0.014242102 -0.871659398 -0.016841764 -0.489615589
1756587662568837376.000000 1.079086065 -0.025776654 0.241445661 -0.014217339 -0.871976495 -0.017143236 -0.489041001
1756587662602170368.000000 1.081914425 -0.025897672 0.239845753 -0.013525146 -0.871873498 -0.017721225 -0.489223599
1756587662635503360.000000 1.084778309 -0.024371784 0.238842368 0.012962838 0.872022986 0.017686360 0.488973647
1756587662668834816.000000 1.088295817 -0.024325175 0.236712217 0.012856537 0.871794641 0.018007070 0.489371657
1756587662702167552.000000 1.091408134 -0.023746397 0.234875798 0.012904378 0.871628344 0.017758949 0.489675611
1756587662735500288.000000 1.094836116 -0.023553805 0.233169675 -0.013292965 -0.871796966 -0.017599862 -0.489370644
1756587662768832768.000000 1.097321033 -0.023250647 0.231389165 -0.013514211 -0.871871352 -0.016738147 -0.489262342
1756587662835497984.000000 1.102637649 -0.023163881 0.228181958 -0.014592667 -0.871947229 -0.015200273 -0.489146292
1756587662868829952.000000 1.105311036 -0.023254456 0.227451324 -0.014468326 -0.872294307 -0.014717843 -0.488545537
1756587662902162432.000000 1.108103752 -0.023471845 0.226265430 -0.014021968 -0.872441292 -0.014563375 -0.488300681
1756587662935495168.000000 1.110798717 -0.023626432 0.224481821 -0.013596501 -0.871004343 -0.014761543 -0.490865231
1756587662968906752.000000 1.113535047 -0.023853472 0.223022342 -0.013644735 -0.867323756 -0.015088705 -0.497328579
1756587663002319104.000000 1.116755486 -0.023692105 0.221941113 -0.013648688 -0.862666488 -0.016388686 -0.505323350
1756587663035731712.000000 1.120287538 -0.023589479 0.222317576 -0.012675009 -0.858992457 -0.017754542 -0.511523426
1756587663069144832.000000 1.124665499 -0.023005821 0.222020507 -0.011549125 -0.856339395 -0.018716158 -0.515944958
1756587663102557184.000000 1.127367496 -0.022555824 0.221514583 0.012084321 0.853898227 0.017972007 0.519989312
1756587663169385472.000000 1.131796360 -0.023693448 0.221171737 0.014020055 0.848570287 0.014394687 0.528701067
1756587663202800384.000000 1.134692788 -0.024876032 0.222434640 -0.013990662 -0.845973909 -0.013682935 -0.532865107
1756587663236215552.000000 1.137922406 -0.024610642 0.221994400 -0.014215753 -0.844160080 -0.013305881 -0.535737634
1756587663269631488.000000 1.141498327 -0.024529723 0.220762491 -0.013743908 -0.844670415 -0.013605635 -0.534937441
1756587663303047424.000000 1.145635009 -0.024226513 0.219114423 -0.012468770 -0.845781744 -0.014444095 -0.533187747
1756587663336463872.000000 1.149948955 -0.023732301 0.216971636 -0.011162301 -0.846309960 -0.016452560 -0.532319784
1756587663403298304.000000 1.156302810 -0.023096832 0.213564515 -0.010844804 -0.845791042 -0.017473700 -0.533117890
1756587663436716032.000000 1.158453345 -0.023254460 0.212630749 -0.011671355 -0.845477939 -0.015799034 -0.533649087
1756587663470134272.000000 1.160519242 -0.023688454 0.211716652 -0.012836684 -0.845671594 -0.014276736 -0.533358276
1756587663503553024.000000 1.162666559 -0.024054840 0.210717678 -0.013248321 -0.845975757 -0.013466545 -0.532886624
1756587663536971008.000000 1.164467931 -0.024876676 0.208793998 0.013342399 0.846015513 0.013522024 0.532819867
1756587663603810816.000000 1.171103954 -0.024204092 0.206761122 0.012587938 0.845980704 0.014374439 0.532871127
1756587663637231104.000000 1.175106645 -0.024013128 0.205269098 0.011691651 0.845987439 0.015358038 0.532853544
1756587663670652160.000000 1.179165363 -0.023564126 0.203281283 0.010618484 0.845964074 0.016725477 0.532871783
1756587663737495296.000000 1.186632395 -0.025535878 0.198815584 -0.009850187 -0.845793188 -0.018717064 -0.533091545
1756587663770917120.000000 1.189046144 -0.025700133 0.197342753 -0.010482601 -0.845819473 -0.018288298 -0.533052683
1756587663804339968.000000 1.191426039 -0.025972549 0.196301341 -0.011048505 -0.845751584 -0.017778568 -0.533166230
1756587663837762816.000000 1.193897843 -0.026350681 0.195175409 -0.011244724 -0.845733702 -0.017610030 -0.533195972
1756587663871186176.000000 1.196761250 -0.026214540 0.193928242 -0.011229802 -0.845655322 -0.017590223 -0.533321261
1756587663904610048.000000 1.199859381 -0.026420362 0.192906618 -0.010748263 -0.845569491 -0.017806130 -0.533460140
1756587663938033664.000000 1.203047872 -0.026532535 0.191569090 -0.010441540 -0.845276475 -0.018946951 -0.533891141
1756587663971357952.000000 1.206655979 -0.026390865 0.189930439 -0.010032891 -0.844956517 -0.020154690 -0.534360886
1756587664004683520.000000 1.210027456 -0.026142819 0.188218594 -0.009958516 -0.844856501 -0.020324793 -0.534514010
1756587664071333632.000000 1.216019988 -0.025763866 0.185419559 0.011554311 0.845367730 0.017034030 0.533788145
1756587664104658688.000000 1.217409611 -0.026404608 0.184408665 0.012037166 0.845749259 0.015605564 0.533216596
1756587664137983488.000000 1.219781041 -0.026681507 0.183575392 0.012548561 0.846050799 0.015070334 0.532741547
1756587664171308032.000000 1.222320199 -0.026304256 0.182436585 0.012338902 0.845901906 0.015078508 0.532982647
1756587664204632832.000000 1.225771904 -0.026384113 0.180828810 0.011682502 0.845534861 0.016166512 0.533547521
1756587664271281152.000000 1.233127236 -0.025747841 0.177958608 -0.011184095 -0.845330536 -0.017035490 -0.533854961
1756587664304605440.000000 1.236128330 -0.025711177 0.176551819 -0.011315111 -0.845407844 -0.016934255 -0.533732891
1756587664337929216.000000 1.239260077 -0.025873005 0.175218463 -0.011601292 -0.845517993 -0.016833950 -0.533555567
1756587664371253248.000000 1.242241025 -0.025857270 0.173785329 -0.011357143 -0.845726132 -0.016799364 -0.533231795
1756587664404576768.000000 1.245626569 -0.025681924 0.172323942 -0.011137008 -0.846094429 -0.016868779 -0.532649815
1756587664437899264.000000 1.248902440 -0.025422724 0.171073675 -0.010686962 -0.846239924 -0.016798511 -0.532429934
1756587664504546048.000000 1.255671263 -0.025290417 0.168015003 -0.010497224 -0.846171677 -0.017097119 -0.532532811
1756587664537869312.000000 1.258268833 -0.025160789 0.167001724 -0.010493357 -0.846231759 -0.017005540 -0.532440186
1756587664571191808.000000 1.260986686 -0.025874916 0.166039705 -0.010664415 -0.846295476 -0.016620709 -0.532347798
1756587664604514816.000000 1.263479948 -0.025483198 0.165394306 0.011476818 0.846225619 0.015296434 0.532481611
1756587664637837312.000000 1.266047597 -0.025674537 0.164507270 0.012035247 0.845995724 0.014599685 0.532853961
1756587664671160064.000000 1.268468261 -0.026216209 0.163119316 -0.011912706 -0.845678747 -0.015108134 -0.533345401
1756587664737804544.000000 1.274777412 -0.025905937 0.160039425 -0.011146192 -0.845448196 -0.016104676 -0.533698201
1756587664771126784.000000 1.277920723 -0.025513817 0.158794880 -0.010960056 -0.845467806 -0.016356520 -0.533663332
1756587664804448768.000000 1.281391144 -0.025297605 0.157210708 -0.010394907 -0.845601380 -0.017185220 -0.533437014
1756587664837770752.000000 1.285025120 -0.024544813 0.155616760 -0.010084799 -0.845800579 -0.017351877 -0.533121586
1756587664871091456.000000 1.288333893 -0.024216548 0.154149652 -0.009735358 -0.845876038 -0.017795652 -0.532993555
1756587664904412672.000000 1.291696310 -0.024043189 0.152848482 -0.009419639 -0.846033871 -0.017508671 -0.532758296
1756587664937734656.000000 1.295368195 -0.024211796 0.151303649 -0.008732465 -0.846248627 -0.017539190 -0.532427847
1756587664971059456.000000 1.298508406 -0.023909844 0.150637031 -0.008733599 -0.846347392 -0.016839251 -0.532293260
1756587665037709824.000000 1.302222013 -0.025159238 0.148504376 0.009757533 0.845784843 0.015746217 0.533202529
1756587665071034368.000000 1.304890037 -0.024893641 0.147758126 -0.009878959 -0.845641553 -0.015035687 -0.533448040
1756587665104358912.000000 1.307297945 -0.025179271 0.146693230 -0.010217939 -0.845366120 -0.014626906 -0.533889413
1756587665137683456.000000 1.310367107 -0.025266659 0.145188332 -0.010006239 -0.844941258 -0.014893718 -0.534558117
1756587665171007744.000000 1.313556194 -0.025575697 0.143699288 -0.009749433 -0.844335854 -0.015247075 -0.535508752
1756587665237656064.000000 1.319691777 -0.025452867 0.140924931 -0.010281831 -0.843845129 -0.015928943 -0.536251903
1756587665270979840.000000 1.322925329 -0.025364036 0.139507532 -0.009954914 -0.843965709 -0.016411288 -0.536053717
1756587665304302592.000000 1.326089263 -0.024991639 0.138272882 -0.009897386 -0.844316304 -0.016105611 -0.535511613
1756587665337626368.000000 1.329042435 -0.024678083 0.136960030 -0.010079242 -0.844678760 -0.015530303 -0.534953475
1756587665370949888.000000 1.331787586 -0.024483543 0.135767579 -0.010460029 -0.844862700 -0.015259780 -0.534663379
1756587665404273152.000000 1.334898591 -0.025908161 0.134187222 0.010676630 0.844798625 0.015616454 0.534749866
1756587665470919424.000000 1.340031981 -0.025999015 0.132750273 -0.010576505 -0.844403803 -0.015575795 -0.535376430
1756587665504242432.000000 1.343275070 -0.025608798 0.131448150 -0.010510813 -0.844142675 -0.016328679 -0.535766900
1756587665537565184.000000 1.346480370 -0.025586370 0.129706860 -0.010192954 -0.843902946 -0.017140009 -0.536125064
1756587665570887936.000000 1.349181652 -0.025422748 0.128643394 -0.010826629 -0.843938887 -0.016482223 -0.536076784
1756587665604210432.000000 1.351615191 -0.025775144 0.127519011 -0.011667846 -0.844088197 -0.015131694 -0.535863876
1756587665637532672.000000 1.354154348 -0.026558261 0.126199484 -0.011505528 -0.844106138 -0.015044554 -0.535841525
1756587665704176896.000000 1.360311389 -0.026290201 0.123537302 -0.011490741 -0.844220877 -0.015274153 -0.535654545
1756587665737498880.000000 1.363476396 -0.026227068 0.121747255 -0.011690212 -0.844044447 -0.015769040 -0.535913944
1756587665770819840.000000 1.366473079 -0.026380701 0.120310068 -0.011337793 -0.844022870 -0.016602684 -0.535930276
1756587665804141312.000000 1.369885445 -0.025702117 0.118152380 0.011419211 0.843878448 0.016148869 0.536169767
1756587665870784512.000000 1.375585556 -0.027026290 0.116003871 -0.010575116 -0.844478786 -0.016421201 -0.535232842
1756587665904105728.000000 1.378287673 -0.027281884 0.114488840 -0.010722621 -0.844564974 -0.016353622 -0.535095990
1756587665937426944.000000 1.381046534 -0.027010594 0.113034606 -0.010959260 -0.844597280 -0.016224628 -0.535044074
1756587665970795008.000000 1.383759022 -0.027216176 0.111715198 -0.010806591 -0.844473243 -0.016173830 -0.535244465
1756587666004163072.000000 1.386660814 -0.027178604 0.110571742 -0.010834595 -0.844331384 -0.016128352 -0.535468996
1756587666037532160.000000 1.389335513 -0.026871789 0.109418035 -0.010617074 -0.844271839 -0.015903451 -0.535574019
1756587666104270592.000000 1.395493746 -0.027524134 0.106945753 -0.010736160 -0.843979180 -0.016325690 -0.536019981
1756587666137640960.000000 1.398449063 -0.027359711 0.105608463 -0.010657297 -0.843733609 -0.016455347 -0.536404073
1756587666171011328.000000 1.402311683 -0.027213043 0.103511453 0.010859975 0.843507349 0.016433867 0.536756277
1756587666204380928.000000 1.404733539 -0.026588745 0.103128910 -0.011239684 -0.843350589 -0.016199144 -0.537001908
1756587666237752320.000000 1.407497525 -0.026694838 0.102038860 -0.011743612 -0.843062222 -0.015939854 -0.537451565
1756587666271124224.000000 1.410295248 -0.027041098 0.101058483 -0.011732687 -0.843090296 -0.015947126 -0.537407577
1756587666304496384.000000 1.413240910 -0.026562812 0.099655986 -0.011901354 -0.843301773 -0.015673392 -0.537079871
1756587666337869056.000000 1.416178107 -0.026645331 0.097997546 -0.012097075 -0.843780100 -0.015555285 -0.536327183
1756587666371241984.000000 1.419249058 -0.027012382 0.096462011 -0.011867991 -0.843914866 -0.015886266 -0.536110640
1756587666437989120.000000 1.426011086 -0.026919983 0.093595147 -0.010794266 -0.843736112 -0.017237665 -0.536372840
1756587666471363328.000000 1.429066062 -0.026857939 0.092299581 -0.010737697 -0.843658447 -0.017409440 -0.536490500
1756587666504738048.000000 1.432124376 -0.026380267 0.090597868 0.011206666 0.843593657 0.016945183 0.536597669
1756587666538113280.000000 1.434273124 -0.026753040 0.088909268 -0.011668894 -0.843332648 -0.016670018 -0.537006557
1756587666604864768.000000 1.439059734 -0.027128121 0.086661339 -0.012513838 -0.843766749 -0.015573617 -0.536338091
1756587666638241024.000000 1.441931486 -0.027787466 0.085412979 -0.012305933 -0.844029307 -0.015418964 -0.535934150
1756587666671617024.000000 1.444761515 -0.027895311 0.084110260 -0.012117521 -0.844062507 -0.015378461 -0.535887361
1756587666704994304.000000 1.447745800 -0.027857661 0.082835913 -0.011771455 -0.844021022 -0.015778333 -0.535948694
1756587666738371840.000000 1.451095819 -0.027844319 0.080901980 -0.011345634 -0.844014704 -0.016684230 -0.535940468
1756587666771749632.000000 1.454722404 -0.027715843 0.079406977 -0.011003916 -0.844040990 -0.017036209 -0.535895050
1756587666838507520.000000 1.460389137 -0.027612993 0.076963902 -0.011400835 -0.843922853 -0.016314387 -0.536095202
1756587666871886848.000000 1.463472843 -0.027277943 0.075999141 0.011840011 0.843892932 0.015687790 0.536151588
1756587666905266176.000000 1.466508627 -0.026617000 0.075690389 -0.011756664 -0.844071448 -0.015292248 -0.535883784
1756587666938646272.000000 1.469601750 -0.026484087 0.074023962 -0.011205368 -0.843843877 -0.015931452 -0.536235154
1756587666971980032.000000 1.472927094 -0.026454840 0.072824955 -0.010450644 -0.843925953 -0.017023344 -0.536087751
1756587667005313280.000000 1.476303816 -0.026174774 0.071479559 -0.010205506 -0.843959391 -0.017121905 -0.536036670
1756587667071980288.000000 1.482086182 -0.025816005 0.068828344 -0.011155291 -0.844099879 -0.016383870 -0.535819590
1756587667105312512.000000 1.484462261 -0.025968786 0.067660213 -0.011715029 -0.844275951 -0.015185963 -0.535565436
1756587667138645760.000000 1.486866951 -0.026713278 0.066698432 -0.012113093 -0.844449818 -0.014475136 -0.535302162
1756587667171979008.000000 1.489282608 -0.027167087 0.065913200 -0.012191794 -0.844372153 -0.014318042 -0.535426855
1756587667205312000.000000 1.492132902 -0.027092867 0.063116670 0.012089990 0.843555629 0.014756665 0.536702812
1756587667271978240.000000 1.498521924 -0.025848942 0.062321782 -0.011522503 -0.838724673 -0.015700741 -0.544207454
1756587667305310976.000000 1.502223492 -0.025387747 0.062838912 -0.010414896 -0.835354865 -0.015712861 -0.549387813
1756587667338643712.000000 1.505507946 -0.025334997 0.063802123 -0.010616314 -0.832593560 -0.015188709 -0.553574443
1756587667371976704.000000 1.508129597 -0.025240876 0.064556360 -0.010977264 -0.829479575 -0.014077550 -0.558251739
1756587667405309440.000000 1.511697054 -0.025609335 0.065124631 -0.011030564 -0.826374292 -0.013606221 -0.562848866
1756587667438641664.000000 1.514282942 -0.026045434 0.065491199 -0.010777292 -0.822975934 -0.013519181 -0.567813158
1756587667471974656.000000 1.517360687 -0.025757279 0.065862656 -0.011226391 -0.819959283 -0.013164892 -0.572160423
1756587667538638336.000000 1.523099780 -0.025857329 0.065913200 -0.010143375 -0.813286483 -0.014167179 -0.581602514
1756587667571970816.000000 1.526928782 -0.026276281 0.063990831 0.009355959 0.809851587 0.015325487 0.586359978
1756587667605303296.000000 1.530401349 -0.025847092 0.065325618 0.009046543 0.807187617 0.014983885 0.590035498
1756587667638635520.000000 1.531965733 -0.026914107 0.063181877 -0.009049122 -0.802452624 -0.015367078 -0.596449375
1756587667671967488.000000 1.535165668 -0.027005682 0.063803554 -0.009021495 -0.799128771 -0.015325808 -0.600896835
1756587667705299968.000000 1.537248611 -0.027084332 0.063998103 -0.009443669 -0.795592904 -0.015100440 -0.605569839
1756587667771963904.000000 1.543095112 -0.027442846 0.064097166 -0.010313251 -0.789215028 -0.014145672 -0.613867462
1756587667805295616.000000 1.546110868 -0.027237948 0.064494491 -0.010289752 -0.785868824 -0.014094000 -0.618146956
1756587667838627328.000000 1.548942566 -0.027134096 0.065149188 -0.009984011 -0.782845974 -0.014145864 -0.621974647
1756587667871959296.000000 1.552454233 -0.026920658 0.065473795 -0.009623738 -0.779328048 -0.014100314 -0.626383603
1756587667905291008.000000 1.555155277 -0.027974281 0.066264749 0.008970057 0.776138484 0.014900591 0.630322695
1756587667971958528.000000 1.561868906 -0.027139073 0.066553473 -0.008054424 -0.768417954 -0.014700421 -0.639728844
1756587668005292544.000000 1.565328598 -0.026873343 0.066953063 -0.007921000 -0.764721632 -0.014843947 -0.644141138
1756587668038626560.000000 1.568499684 -0.026976321 0.067529917 -0.008053952 -0.761002004 -0.015193941 -0.648521662
1756587668071960576.000000 1.571337700 -0.026987236 0.067890167 -0.007749283 -0.757115245 -0.014987291 -0.653063416
1756587668138628608.000000 1.576588154 -0.027066534 0.069383502 -0.007911664 -0.749500632 -0.014199128 -0.661804140
1756587668171962624.000000 1.579354882 -0.027107725 0.070310473 -0.008211289 -0.745765150 -0.013935228 -0.666012645
1756587668205296128.000000 1.582412481 -0.027509328 0.071057916 -0.008865076 -0.741721690 -0.014036660 -0.670502424
1756587668238629888.000000 1.584314942 -0.027602872 0.071408272 0.008774534 0.737840056 0.014151609 0.674770176
1756587668305297152.000000 1.591352940 -0.027394317 0.072683215 0.008109163 0.730690420 0.014214207 0.682512820
1756587668338630656.000000 1.594481111 -0.027713338 0.074087143 0.008003538 0.727191985 0.014100835 0.686242700
1756587668371963904.000000 1.597730398 -0.027604800 0.075311065 0.007768677 0.723296583 0.013785974 0.690356195
1756587668405297152.000000 1.600392342 -0.027698524 0.075816989 0.007964513 0.719233394 0.013735330 0.694587171
1756587668438629632.000000 1.600945115 -0.028424475 0.076605439 -0.007719053 -0.715399146 -0.014277278 -0.698527575
1756587668505296128.000000 1.604689240 -0.028902501 0.078253984 -0.008034732 -0.707722723 -0.014190542 -0.706302106
1756587668538629120.000000 1.607289791 -0.028686576 0.079579711 -0.007884831 -0.704306960 -0.013793612 -0.709717751
1756587668571962112.000000 1.610251069 -0.028863769 0.080675483 -0.007299028 -0.700832546 -0.013963299 -0.713151872
1756587668605295104.000000 1.612826467 -0.029157057 0.082143903 -0.007032407 -0.697123408 -0.014101500 -0.716777980
1756587668638628352.000000 1.615361452 -0.028942082 0.083693981 -0.006959991 -0.693127394 -0.014123300 -0.720643163
1756587668705293824.000000 1.621363878 -0.028943736 0.086101770 -0.006393256 -0.684776306 -0.014556248 -0.728579938
1756587668738626816.000000 1.623840451 -0.028690912 0.087486148 -0.005836862 -0.681012511 -0.014444027 -0.732106090
1756587668771959552.000000 1.628422618 -0.028493853 0.087419391 0.005743211 0.676944196 0.013334435 0.735891163
1756587668805291776.000000 1.631418586 -0.028676337 0.088340402 0.006232138 0.672845006 0.012682123 0.739648581
1756587668871956224.000000 1.636340499 -0.028914914 0.091227651 0.007958375 0.663990974 0.011374105 0.747611761
1756587668905288448.000000 1.638435125 -0.028548017 0.092378616 0.008268809 0.659567118 0.011079008 0.751518607
1756587668938620928.000000 1.640907526 -0.028827326 0.094223499 0.008250323 0.655314684 0.011500255 0.755223453
1756587668971961856.000000 1.643953204 -0.028459912 0.095467448 0.007932374 0.650955200 0.011937170 0.758980930
1756587669005308672.000000 1.646963716 -0.028858557 0.096378326 0.007253054 0.646793962 0.012774179 0.762523353
1756587669072002048.000000 1.650592566 -0.028190035 0.098799109 0.006708359 0.638176143 0.013525688 0.769742310
1756587669105349120.000000 1.653184175 -0.028635314 0.100393534 0.006651202 0.634138584 0.013138702 0.773079276
1756587669138695936.000000 1.656075239 -0.029121624 0.102568984 0.006695338 0.629973710 0.012756724 0.776482821
1756587669205390080.000000 1.660301685 -0.029558117 0.105334759 0.007421824 0.620702386 0.012415031 0.783912838
1756587669238736896.000000 1.662699938 -0.029323496 0.106780529 0.008175657 0.616140366 0.012425798 0.787495971
1756587669272083712.000000 1.665186286 -0.029862653 0.107404232 0.008584732 0.611601055 0.012496840 0.791021049
1756587669305430016.000000 1.667029142 -0.029865256 0.108502388 0.008877233 0.607488036 0.012730678 0.794177234
1756587669338776832.000000 1.669192553 -0.029624701 0.110353708 0.008608832 0.603507400 0.012321494 0.797215760
1756587669405470976.000000 1.673943281 -0.029983206 0.113442421 0.008951325 0.595659256 0.012356826 0.803092301
1756587669438818048.000000 1.676374674 -0.028407261 0.113289237 0.009541661 0.590816796 0.012367614 0.806654513
1756587669472165120.000000 1.679228902 -0.028526029 0.114798903 0.008643762 0.586635530 0.012838977 0.809703171
1756587669505512192.000000 1.682487845 -0.028036814 0.116718769 0.008284577 0.582566082 0.012544765 0.812644362
1756587669572206336.000000 1.687883258 -0.027876224 0.120628238 0.008502988 0.573388159 0.012605337 0.819142759
1756587669605553408.000000 1.690829515 -0.027339866 0.122560263 0.008293374 0.568715334 0.012752595 0.822393835
1756587669638900480.000000 1.692484736 -0.027667705 0.124457836 0.008416899 0.564272761 0.012977266 0.825443566
1756587669672247808.000000 1.693795085 -0.027518693 0.125690222 0.008896030 0.560116708 0.012498070 0.828271687
1756587669705595136.000000 1.694837809 -0.028044917 0.127258718 0.008983627 0.556000292 0.012132816 0.831045032
1756587669772288512.000000 1.700251818 -0.028875977 0.129979432 0.008754774 0.546647370 0.012015562 0.837230921
1756587669805635584.000000 1.703652024 -0.028540101 0.133025885 0.008477291 0.542101860 0.012367571 0.840179026
1756587669838983168.000000 1.706542730 -0.028204430 0.134934664 0.007807917 0.537476838 0.012360676 0.843151748
1756587669872330496.000000 1.709500790 -0.027826482 0.137585938 0.007515757 0.532745719 0.012449208 0.846150458
1756587669905677824.000000 1.712080717 -0.027806846 0.140224934 0.007655836 0.527971089 0.012679131 0.849133193
1756587669972372224.000000 1.715844989 -0.028078683 0.144167960 0.006766517 0.518564880 0.012346925 0.854922354
1756587670005705728.000000 1.717466474 -0.027901175 0.146937430 0.007142519 0.513644993 0.011557817 0.857895255
1756587670039039488.000000 1.719583035 -0.028220786 0.148589909 0.007367015 0.508180320 0.011737795 0.861139297
1756587670072372992.000000 1.721291780 -0.027736261 0.151098311 0.007298379 0.503229916 0.011604503 0.864043891
1756587670105705984.000000 1.723792553 -0.028178848 0.154725313 0.006934891 0.499143690 0.010974427 0.866422057
1756587670172372480.000000 1.725909591 -0.029129239 0.156444013 0.005961984 0.488997370 0.011354426 0.872191012
1756587670205704704.000000 1.728526831 -0.028583830 0.158407390 0.006067478 0.484111339 0.011666983 0.874907613
1756587670239037440.000000 1.730551243 -0.028016541 0.161710560 0.005811459 0.479463667 0.011208239 0.877470911
1756587670272370688.000000 1.733051181 -0.027621228 0.164901018 0.005675260 0.475051045 0.010960911 0.879871666
1756587670339036416.000000 1.736878514 -0.027363390 0.169394493 0.005235016 0.464517832 0.010680085 0.885483921
1756587670372369152.000000 1.738771915 -0.027318031 0.171865225 0.004971648 0.459448338 0.010473570 0.888128877
1756587670405701888.000000 1.740171432 -0.027251281 0.174060404 0.005009469 0.454315990 0.010109798 0.890769243
1756587670439034368.000000 1.741293311 -0.027272834 0.176803887 0.005525345 0.449319005 0.009990796 0.893298507
1756587670505699328.000000 1.744580746 -0.029051775 0.180888414 0.004799243 0.440217018 0.009367914 0.897829711
1756587670539032064.000000 1.746612191 -0.028168457 0.183222055 0.005355565 0.435429066 0.009525838 0.900156796
1756587670572364288.000000 1.748959064 -0.028375847 0.185794532 0.004645556 0.430394411 0.009394564 0.902580202
1756587670605696512.000000 1.751250267 -0.027662639 0.189058065 0.004122965 0.425498992 0.009517846 0.904899478
1756587670639027712.000000 1.752970576 -0.027347466 0.191750526 0.003588133 0.420473516 0.009704181 0.907245874
1756587670672360192.000000 1.754136920 -0.027520850 0.194282413 0.003527008 0.415406793 0.009437868 0.909579992
1756587670739024128.000000 1.755834579 -0.027843190 0.199771076 0.003899090 0.405126750 0.008502739 0.914212763
1756587670772356096.000000 1.757684946 -0.027724512 0.201938331 0.003967238 0.399912983 0.008382244 0.916506290
1756587670805687808.000000 1.759330750 -0.027751133 0.205286413 0.003558446 0.394881368 0.008269394 0.918687999
1756587670839019776.000000 1.760213375 -0.028924283 0.206652492 0.002298813 0.389445364 0.008611062 0.921006441
1756587670872351488.000000 1.762494683 -0.027781036 0.208506227 0.001725069 0.383626878 0.008977287 0.923442960
1756587670905682944.000000 1.764447570 -0.027458418 0.210971147 0.001362216 0.378247976 0.008926638 0.925660312
1756587670972346624.000000 1.766841292 -0.027728222 0.215409458 0.002570497 0.367690116 0.008573067 0.929905295
1756587671005681920.000000 1.767708063 -0.026781922 0.218728483 0.003648993 0.362924278 0.007679882 0.931779861
1756587671039014656.000000 1.768093586 -0.027083717 0.221712708 0.004077155 0.358205169 0.006438715 0.933611810
1756587671072347392.000000 1.769116402 -0.026804490 0.224070221 0.004472427 0.352894545 0.006134201 0.935632348
1756587671105679104.000000 1.770429134 -0.026506998 0.226575136 0.004160744 0.347086728 0.006503996 0.937801301
1756587671172343808.000000 1.773288250 -0.026077222 0.233403772 0.002326387 0.336771667 0.007498858 0.941553652
1756587671205676032.000000 1.772967815 -0.029301859 0.237075478 0.001141381 0.332441330 0.007319461 0.943094850
1756587671239008256.000000 1.775470138 -0.027468625 0.236419111 0.002095553 0.326566398 0.006838261 0.945147276
1756587671272340480.000000 1.776317596 -0.027238617 0.238359332 0.002609314 0.321294785 0.006492174 0.946953416
1756587671305672704.000000 1.777445793 -0.027391497 0.240735739 0.002856683 0.315983474 0.006448928 0.948738515
1756587671339004672.000000 1.778060675 -0.027642807 0.243907988 0.002669406 0.310986102 0.006382117 0.950389385
1756587671372336640.000000 1.778684616 -0.027950043 0.247152895 0.001773129 0.305814743 0.006344589 0.952068269
1756587671405668608.000000 1.779702187 -0.027393475 0.250841677 0.001311138 0.300853580 0.006599014 0.953646660
1756587671472332032.000000 1.781144023 -0.027220618 0.256048918 0.000582676 0.290683180 0.006190251 0.956799209
1756587671505663744.000000 1.782052398 -0.027508523 0.258650303 0.001946872 0.285482585 0.005812992 0.958364308
1756587671538994432.000000 1.783943653 -0.027443597 0.260552049 0.003013770 0.279796600 0.005668134 0.960037887
1756587671572325888.000000 1.783823133 -0.028448379 0.260421395 0.002997879 0.274028927 0.005582413 0.961700559
1756587671605657600.000000 1.783501983 -0.029155368 0.262926966 0.002082541 0.268409193 0.005654338 0.963286161
1756587671638988800.000000 1.784291506 -0.028446941 0.266407669 0.001814761 0.263179094 0.005699921 0.964728534
1756587671672320000.000000 1.784591675 -0.027840288 0.269527376 0.000903336 0.257955462 0.005601687 0.966140211
1756587671738982400.000000 1.785585880 -0.028185386 0.274894059 0.000814823 0.246927112 0.005351648 0.969018936
1756587671772313600.000000 1.786512375 -0.028436599 0.277837336 0.000455719 0.241050035 0.005535295 0.970496833
1756587671805644544.000000 1.787779808 -0.028194057 0.280688226 0.000921778 0.235369816 0.005609220 0.971889317
1756587671838975488.000000 1.788499713 -0.028142447 0.283434570 0.000913043 0.229903460 0.005126800 0.973199546
1756587671872306432.000000 1.786210895 -0.030110860 0.287845582 0.000501177 0.225700319 0.004436188 0.974186599
1756587671905637120.000000 1.789716601 -0.028784243 0.288197458 0.001254272 0.218523741 0.005257948 0.975816727
1756587671938967808.000000 1.790413976 -0.028789818 0.290675670 0.000964061 0.212398067 0.005274290 0.977168620
1756587671972298496.000000 1.791226625 -0.029063867 0.293129385 0.000416517 0.206810862 0.006004507 0.978362441
1756587672005628928.000000 1.791611552 -0.028973214 0.295939445 -0.000265886 0.201464266 0.005816410 0.979478657
1756587672038960128.000000 1.792252064 -0.028893562 0.298905849 -0.000896640 0.196341202 0.005665481 0.980518937
1756587672072291840.000000 1.792567015 -0.028851122 0.301753908 -0.001092290 0.190984696 0.005511779 0.981576920
1756587672105622784.000000 1.793269753 -0.028905066 0.304388553 -0.000710814 0.185598120 0.005499281 0.982610106
1756587672138954240.000000 1.793488026 -0.029147081 0.306725025 -0.000200142 0.179720864 0.005408704 0.983702779
1756587672205616128.000000 1.791818500 -0.028857358 0.315132320 -0.001161992 0.169654652 0.004816057 0.985491097
1756587672238946816.000000 1.793347359 -0.030474899 0.315925837 -0.002108753 0.163493365 0.005095874 0.986529112
1756587672272277760.000000 1.793560505 -0.029817123 0.318358153 -0.001213885 0.158041552 0.004991879 0.987419128
1756587672305608704.000000 1.793210506 -0.029628687 0.321198374 -0.000336461 0.152381510 0.005011861 0.988309026
1756587672338939136.000000 1.793118954 -0.029446954 0.323692560 -0.000237063 0.146699592 0.004872561 0.989169121
1756587672372269824.000000 1.793376207 -0.029410291 0.327110976 -0.000296011 0.141624436 0.004704290 0.989909232
1756587672405600256.000000 1.793339252 -0.029656788 0.329997689 -0.000130251 0.136664703 0.004222315 0.990608394
1756587672438929920.000000 1.792819858 -0.029719148 0.332686067 0.000217241 0.131234437 0.003980693 0.991343439
1756587672472260096.000000 1.792411804 -0.030029040 0.335513920 -0.000136283 0.125478089 0.003984228 0.992088437
1756587672505590272.000000 1.791549206 -0.031611010 0.336469799 -0.001361696 0.119577542 0.004082024 0.992815614
1756587672572250112.000000 1.793611288 -0.031983186 0.343084902 -0.000445302 0.115025081 0.004057198 0.993354261
1756587672605580288.000000 1.795154333 -0.031804752 0.345768958 -0.000410579 0.116471335 0.004720840 0.993182719
1756587672638909952.000000 1.796922803 -0.032411799 0.348740786 -0.002384774 0.118854143 0.004754841 0.992897511
1756587672672240128.000000 1.798445344 -0.031862378 0.351850778 -0.001428761 0.120025635 0.004776873 0.992758334
1756587672705569536.000000 1.799526215 -0.032031439 0.354605854 -0.000668526 0.120142967 0.005218206 0.992742658
1756587672738899200.000000 1.800097346 -0.031905238 0.357019961 0.000315216 0.119486652 0.004656939 0.992824912
1756587672772228608.000000 1.800555229 -0.032137249 0.360106438 0.000770506 0.119409703 0.004480870 0.992834687
1756587672805558272.000000 1.800887823 -0.032028969 0.363630176 0.000177874 0.119308248 0.004092597 0.992848814
1756587672838887424.000000 1.800404072 -0.032292068 0.367914796 -0.000968287 0.120046340 0.003882162 0.992760241
1756587672905544960.000000 1.802429914 -0.032167874 0.374996036 -0.001370596 0.119404070 0.004168590 0.992836118
1756587672938874112.000000 1.803659916 -0.031524561 0.378472179 -0.001270050 0.118696667 0.004376277 0.992920160
1756587672972203008.000000 1.804550290 -0.031333078 0.380671918 -0.001142755 0.118297786 0.004585641 0.992967010
1756587673005536000.000000 1.805618286 -0.031117868 0.382699370 -0.000478760 0.117757671 0.004367596 0.993032753
1756587673038869248.000000 1.806585670 -0.031555507 0.384623647 0.000266981 0.114753008 0.004022297 0.993385911
1756587673072201984.000000 1.807196021 -0.032924086 0.386271507 0.000640285 0.108705305 0.005089313 0.994060814
1756587673105534464.000000 1.806025505 -0.032729220 0.391966820 -0.000986524 0.102699921 0.004619575 0.994701207
1756587673138867456.000000 1.804337263 -0.032660294 0.394907087 -0.002839372 0.096001111 0.003671567 0.995370448
1756587673172199936.000000 1.803531766 -0.032591317 0.398059815 -0.003019318 0.090885669 0.003558905 0.995850444
1756587673205532672.000000 1.803435564 -0.032726076 0.400398433 -0.002610329 0.085368767 0.003504042 0.996339858
1756587673238864896.000000 1.803799987 -0.032657113 0.403381258 -0.001872154 0.079218946 0.004093496 0.996847093
1756587673272197376.000000 1.803267002 -0.032723736 0.406414777 -0.002404332 0.073380254 0.004221241 0.997292280
1756587673305528832.000000 1.802898526 -0.032576665 0.409020573 -0.002778089 0.068225272 0.003853164 0.997658670
1756587673372193280.000000 1.801337600 -0.032826047 0.414143145 -0.002479022 0.057429399 0.002883992 0.998342335
1756587673405525504.000000 1.800950050 -0.034190938 0.417079836 -0.003150553 0.051953550 0.002797486 0.998640597
1756587673438857216.000000 1.800505161 -0.034216866 0.419343114 -0.003007576 0.046338204 0.002618359 0.998917878
1756587673472189440.000000 1.799576163 -0.033898819 0.422638327 -0.002648235 0.040562205 0.002509987 0.999170423
1756587673505521408.000000 1.798906326 -0.033630881 0.425434381 -0.002416616 0.034636173 0.002287903 0.999394536
1756587673538853120.000000 1.798461676 -0.033362363 0.428547949 -0.002459731 0.028524837 0.002045590 0.999588013
1756587673572185088.000000 1.797844768 -0.033683192 0.430986494 -0.002944995 0.022981668 0.002625734 0.999728143
1756587673605516800.000000 1.796784401 -0.033654526 0.433937460 -0.003081126 0.017556628 0.002294388 0.999838591
1756587673638848256.000000 1.795963764 -0.033241902 0.436948299 -0.002518222 0.012009053 0.002163139 0.999922395
1756587673672179968.000000 1.795682192 -0.034756046 0.437887788 -0.003244984 0.006326539 0.001833585 0.999973059
1756587673738842624.000000 1.793747067 -0.034359600 0.445491642 -0.003377376 -0.004530115 0.002041141 0.999981999
1756587673772173056.000000 1.793262601 -0.034155287 0.448048651 -0.002566748 -0.009855614 0.001720417 0.999946713
1756587673805504256.000000 1.792398453 -0.034166407 0.450333863 -0.002423965 -0.015124125 0.001726909 0.999881208
1756587673838835456.000000 1.789767265 -0.034305990 0.452295691 -0.002385510 -0.020675935 0.001381961 0.999782443
1756587673872166400.000000 1.788661242 -0.034424335 0.454473078 -0.002576633 -0.026306350 0.001515714 0.999649525
1756587673938828800.000000 1.786744237 -0.035397958 0.458917707 -0.004031757 -0.038145028 0.001577963 0.999262869
1756587673972159744.000000 1.785740495 -0.035208885 0.462333918 -0.004666119 -0.043478392 0.001608053 0.999042213
1756587674005492480.000000 1.785845399 -0.034255121 0.468129396 -0.004751909 -0.049105629 0.001590647 0.998781085
1756587674072157952.000000 1.783243179 -0.034540247 0.472956002 -0.004502470 -0.060022362 0.001422040 0.998185873
1756587674105490432.000000 1.782396913 -0.034610052 0.475585550 -0.004333739 -0.065632373 0.001425571 0.997833490
1756587674172155648.000000 1.779783368 -0.034535125 0.480955184 -0.004284989 -0.076153070 0.001322785 0.997086108
1756587674205486848.000000 1.778228283 -0.034238674 0.483860016 -0.004581627 -0.081607245 0.000891599 0.996653676
1756587674238819072.000000 1.776636124 -0.033901110 0.486747086 -0.004263808 -0.084774405 0.000809668 0.996390700
1756587674305483264.000000 1.775359273 -0.034804389 0.493952602 -0.005549663 -0.084599629 0.001384661 0.996398628
1756587674338815744.000000 1.775059462 -0.035232879 0.497784376 -0.007112590 -0.083284281 0.001342750 0.996499598
1756587674405479424.000000 1.774867535 -0.034744609 0.503924727 -0.005979276 -0.081885345 0.001424817 0.996622860
1756587674438811392.000000 1.774619579 -0.034902271 0.506096601 -0.004505018 -0.081095040 0.001871542 0.996694505
1756587674505474560.000000 1.773865938 -0.035477210 0.510898769 -0.001588039 -0.079994194 0.001442809 0.996793032
1756587674538806528.000000 1.773345470 -0.035680968 0.514187992 -0.001377000 -0.080036514 0.001704214 0.996789575
1756587674605469184.000000 1.771629691 -0.035138462 0.521771789 -0.003488375 -0.081132837 0.000999016 0.996696711
1756587674672130816.000000 1.770120502 -0.035316627 0.527880013 -0.004373773 -0.087845303 0.002092774 0.996122420
1756587674705462272.000000 1.768317938 -0.035143469 0.530697465 -0.004977853 -0.094294198 0.001140809 0.995531261
1756587674772124416.000000 1.765181065 -0.034821499 0.535608411 -0.004489490 -0.109168656 0.000684509 0.994012952
1756587674805455104.000000 1.763769984 -0.034738969 0.537798643 -0.004002025 -0.115738407 0.000876049 0.993271291
1756587674838786048.000000 1.761886358 -0.034768343 0.539942980 -0.003931619 -0.121480249 0.000466605 0.992586017
1756587674905447680.000000 1.758005381 -0.034255721 0.545672178 -0.004810507 -0.132301271 0.000066993 0.991197884
1756587674938778624.000000 1.756651282 -0.034330908 0.548157275 -0.005091755 -0.137912989 0.000194264 0.990431309
1756587675005472768.000000 1.753844857 -0.033740222 0.552384138 -0.003287694 -0.149158508 0.000189528 0.988807797
1756587675038884096.000000 1.751783609 -0.035120837 0.553281963 -0.002393473 -0.154514372 0.000014739 0.987987638
1756587675105707264.000000 1.748744726 -0.035705537 0.557459593 -0.002553783 -0.165790021 -0.000203217 0.986157775
1756587675139120128.000000 1.746962309 -0.035768203 0.559780300 -0.003510523 -0.171330333 -0.000460080 0.985207319
1756587675172533248.000000 1.744628668 -0.035362948 0.563016415 -0.004759783 -0.177086487 -0.000811236 0.984183490
1756587675239360768.000000 1.740564585 -0.034935527 0.568315148 -0.005925505 -0.187863246 -0.001161269 0.982176602
1756587675306190336.000000 1.736658454 -0.034812659 0.572050095 -0.004434734 -0.198985726 -0.001203696 0.979991674
1756587675339605504.000000 1.734963179 -0.034826010 0.574098587 -0.003377397 -0.202124059 -0.000634675 0.979353905
1756587675406437376.000000 1.732147932 -0.035763919 0.580009341 -0.004127830 -0.200805679 -0.001172280 0.979621708
1756587675439853824.000000 1.730596900 -0.034757022 0.584967911 -0.006674870 -0.198277146 -0.001787734 0.980121672
1756587675506688768.000000 1.728858948 -0.035516396 0.591754854 -0.006185381 -0.197098374 -0.001384843 0.980363309
1756587675540105472.000000 1.727780700 -0.035636302 0.594005227 -0.005028378 -0.197472870 -0.001158324 0.980294824
1756587675606942720.000000 1.725710511 -0.036394991 0.599006712 -0.004531403 -0.197311312 -0.001027073 0.980329931
1756587675640361728.000000 1.724257708 -0.036281265 0.602189422 -0.004622108 -0.196924359 -0.001615766 0.980406463
1756587675707201536.000000 1.721616864 -0.036252569 0.608895123 -0.005559142 -0.198078066 -0.001493926 0.980169415
1756587675740621824.000000 1.720320702 -0.036413439 0.612309158 -0.005801517 -0.198562860 -0.001308354 0.980070174
1756587675807464192.000000 1.717957020 -0.036261857 0.618567765 -0.005967549 -0.198176399 -0.001548070 0.980147004
1756587675874307840.000000 1.715351462 -0.036349636 0.624464154 -0.005898889 -0.198414922 -0.001710825 0.980098963
1756587675907730688.000000 1.714122295 -0.036516067 0.627425551 -0.005870694 -0.198669031 -0.001280836 0.980048299
1756587675974576128.000000 1.711781859 -0.036767650 0.633782983 -0.006151755 -0.199067503 -0.001409846 0.979965508
1756587676007965184.000000 1.709736943 -0.036087021 0.636869907 -0.006015814 -0.198518887 -0.001689449 0.980077147
1756587676074615808.000000 1.707068205 -0.036198802 0.642832756 -0.005842340 -0.199032038 -0.001593117 0.979974329
1756587676107940608.000000 1.705590010 -0.035848752 0.645929694 -0.005523195 -0.199347720 -0.001384117 0.979912341
1756587676174590464.000000 1.703749537 -0.036043648 0.652300775 -0.005577658 -0.198978513 -0.000986698 0.979987562
1756587676241239552.000000 1.701465726 -0.035893861 0.658279955 -0.005656695 -0.197998360 -0.001534876 0.980184853
1756587676274563840.000000 1.700456262 -0.035857312 0.661430776 -0.005629611 -0.198487937 -0.001158733 0.980086505
1756587676341212160.000000 1.697737932 -0.036684517 0.667098939 -0.005924107 -0.200820833 -0.001172265 0.979609430
1756587676374535936.000000 1.696097016 -0.036125913 0.669977665 -0.005167262 -0.205644712 -0.000739900 0.978612840
1756587676407859712.000000 1.693960905 -0.036094330 0.672505140 -0.005603724 -0.212139040 -0.001007019 0.977222919
1756587676474505984.000000 1.689635873 -0.035955254 0.676594198 -0.005604444 -0.223324969 -0.001234625 0.974727213
1756587676541152512.000000 1.685720921 -0.035692535 0.679768026 -0.004347860 -0.233711898 -0.001547474 0.972294986
1756587676574475520.000000 1.683289528 -0.035284497 0.681168497 -0.004717716 -0.240751192 -0.002028692 0.970573306
1756587676641121280.000000 1.678546667 -0.035002429 0.685005724 -0.004591429 -0.254195511 -0.001641711 0.967140615
1756587676674444288.000000 1.676395178 -0.035019282 0.687049389 -0.004444876 -0.259565383 -0.001794480 0.965713680
1756587676741088768.000000 1.672396302 -0.036919855 0.691294551 -0.006505969 -0.270287752 -0.002197790 0.962755144
1756587676774411264.000000 1.670457125 -0.036791224 0.693181276 -0.006122251 -0.275283307 -0.002063406 0.961341500
1756587676841055232.000000 1.666047931 -0.037014175 0.696325481 -0.005487966 -0.286187202 -0.002664569 0.958154321
1756587676874376192.000000 1.663939714 -0.037144482 0.697791040 -0.005432189 -0.292181998 -0.002435684 0.956344306
1756587676941019392.000000 1.659221411 -0.036834501 0.701347172 -0.004806729 -0.300502688 -0.001901751 0.953767002
1756587677007663616.000000 1.654610872 -0.036458809 0.707164884 -0.006330912 -0.297594130 -0.003089123 0.954666495
1756587677040988672.000000 1.652725101 -0.036606234 0.710528135 -0.006893795 -0.295939058 -0.002972510 0.955177367
1756587677107638528.000000 1.649933457 -0.037137989 0.716723740 -0.006968111 -0.295728683 -0.002640730 0.955242932
1756587677140963328.000000 1.648339152 -0.037430279 0.718700409 -0.006718935 -0.295862764 -0.002730757 0.955202997
1756587677207612160.000000 1.645202756 -0.037496615 0.723905265 -0.006292599 -0.296302348 -0.002074993 0.955071270
1756587677240936704.000000 1.643353462 -0.037288651 0.727020979 -0.006486507 -0.296310425 -0.002011456 0.955067575
1756587677307583744.000000 1.639683366 -0.037302256 0.732887506 -0.006735341 -0.295740545 -0.002122449 0.955242217
1756587677340907776.000000 1.637577295 -0.037198443 0.735469401 -0.006898073 -0.295297414 -0.002582399 0.955377042
1756587677407554816.000000 1.633753896 -0.037268244 0.741015911 -0.006958725 -0.295349330 -0.002362298 0.955361128
1756587677440878336.000000 1.631868124 -0.037249975 0.743802547 -0.007174830 -0.295832336 -0.002568948 0.955209494
1756587677507524608.000000 1.628482819 -0.037220333 0.749720991 -0.007167432 -0.296859562 -0.001930719 0.954892337
1756587677574170624.000000 1.624850869 -0.037263781 0.755298495 -0.007236475 -0.297323465 -0.001742076 0.954747796
1756587677607493120.000000 1.623248816 -0.037579205 0.758044720 -0.007227857 -0.297315627 -0.001401727 0.954750896
1756587677640815872.000000 1.621395946 -0.037729125 0.761084020 -0.007575206 -0.297186881 -0.001444425 0.954788208
1756587677707460352.000000 1.617569447 -0.037292965 0.766334891 -0.007422995 -0.296236247 -0.001983443 0.955083847
1756587677774103296.000000 1.613930106 -0.037254058 0.771934927 -0.006965977 -0.296400964 -0.002076859 0.955035985
1756587677807425536.000000 1.611862183 -0.037440617 0.774345458 -0.007016913 -0.296921730 -0.002273442 0.954873443
1756587677874068480.000000 1.608709216 -0.038216308 0.779459655 -0.007375253 -0.305822670 -0.001333756 0.952059031
1756587677940711424.000000 1.602761507 -0.037686627 0.782764852 -0.009205986 -0.320617437 -0.002546958 0.947160661
1756587677974032384.000000 1.599987388 -0.038264088 0.784339726 -0.009199454 -0.326128811 -0.002664524 0.945276856
1756587678007355392.000000 1.597362638 -0.038322255 0.785987377 -0.008547654 -0.330965251 -0.002332590 0.943601370
1756587678074007552.000000 1.592789769 -0.038707003 0.789140105 -0.008689967 -0.341395944 -0.002409630 0.939876378
1756587678107333120.000000 1.590415001 -0.039019745 0.790867984 -0.008838889 -0.346541762 -0.002639171 0.937989235
1756587678173984512.000000 1.586320758 -0.038465541 0.792820275 -0.007726586 -0.356814235 -0.002087424 0.934141099
1756587678207309056.000000 1.584088445 -0.038805172 0.795198083 -0.008199899 -0.362549841 -0.002414074 0.931925178
1756587678240634112.000000 1.581671953 -0.038700767 0.797021985 -0.008296189 -0.367856830 -0.002367289 0.929842412
1756587678307284480.000000 1.576244235 -0.038877565 0.799955368 -0.009059500 -0.378000319 -0.003150253 0.925755799
1756587678340609280.000000 1.573339701 -0.038429268 0.801670492 -0.009312304 -0.383176565 -0.003393983 0.923621953
1756587678407258624.000000 1.567739964 -0.037575006 0.804472566 -0.009552206 -0.393028557 -0.003644394 0.919469416
1756587678440583168.000000 1.565290093 -0.037624702 0.805406213 -0.009040693 -0.397941142 -0.003805991 0.917358518
1756587678473907456.000000 1.562862158 -0.038217388 0.807170153 -0.008855313 -0.403503180 -0.003928491 0.914926946
1756587678540555776.000000 1.557239056 -0.038234659 0.809324265 -0.009309558 -0.414244831 -0.004480286 0.910106897
1756587678573879808.000000 1.554283857 -0.037509419 0.810333252 -0.009356550 -0.419493973 -0.004699408 0.907697797
1756587678640527104.000000 1.548358321 -0.037016138 0.812588453 -0.009712362 -0.430050403 -0.004810713 0.902739823
1756587678673849600.000000 1.545284986 -0.036997028 0.813720226 -0.010018741 -0.435090899 -0.004817579 0.900317967
1756587678707173120.000000 1.542758465 -0.036631450 0.815102875 -0.010096654 -0.440116554 -0.004479250 0.897872746
1756587678773819392.000000 1.537114143 -0.036416378 0.816688776 -0.010086214 -0.449685663 -0.005500081 0.893113077
1756587678807142144.000000 1.534386635 -0.036706571 0.817777753 -0.010225708 -0.454922020 -0.005572478 0.890455186
1756587678840465408.000000 1.531213284 -0.036953103 0.817422271 -0.010343847 -0.459446937 -0.006054197 0.888124406
1756587678907110656.000000 1.524902582 -0.036358666 0.819552183 -0.010541252 -0.469329834 -0.006520411 0.882935941
1756587678940432896.000000 1.522255778 -0.036783185 0.820420325 -0.010971845 -0.474346608 -0.006714369 0.880244255
1756587679007092224.000000 1.515617847 -0.037127368 0.821352541 -0.011277472 -0.483577996 -0.007147582 0.875199497
1756587679040460288.000000 1.512884736 -0.037465062 0.821757317 -0.011195703 -0.488301128 -0.007103332 0.872574508
1756587679073829120.000000 1.509961605 -0.037250545 0.822232485 -0.010914584 -0.492941439 -0.007647512 0.869960427
1756587679140566528.000000 1.504093885 -0.037171185 0.823160291 -0.010451646 -0.502450228 -0.007552668 0.864509940
1756587679173936896.000000 1.501260400 -0.036768563 0.823655128 -0.010589431 -0.507394135 -0.007798678 0.861613750
1756587679240677888.000000 1.496162653 -0.036717866 0.824361801 -0.009988018 -0.517592013 -0.007364234 0.855537593
1756587679274049024.000000 1.493420124 -0.037111532 0.823705673 -0.010406977 -0.522348940 -0.006679655 0.852642238
1756587679307420672.000000 1.490386248 -0.037106354 0.824428082 -0.010868874 -0.527281940 -0.007064380 0.849591434
1756587679374164992.000000 1.484377146 -0.037473287 0.826615930 -0.011746315 -0.537232399 -0.007689684 0.843317449
1756587679407538176.000000 1.481342793 -0.037157852 0.827760518 -0.012202247 -0.542286634 -0.007874541 0.840068042
1756587679440911360.000000 1.478101015 -0.036603961 0.828310251 -0.012879095 -0.546980798 -0.008014970 0.837007761
1756587679507659520.000000 1.472324371 -0.036446605 0.829044282 -0.013046821 -0.556061149 -0.008738665 0.830993056
1756587679541032960.000000 1.468992233 -0.036586534 0.828740239 -0.012434842 -0.560705423 -0.008523790 0.827878177
1756587679607783680.000000 1.464479923 -0.036672644 0.829034150 -0.011096057 -0.570560694 -0.006748955 0.821152747
1756587679641159424.000000 1.462866545 -0.037326731 0.828448951 -0.010522763 -0.575187802 -0.006515058 0.817927837
1756587679707912448.000000 1.455681324 -0.038526524 0.828016520 -0.011306572 -0.583971679 -0.007076045 0.811664522
1756587679741289728.000000 1.451962709 -0.037753969 0.828804195 -0.011966866 -0.588415623 -0.007381419 0.808436394
1756587679774667008.000000 1.448363066 -0.037806168 0.828946233 -0.013212406 -0.592770696 -0.008578501 0.805217147
1756587679841423360.000000 1.442140222 -0.037458211 0.828815520 -0.014000490 -0.600584328 -0.008995010 0.799388289
1756587679874802432.000000 1.440128326 -0.038035333 0.828208566 -0.013179554 -0.604407310 -0.008536570 0.796520770
1756587679908181760.000000 1.437821388 -0.038438246 0.828206182 -0.012625361 -0.608971179 -0.008084418 0.793050766
1756587679974940416.000000 1.433230877 -0.038639992 0.827465117 -0.012016336 -0.618887961 -0.007504425 0.785351574
1756587680008305152.000000 1.430663943 -0.038651273 0.827232301 -0.011652878 -0.623258352 -0.006980169 0.781898022
1756587680074969088.000000 1.424160004 -0.038750190 0.827306986 -0.012214450 -0.631874621 -0.007285050 0.774940193
1756587680108300800.000000 1.420388103 -0.038743064 0.827237725 -0.012782985 -0.635955393 -0.007873428 0.771579802
1756587680174964480.000000 1.414891362 -0.038575146 0.825823903 -0.013445614 -0.643844604 -0.009402155 0.764980376
1756587680208295936.000000 1.412242174 -0.038164362 0.825324357 -0.012714170 -0.648004830 -0.009045161 0.761476398
1756587680241627392.000000 1.409978628 -0.038689952 0.825183272 -0.012653896 -0.652633548 -0.008304711 0.757522523
1756587680308290048.000000 1.404005289 -0.038650300 0.823960423 -0.012800721 -0.661401391 -0.007910388 0.749881268
1756587680341621504.000000 1.400561810 -0.038468633 0.823386908 -0.013349896 -0.665631652 -0.008194101 0.746116102
1756587680408283648.000000 1.394188881 -0.037747879 0.822007239 -0.014146042 -0.673129737 -0.010111763 0.739319980
1756587680441613312.000000 1.390944242 -0.037385371 0.821101189 -0.014186330 -0.677111864 -0.010598266 0.735667050
1756587680474944512.000000 1.388072729 -0.037860289 0.821629107 -0.014053010 -0.681477129 -0.009780164 0.731639147
1756587680541606144.000000 1.384231329 -0.038626309 0.820277810 -0.013208372 -0.689966500 -0.007956728 0.723677158
1756587680574936832.000000 1.381773472 -0.038203679 0.819426894 -0.012722555 -0.694376230 -0.007528650 0.719460309
1756587680641597952.000000 1.375580192 -0.037725512 0.817269444 0.013498069 0.702291489 0.009220324 -0.711701810
1756587680674928384.000000 1.371875525 -0.037600942 0.816514611 0.014976089 0.706201255 0.010705975 -0.707771838
1756587680708258816.000000 1.368218422 -0.036837384 0.815323591 0.015951881 0.709802985 0.012244917 -0.704113245
1756587680741588736.000000 1.364817739 -0.036022432 0.814024806 0.016302224 0.713353753 0.012899745 -0.700495780
1756587680808249344.000000 1.358816743 -0.036343873 0.812331259 0.014973053 0.720837295 0.010850649 -0.692857623
1756587680841579520.000000 1.357820749 -0.036486413 0.811774909 0.013714046 0.724835217 0.009081141 -0.688726008
1756587680908237824.000000 1.354809523 -0.037028436 0.809629798 -0.011841180 -0.733376086 -0.007447529 0.679679215
1756587680941568000.000000 1.352781534 -0.036822349 0.808415055 -0.011347527 -0.737085283 -0.007607963 0.675661683
1756587680974897408.000000 1.349969268 -0.036791980 0.807586610 -0.012000693 -0.740833402 -0.007878505 0.671535432
1756587681041559808.000000 1.343315363 -0.036118183 0.804338753 0.013771808 0.747634053 0.010175274 -0.663890243
1756587681074891520.000000 1.339847326 -0.035544563 0.802439034 0.014145392 0.751157999 0.010976774 -0.659879684
1756587681108223488.000000 1.336320877 -0.035437278 0.801272392 0.014450873 0.755057096 0.010675622 -0.655412793
1756587681174886400.000000 1.331229210 -0.035570320 0.799415290 0.013508102 0.762942195 0.009396669 -0.646257341
1756587681208217856.000000 1.329238415 -0.036056630 0.797960103 -0.013500991 -0.766563535 -0.008913308 0.641964734
1756587681274880512.000000 1.323727131 -0.035821475 0.794164658 -0.013916421 -0.773321092 -0.010021426 0.633782685
1756587681308210432.000000 1.320039749 -0.035137817 0.792795897 -0.014388631 -0.776726186 -0.010482050 0.629586935
1756587681341541632.000000 1.316500664 -0.034414742 0.791262627 -0.014709660 -0.780039608 -0.010799462 0.625464141
1756587681408203264.000000 1.310709715 -0.034021243 0.787685275 -0.014209540 -0.786619544 -0.010398800 0.617187023
1756587681441534208.000000 1.308689952 -0.034243084 0.785953879 -0.013631758 -0.788379014 -0.009649634 0.614963114
1756587681508195584.000000 1.304085732 -0.034873515 0.786343336 -0.013453477 -0.786144733 -0.010567720 0.617805719
1756587681541526016.000000 1.300745964 -0.034679502 0.786501408 -0.013773771 -0.785140038 -0.010407209 0.619077742
1756587681608186880.000000 1.294375181 -0.034345496 0.784796000 -0.013802350 -0.785608172 -0.010802982 0.618476093
1756587681641517312.000000 1.290610075 -0.034457531 0.783332348 -0.014100192 -0.785774350 -0.011480590 0.618246078
1756587681708177920.000000 1.284000397 -0.034167409 0.782073200 -0.014316635 -0.785483420 -0.011652222 0.618607521
1756587681741507584.000000 1.281046867 -0.034241777 0.781502008 -0.014353373 -0.785391629 -0.011648421 0.618723094
1756587681774836736.000000 1.275974512 -0.033399984 0.781575263 0.014142849 0.785581708 0.011551470 -0.618488550
1756587681808166400.000000 1.272596121 -0.033748481 0.780771315 -0.014640213 -0.785571218 -0.011920223 0.618483186
1756587681874825984.000000 1.265709519 -0.033417620 0.779535830 -0.015070340 -0.785286427 -0.012126139 0.618830442
1756587681908155392.000000 1.262610674 -0.033412147 0.778768063 -0.014982723 -0.785069048 -0.012202336 0.619106829
1756587681974814464.000000 1.256676674 -0.033618931 0.777389944 -0.014940108 -0.784976304 -0.011485998 0.619239151
1756587682008145152.000000 1.253486991 -0.033516206 0.776525021 -0.014686319 -0.784918547 -0.011122663 0.619325101
1756587682074809344.000000 1.246865392 -0.033678617 0.775072277 -0.014916256 -0.784926891 -0.011150319 0.619308472
1756587682108141312.000000 1.243349314 -0.033374406 0.774602830 0.014861401 0.784763217 0.011168985 -0.619516909
1756587682141473024.000000 1.240520716 -0.033020779 0.774743617 -0.014608004 -0.784557700 -0.011449515 0.619778037
1756587682208136192.000000 1.233625174 -0.032866620 0.773740232 -0.015272181 -0.784083009 -0.012266056 0.620346844
1756587682241467392.000000 1.230140209 -0.032627255 0.773062348 -0.015170384 -0.784285367 -0.012394571 0.620091021
1756587682274799360.000000 1.227974296 -0.032742407 0.772730649 -0.014954434 -0.784658432 -0.011458179 0.619642079
1756587682341462016.000000 1.222086906 -0.033103846 0.771174610 -0.014410052 -0.784746945 -0.010356565 0.619562268
1756587682374793472.000000 1.218731999 -0.033040643 0.770511627 -0.014379517 -0.784567237 -0.010918853 0.619780898
1756587682441456128.000000 1.211626291 -0.032935791 0.768519402 0.014957017 0.784068644 0.012050772 -0.620376885
1756587682474787072.000000 1.206066132 -0.030868167 0.770904779 -0.015086608 -0.784582138 -0.011799263 0.619729042
1756587682541449216.000000 1.199770212 -0.030925887 0.769345641 -0.014909560 -0.784987390 -0.011281755 0.619229615
1756587682574779904.000000 1.196581125 -0.030903289 0.768927276 -0.014861827 -0.785026371 -0.011054154 0.619185448
1756587682641440512.000000 1.190248489 -0.031040700 0.767235816 -0.014233217 -0.784547746 -0.011283842 0.619802415
1756587682674770944.000000 1.187205076 -0.030982256 0.766333580 -0.013895944 -0.784585536 -0.011201669 0.619763732
1756587682741432064.000000 1.180864334 -0.030772839 0.764545918 -0.013490744 -0.784774780 -0.010996922 0.619536638
1756587682774762496.000000 1.177879930 -0.030927148 0.763662338 0.013970856 0.784677386 0.011163871 -0.619646311
1756587682808092928.000000 1.174765825 -0.030915737 0.763783514 -0.014294853 -0.784671366 -0.011166638 0.619646668
1756587682874753280.000000 1.168176532 -0.030673672 0.762304187 -0.014510199 -0.784711778 -0.011439436 0.619585514
1756587682908082944.000000 1.165291071 -0.030505421 0.761700809 -0.013949207 -0.784773707 -0.010602690 0.619534731
1756587682941413120.000000 1.162890673 -0.030710114 0.761018991 -0.013559682 -0.784621537 -0.009680177 0.619751155
1756587683008073728.000000 1.157082438 -0.030774765 0.760312319 -0.013084780 -0.784527898 -0.009073799 0.619889021
1756587683041405952.000000 1.153818130 -0.030931711 0.759507477 -0.013430498 -0.784319520 -0.009749884 0.620135009
1756587683108069376.000000 1.146360278 -0.031127688 0.757594109 0.013872016 0.783731759 0.010848301 -0.620849848
1756587683141401600.000000 1.144260406 -0.030020580 0.756846189 -0.014190145 -0.783596456 -0.010606256 0.621017575
1756587683208065536.000000 1.138741493 -0.030261196 0.755539954 -0.013921408 -0.783534348 -0.009871442 0.621114135
1756587683241397248.000000 1.135838270 -0.030424528 0.754944324 -0.013416232 -0.783499897 -0.009294549 0.621177554
1756587683274728960.000000 1.132572174 -0.030184679 0.754266441 -0.013348595 -0.783415675 -0.009370286 0.621284127
1756587683341392384.000000 1.126084208 -0.029706087 0.752813637 -0.013854114 -0.783186674 -0.010673071 0.621540725
1756587683374723840.000000 1.122786760 -0.029864842 0.752158284 -0.013749091 -0.783061206 -0.011043123 0.621694624
1756587683441386496.000000 1.117256403 -0.030737489 0.750269294 0.012780312 0.784771740 0.010338376 -0.619566917
1756587683474717952.000000 1.114718556 -0.030443963 0.749871194 -0.013202234 -0.788666308 -0.009978044 0.614598811
1756587683508048896.000000 1.112028837 -0.030006947 0.748056352 -0.014224905 -0.793859303 -0.011865173 0.607819319
1756587683574710016.000000 1.107383013 -0.028739281 0.744108319 -0.013830621 -0.801809072 -0.010706808 0.597324431
1756587683608041216.000000 1.105107188 -0.028992230 0.742369354 -0.013233309 -0.804724634 -0.010076207 0.593415141
1756587683674702848.000000 1.100411177 -0.028934365 0.738553584 -0.012818180 -0.811240613 -0.010467580 0.584478319
1756587683708033536.000000 1.097903013 -0.028947754 0.736551523 -0.013351212 -0.814597130 -0.010719868 0.579774499
1756587683774694656.000000 1.093213201 -0.029035009 0.733240426 -0.014172230 -0.821073413 -0.011518206 0.570530474
1756587683841355520.000000 1.087127686 -0.028440773 0.729254127 -0.014259452 -0.827195048 -0.012194278 0.561601639
1756587683874685696.000000 1.084687829 -0.028275924 0.727402091 -0.014356751 -0.830112159 -0.012353459 0.557274759
1756587683941346048.000000 1.080508709 -0.028160721 0.723494053 -0.014278533 -0.835934043 -0.012123902 0.548510194
1756587683974676480.000000 1.078054786 -0.027906461 0.721380949 -0.014134381 -0.838883936 -0.012486481 0.543983638
1756587684008006400.000000 1.075993538 -0.027536334 0.719349146 -0.013934797 -0.841816306 -0.011880633 0.539453506
1756587684074672128.000000 1.072097540 -0.027467519 0.715768576 -0.014179964 -0.847766161 -0.011515967 0.530055523
1756587684108004864.000000 1.070569277 -0.027284440 0.713837147 -0.013954677 -0.850516319 -0.011459744 0.525638640
1756587684174670336.000000 1.066355824 -0.027099296 0.709551454 -0.013676231 -0.856269896 -0.011455135 0.516220629
1756587684208002560.000000 1.063795328 -0.026563266 0.707550764 -0.013893617 -0.859262645 -0.011839905 0.511208951
1756587684241335040.000000 1.061261058 -0.026130306 0.705005527 -0.014482648 -0.861974537 -0.012392593 0.506593049
1756587684308000000.000000 1.056919098 -0.025992937 0.700069189 -0.014492121 -0.867266715 -0.013191346 0.497457951
1756587684341332224.000000 1.055077553 -0.026400685 0.698079467 0.014621878 0.870211124 0.013013758 -0.492290109
1756587684374664192.000000 1.053198457 -0.026293268 0.696830630 -0.015116055 -0.873268068 -0.012723741 0.486839294
1756587684441327360.000000 1.049784184 -0.025805268 0.691856146 -0.014576305 -0.877987444 -0.012790691 0.478290737
1756587684474659328.000000 1.048257709 -0.025861174 0.689371109 -0.013978407 -0.880596697 -0.012830066 0.473486513
1756587684507991296.000000 1.046443224 -0.025885746 0.686585546 -0.014108344 -0.883382976 -0.012745556 0.468266100
1756587684574654720.000000 1.041898489 -0.025741991 0.682095289 -0.014952059 -0.888794661 -0.012806704 0.457882732
1756587684607986176.000000 1.039967299 -0.025610261 0.679540873 -0.015170357 -0.891388893 -0.012637363 0.452809036
1756587684641317888.000000 1.038077831 -0.024964537 0.677020907 -0.015229871 -0.893954873 -0.012934546 0.447711349
1756587684674649600.000000 1.037269592 -0.024615563 0.674703002 -0.014855442 -0.896217346 -0.013269957 0.443167925
1756587684741312256.000000 1.033475041 -0.024143633 0.669823766 -0.015077153 -0.900885940 -0.013553910 0.433582366
1756587684774643712.000000 1.031659484 -0.024049401 0.667588353 -0.015112177 -0.903365493 -0.013899725 0.428379953
1756587684841305856.000000 1.028093576 -0.023700718 0.662983418 -0.014757282 -0.906876087 -0.012745361 0.420946062
1756587684874635776.000000 1.026035070 -0.024238970 0.660661459 -0.014055306 -0.906651258 -0.012341973 0.421466261
1756587684941297408.000000 1.020107508 -0.023947032 0.656741500 -0.015033382 -0.904711664 -0.012906855 0.425563514
1756587684974628352.000000 1.017342806 -0.023909457 0.655408502 0.015141295 0.904370368 0.012116008 -0.426307797
1756587685007961856.000000 1.014517784 -0.023743451 0.653834105 0.015166261 0.904467165 0.011892444 -0.426107585
1756587685074640640.000000 1.009351492 -0.023649346 0.650075793 0.015146947 0.904551089 0.012195746 -0.425921589
1756587685107980544.000000 1.006707907 -0.024029091 0.648456216 0.015035601 0.904542506 0.012280165 -0.425941497
1756587685141320192.000000 1.004550099 -0.023992985 0.646218538 0.015319453 0.904327810 0.012502015 -0.426380455
1756587685207999744.000000 0.999541163 -0.023435008 0.641343117 -0.015454934 -0.904211581 -0.012710096 0.426615953
1756587685241339392.000000 0.997686028 -0.024095990 0.639808774 -0.015456883 -0.904294372 -0.012729165 0.426439703
1756587685274679296.000000 0.995452642 -0.024840651 0.637865424 -0.015993325 -0.904372990 -0.013264288 0.426236808
1756587685341357824.000000 0.990380108 -0.024525516 0.634032488 -0.015964912 -0.904310942 -0.012419063 0.426394969
1756587685374697472.000000 0.988611579 -0.024409501 0.632103205 -0.015600143 -0.904208899 -0.011308606 0.426655769
1756587685408037120.000000 0.985954285 -0.024516765 0.630271077 -0.015363884 -0.904028416 -0.011061089 0.427053183
1756587685474716928.000000 0.980494618 -0.024077833 0.625960708 0.015132109 0.903717518 0.012057431 -0.427691877
1756587685508056576.000000 0.977348626 -0.024247050 0.624277830 0.015822975 0.903916001 0.012539976 -0.427233219
1756587685541396480.000000 0.974725187 -0.024398282 0.621951699 0.015850088 0.904090106 0.012540793 -0.426863700
1756587685608076288.000000 0.970077515 -0.024025895 0.618088484 0.015918272 0.904209733 0.012530873 -0.426608086
1756587685641416192.000000 0.967580080 -0.024481548 0.616434097 0.016108727 0.904254198 0.012677014 -0.426502228
1756587685674756096.000000 0.964965940 -0.024759091 0.615088344 0.016306315 0.904332101 0.013034987 -0.426318705
1756587685741435904.000000 0.959940910 -0.024119344 0.610431910 -0.016422316 -0.905365407 -0.012919708 0.424119085
1756587685774774784.000000 0.958420515 -0.023987494 0.607462645 -0.016590498 -0.907557428 -0.013011791 0.419398457
1756587685841455104.000000 0.955400229 -0.023378195 0.601585865 -0.016865581 -0.913244009 -0.014631457 0.406800807
1756587685874795008.000000 0.954468131 -0.022869295 0.599248290 -0.016838370 -0.915988922 -0.013856453 0.400610626
1756587685908134912.000000 0.953859210 -0.023143684 0.597269535 -0.016561050 -0.918553531 -0.013460526 0.394720227
1756587685974815232.000000 0.952782273 -0.023544597 0.593033195 -0.015433609 -0.922778964 -0.011479206 0.384849370
1756587686008153600.000000 0.951417923 -0.024548933 0.592012286 0.015437396 0.925120294 0.011033548 -0.379199654
1756587686074821120.000000 0.948892951 -0.022798322 0.584516287 -0.016504485 -0.929256797 -0.010957626 0.368902862
1756587686108154880.000000 0.947127044 -0.022054266 0.580972075 -0.016920865 -0.931128740 -0.012089412 0.364097297
1756587686141488640.000000 0.945245266 -0.021639112 0.578035593 -0.017184803 -0.932856262 -0.012911124 0.359607071
1756587686208154368.000000 0.943311095 -0.021264216 0.572544575 -0.016935451 -0.936504006 -0.012036651 0.350040913
1756587686241487872.000000 0.942706227 -0.021643050 0.570394278 -0.016831160 -0.938412011 -0.011992425 0.344899893
1756587686274821376.000000 0.941499293 -0.021506723 0.567953348 -0.016976535 -0.940441728 -0.012130022 0.339314133
1756587686341487872.000000 0.938891411 -0.022243040 0.562509775 0.016600689 0.943414450 0.012895304 -0.330949366
1756587686374820864.000000 0.936893582 -0.021868695 0.559592247 0.016405832 0.943413496 0.012821040 -0.330964565
1756587686408154112.000000 0.934078693 -0.021443982 0.557252407 0.017255547 0.942872345 0.013631146 -0.332427680
1756587686474820096.000000 0.928976595 -0.021318927 0.552921891 0.018469965 0.942389846 0.014014980 -0.333712310
1756587686508153088.000000 0.926800191 -0.021396931 0.550867915 0.018198289 0.942453623 0.013937337 -0.333550364
1756587686574818560.000000 0.923705339 -0.021466214 0.545993924 0.017903056 0.942501426 0.013536419 -0.333447576
1756587686608151552.000000 0.922514021 -0.021400867 0.541757703 -0.017912602 -0.942251384 -0.013139817 0.334168881
1756587686641484032.000000 0.920453072 -0.021644706 0.539395094 -0.017913893 -0.942194343 -0.012896876 0.334339172
1756587686708148224.000000 0.916047037 -0.021674711 0.534449339 -0.017774574 -0.942119360 -0.013206176 0.334545583
1756587686741480704.000000 0.913583398 -0.021350561 0.531747818 -0.017584201 -0.942132235 -0.013693116 0.334500015
1756587686808145408.000000 0.909260809 -0.020942442 0.526097536 -0.017882153 -0.941944480 -0.015099058 0.334952116
1756587686841477888.000000 0.907532871 -0.020858331 0.523329973 -0.017967211 -0.941908360 -0.015816107 0.335016072
1756587686908142080.000000 0.903620422 -0.020354036 0.518629909 0.017997712 0.942041099 0.015488698 -0.334656179
1756587686941474304.000000 0.902011752 -0.020711793 0.516544580 0.017925361 0.942043543 0.015170890 -0.334667742
1756587686974806016.000000 0.900302529 -0.020857893 0.514433146 0.017547783 0.942101419 0.014897951 -0.334537208
1756587687041473024.000000 0.896070421 -0.020923657 0.509176731 0.017765153 0.942141593 0.016204633 -0.334351778
1756587687074807040.000000 0.893944800 -0.020858554 0.506283760 0.018172720 0.942198694 0.017263459 -0.334115833
1756587687108140032.000000 0.891933441 -0.020707229 0.503547668 0.018209914 0.942298889 0.018148229 -0.333784193
1756587687174807552.000000 0.888122082 -0.019940324 0.497713208 -0.018193414 -0.942313194 -0.016108498 0.333849341
1756587687208141312.000000 0.886292875 -0.020129599 0.495806217 -0.018012656 -0.942255735 -0.015567285 0.334047019
1756587687274808576.000000 0.882359564 -0.020258950 0.491039872 -0.018074600 -0.942138851 -0.014645264 0.334414721
1756587687308142336.000000 0.880093694 -0.020347472 0.488556623 -0.018337395 -0.942198753 -0.014897075 0.334220469
1756587687374809088.000000 0.876089633 -0.020333145 0.483412862 -0.018414142 -0.942093611 -0.015631981 0.334479153
1756587687408142592.000000 0.874006569 -0.020251842 0.480616093 -0.018301077 -0.942018032 -0.015719807 0.334693879
1756587687441475840.000000 0.872272730 -0.020266168 0.478459954 0.018161960 0.942778647 0.015464761 -0.332565069
1756587687508142336.000000 0.869579434 -0.019697323 0.472149491 0.018803949 0.946609855 0.017056715 -0.321380258
1756587687541474304.000000 0.868910670 -0.018819006 0.468495011 -0.018768443 -0.948762238 -0.018231275 0.314905822
1756587687608140544.000000 0.867831707 -0.018617824 0.463278174 -0.018316085 -0.952657580 -0.016511982 0.303043693
1756587687641473280.000000 0.867755949 -0.018922716 0.460752606 -0.017989913 -0.954435825 -0.015000451 0.297495723
1756587687674806016.000000 0.867483914 -0.019081239 0.458172202 -0.017389804 -0.956244469 -0.014482428 0.291692227
1756587687741471744.000000 0.866233289 -0.018697439 0.452193975 -0.017416947 -0.959387898 -0.014924112 0.281156301
1756587687774804480.000000 0.865247667 -0.018362375 0.449097991 -0.017643843 -0.960925996 -0.015701173 0.275796145
1756587687808136960.000000 0.864896595 -0.018037692 0.446786642 -0.017914549 -0.962466419 -0.016223297 0.270322710
1756587687874802176.000000 0.864209354 -0.017701644 0.441339850 -0.017365543 -0.965593219 -0.014764163 0.259056687
1756587687941466880.000000 0.863318443 -0.017786562 0.436294675 -0.016999889 -0.967488945 -0.013041368 0.252004266
1756587687974798080.000000 0.861661553 -0.018031552 0.433374882 -0.016720572 -0.967294157 -0.012684141 0.252787530
1756587688008130560.000000 0.859649777 -0.017667953 0.430182338 -0.016777603 -0.966792285 -0.013491811 0.254655093
1756587688074798080.000000 0.856056094 -0.017863624 0.425103664 -0.016780738 -0.966389000 -0.013554917 0.256178021
1756587688108131584.000000 0.854943216 -0.018248625 0.422424436 0.016349608 0.966418147 0.013078550 -0.256120354
1756587688174798592.000000 0.852004290 -0.018645011 0.418206334 0.016469043 0.966528654 0.011797831 -0.255757809
1756587688208132096.000000 0.850439787 -0.019121055 0.415906072 0.016513964 0.966659188 0.011305936 -0.255283266
1756587688274798592.000000 0.847159207 -0.019207899 0.410343289 0.016715592 0.966750801 0.011602035 -0.254909784
1756587688308131840.000000 0.845683038 -0.018830484 0.407126546 0.017019529 0.966626167 0.012277299 -0.255330324
1756587688341465088.000000 0.844901681 -0.019214164 0.404283643 -0.016819213 -0.966433346 -0.013021454 0.256035477
1756587688408131072.000000 0.841812849 -0.018801143 0.398686290 -0.016408028 -0.966192842 -0.012340701 0.257002056
1756587688441463040.000000 0.840326905 -0.018761251 0.396115661 -0.016342612 -0.966165841 -0.012340545 0.257107317
1756587688508128512.000000 0.837556601 -0.018600749 0.390272379 -0.016105175 -0.966282129 -0.012369636 0.256683618
1756587688541461248.000000 0.835961819 -0.018790200 0.387793303 -0.016517395 -0.966382205 -0.012085839 0.256293893
1756587688574793984.000000 0.834283233 -0.018867534 0.385368109 -0.016488425 -0.966439664 -0.011558646 0.256103486
1756587688641458944.000000 0.831366420 -0.017919995 0.380264878 0.015582605 0.966459692 0.009966078 -0.256151378
1756587688674791424.000000 0.830026865 -0.017690971 0.377295732 0.015403572 0.966483355 0.010124625 -0.256067008
1756587688741455872.000000 0.826797843 -0.017263170 0.371794641 0.015629215 0.966603994 0.010230594 -0.255593210
1756587688774788096.000000 0.825384378 -0.017634176 0.368726492 0.015764736 0.966684401 0.010636277 -0.255263925
1756587688808120064.000000 0.823845267 -0.017669179 0.365815043 0.015833728 0.966772497 0.011048823 -0.254908413
1756587688874783232.000000 0.820309401 -0.020237394 0.363020062 -0.016235461 -0.966956198 -0.011037515 0.254185528
1756587688908115200.000000 0.818634033 -0.020525914 0.360712588 -0.016286822 -0.966966212 -0.010401644 0.254170865
1756587688974778880.000000 0.815652490 -0.020869222 0.355338693 -0.016590413 -0.966900229 -0.010028821 0.254417390
1756587689008111104.000000 0.813985646 -0.020687385 0.352499664 -0.016781004 -0.966992676 -0.010525385 0.254033148
1756587689074777600.000000 0.810070157 -0.020335991 0.346625984 -0.017201513 -0.967071354 -0.011411993 0.253667027
1756587689108110848.000000 0.808760762 -0.020646065 0.343880892 -0.017271880 -0.966970921 -0.011591607 0.254036665
1756587689141444096.000000 0.807382464 -0.019869693 0.340916812 0.016953621 0.966938138 0.010955898 -0.254210979
1756587689208110080.000000 0.804006755 -0.019980997 0.335317791 -0.016683998 -0.966702342 -0.010290268 0.255151570
1756587689241443072.000000 0.802320957 -0.019747986 0.332810163 -0.016714482 -0.966669619 -0.009791811 0.255293220
1756587689308107520.000000 0.799058497 -0.019468755 0.327811539 -0.016593769 -0.966690481 -0.009639938 0.255227774
1756587689341440512.000000 0.797812462 -0.019606493 0.325228155 -0.016633984 -0.966671348 -0.009209157 0.255313754
1756587689408105728.000000 0.794906914 -0.019696087 0.319677711 -0.016158702 -0.966556489 -0.008898437 0.255789548
1756587689441437952.000000 0.793330133 -0.019897938 0.316668570 -0.016435063 -0.966561794 -0.009544226 0.255728602
1756587689508103168.000000 0.790257096 -0.019729413 0.311006129 0.016425511 0.966605604 0.010165035 -0.255539656
1756587689541435136.000000 0.789430022 -0.019541923 0.307985365 -0.016003761 -0.966544330 -0.009682063 0.255816758
1756587689608099584.000000 0.786798120 -0.019544113 0.302664816 -0.015525159 -0.966647446 -0.009908818 0.255447835
1756587689641431552.000000 0.785222292 -0.019391548 0.300044954 -0.015968014 -0.966845691 -0.010056334 0.254663289
1756587689708095744.000000 0.781699538 -0.018945586 0.294474065 -0.016189354 -0.967055619 -0.009845499 0.253859162
1756587689741427456.000000 0.779993415 -0.018761337 0.291648269 -0.016342303 -0.967040956 -0.009568615 0.253915757
1756587689808089856.000000 0.777145565 -0.019354776 0.286546230 -0.016619464 -0.967096090 -0.009161283 0.253702730
1756587689841421568.000000 0.775365055 -0.018960189 0.283911586 0.016687388 0.967149675 0.008103426 -0.253529906
1756587689908084736.000000 0.771629751 -0.019411739 0.277573049 0.017094189 0.967041135 0.010002543 -0.253848851
1756587689941416192.000000 0.769737780 -0.018977134 0.273974478 -0.017187728 -0.966968834 -0.011771095 0.254042208
1756587690008079616.000000 0.765388429 -0.018220741 0.266509116 -0.017784329 -0.966744184 -0.014797833 0.254696727
1756587690041413632.000000 0.763593495 -0.018014578 0.263137937 -0.017740628 -0.966661811 -0.015670737 0.254960209
1756587690108081664.000000 0.760520995 -0.017728729 0.257651031 -0.017757490 -0.966585577 -0.015412499 0.255263716
1756587690141415424.000000 0.759679198 -0.018174103 0.255548358 -0.017042344 -0.966699421 -0.014469162 0.254936188
1756587690208081664.000000 0.757690787 -0.019013636 0.251800358 -0.016177401 -0.966805756 -0.011877008 0.254723430
1756587690241415424.000000 0.756497622 -0.019234821 0.249893486 0.015833408 0.966905892 0.010793444 -0.254412532
1756587690308082688.000000 0.754034460 -0.019340008 0.244910240 -0.015464338 -0.967056215 -0.009929055 0.253898829
1756587690341416192.000000 0.751914620 -0.019350491 0.242043197 -0.015746143 -0.966289818 -0.010096906 0.256776512
1756587690408082432.000000 0.745832622 -0.018568933 0.234371006 -0.016032627 -0.962227225 -0.013643667 0.271432787
1756587690441415680.000000 0.741622210 -0.017812444 0.231367588 -0.016676016 -0.960409045 -0.014772300 0.277701676
1756587690508082432.000000 0.735603094 -0.017678082 0.226500332 -0.017462488 -0.957691491 -0.014079927 0.286921442
1756587690541415168.000000 0.733003378 -0.017747734 0.224440515 -0.016951630 -0.956416309 -0.012702339 0.291237265
1756587690608081152.000000 0.727900386 -0.018113654 0.219701767 0.016668918 0.953032672 0.011949274 -0.302172393
1756587690641412864.000000 0.725271881 -0.017909892 0.218033373 0.016704476 0.952386856 0.011708890 -0.304209232
1756587690708078336.000000 0.722106695 -0.017863914 0.212258995 -0.017670847 -0.953351438 -0.013283830 0.301052123
1756587690741411328.000000 0.720806122 -0.017582126 0.209067345 -0.017198555 -0.953553617 -0.014217046 0.300395787
1756587690774743552.000000 0.718701839 -0.017454617 0.206378341 -0.017279124 -0.953686476 -0.014338105 0.299963266
1756587690841408768.000000 0.714617491 -0.017119870 0.201489866 -0.017750503 -0.953700364 -0.013986824 0.299908370
1756587690908073472.000000 0.711083770 -0.017382899 0.196195602 -0.017480731 -0.953409314 -0.014337633 0.300831646
1756587690974738176.000000 0.707828462 -0.016898451 0.190942049 0.017145835 0.953316569 0.014830615 -0.301120698
1756587691008080384.000000 0.705888629 -0.016816096 0.188015163 0.017313952 0.953265905 0.014706342 -0.301277310
1756587691074835200.000000 0.702484548 -0.016410407 0.182697654 0.016310431 0.953206122 0.013945906 -0.301558644
1756587691108212480.000000 0.701488912 -0.016939517 0.180193961 -0.016126487 -0.953252852 -0.013558502 0.301438451
1756587691174969856.000000 0.698099792 -0.016784217 0.175033689 -0.015829001 -0.953512967 -0.013504362 0.300632954
1756587691208349440.000000 0.696240902 -0.016692048 0.172293901 -0.016225701 -0.953634202 -0.013955208 0.300206542
1756587691275109888.000000 0.693124175 -0.017008835 0.167280078 -0.016435495 -0.953769207 -0.013328443 0.299794108
1756587691308491264.000000 0.691395819 -0.016985573 0.164984703 -0.016527440 -0.953879058 -0.013478640 0.299432874
1756587691375254784.000000 0.687718749 -0.016944636 0.159521937 -0.016585577 -0.953841984 -0.013781833 0.299533904
1756587691408637440.000000 0.686157525 -0.016979178 0.156665266 0.016829750 0.953675210 0.013522853 -0.300062746
1756587691475404032.000000 0.682584584 -0.016795475 0.151614606 0.016853923 0.953574121 0.014284241 -0.300347239
1756587691508788224.000000 0.680268228 -0.016612124 0.148402154 0.017035428 0.953586280 0.015693735 -0.300228000
1756587691575557120.000000 0.675531864 -0.015828973 0.141952574 0.017370874 0.953397870 0.016789639 -0.300747126
1756587691608942336.000000 0.673933744 -0.015020058 0.139519691 -0.016758896 -0.953421831 -0.015722547 0.300763667
1756587691675715072.000000 0.671020508 -0.014760614 0.134964645 -0.015890518 -0.953342319 -0.013479326 0.301171452
1756587691709102336.000000 0.669262290 -0.014923627 0.133013904 -0.015890883 -0.953387380 -0.013009300 0.301049531
1756587691775877888.000000 0.666017532 -0.015008028 0.128103316 -0.015834674 -0.953553200 -0.013191338 0.300518841
1756587691809266688.000000 0.664154410 -0.015097830 0.125286520 -0.016068662 -0.953589559 -0.013365014 0.300383359
1756587691876045568.000000 0.659980714 -0.014816616 0.119302392 -0.015966354 -0.953426719 -0.015011420 0.300827712
1756587691909435392.000000 0.658186316 -0.014883293 0.117370248 0.016706482 0.953435719 0.014727312 -0.300773025
1756587691976216320.000000 0.654589236 -0.014357824 0.111732244 0.016379232 0.953355730 0.014441446 -0.301058441
1756587692009595392.000000 0.652810931 -0.014484837 0.109187126 0.016769066 0.953301966 0.014493246 -0.301204532
1756587692076277760.000000 0.649627328 -0.014934010 0.104474247 0.016356777 0.953348935 0.013649275 -0.301117837
1756587692109619200.000000 0.647857428 -0.015249887 0.102380455 -0.016434638 -0.953342915 -0.013468534 0.301140994
1756587692142960384.000000 0.645772159 -0.014889019 0.099577248 -0.016548151 -0.952395916 -0.013902348 0.304097116
1756587692209642752.000000 0.639333010 -0.014225044 0.094505191 -0.015875950 -0.948474288 -0.015101920 0.316095680
1756587692242983680.000000 0.636619866 -0.014466411 0.092978835 -0.016016817 -0.946646512 -0.013659379 0.321585536
1756587692309665792.000000 0.631433368 -0.014770225 0.089739859 -0.015777268 -0.943261921 -0.012147417 0.331452101
1756587692343007232.000000 0.628594875 -0.014750772 0.087628722 -0.015636755 -0.941429853 -0.012374403 0.336618870
1756587692409689600.000000 0.622291923 -0.015338306 0.081802011 0.015985502 0.937632382 0.014103130 -0.346974194
1756587692443029760.000000 0.618260384 -0.014295511 0.079751015 -0.016192192 -0.935715616 -0.014235251 0.352095842
1756587692476370688.000000 0.614958048 -0.014013143 0.077338815 -0.016246883 -0.933631539 -0.014397826 0.357576609
1756587692543053056.000000 0.608361781 -0.014136994 0.073446631 -0.016363721 -0.929643571 -0.014561052 0.367808491
1756587692576394496.000000 0.604948699 -0.014055999 0.071530819 -0.016385632 -0.927644730 -0.013897152 0.372845232
1756587692643076608.000000 0.598980784 -0.013887976 0.067612946 -0.016311865 -0.923553705 -0.013227782 0.382893533
1756587692676418048.000000 0.595851004 -0.014240831 0.065785646 -0.016613141 -0.921495199 -0.013438651 0.387801528
1756587692743100416.000000 0.589214683 -0.013837669 0.061523139 0.017101455 0.916983962 0.013562877 -0.398326635
1756587692776441344.000000 0.585487604 -0.013806514 0.059338570 0.017133491 0.914763391 0.013819662 -0.403390020
1756587692809782528.000000 0.582143664 -0.013376131 0.056897342 -0.016782893 -0.912340343 -0.013795926 0.408856004
1756587692876463872.000000 0.575666606 -0.013520435 0.053660631 -0.016733879 -0.907779872 -0.012643795 0.418922216
1756587692909804800.000000 0.572650671 -0.013460701 0.051834702 -0.016469683 -0.905565143 -0.012251825 0.423710465
1756587692976487424.000000 0.567419529 -0.013885977 0.048030555 -0.016226629 -0.905309856 -0.011471029 0.424286783
1756587693009828608.000000 0.565180123 -0.013796622 0.045799792 -0.016143298 -0.905996084 -0.011799284 0.422813684
1756587693043170048.000000 0.562903404 -0.013620248 0.043327153 -0.016313221 -0.906203032 -0.012420744 0.422345489
1756587693109852928.000000 0.556690216 -0.013682870 0.039435267 0.016933119 0.906374276 0.014292288 -0.421894372
1756587693143194624.000000 0.554038584 -0.013445597 0.037593365 0.017036013 0.906285346 0.013839642 -0.422096193
1756587693176535808.000000 0.551929116 -0.014040122 0.036064088 0.016814128 0.906170607 0.012834135 -0.422383100
1756587693243218944.000000 0.548225045 -0.013986943 0.032468557 0.015538565 0.906102002 0.011189181 -0.422625840
1756587693276560640.000000 0.545932770 -0.013938144 0.030173779 0.015579713 0.906059802 0.011411646 -0.422708839
1756587693343242496.000000 0.540080965 -0.013431473 0.026379883 -0.016168313 -0.906241357 -0.012391680 0.422269672
1756587693376583936.000000 0.537390769 -0.013451423 0.023507893 -0.016264189 -0.905931890 -0.013280066 0.422902644
1756587693443266816.000000 0.532429397 -0.013029229 0.019338787 -0.016121978 -0.905707181 -0.013076914 0.423395276
1756587693476608512.000000 0.529970229 -0.013071656 0.017830610 -0.016528996 -0.905801833 -0.012591423 0.423191816
1756587693509949952.000000 0.527954578 -0.012977669 0.015861988 -0.016243801 -0.906030953 -0.011541809 0.422742188
1756587693576632832.000000 0.523995340 -0.012954308 0.011929810 -0.015809685 -0.905987918 -0.010470049 0.422878623
1756587693609974272.000000 0.520998836 -0.012869369 0.011093378 0.015782531 0.906126142 0.010677920 -0.422578156
1756587693643315968.000000 0.518598855 -0.012891879 0.008751690 0.015979499 0.905898035 0.010531370 -0.423063427
1756587693709999104.000000 0.512791097 -0.013083518 0.003259122 0.016601829 0.905096948 0.011889265 -0.424714804
1756587693743340288.000000 0.509723544 -0.012895040 0.000870049 0.016539047 0.903509796 0.012062039 -0.428078383
1756587693776680960.000000 0.505988061 -0.012463328 -0.000959694 0.016352527 0.900925040 0.012452131 -0.433487684
1756587693843364096.000000 0.498326808 -0.013667488 -0.004017055 -0.016762435 -0.894826591 -0.013712698 0.445888340
1756587693876705536.000000 0.494686544 -0.013643950 -0.005329490 -0.016506324 -0.891791224 -0.013345658 0.451948971
1756587693910046720.000000 0.491508067 -0.013674715 -0.006407320 -0.016083986 -0.889155924 -0.012176082 0.457159579
1756587693976729856.000000 0.485892922 -0.013937614 -0.008153915 -0.015687123 -0.884860933 -0.010922438 0.465462983
1756587694010071552.000000 0.482505500 -0.014035977 -0.008993804 -0.015357202 -0.882394552 -0.010216296 0.470148504
1756587694076753664.000000 0.474974841 -0.013592117 -0.011680067 -0.015791202 -0.876600385 -0.010871426 0.480837107
1756587694110095104.000000 0.470887333 -0.012967558 -0.013052285 0.016284985 0.874014139 0.012224243 -0.485473663
1756587694143436032.000000 0.467732221 -0.013055176 -0.013854623 0.016694576 0.873315275 0.012432327 -0.486710608
1756587694210117376.000000 0.462376207 -0.013034066 -0.017450452 0.016894758 0.875007331 0.012637098 -0.483649850
1756587694243458560.000000 0.460244775 -0.013086738 -0.019626975 0.016783485 0.875367463 0.012546908 -0.483003885
1756587694276800000.000000 0.457752585 -0.013216611 -0.021203637 0.016703434 0.875415981 0.012624952 -0.482916623
1756587694310140928.000000 0.455204785 -0.013302460 -0.023096323 0.016568869 0.875261784 0.012779637 -0.483196706
1756587694376823296.000000 0.449367195 -0.012292396 -0.026967645 -0.016638570 -0.875537574 -0.012042218 0.482713401
1756587694410164480.000000 0.446659774 -0.012447261 -0.028769732 -0.016870148 -0.875732005 -0.011687744 0.482361168
1756587694476846592.000000 0.441160083 -0.012492275 -0.031589150 -0.017126875 -0.875530422 -0.011018417 0.482733637
1756587694510188032.000000 0.438651770 -0.012286570 -0.032828510 -0.016792517 -0.875403821 -0.010778691 0.482980430
1756587694543528960.000000 0.436126351 -0.012002591 -0.034715414 -0.016360758 -0.875122309 -0.010747074 0.483505845
1756587694610211328.000000 0.430463105 -0.011844743 -0.038277507 -0.015617106 -0.875001669 -0.009620441 0.483772337
1756587694643551744.000000 0.429255694 -0.012509270 -0.040161550 0.015420386 0.874986351 0.010019361 -0.483798355
1756587694710234112.000000 0.422783375 -0.012025425 -0.043444633 0.016127625 0.874934793 0.010614889 -0.483855814
1756587694743575040.000000 0.419074088 -0.011740818 -0.045360863 0.016714279 0.873364210 0.010321775 -0.486671507
1756587694776916480.000000 0.414523393 -0.011332007 -0.046503246 0.016826898 0.870876372 0.010687654 -0.491097897
1756587694810257664.000000 0.409708261 -0.010847291 -0.047553092 0.017442830 0.867578328 0.010879435 -0.496875554
1756587694876940032.000000 0.402421445 -0.010245787 -0.049596369 -0.017337363 -0.861037910 -0.011171173 0.508122444
1756587694910281216.000000 0.399048448 -0.009971096 -0.050182223 -0.017441465 -0.858293653 -0.011233003 0.512739420
1756587694943622400.000000 0.395872891 -0.009701279 -0.050860703 -0.017028505 -0.856539130 -0.011084069 0.515681982
1756587695010305024.000000 0.391480178 -0.010851054 -0.052968532 -0.016782550 -0.857223034 -0.009635415 0.514581680
1756587695043646464.000000 0.389339119 -0.010934206 -0.054595590 -0.016702529 -0.857945561 -0.009436853 0.513382435
1756587695110328576.000000 0.384516895 -0.011461687 -0.057850033 -0.015889747 -0.857801616 -0.009621329 0.513645232
1756587695143670016.000000 0.380757153 -0.011085181 -0.058500946 0.016191870 0.858124256 0.009372427 -0.513101101
1756587695210353408.000000 0.374021828 -0.011381411 -0.061684817 0.017591910 0.858591616 0.010644549 -0.512247741
1756587695243695104.000000 0.371029288 -0.010959505 -0.064472169 0.017662600 0.858451724 0.011854715 -0.512453079
1756587695277036544.000000 0.368072331 -0.010453741 -0.066276491 0.017825482 0.858202279 0.012006380 -0.512861609
1756587695343719680.000000 0.362691998 -0.010186750 -0.068974257 0.017365906 0.857705712 0.011020600 -0.513729453
1756587695377061376.000000 0.360047340 -0.010392150 -0.070696324 -0.017002586 -0.857512593 -0.010557862 0.514073670
1756587695410402816.000000 0.357429504 -0.010630133 -0.072169989 -0.016690355 -0.857588351 -0.010259327 0.513963521
1756587695477085952.000000 0.351590306 -0.010707575 -0.075054973 -0.017589638 -0.858187973 -0.010541905 0.512925804
1756587695510427648.000000 0.348741084 -0.010728329 -0.076236099 -0.017860170 -0.858380198 -0.010398591 0.512597561
1756587695543768320.000000 0.346086204 -0.010818083 -0.077792019 -0.017685806 -0.858240724 -0.010078819 0.512843668
1756587695610451456.000000 0.340622455 -0.010954518 -0.080928445 -0.017293239 -0.857410610 -0.009767513 0.514249504
1756587695643793152.000000 0.337591559 -0.011225308 -0.082439452 0.017423416 0.857135177 0.010189113 -0.514695942
1756587695677134848.000000 0.334367424 -0.010921182 -0.083771527 -0.017663414 -0.857227385 -0.010607792 0.514525831
1756587695743817728.000000 0.327750564 -0.010541768 -0.087313592 -0.018793494 -0.857721269 -0.012211581 0.513626397
1756587695777159424.000000 0.324353844 -0.010259165 -0.088820368 -0.019044714 -0.857868671 -0.012544745 0.513362765
1756587695843842816.000000 0.318126321 -0.010232382 -0.092513382 -0.019285254 -0.857330918 -0.012818522 0.514244676
1756587695877184512.000000 0.315570772 -0.009811694 -0.093448907 -0.018863536 -0.857239187 -0.011722405 0.514439285
1756587695910525696.000000 0.313272923 -0.009966318 -0.094777048 -0.018175898 -0.857099712 -0.010972347 0.514712870
1756587695977208064.000000 0.308522284 -0.010490976 -0.097398877 0.017417122 0.856975734 0.009700501 -0.514971077
1756587696010549760.000000 0.305933714 -0.010791236 -0.098679692 0.017108899 0.856908083 0.009488864 -0.515097797
1756587696043890944.000000 0.302944869 -0.010613771 -0.100388885 0.017030898 0.856712222 0.009679751 -0.515422642
1756587696077232128.000000 0.299896002 -0.009176872 -0.101935953 -0.017260695 -0.856413245 -0.009413674 0.515916526
1756587696143914496.000000 0.293200076 -0.008456698 -0.106073320 -0.017008744 -0.855933309 -0.011293166 0.516683102
1756587696177255680.000000 0.290316880 -0.008062841 -0.107666373 -0.017146442 -0.856182992 -0.011090693 0.516269028
1756587696210597120.000000 0.287509173 -0.007953610 -0.108498245 -0.017618503 -0.856811881 -0.010610851 0.515218914
1756587696277279488.000000 0.282431245 -0.008128537 -0.110817522 -0.017825855 -0.856987357 -0.009228385 0.514946401
1756587696310620416.000000 0.279770076 -0.008289577 -0.111839265 -0.017420199 -0.856416821 -0.008773950 0.515916526
1756587696343961600.000000 0.276453048 -0.009083440 -0.114087641 0.016684633 0.854495227 0.009413281 -0.519105971
1756587696410643968.000000 0.268968731 -0.008754757 -0.116038918 -0.018358625 -0.847144723 -0.011669245 0.530916810
1756587696443984128.000000 0.265168399 -0.007951373 -0.116082311 -0.017475199 -0.843611121 -0.009699684 0.536582708
1756587696477325312.000000 0.261413097 -0.008702059 -0.116095960 -0.017305380 -0.840305567 -0.009603152 0.541751742
1756587696544007424.000000 0.254005224 -0.008774138 -0.117040455 -0.016709955 -0.833735883 -0.009809597 0.551823378
1756587696577348608.000000 0.250089079 -0.008372185 -0.118010342 -0.016882977 -0.830520391 -0.010536153 0.556632698
1756587696610689792.000000 0.245646402 -0.008036254 -0.118903041 -0.017462857 -0.827439547 -0.012238560 0.561149895
1756587696677371904.000000 0.238012910 -0.009329144 -0.120208114 0.017394027 0.821382701 0.012665217 -0.569971621
1756587696710713344.000000 0.235238075 -0.009392363 -0.120006308 0.016580662 0.818330348 0.010978584 -0.574404120
1756587696777395456.000000 0.227766320 -0.009410341 -0.120810375 0.016173493 0.811673403 0.010961592 -0.583784819
1756587696810736896.000000 0.223513767 -0.007774153 -0.122211158 -0.016107287 -0.808296621 -0.010783034 0.588456452
1756587696844077824.000000 0.219839334 -0.007739394 -0.122432426 -0.016515115 -0.805106938 -0.011285217 0.592792332
1756587696910758912.000000 0.212848857 -0.008021453 -0.122456983 -0.016224012 -0.799066722 -0.010409637 0.600933254
1756587696944100352.000000 0.209232762 -0.007821917 -0.122774422 -0.015432781 -0.795818150 -0.009477517 0.605264843
1756587696977441280.000000 0.205381423 -0.007636749 -0.122954831 0.015228478 0.792741299 0.008765649 -0.609304965
1756587697044123136.000000 0.196783170 -0.007643878 -0.123727873 -0.016797064 -0.786491156 -0.010176108 0.617289305
1756587697077464320.000000 0.193130806 -0.006843960 -0.122740507 0.017451771 0.783489823 0.010670766 -0.621067822
1756587697110805248.000000 0.189598426 -0.006815063 -0.123283133 0.017398434 0.779918551 0.010479881 -0.625551462
1756587697177486848.000000 0.182749793 -0.006931432 -0.122870475 0.016362404 0.772933960 0.009571024 -0.634203255
1756587697210827776.000000 0.180132046 -0.007523694 -0.122007191 -0.015681515 -0.769512296 -0.008754649 0.638379395
1756587697277509376.000000 0.173539594 -0.008090470 -0.122078598 -0.014891726 -0.762321293 -0.008756301 0.646968246
1756587697310849536.000000 0.169115931 -0.007976704 -0.121864736 0.015457546 0.759077430 0.009375719 -0.650749326
1756587697344190208.000000 0.165024325 -0.007410965 -0.122212365 0.015397868 0.757950306 0.009787363 -0.652057171
1756587697410871808.000000 0.157734409 -0.006606436 -0.124007940 0.017494123 0.760662019 0.010736905 -0.648823559
1756587697444212992.000000 0.155192837 -0.007097909 -0.123558134 0.017163757 0.761700213 0.010359471 -0.647619486
1756587697510894592.000000 0.149473816 -0.006426641 -0.124572456 -0.016229467 -0.761610568 -0.009257195 0.647765636
1756587697544235520.000000 0.146321863 -0.006662164 -0.125368118 0.016353490 0.761205256 0.009515387 -0.648235023
1756587697577576192.000000 0.143208638 -0.006607050 -0.126173884 0.016297605 0.760890961 0.010091995 -0.648596585
1756587697644257792.000000 0.136119917 -0.006408180 -0.127109408 0.016400397 0.760721385 0.010794779 -0.648781478
1756587697677598720.000000 0.132545054 -0.006153841 -0.127723560 0.016539432 0.760749936 0.011303778 -0.648735940
1756587697710939392.000000 0.129045248 -0.006484232 -0.126980186 -0.017333288 -0.761379004 -0.011301878 0.647976696
1756587697777619712.000000 0.123076484 -0.006518091 -0.128477052 -0.017759960 -0.761305809 -0.011663230 0.648044825
1756587697810960896.000000 0.119754754 -0.005974375 -0.129058599 -0.017627127 -0.761174381 -0.011550583 0.648204863
1756587697844301568.000000 0.116239071 -0.006056151 -0.129466802 -0.017805016 -0.761094213 -0.011608832 0.648293018
1756587697910983168.000000 0.109709650 -0.006204828 -0.130956650 -0.017314969 -0.760209799 -0.012200819 0.649332404
1756587697944324096.000000 0.106300406 -0.005904620 -0.131776497 -0.017150423 -0.759782434 -0.012445294 0.649832070
1756587697977664768.000000 0.103377827 -0.006084125 -0.131339431 0.016936300 0.760159433 0.012761014 -0.649390459
1756587698044347904.000000 0.097615652 -0.005864527 -0.132866815 0.016534468 0.760590017 0.012149518 -0.648908257
1756587698077690112.000000 0.094897516 -0.006571211 -0.133408040 0.016142065 0.760945797 0.011998873 -0.648503721
1756587698111032320.000000 0.092198670 -0.006504133 -0.134114251 0.015542470 0.761228085 0.011424276 -0.648197293
1756587698177716736.000000 0.086387835 -0.006576230 -0.135266364 0.015869053 0.761622548 0.011123588 -0.647731066
1756587698211058176.000000 0.081912726 -0.004842797 -0.134951741 -0.016031593 -0.761904418 -0.011324076 0.647392094
1756587698244400384.000000 0.077845149 -0.004314580 -0.135614991 -0.016532814 -0.761868358 -0.011830779 0.647412837
1756587698311084800.000000 0.071805328 -0.004037170 -0.136256456 -0.015121069 -0.762869835 -0.008849713 0.646314681
1756587698344427008.000000 0.069100171 -0.004401135 -0.136940122 0.015158372 0.763322175 0.008533932 -0.645783782
1756587698411111680.000000 0.063452072 -0.004051435 -0.138292953 -0.015040260 -0.762650609 -0.008860207 0.646575212
1756587698444453888.000000 0.060222685 -0.003996321 -0.138812169 0.014974432 0.762454510 0.008674009 -0.646810472
1756587698511138304.000000 0.053852566 -0.003771663 -0.139794365 0.015404514 0.762731731 0.009903247 -0.646455705
1756587698544480512.000000 0.050131582 -0.003650002 -0.140810668 0.015811456 0.763045371 0.010789045 -0.646061480
1756587698577822720.000000 0.046411395 -0.003567680 -0.141311824 0.016437914 0.763512671 0.011025977 -0.645489573
1756587698644506368.000000 0.039895028 -0.003256681 -0.141996294 0.016961662 0.764192998 0.011165874 -0.644667864
1756587698677848576.000000 0.037064195 -0.002583484 -0.142221808 -0.016361818 -0.764286816 -0.010883664 0.644577026
1756587698711191296.000000 0.034291238 -0.003021903 -0.142881900 -0.016003078 -0.764290631 -0.010294257 0.644591212
1756587698777875712.000000 0.028735816 -0.002894113 -0.143579602 -0.014941026 -0.764497519 -0.009259066 0.644387007
1756587698811217920.000000 0.025965720 -0.002847745 -0.144008189 -0.014884824 -0.764765322 -0.009143054 0.644072056
1756587698844560384.000000 0.023285523 -0.003227340 -0.144600466 -0.015330142 -0.765049875 -0.009486853 0.643718660
1756587698877902592.000000 0.020138025 -0.003128681 -0.145334125 -0.015617714 -0.765212953 -0.009714038 0.643514574
1756587698944587520.000000 0.012633592 -0.002561789 -0.147281125 0.015529303 0.764986873 0.009606643 -0.643787026
1756587698977929472.000000 0.009806871 -0.002928864 -0.146752432 -0.015302229 -0.765309751 -0.009080186 0.643416226
1756587699011271680.000000 0.007338315 -0.002897700 -0.147121906 -0.014538248 -0.765133977 -0.008738500 0.643647730
1756587699077954304.000000 0.002072394 -0.003357341 -0.148248836 -0.014236415 -0.764891326 -0.008542465 0.643945396
1756587699111294720.000000 -0.001080081 -0.003646623 -0.148879990 -0.014216532 -0.765206277 -0.009062286 0.643564522
1756587699144635904.000000 -0.004282027 -0.003808178 -0.149320304 0.014623639 0.765356243 0.009454829 -0.643371284
1756587699211318272.000000 -0.011956125 -0.003372804 -0.150415108 0.015850855 0.765004516 0.010689942 -0.643741190
1756587699244659712.000000 -0.016054049 -0.002582685 -0.151109040 0.015953990 0.764785111 0.010895872 -0.643995821
1756587699278001152.000000 -0.019475967 -0.002766836 -0.151581109 0.016187945 0.764866948 0.010461775 -0.643899918
1756587699344683520.000000 -0.025577113 -0.002635424 -0.152616590 0.016530534 0.765285790 0.010639463 -0.643390477
1756587699378024704.000000 -0.027876303 -0.002512527 -0.153195232 -0.018500173 -0.764805555 -0.012596628 0.643872261
1756587699411365888.000000 -0.029047027 -0.001552787 -0.153536379 -0.018716730 -0.764996588 -0.014613387 0.643596470
1756587699478048512.000000 -0.026601121 -0.002078831 -0.153181911 -0.016473347 -0.764998198 -0.010409292 0.643737555
1756587699511389952.000000 -0.025704384 -0.002533457 -0.153103441 0.014749154 0.765136600 0.008477728 -0.643643320
1756587699544730112.000000 -0.025157079 -0.002740400 -0.153109282 0.014120146 0.765246391 0.007510571 -0.643538833
1756587699611412480.000000 -0.026082069 -0.002427023 -0.153489232 -0.015545387 -0.765473664 -0.009688749 0.643206537
1756587699644753920.000000 -0.026625961 -0.002399249 -0.153605402 0.016277311 0.764412940 0.010719663 -0.644432306
1756587699678095104.000000 -0.027282819 -0.002021994 -0.152896643 0.015928002 0.760969400 0.009488720 -0.648522854
1756587699711436544.000000 -0.028038263 -0.001663590 -0.152918085 -0.015021103 -0.757314444 -0.010330792 0.652795851
1756587699778118912.000000 -0.028382301 -0.002126259 -0.151008680 0.014808393 0.750238299 0.009193635 -0.660937667
1756587699811460352.000000 -0.028856993 -0.002570834 -0.150267124 -0.015032847 -0.746746182 -0.009684939 0.664868772
1756587699878142720.000000 -0.030181333 -0.002325967 -0.148896590 -0.015144433 -0.739761174 -0.009860434 0.672626853
1756587699911483904.000000 -0.030720010 -0.002093986 -0.147892937 -0.015136147 -0.736137986 -0.009713938 0.676592469
1756587699944825088.000000 -0.030988440 -0.002618375 -0.146980911 -0.015281095 -0.732268631 -0.010001964 0.680771053
1756587699978165504.000000 -0.031906039 -0.002686254 -0.145698205 0.015497773 0.728213429 0.009788034 -0.685105264
1756587700044849664.000000 -0.033408031 -0.002961907 -0.142243296 -0.016095376 -0.721184611 -0.010175617 0.692481160
1756587700078192128.000000 -0.034098700 -0.003831391 -0.140871391 -0.016737962 -0.717601538 -0.010504361 0.696173489
1756587700144877312.000000 -0.035412207 -0.003811348 -0.138920009 -0.017604001 -0.709971488 -0.010584781 0.703930855
1756587700178220032.000000 -0.036457181 -0.003187692 -0.137925744 -0.017790785 -0.706005573 -0.010833333 0.707899928
1756587700211562752.000000 -0.037032485 -0.003444539 -0.136895061 -0.018284919 -0.701924801 -0.011194432 0.711928308
1756587700244905216.000000 -0.038096443 -0.003220629 -0.136044785 -0.018685665 -0.697664917 -0.011176254 0.716093361
1756587700311590912.000000 -0.039153203 -0.003310716 -0.134410083 -0.018378070 -0.689605772 -0.010841001 0.723870635
1756587700344933376.000000 -0.039479151 -0.003583103 -0.133041471 -0.018023634 -0.685660541 -0.010548962 0.727621913
1756587700378276096.000000 -0.038682207 -0.003243107 -0.132405668 -0.017279366 -0.681532204 -0.009843582 0.731517911
1756587700444960256.000000 -0.039170220 -0.003725951 -0.130527154 -0.017281597 -0.673012972 -0.009754631 0.739364564
1756587700478303232.000000 -0.039326742 -0.003681571 -0.129010499 -0.017472958 -0.669133306 -0.009667640 0.742874146
1756587700511645952.000000 -0.040055349 -0.003965368 -0.127440736 -0.017883856 -0.665193200 -0.009649260 0.746394813
1756587700578331392.000000 -0.040702194 -0.004034115 -0.125927746 -0.017792752 -0.657197535 -0.009628545 0.753446817
1756587700611674368.000000 -0.041060098 -0.003836844 -0.124918446 -0.017518306 -0.653131902 -0.009416425 0.756983042
1756587700678359808.000000 -0.041205622 -0.004779604 -0.122580588 -0.017413588 -0.645086586 -0.009099956 0.763856947
1756587700711702528.000000 -0.041668750 -0.004597743 -0.121894807 -0.017114175 -0.640917003 -0.009283033 0.767363310
1756587700745045504.000000 -0.042426012 -0.004594521 -0.121053547 -0.017224230 -0.636668921 -0.009406517 0.770887554
1756587700811731200.000000 -0.043442763 -0.004274747 -0.119050801 -0.017198406 -0.627982020 -0.009497665 0.777979791
1756587700845073920.000000 -0.043430336 -0.004340960 -0.117804386 -0.017076666 -0.623908937 -0.009660868 0.781250715
1756587700878415872.000000 -0.044056185 -0.004155146 -0.116973162 -0.016924914 -0.619386137 -0.009499803 0.784846663
1756587700945101568.000000 -0.044486545 -0.004233809 -0.115335047 -0.015873509 -0.610609055 -0.009312318 0.791718304
1756587700978444288.000000 -0.044915780 -0.003819555 -0.114429235 -0.015483563 -0.605830848 -0.009244449 0.795389056
1756587701045128704.000000 -0.044838272 -0.004121474 -0.112493128 -0.015688011 -0.596591175 -0.009427491 0.802336633
1756587701078470400.000000 -0.045029387 -0.004547167 -0.111022182 -0.015636299 -0.592405796 -0.009877136 0.805427492
1756587701145153792.000000 -0.045112409 -0.003954734 -0.108979136 -0.015018153 -0.583951175 -0.009138957 0.811598480
1756587701178495488.000000 -0.045137212 -0.004266859 -0.108248621 -0.014712052 -0.579703629 -0.008739004 0.814647794
1756587701245178624.000000 -0.045423552 -0.004332708 -0.106503241 -0.014349634 -0.571139932 -0.008331239 0.820685089
1756587701278520576.000000 -0.045184828 -0.004659128 -0.105699427 -0.014257078 -0.566680253 -0.008103373 0.823774576
1756587701311862272.000000 -0.043795109 -0.004038491 -0.103941642 -0.013981907 -0.562611818 -0.007397257 0.826569915
1756587701378544640.000000 -0.043853059 -0.004378890 -0.101860330 -0.014568665 -0.553239465 -0.007843118 0.832857966
1756587701411886336.000000 -0.044425592 -0.004524101 -0.100799993 -0.015118405 -0.548250198 -0.008325486 0.836136222
1756587701478569472.000000 -0.045018159 -0.004512939 -0.098410055 -0.014929389 -0.539037347 -0.008422432 0.842107415
1756587701511911424.000000 -0.044831503 -0.004731915 -0.097131163 -0.014420932 -0.534681678 -0.008278828 0.844889998
1756587701545253376.000000 -0.044840083 -0.003677875 -0.095999569 -0.013662568 -0.530010402 -0.007677427 0.847846389
1756587701611936512.000000 -0.044301353 -0.003730899 -0.093447402 -0.013024910 -0.520538151 -0.007100874 0.853709579
1756587701645278208.000000 -0.044133719 -0.004268723 -0.092021562 -0.013065147 -0.515953660 -0.007318567 0.856485665
1756587701711961856.000000 -0.044196565 -0.003809994 -0.089200921 -0.012654371 -0.506889939 -0.006846793 0.861890733
1756587701745303296.000000 -0.044479851 -0.004076085 -0.088140421 -0.012602639 -0.502343178 -0.007032018 0.864547968
1756587701778643968.000000 -0.044672996 -0.004212346 -0.086785622 -0.012514246 -0.497654945 -0.007401402 0.867253304
1756587701845327616.000000 -0.045529574 -0.002506745 -0.085513331 -0.011580887 -0.487953573 -0.007367892 0.872761726
1756587701878669312.000000 -0.045542561 -0.002487286 -0.084411725 -0.011460013 -0.483291835 -0.007255361 0.875354230
1756587701945352704.000000 -0.045303375 -0.002509445 -0.082083017 -0.011445408 -0.473632902 -0.007208246 0.880618513
1756587701978694400.000000 -0.045165241 -0.002335604 -0.081270203 -0.011098823 -0.468966901 -0.007041283 0.883117974
1756587702045377536.000000 -0.044985816 -0.001860820 -0.079087831 -0.010729797 -0.459097505 -0.006724763 0.888295710
1756587702078718464.000000 -0.044995498 -0.001569214 -0.078089833 -0.010382035 -0.454391867 -0.006628659 0.890716732
1756587702145401344.000000 -0.045404572 -0.001933882 -0.076099768 -0.010304388 -0.443881333 -0.006933667 0.895999551
1756587702178742528.000000 -0.045383126 -0.001200798 -0.074850135 -0.010157017 -0.438865870 -0.006827461 0.898469269
1756587702245423872.000000 -0.045158941 -0.001116964 -0.072923645 -0.010291784 -0.428691596 -0.006955971 0.903365552
1756587702278765312.000000 -0.044810824 -0.000683085 -0.072283171 -0.010213559 -0.423558772 -0.006821928 0.905785382
1756587702345447424.000000 -0.043667812 -0.001088973 -0.069428489 -0.010738202 -0.414082795 -0.007034327 0.910148680
1756587702378788608.000000 -0.043700498 -0.001369093 -0.068169087 -0.011097111 -0.409154832 -0.007346240 0.912367940
1756587702445471232.000000 -0.043848827 -0.000450489 -0.065628864 -0.011091215 -0.399250984 -0.007578481 0.916743279
1756587702478812416.000000 -0.043158278 0.000081683 -0.064316742 -0.010556788 -0.394174933 -0.007541591 0.918943882
1756587702545494784.000000 -0.042861763 0.000650442 -0.062419999 -0.010049768 -0.383579880 -0.006931334 0.923427045
1756587702578836224.000000 -0.042972799 0.000939830 -0.061458334 -0.009905983 -0.378090143 -0.007025975 0.925689161
1756587702645517568.000000 -0.043308742 0.000453204 -0.059723325 -0.010215903 -0.367276043 -0.007066537 0.930029035
1756587702678859008.000000 -0.042541727 0.000946345 -0.058013808 -0.009959142 -0.362265736 -0.006912927 0.931996047
1756587702745541376.000000 -0.041839607 0.001442673 -0.055556975 -0.009842962 -0.352063984 -0.006897438 0.935898840
1756587702778882560.000000 -0.041125771 0.001637938 -0.054893352 -0.009160925 -0.347200304 -0.006475535 0.937723935
1756587702845564928.000000 -0.038966656 0.000659061 -0.053451352 -0.008866468 -0.337196946 -0.006410656 0.941370606
1756587702912247296.000000 -0.038208589 0.001089483 -0.051912054 -0.007768066 -0.327192217 -0.005860211 0.944907784
1756587702945588224.000000 -0.037748367 0.001103112 -0.050956182 -0.007735847 -0.322089255 -0.005874060 0.946659505
1756587703012270848.000000 -0.036930025 0.000978966 -0.048957720 -0.007852126 -0.311714977 -0.005792671 0.950125575
1756587703045612800.000000 -0.035922606 0.000776594 -0.047848411 -0.007687932 -0.306737125 -0.005828670 0.951745450
1756587703112295424.000000 -0.034910921 0.000285726 -0.046360336 -0.007301381 -0.296016812 -0.005357281 0.955139816
1756587703145637120.000000 -0.034660470 0.001463304 -0.045006417 -0.006488129 -0.290971845 -0.005041239 0.956696391
1756587703212320512.000000 -0.034118932 0.001938776 -0.042325851 -0.007116752 -0.280456781 -0.005408705 0.959825039
1756587703245662464.000000 -0.033846952 0.002281616 -0.040597655 -0.007703436 -0.275020272 -0.005418845 0.961392343
1756587703312345856.000000 -0.032724887 0.002116988 -0.038721535 -0.007901139 -0.264343619 -0.005181319 0.964382291
1756587703345687552.000000 -0.031755947 0.000488151 -0.039300762 -0.008115725 -0.258645862 -0.005603763 0.965921938
1756587703412371456.000000 -0.030361481 0.000082173 -0.038252875 -0.006998668 -0.248207703 -0.005134217 0.968667984
1756587703445713152.000000 -0.029316317 0.000072675 -0.037820313 -0.006639284 -0.243102312 -0.005113788 0.969964504
1756587703512396800.000000 -0.027879229 -0.000066528 -0.036410835 -0.006602405 -0.232816920 -0.004765144 0.972486496
1756587703545737472.000000 -0.027433265 0.000145078 -0.034619842 -0.007145920 -0.227707639 -0.004744480 0.973691761
1756587703612421120.000000 -0.026834708 0.000549469 -0.032186430 -0.007685843 -0.217258513 -0.004574759 0.976073146
1756587703679105024.000000 -0.025461933 0.000805346 -0.030240430 -0.007557138 -0.206523404 -0.004246790 0.978403270
1756587703712446720.000000 -0.024790423 0.000310433 -0.030001814 -0.007518386 -0.201112434 -0.004150228 0.979530513
1756587703779130368.000000 -0.022897929 0.000493835 -0.028192544 -0.006978801 -0.190357715 -0.003650834 0.981683195
1756587703845814016.000000 -0.021739598 -0.000315705 -0.027828753 -0.006623351 -0.179211408 -0.003684861 0.983781457
1756587703879156224.000000 -0.020920673 -0.000497710 -0.026860150 -0.006505783 -0.173843533 -0.003607717 0.984745204
1756587703945839616.000000 -0.018779978 -0.000680287 -0.025404286 -0.006473579 -0.163105443 -0.003352304 0.986581683
1756587703979180288.000000 -0.018190684 -0.000685199 -0.024486765 -0.006935247 -0.157418847 -0.003119763 0.987502694
1756587704045864704.000000 -0.016999429 -0.000715653 -0.022302784 -0.007332797 -0.146666169 -0.003161487 0.989153862
1756587704112548864.000000 -0.015689531 -0.001034900 -0.021392228 -0.007242702 -0.135818169 -0.003187609 0.990702212
1756587704179233024.000000 -0.014067091 -0.001615784 -0.020324182 -0.007528230 -0.124672383 -0.003293208 0.992163956
1756587704212575232.000000 -0.013115182 -0.001245877 -0.019183910 -0.007489081 -0.119450763 -0.002966237 0.992807448
1756587704279259392.000000 -0.011339250 -0.001095806 -0.017776206 -0.006633720 -0.108623073 -0.002551329 0.994057596
1756587704312601856.000000 -0.010250761 -0.001361630 -0.017509501 -0.005989368 -0.103349686 -0.002124274 0.994624794
1756587704379286016.000000 -0.008532628 -0.002009098 -0.016510034 -0.006066386 -0.092650272 -0.002088151 0.995678067
1756587704412628480.000000 -0.007416574 -0.002084043 -0.015916210 -0.006030194 -0.087405674 -0.001910239 0.996152759
1756587704479311616.000000 -0.005272896 -0.002154650 -0.014715747 -0.006309089 -0.076475017 -0.001469356 0.997050524
1756587704545996288.000000 -0.003605310 -0.002029153 -0.013537053 -0.006305379 -0.067798227 -0.001452084 0.997678101
1756587704612680704.000000 -0.003544074 -0.001681968 -0.013512383 -0.006096585 -0.068549022 -0.001395961 0.997628152
1756587704646022912.000000 -0.002958385 -0.001372437 -0.013283275 -0.005886361 -0.069397822 -0.001195829 0.997571051
1756587704712707328.000000 -0.001923744 -0.001346405 -0.012574043 -0.005764894 -0.057842325 -0.001049542 0.998308539
1756587704779391744.000000 -0.000820067 -0.002271411 -0.012208423 -0.005365225 -0.045680884 -0.001241606 0.998940945
1756587704812734208.000000 0.000456117 -0.002012819 -0.011525780 -0.005073128 -0.040603362 -0.000969869 0.999162018
1756587704879417600.000000 0.002446578 -0.002227419 -0.010839094 -0.004528050 -0.029835530 -0.000948702 0.999544144
1756587704946102272.000000 0.004163870 -0.002090571 -0.010468981 -0.004372134 -0.021245232 -0.000952315 0.999764264
1756587705012786688.000000 0.004043393 -0.002088360 -0.010388052 -0.004422289 -0.022674248 -0.000998337 0.999732614
1756587705046128384.000000 0.003768033 -0.001924393 -0.010507733 -0.004308181 -0.024158869 -0.000895711 0.999698460
1756587705112811008.000000 0.003813611 -0.002062505 -0.010605314 -0.004284937 -0.025083844 -0.000948511 0.999675751
1756587705179493888.000000 0.003804991 -0.002093483 -0.010523618 -0.004401601 -0.025055123 -0.000877398 0.999675989
1756587705246177024.000000 0.003791788 -0.002053969 -0.010610279 -0.004329798 -0.024976591 -0.000822951 0.999678373
1756587705312859648.000000 0.003807128 -0.002055075 -0.010633302 -0.004186237 -0.025034094 -0.000808957 0.999677539
1756587705346200320.000000 0.002870335 -0.002426459 -0.010874462 -0.004403950 -0.024583468 -0.001160142 0.999687433
1756587705412883200.000000 0.003807789 -0.002066080 -0.010306168 -0.004316800 -0.024956631 -0.000814700 0.999678969
1756587705479566080.000000 0.004967773 -0.002780530 -0.010131585 -0.004603098 -0.017212696 -0.000465556 0.999841154
1756587705546248960.000000 0.006630521 -0.002579894 -0.008926708 -0.004456691 -0.008660364 -0.000548107 0.999952435
1756587705612931840.000000 0.006545296 -0.002556244 -0.009257208 -0.003964447 -0.011452885 -0.000330989 0.999926507
1756587705646273280.000000 0.005712701 -0.002368401 -0.009483057 -0.004051090 -0.013128225 -0.000611099 0.999905407
1756587705712956160.000000 0.005870719 -0.002165632 -0.009421062 -0.003553917 -0.013173610 -0.000682176 0.999906719
1756587705779638272.000000 0.005685146 -0.001881011 -0.009352414 -0.003805637 -0.013247840 -0.000614202 0.999904871
1756587705846321152.000000 0.005699084 -0.001863183 -0.009303764 -0.003651913 -0.013192807 -0.000678555 0.999906123
1756587705913004032.000000 0.005714121 -0.002104911 -0.009414021 -0.003705352 -0.013091443 -0.000608011 0.999907315
1756587705979686656.000000 0.005486977 -0.002036758 -0.009593170 -0.003766944 -0.012963871 -0.000704241 0.999908626
1756587706046370560.000000 0.005637358 -0.001850028 -0.009561433 -0.003503790 -0.013029816 -0.000726339 0.999908805
1756587706079712768.000000 0.005236251 -0.001972079 -0.009297859 -0.003675067 -0.012829022 -0.000824863 0.999910653
1756587706146397440.000000 0.005536074 -0.002069314 -0.009380054 -0.003746487 -0.012957195 -0.000628534 0.999908864
1756587706213081088.000000 0.005179110 -0.002067099 -0.009292095 -0.003690012 -0.012782705 -0.000805114 0.999911249
1756587706279765504.000000 0.005345549 -0.002033192 -0.009348305 -0.003736821 -0.012841336 -0.000728265 0.999910295
1756587706346450432.000000 0.005228183 -0.002137318 -0.009953349 -0.002806488 -0.012142337 -0.000724035 0.999922097
1756587706379792640.000000 0.005340863 -0.002812596 -0.010068168 0.002284822 -0.011319131 -0.000816232 0.999933064
1756587706446477568.000000 0.005622823 -0.004489832 -0.007869320 0.006718163 -0.011607364 0.000757407 0.999909878
1756587706513162240.000000 0.005576229 -0.003168637 -0.001637848 -0.006404792 -0.010788589 -0.000447192 0.999921262
1756587706579846912.000000 0.006511189 -0.000681711 0.001201932 -0.007345810 -0.009142752 -0.000939821 0.999930799
1756587706646531840.000000 0.006543623 -0.001790513 -0.001661205 -0.003066545 -0.010624084 -0.000426867 0.999938846
1756587706713215488.000000 0.005550901 -0.003099090 -0.004160896 0.001033125 -0.011170680 -0.000553607 0.999936938
1756587706746557952.000000 0.006140399 -0.002937911 -0.003526931 0.000432439 -0.010999114 -0.000428699 0.999939382
1756587706813242624.000000 0.005875499 -0.002593211 -0.002004765 -0.002776001 -0.010953681 -0.000424185 0.999936104
1756587706879927296.000000 0.005992841 -0.001461508 -0.000464998 -0.005411763 -0.010664309 -0.000882449 0.999928176
1756587706946612480.000000 0.005769844 -0.002272546 -0.002206707 -0.003168499 -0.010872524 -0.000635813 0.999935687
1756587707013297152.000000 0.005470564 -0.002658727 -0.002668326 -0.002595832 -0.010804326 -0.000678993 0.999938071
1756587707046638592.000000 0.005531960 -0.002405896 -0.002169702 -0.003403243 -0.010762757 -0.000602663 0.999936163
1756587707146661120.000000 0.005863978 -0.002251289 -0.001742901 -0.003003868 -0.009301618 -0.000662184 0.999952018
1756587707180002560.000000 0.006395882 -0.002767817 -0.001362147 -0.002830875 -0.003713895 -0.000192196 0.999989092
1756587707246684672.000000 0.008813052 -0.002855361 -0.000488161 -0.003247346 0.004584840 0.000050727 0.999984264
1756587707313367040.000000 0.008716652 -0.002529637 -0.000543596 -0.003202791 0.002374575 -0.000165461 0.999992073
1756587707346708480.000000 0.008319298 -0.002436246 -0.001049896 -0.002550533 0.000658753 -0.000109969 0.999996543
1756587707413390848.000000 0.008282765 -0.002627160 -0.001012422 -0.002685385 0.001222755 -0.000227497 0.999995649
1756587707480073216.000000 0.008112637 -0.002766992 -0.000859842 -0.003235052 0.001142244 -0.000215675 0.999994159
1756587707513414656.000000 0.008211453 -0.002259730 -0.000712437 -0.002853596 0.001075277 -0.000073016 0.999995351
1756587707580096000.000000 0.007910154 -0.002450237 -0.001033966 -0.002681338 0.001264285 -0.000291467 0.999995589
1756587707646778368.000000 0.008046610 -0.002366265 -0.000828569 -0.002911987 0.001186364 -0.000254353 0.999995053
1756587707680119552.000000 0.008220792 -0.002382837 -0.001146461 -0.002843372 0.001136643 -0.000208097 0.999995291
1756587707746802176.000000 0.008159737 -0.003057008 -0.001247439 -0.002967144 0.001148163 -0.000198308 0.999994993
1756587707813484544.000000 0.007619026 -0.002900604 -0.001306667 -0.003073914 0.001412265 -0.000359770 0.999994278
1756587707846825472.000000 0.007631902 -0.002840029 -0.001427605 -0.003021735 0.001381042 -0.000314093 0.999994516
1756587707913507584.000000 0.007908992 -0.002876584 -0.001322076 -0.002929305 0.001323742 -0.000234158 0.999994814
1756587707980190208.000000 0.008437399 -0.002728534 -0.001247551 -0.002898971 0.001050162 0.000022045 0.999995291
1756587708046871808.000000 0.008495431 -0.003250906 -0.001542340 -0.003092962 0.001074225 0.000018015 0.999994636
1756587708113554688.000000 0.008448169 -0.002993822 -0.001397514 -0.002999085 0.001099898 0.000037893 0.999994934
1756587708146896128.000000 0.008456524 -0.002806711 -0.001208202 -0.002906301 0.001129951 -0.000008053 0.999995172
1756587708213579264.000000 0.008509319 -0.002643481 -0.001150849 -0.002808588 0.001081014 -0.000007865 0.999995470
1756587708280261888.000000 0.008343294 -0.002891905 -0.001448133 -0.002925587 0.001162190 0.000006399 0.999995112
1756587708346944768.000000 0.008283920 -0.002610029 -0.001491143 -0.002772867 0.001086001 -0.000118013 0.999995589
1756587708380286208.000000 0.008278847 -0.002601041 -0.001476381 -0.002752051 0.001120525 -0.000153136 0.999995589
1756587708446968064.000000 0.008243072 -0.002620720 -0.001412976 -0.002804986 0.001130873 -0.000053701 0.999995470
1756587708513650944.000000 0.008152131 -0.002655018 -0.001272132 -0.002802180 0.001232828 -0.000073029 0.999995351
1756587708546992384.000000 0.008140504 -0.002666474 -0.001261279 -0.002813581 0.001228781 -0.000089365 0.999995351
1756587708613675008.000000 0.008149834 -0.002663902 -0.001275984 -0.002825235 0.001236511 -0.000051512 0.999995291
1756587708680357632.000000 0.008169278 -0.002658666 -0.001299899 -0.002854756 0.001222054 -0.000122388 0.999995232
1756587708713699072.000000 0.008203880 -0.002643048 -0.001366455 -0.002814039 0.001207960 -0.000046634 0.999995351
1756587708780382208.000000 0.008464007 -0.002668290 -0.001113060 -0.002850600 0.001027296 -0.000051254 0.999995470
1756587708813723392.000000 0.008144507 -0.002664668 -0.001223088 -0.002837562 0.001175160 -0.000140950 0.999995351
1756587708880404992.000000 0.008159818 -0.002599490 -0.001053635 -0.002831942 0.001182746 -0.000120805 0.999995351
1756587708947088128.000000 0.008313669 -0.002509812 -0.001186110 -0.002743024 0.001090997 -0.000186516 0.999995708
1756587708980429056.000000 0.008263414 -0.002408152 -0.001162066 -0.002691700 0.001127776 -0.000155387 0.999995768
1756587709047111680.000000 0.008363179 -0.002778813 -0.001358839 -0.002878679 0.001066110 -0.000140132 0.999995351
1756587709080453120.000000 0.008396861 -0.002471099 -0.001216476 -0.002739749 0.001042161 -0.000211276 0.999995768
1756587709147135232.000000 0.008370246 -0.002446191 -0.001124789 -0.002680284 0.001057922 -0.000154495 0.999995887
1756587709213817600.000000 0.008419402 -0.002436872 -0.001101975 -0.002718211 0.001043434 -0.000219379 0.999995768
1756587709247158784.000000 0.008464333 -0.002489113 -0.001167875 -0.002756623 0.001013240 -0.000170466 0.999995708
1756587709313841152.000000 0.008387346 -0.002496860 -0.001008837 -0.002758842 0.001045539 -0.000115709 0.999995708
1756587709347181056.000000 0.008249874 -0.002461037 -0.001265289 -0.002688145 0.001180303 -0.000155287 0.999995768
1756587709447204608.000000 0.008068294 -0.002661157 -0.001250676 -0.002830560 0.001271212 -0.000095446 0.999995232
1756587709480546048.000000 0.008121392 -0.003049851 -0.001357640 -0.003014545 0.001171694 -0.000249490 0.999994755
1756587709547228160.000000 0.008111778 -0.002642900 -0.001330151 -0.002789734 0.001182303 -0.000323521 0.999995410
1756587709613910528.000000 0.008074728 -0.003065799 -0.001277908 -0.003028671 0.001192827 -0.000270875 0.999994695
1756587709647251456.000000 0.008128197 -0.003028889 -0.001386532 -0.002982417 0.001172547 -0.000240415 0.999994874
1756587709713933824.000000 0.008131832 -0.003037886 -0.001368976 -0.002973177 0.001169096 -0.000299598 0.999994874
1756587709780615168.000000 0.008085235 -0.002651917 -0.001269085 -0.002811303 0.001178346 -0.000268556 0.999995351
1756587709813956096.000000 0.008155534 -0.003014776 -0.001436586 -0.002986400 0.001159113 -0.000280135 0.999994814
1756587709880638208.000000 0.008121503 -0.003044434 -0.001354983 -0.002990508 0.001175312 -0.000279593 0.999994814
1756587709947320576.000000 0.008078636 -0.002669903 -0.001257767 -0.002835503 0.001185009 -0.000324326 0.999995232
1756587709980661504.000000 0.008112101 -0.003045391 -0.001343595 -0.003009016 0.001187019 -0.000300251 0.999994755
1756587710047344896.000000 0.008068273 -0.002670015 -0.001249498 -0.002807883 0.001212360 -0.000345842 0.999995291
1756587710114029312.000000 0.008151370 -0.002616681 -0.001404718 -0.002777996 0.001250078 -0.000077954 0.999995410
1756587710147371264.000000 0.008143608 -0.002616956 -0.001381491 -0.002775770 0.001257187 -0.000009231 0.999995410
1756587710214054912.000000 0.008116659 -0.002637070 -0.001326444 -0.002790972 0.001268759 -0.000118701 0.999995291
1756587710280739328.000000 0.008067254 -0.002677331 -0.001216944 -0.002783239 0.001183929 -0.000349302 0.999995351
1756587710314081280.000000 0.008079316 -0.002669703 -0.001242686 -0.002808054 0.001169186 -0.000344634 0.999995351
1756587710380765696.000000 0.008060004 -0.002667881 -0.001211147 -0.002793001 0.001183358 -0.000308382 0.999995410
1756587710447450112.000000 0.008103900 -0.002655682 -0.001289921 -0.002783755 0.001195483 -0.000272664 0.999995410
1756587710480792320.000000 0.008160211 -0.002636324 -0.001368618 -0.002767725 0.001131773 -0.000309382 0.999995530
1756587710547476736.000000 0.008054074 -0.002664242 -0.001233803 -0.002797709 0.001218298 -0.000302818 0.999995351
1756587710614160896.000000 0.008076136 -0.002671321 -0.001230429 -0.002803506 0.001169605 -0.000364675 0.999995351
1756587710647502080.000000 0.008050836 -0.002686932 -0.001198728 -0.002820104 0.001200826 -0.000350906 0.999995291
1756587710714186752.000000 0.008186284 -0.002553971 -0.001206158 -0.002758109 0.001209358 -0.000175308 0.999995470
1756587710747528704.000000 0.008041860 -0.002691235 -0.001173649 -0.002833434 0.001268313 -0.000217969 0.999995232
1756587710814213376.000000 0.008055658 -0.002678599 -0.001218147 -0.002837346 0.001271452 -0.000217870 0.999995232
1756587710880897792.000000 0.008058665 -0.002668573 -0.001162563 -0.002817132 0.001168919 -0.000372258 0.999995291
1756587710914240000.000000 0.008275616 -0.002817919 -0.001174135 -0.002871736 0.001104653 -0.000278168 0.999995291
1756587710980924416.000000 0.008218787 -0.002780959 -0.001099648 -0.002911883 0.001140493 -0.000266895 0.999995112
1756587711014266368.000000 0.008067847 -0.002673698 -0.001182577 -0.002788134 0.001213116 -0.000319665 0.999995351
1756587711080949504.000000 0.008129732 -0.002598479 -0.001076643 -0.002776869 0.001190377 -0.000264064 0.999995410
1756587711147631360.000000 0.008011168 -0.002667903 -0.001060876 -0.002795880 0.001258218 -0.000355476 0.999995291
1756587711180972800.000000 0.008077712 -0.002542091 -0.001059569 -0.002765191 0.001204024 -0.000343221 0.999995470
1756587711247655936.000000 0.008262507 -0.002823092 -0.001150384 -0.002871804 0.001149710 -0.000250523 0.999995232
1756587711314338816.000000 0.008047027 -0.002490705 -0.001374733 -0.002664760 0.001243136 -0.000296324 0.999995708
1756587711347680256.000000 0.008334741 -0.002762072 -0.001346597 -0.002812889 0.001179201 -0.000061727 0.999995351
1756587711414363392.000000 0.008275346 -0.002814014 -0.001203998 -0.002795736 0.001185188 -0.000026379 0.999995410
1756587711481046272.000000 0.008535939 -0.002844405 -0.001166903 -0.002862874 0.001025488 -0.000118639 0.999995410
1756587711514387712.000000 0.008497782 -0.002851389 -0.001116988 -0.002910856 0.001031270 -0.000116864 0.999995232
1756587711581069568.000000 0.008296090 -0.002799677 -0.001271743 -0.002825001 0.001161443 -0.000159271 0.999995351
1756587711614411008.000000 0.008576556 -0.002811080 -0.001252270 -0.002851741 0.000997397 -0.000126346 0.999995410
1756587711681093888.000000 0.008569019 -0.002827422 -0.001228280 -0.002839799 0.001006455 -0.000129396 0.999995470
1756587711714435584.000000 0.008535556 -0.002825263 -0.001191086 -0.002861867 0.001047685 -0.000108366 0.999995410
1756587711781118464.000000 0.008538351 -0.002825104 -0.001189485 -0.002874283 0.001033655 -0.000080556 0.999995351
1756587711814460160.000000 0.008515893 -0.002841385 -0.001148866 -0.002887026 0.001024687 -0.000148746 0.999995351
1756587711881142784.000000 0.008024205 -0.002756933 -0.001233093 -0.002849386 0.001257307 -0.000308042 0.999995112
1756587711947825920.000000 0.008297656 -0.002799516 -0.001282484 -0.002854805 0.001162484 -0.000126745 0.999995232
1756587712014507520.000000 0.008904593 -0.002476554 -0.001223184 -0.002689977 0.000861518 0.000090767 0.999996006
1756587712081188864.000000 0.008267951 -0.002806488 -0.001229184 -0.002841722 0.001163776 -0.000195293 0.999995291
1756587712114529536.000000 0.008214679 -0.002748423 -0.001286344 -0.002847554 0.001149239 -0.000228384 0.999995351
1756587712181210880.000000 0.008377550 -0.002784889 -0.001312775 -0.002836170 0.001116826 -0.000178543 0.999995410
1756587712214551296.000000 0.008233240 -0.002670871 -0.001279810 -0.002772363 0.001132097 -0.000209909 0.999995530
1756587712281232384.000000 0.008175594 -0.002664650 -0.001304811 -0.002765750 0.001198109 -0.000209692 0.999995470
1756587712314573056.000000 0.008107706 -0.002664228 -0.001305401 -0.002754482 0.001233897 -0.000222444 0.999995410
1756587712381254144.000000 0.008220461 -0.002633471 -0.001329907 -0.002731450 0.001192262 -0.000204435 0.999995589
1756587712414594560.000000 0.008192846 -0.002655332 -0.001326686 -0.002750224 0.001190150 -0.000202749 0.999995530
1756587712481274880.000000 0.008219857 -0.002642335 -0.001301979 -0.002737961 0.001144547 -0.000250595 0.999995649
1756587712547955712.000000 0.008244322 -0.002616479 -0.001346700 -0.002733192 0.001152260 -0.000169433 0.999995649
1756587712581296384.000000 0.008136233 -0.002658891 -0.001335544 -0.002780495 0.001221962 -0.000188403 0.999995410
1756587712647977472.000000 0.008259156 -0.002619519 -0.001379210 -0.002697693 0.001160277 -0.000182325 0.999995708
1756587712714658560.000000 0.008183297 -0.002603980 -0.001494569 -0.002608395 0.001152160 -0.000159716 0.999996006
1756587712747998976.000000 0.008097924 -0.002729786 -0.001298280 -0.002753702 0.001258484 -0.000215243 0.999995470
1756587712814679808.000000 0.008346150 -0.002816915 -0.001356506 -0.002787316 0.001097057 -0.000168122 0.999995530
1756587712881359872.000000 0.008158462 -0.002806068 -0.001285358 -0.002805128 0.001197394 -0.000213389 0.999995351
1756587712914700288.000000 0.008390682 -0.002811205 -0.001437757 -0.002787835 0.001112385 -0.000148311 0.999995470
1756587712981381120.000000 0.008199426 -0.002780740 -0.001377605 -0.002798399 0.001187997 -0.000173414 0.999995351
1756587713014721536.000000 0.008375809 -0.002818127 -0.001410689 -0.002780033 0.001129962 -0.000141028 0.999995589
1756587713081406720.000000 0.008314864 -0.002782039 -0.001308785 -0.002814528 0.001151604 -0.000198826 0.999995410
1756587713114749184.000000 0.008374177 -0.002812167 -0.001412522 -0.002792618 0.001127036 -0.000120090 0.999995470
1756587713181434368.000000 0.008155286 -0.002793049 -0.001307542 -0.002792075 0.001214718 -0.000141227 0.999995351
1756587713248119296.000000 0.008348802 -0.002770418 -0.001385913 -0.002792890 0.001101425 -0.000191774 0.999995530
1756587713281462016.000000 0.008296404 -0.002521643 -0.001473566 -0.002610681 0.001091387 -0.000198168 0.999996006
1756587713348146176.000000 0.008448387 -0.002816264 -0.001450027 -0.002774547 0.001039274 -0.000221340 0.999995649
1756587713414831360.000000 0.008462724 -0.002809969 -0.001496240 -0.002767548 0.001070184 -0.000142785 0.999995589
1756587713448173824.000000 0.008487310 -0.002729684 -0.001492134 -0.002728610 0.001024379 -0.000165677 0.999995768
1756587713514859008.000000 0.008507487 -0.002717751 -0.001525139 -0.002714682 0.001017264 -0.000085687 0.999995887
1756587713581544192.000000 0.008394755 -0.002741832 -0.001445855 -0.002759743 0.001092446 -0.000128700 0.999995589
1756587713648229376.000000 0.008522705 -0.002708260 -0.001543800 -0.002713419 0.000976993 -0.000167819 0.999995828
1756587713681571840.000000 0.008499470 -0.002722392 -0.001517353 -0.002730686 0.001026619 -0.000148237 0.999995768
1756587713748257280.000000 0.008492573 -0.002724270 -0.001504746 -0.002683817 0.001035262 -0.000152372 0.999995887
1756587713814941440.000000 0.008508303 -0.002716606 -0.001528139 -0.002673552 0.000977594 -0.000172998 0.999996006
1756587713848283904.000000 0.008504387 -0.002725282 -0.001515515 -0.002724614 0.000988440 -0.000192221 0.999995828
1756587713914969088.000000 0.008282823 -0.002500706 -0.001412094 -0.002576267 0.001166913 -0.000180909 0.999996006
1756587713948311808.000000 0.008425250 -0.002705989 -0.001501298 -0.002679265 0.001119189 -0.000062726 0.999995768
1756587714014996736.000000 0.008440928 -0.002704937 -0.001526113 -0.002692102 0.001085409 -0.000092303 0.999995828
1756587714081681152.000000 0.008417836 -0.002733032 -0.001474330 -0.002710060 0.001060258 -0.000193414 0.999995828
1756587714148365568.000000 0.008442150 -0.002711014 -0.001520868 -0.002711033 0.001095891 -0.000058437 0.999995768
1756587714181707776.000000 0.008411621 -0.002735615 -0.001503584 -0.002711001 0.001073177 -0.000177223 0.999995828
1756587714248391168.000000 0.008505460 -0.002761299 -0.001587462 -0.002713891 0.001000843 -0.000189672 0.999995828
1756587714281733632.000000 0.008460940 -0.002719166 -0.001549745 -0.002710608 0.001049047 -0.000139400 0.999995828
1756587714348417792.000000 0.008460878 -0.002717813 -0.001552186 -0.002706622 0.001061296 -0.000116893 0.999995768
1756587714381760000.000000 0.008439231 -0.002727517 -0.001522283 -0.002724845 0.001075958 -0.000127933 0.999995768
1756587714448444416.000000 0.008397716 -0.002749258 -0.001436272 -0.002738215 0.001078251 -0.000132253 0.999995708
1756587714515128832.000000 0.008425663 -0.002732072 -0.001481490 -0.002698792 0.001051740 -0.000127083 0.999995828
1756587714548471040.000000 0.008414294 -0.002737048 -0.001474975 -0.002749657 0.001063933 -0.000173872 0.999995708
1756587714615155456.000000 0.008498533 -0.002691691 -0.001611822 -0.002684826 0.001016544 -0.000125927 0.999995887
1756587714681839104.000000 0.008460575 -0.002709632 -0.001546253 -0.002719712 0.001048053 -0.000109700 0.999995828
1756587714715181312.000000 0.008476294 -0.002700717 -0.001589164 -0.002698259 0.001060687 -0.000154244 0.999995768
1756587714781865984.000000 0.008420037 -0.002757136 -0.001474342 -0.002704571 0.001052723 -0.000217100 0.999995768
1756587714848550656.000000 0.008411820 -0.002720161 -0.001484460 -0.002656765 0.001167715 0.000077622 0.999995768
1756587714915235072.000000 0.008442023 -0.002705299 -0.001553230 -0.002688483 0.001053278 -0.000118600 0.999995828
1756587714948577280.000000 0.008462228 -0.002700398 -0.001576954 -0.002671896 0.001030184 -0.000135462 0.999995887
1756587715015261952.000000 0.008477869 -0.002692287 -0.001583250 -0.002644270 0.001079353 0.000018309 0.999995947
1756587715048602624.000000 0.008476335 -0.002694742 -0.001600092 -0.002650400 0.001018883 -0.000198742 0.999996006
1756587715115282944.000000 0.008435493 -0.002733533 -0.001498478 -0.002691837 0.001017616 -0.000179852 0.999995887
1756587715181964544.000000 0.008460834 -0.002702408 -0.001547963 -0.002638390 0.001078377 0.000007880 0.999996006
1756587715248646144.000000 0.008465067 -0.002702831 -0.001578159 -0.002665268 0.001038518 -0.000196675 0.999995887
1756587715281986560.000000 0.008429786 -0.002716938 -0.001517963 -0.002700093 0.001124629 0.000007256 0.999995768
1756587715348667904.000000 0.007678607 -0.002624359 -0.001660819 -0.002659053 0.001397496 -0.000508268 0.999995351
1756587715415349504.000000 0.007835755 -0.002624724 -0.001583576 -0.002642933 0.001327503 -0.000363707 0.999995589
1756587715482030848.000000 0.008412416 -0.002723025 -0.001491656 -0.002691176 0.001074392 -0.000212713 0.999995828
1756587715515371264.000000 0.008433933 -0.002747357 -0.001448077 -0.002700584 0.001055289 -0.000204517 0.999995768
1756587715582051584.000000 0.008434372 -0.002725795 -0.001502271 -0.002714031 0.001045991 -0.000207548 0.999995768
1756587715615392512.000000 0.008438192 -0.002728022 -0.001506555 -0.002707062 0.001051192 -0.000143509 0.999995768
1756587715682073600.000000 0.008474193 -0.002705277 -0.001553548 -0.002661728 0.001052577 -0.000148313 0.999995947
1756587715748754688.000000 0.008439700 -0.002718159 -0.001495624 -0.002718386 0.001046926 -0.000110082 0.999995768
1756587715815435776.000000 0.008483500 -0.002702252 -0.001566694 -0.002687852 0.001057752 -0.000114431 0.999995887
1756587715848776448.000000 0.008446799 -0.002722777 -0.001508644 -0.002716100 0.001078360 -0.000097279 0.999995768
1756587715915457536.000000 0.008404871 -0.002750565 -0.001437222 -0.002766283 0.001127152 -0.000133456 0.999995530
1756587715982138624.000000 0.008457570 -0.002708023 -0.001524520 -0.002686349 0.001028535 -0.000164191 0.999995887
1756587716015478272.000000 0.008360648 -0.002447761 -0.001440468 -0.002539031 0.001077775 -0.000182820 0.999996185
1756587716082159872.000000 0.008508299 -0.002716292 -0.001613995 -0.002663527 0.001044090 -0.000103937 0.999995947
1756587716148841984.000000 0.008399581 -0.002736591 -0.001457919 -0.002706232 0.001091568 -0.000143475 0.999995768
1756587716215523584.000000 0.008465386 -0.002732242 -0.001480396 -0.002697708 0.001066236 -0.000097507 0.999995828
1756587716248864256.000000 0.008478383 -0.002723077 -0.001505478 -0.002694933 0.001060312 -0.000093464 0.999995828
1756587716315545600.000000 0.008497957 -0.002718719 -0.001527446 -0.002681415 0.001018291 -0.000110448 0.999995947
1756587716348886528.000000 0.008508187 -0.002714647 -0.001551959 -0.002685808 0.001015623 -0.000149482 0.999995947
1756587716415568128.000000 0.008475455 -0.002706790 -0.001579290 -0.002669587 0.001060118 -0.000153484 0.999995887
1756587716482248704.000000 0.008538619 -0.002704394 -0.001602099 -0.002669339 0.000996359 -0.000167212 0.999995947
1756587716515589632.000000 0.008441798 -0.002718749 -0.001534542 -0.002676870 0.001070201 -0.000194137 0.999995828
1756587716582271232.000000 0.008483930 -0.002724474 -0.001508998 -0.002687236 0.000999421 -0.000203345 0.999995947
1756587716648953088.000000 0.008424275 -0.002727445 -0.001496985 -0.002733017 0.001054205 -0.000220598 0.999995708
1756587716682293504.000000 0.008471666 -0.002729177 -0.001500559 -0.002717920 0.001060364 -0.000146334 0.999995768
1756587716748975104.000000 0.008360617 -0.002759253 -0.001395193 -0.002752257 0.001118452 -0.000072724 0.999995589
1756587716815656704.000000 0.008348709 -0.002764272 -0.001377584 -0.002756137 0.001145213 -0.000110054 0.999995589
1756587716882337024.000000 0.008372964 -0.002759783 -0.001412200 -0.002770486 0.001120254 -0.000100680 0.999995530
1756587716915677952.000000 0.008353257 -0.002757497 -0.001394140 -0.002740922 0.001158274 -0.000051167 0.999995589
1756587716982359552.000000 0.008136700 -0.002588126 -0.001355584 -0.002680621 0.001272169 -0.000167478 0.999995589
1756587717049041152.000000 0.008196680 -0.002276958 -0.001278070 -0.002515609 0.001221478 -0.000118872 0.999996126
1756587717082381824.000000 0.008288620 -0.002591896 -0.001481412 -0.002624164 0.001172173 -0.000062632 0.999995887
1756587717149063680.000000 0.008521119 -0.002680942 -0.001659852 -0.002675742 0.000999110 -0.000212556 0.999995947
1756587717182404096.000000 0.008289062 -0.002741667 -0.001515117 -0.002716186 0.001184530 -0.000128092 0.999995589
1756587717249085696.000000 0.008227625 -0.002517989 -0.001475222 -0.002618711 0.001210771 -0.000128386 0.999995887
1756587717282426368.000000 0.008250857 -0.002407638 -0.001394986 -0.002580998 0.001199363 -0.000122614 0.999996006
